# Object Export From Tinkercad Server 2015

mtllib obj.mtl

o obj_0
v 64.332 		32.48 		33.452
v 67.549 		28.976 		40.036
v 71.273 		66.625 		14.786
v 69.092 		33.048 		37.419
v 66.907 		27.885 		40.712
v 26.877 		-33.868 		33.984
v 63.977 		27.25 		39.313
v 65.139 		70.815 		12.613
v 65.019 		70.792 		13.004
v 26.843 		-33.975 		33.984
v 71.149 		26.716 		34.442
v 51.122 		-44.596 		33.984
v 51.095 		-44.716 		34.107
v 27.32 		-33.637 		35.616
v 27.24 		-33.67 		35.616
v 27.368 		-33.788 		35.69
v 27.166 		-33.717 		35.616
v 27.313 		-33.811 		35.69
v 70.428 		66.691 		15.771
v 63.083 		69.279 		13.85
v 69.416 		68.214 		14.74
v 69.558 		68.275 		14.338
v 67.406 		69.265 		13.218
v 27.406 		-33.618 		35.616
v 65.474 		70.03 		13.726
v 27.049 		-33.845 		33.884
v 27.009 		-33.923 		33.884
v 43.775 		-15.929 		46.952
v 26.455 		2.87 		4.751
v 26.789 		2.83 		5.312
v 26.532 		2.25 		5.629
v 27.358 		-33.255 		35.25
v 25.957 		2.85 		5.097
v 27.302 		2.081 		6.796
v 27.21 		-33.288 		35.25
v 53.359 		-41.107 		33.713
v 27.348 		-33.182 		35.092
v 27.108 		4.532 		7.16
v 27.188 		-33.218 		35.092
v 23.629 		9.112 		3.038
v 24.218 		7.492 		2.429
v 24.419 		7.939 		0.863
v 25.158 		5.517 		2.871
v 24.558 		7.056 		1.68
v 51.606 		-43.426 		35.516
v 27.175 		-33.175 		34.924
v 51.529 		-43.546 		35.616
v 25.376 		6.794 		1.492
v 25.738 		5.87 		2.453
v 25.283 		8.406 		1.37
v 51.327 		-43.808 		35.735
v 27.102 		-33.776 		35.616
v 27.079 		-33.604 		35.516
v 26.997 		-33.68 		35.516
v 24.777 		9.139 		0.574
v 26.929 		-33.769 		35.516
v 27.117 		-33.434 		35.393
v 26.099 		4.254 		3.636
v 27.004 		-33.506 		35.393
v 26.191 		3.575 		3.888
v 26.906 		-33.596 		35.393
v 25.83 		4.835 		3.352
v 26.825 		-33.702 		35.393
v 63.554 		-5.829 		44.123
v 65.538 		-1.421 		42.841
v 64.24 		-10.828 		41.916
v 51.143 		-44.096 		35.735
v 66.475 		-4.447 		40.722
v 27.037 		-33.28 		35.092
v 64.934 		-12.776 		39.777
v 67.801 		-5.74 		37.197
v 51.8123 		-43.1513 		34.6025
v 51.8189 		-43.1418 		34.7427
v 67.86 		-2.618 		38.43
v 27.016 		-33.24 		34.924
v 51.8109 		-43.1532 		34.576
v 67.444 		-9.191 		35.754
v 51.8084 		-43.1567 		34.56
v 51.784 		-43.1897 		34.408
v 51.7875 		-43.1849 		34.4306
v 66.825 		-12.654 		33.913
v 51.7837 		-43.19 		34.4072
v 51.755 		-43.2285 		34.304
v 69.25 		-1.916 		33.529
v 51.846 		-43.33 		34.25
v 51.7448 		-43.2421 		34.2675
v 51.7399 		-43.2487 		34.25
v 51.778 		-43.403 		34.107
v 27.071 		-33.346 		35.25
v 26.944 		-33.427 		35.25
v 38.428 		-17.871 		45.011
v 39.413 		-23.373 		45.994
v 26.983 		-34.006 		33.884
v 34.643 		-18.945 		42.828
v 26.832 		-33.529 		35.25
v 26.74 		-33.649 		35.25
v 42.891 		-22.114 		46.946
v 45.263 		-23.036 		47.314
v 26.671 		-33.783 		35.25
v 51.736 		-43.2539 		34.2406
v 63.979 		-20.407 		35.794
v 64.621 		-16.489 		37.912
v 51.6907 		-43.3363 		34.107
v 51.6962 		-43.3231 		34.1269
v 51.6907 		-43.3364 		34.1069
v 63.854 		-22.272 		33.655
v 51.7112 		-43.287 		34.1812
v 26.971 		-34.092 		33.884
v 51.6658 		-43.3913 		34.048
v 51.695 		-43.494 		33.984
v 26.975 		-34.179 		33.884
v 26.994 		-34.264 		33.884
v 51.6388 		-43.451 		33.984
v 51.6529 		-43.4197 		34.0176
v 51.6388 		-43.451 		33.984
v 51.6046 		-43.5223 		33.9295
v 26.829 		-34.086 		33.984
v 51.5942 		-43.544 		33.913
v 51.657 		-43.664 		33.884
v 26.833 		-34.198 		33.984
v 51.598 		-43.599 		33.884
v 68.539 		-7.021 		32.224
v 66.99 		-12.343 		30.704
v 51.576 		-43.5821 		33.884
v 68.515 		-6.382 		29.264
v 69.404 		0.41 		28.208
v 69.371 		-2.526 		31.452
v 26.858 		-34.307 		33.984
v 51.532 		-43.76 		33.81
v 67.996 		-5.449 		26.171
v 69.442 		27.407 		37.371
v 66.627 		-11.695 		27.377
v 51.5029 		-43.728 		33.81
v 51.5121 		-43.7097 		33.819
v 51.5029 		-43.728 		33.81
v 51.5299 		-43.6742 		33.8365
v 51.5254 		-43.6832 		33.832
v 51.5566 		-43.6208 		33.8641
v 26.899 		-33.368 		35.092
v 51.48 		-43.772 		33.7975
v 51.4699 		-43.7914 		33.792
v 26.778 		-33.479 		35.092
v 51.564 		-43.81 		33.81
v 26.678 		-33.609 		35.092
v 64.068 		71.108 		11.893
v 26.74 		-34.344 		34.107
v 26.791 		-34.468 		34.107
v 26.863 		-34.58 		34.107
v 70.582 		36.566 		34.948
v 67.438 		34.976 		34.056
v 26.871 		-33.333 		34.924
v 67.187 		-2.916 		23.243
v 66.024 		-9.952 		24.358
v 26.745 		-33.449 		34.924
v 64.58 		-13.274 		23.728
v 63.091 		-14.28 		22.131
v 64.418 		-8.276 		21.27
v 104.063 		56.214 		10.482
v 104.039 		56.174 		10.886
v 63.605 		-2.394 		18.975
v 65.455 		0.116 		20.332
v 26.784 		-34.641 		34.25
v 97.278 		56.854 		13.724
v 101.012 		54.894 		12.764
v 98.14 		57.073 		13.004
v 98.071 		57.174 		12.613
v 26.886 		-34.752 		34.25
v 26.603 		-33.754 		35.092
v 97.884 		56.961 		12.317
v 26.953 		-34.679 		34.107
v 65.028 		-18.805 		31.875
v 26.64 		-33.585 		34.924
v 63.569 		-23.43 		30.887
v 26.561 		-33.737 		34.924
v 64.724 		-19.215 		29.515
v 69.806 		-21.734 		24.967
v 101.37 		52.454 		13.021
v 69.654 		-21.427 		24.753
v 101.576 		51.022 		12.618
v 26.901 		-34.411 		33.984
v 67.835 		-22.461 		25.695
v 26.961 		-34.505 		33.984
v 27.037 		-34.588 		33.984
v 27.419 		-33.948 		35.735
v 27.027 		-34.345 		33.884
v 103.436 		57.088 		11.1
v 103.861 		57.29 		10.67
v 102.927 		57.189 		10.851
v 101.099 		56.663 		11.647
v 27.391 		-33.96 		35.735
v 27.365 		-33.976 		35.735
v 27.343 		-33.997 		35.735
v 101.339 		56.363 		12.111
v 27.324 		-34.021 		35.735
v 27.31 		-34.047 		35.735
v 101.125 		56.589 		11.051
v 103.869 		57.363 		10.321
v 27.263 		-33.843 		35.69
v 27.219 		-33.883 		35.69
v 52.2 		-43.672 		34.924
v 27.182 		-33.93 		35.69
v 103.379 		56.111 		11.427
v 103.705 		54.907 		10.455
v 51.532 		-43.76 		35.69
v 51.492 		-43.716 		35.69
v 51.704 		-43.737 		35.616
v 100.048 		54.531 		11.241
v 101.936 		56.271 		10.49
v 51.657 		-43.664 		35.616
v 45.673 		-28.879 		46.776
v 39.486 		-31.204 		45.874
v 42.515 		-29.504 		46.546
v 51.598 		-43.599 		35.616
v 36.948 		-31.688 		45.138
v 33.696 		-26.858 		43.518
v 103.317 		57.236 		10.193
v 103.818 		56.831 		10.076
v 36.428 		-24.898 		44.854
v 103.351 		56.32 		10.015
v 32.022 		-25.893 		42.052
v 27.088 		-35.038 		34.75
v 27.1152 		-35.0465 		34.75
v 27.1288 		-35.0448 		34.816
v 26.933 		-34.957 		34.75
v 27.0926 		-35.0273 		34.6176
v 27.1112 		-35.043 		34.7263
v 27.0914 		-35.026 		34.6103
v 26.805 		-34.84 		34.576
v 103.833 		54.095 		10.969
v 103.782 		54.046 		11.382
v 26.942 		-34.945 		34.576
v 27.0858 		-35.0197 		34.576
v 27.087 		-35.0211 		34.5835
v 103.315 		53.15 		10.95
v 27.0858 		-35.0197 		34.5759
v 102.995 		53.73 		10.587
v 103.388 		52.888 		11.513
v 31.987 		-20.654 		40.26
v 26.966 		-34.906 		34.408
v 27.0699 		-34.973 		34.4489
v 27.0648 		-34.9578 		34.408
v 30.659 		-18.959 		36.236
v 27.005 		-34.844 		34.25
v 100.973 		52.406 		11.278
v 30.164 		-28.361 		40.145
v 27.0531 		-34.8788 		34.2686
v 27.0578 		-34.9102 		34.3242
v 29.679 		-22.022 		35.753
v 28.826 		-30.673 		37.943
v 102.45 		52.178 		11.184
v 28.401 		-29.169 		35.625
v 102.713 		52.025 		11.557
v 26.391 		-38.38 		34.563
v 27.339 		-35.833 		36.672
v 101.2 		50.697 		12.259
v 29.069 		-23.502 		34.394
v 101.07 		50.933 		11.772
v 28.23 		-27.526 		33.115
v 27.2095 		-34.9826 		35.1543
v 27.1919 		-35.0074 		35.092
v 27.1871 		-35.0115 		35.072
v 27.1743 		-35.0221 		35.0196
v 27.16 		-35.0342 		34.9606
v 27.1511 		-35.0418 		34.924
v 27.1507 		-35.0418 		34.9222
v 27.1406 		-35.0432 		34.8733
v 58.121 		-5.941 		16.668
v 62.185 		0.094 		17.793
v 97.485 		49.937 		14.837
v 98.511 		49.069 		14.062
v 97.851 		49.138 		13.175
v 98.249 		48.96 		13.377
v 98.336 		48.888 		13.756
v 48.015 		-3.41 		17.112
v 83.948 		58.569 		17.945
v 84.062 		58.65 		17.485
v 55.823 		-11.941 		16.852
v 62.001 		-11.068 		19.893
v 59.824 		-8.92 		17.904
v 88.157 		52.883 		18.008
v 83.79 		58.07 		18.452
v 80.838 		56.017 		19.996
v 80.822 		57.842 		19.365
v 80.424 		58.087 		18.888
v 81.415 		57.792 		18.094
v 63.612 		-20.462 		27.177
v 63.278 		-25.703 		31.602
v 64.205 		-25.198 		30.18
v 64.084 		-25.665 		30.629
v 63.679 		-26.568 		31.195
v 27.301 		-34.076 		35.735
v 27.297 		-34.106 		35.735
v 27.299 		-34.137 		35.735
v 27.305 		-34.166 		35.735
v 27.317 		-34.194 		35.735
v 82.055 		53.355 		17.957
v 63.886 		-25.082 		29.757
v 83.396 		50.197 		20.005
v 63.129 		-25.364 		30.673
v 27.333 		-34.22 		35.735
v 67.492 		-23.782 		26.939
v 27.353 		-34.242 		35.735
v 27.167 		-34.272 		35.69
v 75.439 		61.854 		18.202
v 78.456 		58.528 		19.496
v 76.115 		61.82 		17.944
v 78.264 		58.984 		18.887
v 76.089 		61.954 		17.485
v 71.539 		23.5 		33.325
v 27.199 		-34.322 		35.69
v 76.716 		60.471 		17.694
v 63.091 		1.781 		45.588
v 64.689 		5.964 		44.291
v 66.554 		9.75 		42.236
v 64.713 		14.771 		44.334
v 78.024 		58.492 		18.455
v 27.24 		-34.366 		35.69
v 27.287 		-34.402 		35.69
v 72.694 		59.839 		16.831
v 63.599 		16.815 		46.056
v 27.202 		-34.536 		35.616
v 47.911 		-14.534 		16.696
v 67.904 		4.14 		39.828
v 47.864 		-10.293 		16.547
v 69.738 		9.225 		36.219
v 69.22 		13.619 		38.011
v 68.555 		17.251 		39.379
v 65.259 		62.468 		16.916
v 71.038 		15.827 		33.246
v 51.4654 		-43.8 		33.7896
v 69.164 		63.335 		17.051
v 70.549 		9.293 		32.797
v 69.467 		1.968 		35.006
v 75.307 		51.139 		22.965
v 76.248 		50.957 		24.051
v 75.091 		51.645 		22.021
v 51.426 		-43.916 		33.765
v 27.155 		-33.983 		35.69
v 51.4199 		-43.8873 		33.7663
v 51.4213 		-43.8847 		33.7669
v 27.137 		-34.04 		35.69
v 51.4199 		-43.8874 		33.7663
v 63.102 		32.531 		31.027
v 51.4169 		-43.893 		33.765
v 51.44 		-43.8488 		33.7764
v 73.045 		31.054 		29.801
v 51.4563 		-43.8176 		33.7846
v 27.049 		-33.845 		35.616
v 51.3981 		-43.928 		33.7624
v 51.4002 		-43.9241 		33.7627
v 51.421 		-44.034 		33.765
v 27.009 		-33.923 		35.616
v 66.115 		-23.819 		27.742
v 65.801 		-24.606 		28.488
v 51.43 		-44.006 		33.765
v 51.434 		-43.976 		33.765
v 26.983 		-34.006 		35.616
v 66.059 		-25.624 		27.696
v 77.473 		51.46 		21.89
v 51.433 		-43.945 		33.765
v 77.658 		54.336 		21.374
v 51.352 		-44.0134 		33.7588
v 51.3555 		-44.007 		33.7589
v 51.364 		-43.9912 		33.7591
v 51.3738 		-43.9732 		33.7598
v 51.3856 		-43.9513 		33.7609
v 51.3287 		-44.056 		33.7596
v 51.3383 		-44.0386 		33.7591
v 51.3469 		-44.0227 		33.7588
v 75.662 		56.789 		20.229
v 74.694 		55.329 		18.639
v 26.877 		-33.868 		35.516
v 65.087 		-25.025 		25.177
v 26.843 		-33.975 		35.516
v 38.563 		-0.2 		30.513
v 37.501 		-5.209 		25.965
v 37.924 		-2.738 		27.903
v 66.832 		-26.215 		24.946
v 26.763 		-33.821 		35.393
v 26.723 		-33.948 		35.393
v 71.364 		-21.2 		23.708
v 73.192 		-19.584 		22.142
v 72.093 		-21.296 		22.507
v 30.557 		-10.597 		28.927
v 33.983 		-8.841 		30.939
v 71.811 		-22.281 		21.105
v 27.129 		-34.099 		35.69
v 72.659 		-19.519 		22.244
v 27.132 		-34.159 		35.69
v 27.055 		-34.8701 		34.25
v 27.145 		-34.217 		35.69
v 27.0551 		-34.8697 		34.2494
v 27.0569 		-34.8608 		34.2368
v 26.971 		-34.092 		35.616
v 31.845 		-12.376 		31.099
v 26.975 		-34.179 		35.616
v 31.319 		-12.439 		31.308
v 26.994 		-34.264 		35.616
v 31.861 		-12.525 		32.762
v 27.5634 		-33.4801 		35.516
v 27.559 		-33.56 		35.5719
v 27.5634 		-33.4781 		35.514
v 27.5633 		-33.4257 		35.4619
v 27.5633 		-33.3566 		35.393
v 27.5596 		-33.3104 		35.328
v 27.54 		-33.7793 		35.69
v 27.535 		-33.816 		35.7
v 26.829 		-34.086 		35.516
v 26.833 		-34.198 		35.516
v 72.929 		27.405 		28.638
v 51.595 		-44.042 		35.69
v 73.33 		30.412 		27.111
v 26.858 		-34.307 		35.516
v 51.602 		-43.983 		35.69
v 78.831 		56.349 		18.659
v 72.387 		28.362 		24.841
v 51.6 		-43.923 		35.69
v 79.234 		58.269 		19.046
v 51.587 		-43.865 		35.69
v 51.564 		-43.81 		35.69
v 78.991 		57.689 		18.643
v 72.018 		22.12 		27.578
v 72.095 		22.689 		30.999
v 71.696 		18.357 		30.021
v 76.807 		51.137 		19.983
v 71.711 		23.19 		25.623
v 51.246 		-44.31 		33.81
v 31.605 		-14.503 		29.436
v 31.978 		-12.756 		30.246
v 31.654 		-11.628 		29.432
v 51.224 		-44.2433 		33.7931
v 51.2261 		-44.2397 		33.792
v 31.452 		-11.584 		30.036
v 51.426 		-43.916 		35.735
v 51.415 		-43.888 		35.735
v 73.809 		50.583 		20.198
v 51.398 		-43.862 		35.735
v 26.705 		-34.081 		35.393
v 51.1848 		-44.312 		33.8148
v 51.1904 		-44.3025 		33.81
v 26.711 		-34.214 		35.393
v 51.0312 		-44.568 		33.9848
v 51.0316 		-44.5673 		33.984
v 51.0527 		-44.5328 		33.9565
v 51.1081 		-44.4422 		33.884
v 51.152 		-44.456 		33.884
v 51.1084 		-44.4417 		33.8837
v 51.1847 		-44.3122 		33.8149
v 51.1834 		-44.3144 		33.8161
v 51.421 		-44.034 		35.735
v 51.43 		-44.006 		35.735
v 51.434 		-43.976 		35.735
v 50.929 		-44.768 		34.25
v 51.433 		-43.945 		35.735
v 50.903 		-44.7605 		34.2615
v 50.9063 		-44.7562 		34.25
v 50.968 		-44.676 		34.107
v 50.9611 		-44.6769 		34.1127
v 50.9634 		-44.6736 		34.107
v 50.9634 		-44.6736 		34.107
v 50.979 		-44.6493 		34.0782
v 51.2489 		-44.1995 		33.7805
v 51.2507 		-44.1963 		33.7795
v 51.2826 		-44.14 		33.765
v 51.283 		-44.14 		33.765
v 51.2826 		-44.14 		33.765
v 51.313 		-44.134 		33.765
v 26.625 		-33.927 		35.25
v 51.341 		-44.122 		33.765
v 51.366 		-44.106 		33.765
v 26.606 		-34.076 		35.25
v 51.389 		-44.085 		33.765
v 26.612 		-34.227 		35.25
v 51.407 		-44.061 		33.765
v 26.553 		-33.911 		35.092
v 26.532 		-34.073 		35.092
v 51.2829 		-44.1394 		33.765
v 51.3032 		-44.1026 		33.7622
v 51.749 		-44.076 		35.616
v 51.3174 		-44.0766 		33.7606
v 26.539 		-34.237 		35.092
v 51.3284 		-44.0566 		33.7596
v 51.855 		-44.214 		35.516
v 51.888 		-44.107 		35.516
v 26.509 		-33.901 		34.924
v 26.487 		-34.071 		34.924
v 51.968 		-44.261 		35.393
v 52.009 		-44.134 		35.393
v 26.494 		-34.242 		34.924
v 51.766 		-43.176 		35.092
v 51.803 		-44.313 		35.516
v 70.824 		51.093 		21.502
v 51.825 		-44.486 		35.393
v 51.907 		-44.38 		35.393
v 27.027 		-34.345 		35.616
v 71.191 		54.839 		20.34
v 69.155 		56.048 		17.657
v 27.074 		-34.418 		35.616
v 66.236 		57.407 		18.72
v 30.315 		-12.568 		30.22
v 27.133 		-34.483 		35.616
v 33.007 		-13.018 		27.929
v 26.901 		-34.411 		35.516
v 65.543 		55.63 		17.656
v 26.961 		-34.505 		35.516
v 33.51 		-14.984 		25.384
v 30.663 		-13.762 		25.606
v 66.045 		54.045 		18.583
v 66.533 		53.54 		19.607
v 67.614 		51.688 		19.962
v 26.74 		-34.344 		35.393
v 30.849 		-9.509 		28.003
v 26.791 		-34.468 		35.393
v 26.863 		-34.58 		35.393
v 87.874 		46.13 		18.201
v 88.356 		46.424 		18.393
v 88.349 		46.368 		17.585
v 45.609 		-0.283 		19.32
v 42.116 		-2.143 		21.449
v 42.417 		-5.666 		19.811
v 41.182 		-1.008 		23.18
v 92.502 		49.915 		16.871
v 44.856 		-4.821 		18.415
v 27.037 		-34.588 		35.516
v 27.125 		-34.656 		35.516
v 85.895 		49.496 		17.251
v 26.953 		-34.679 		35.393
v 37.918 		-6.303 		24.39
v 80.045 		44.922 		20.883
v 27.059 		-34.76 		35.393
v 82.098 		45.538 		20.532
v 86.159 		47.49 		19.321
v 82.106 		46.006 		19.352
v 51.899 		-44.553 		35.25
v 26.703 		-34.514 		35.25
v 51.991 		-44.433 		35.25
v 26.784 		-34.641 		35.25
v 73.55 		44.004 		29.399
v 72.144 		45.573 		26.112
v 52.061 		-44.299 		35.25
v 26.886 		-34.752 		35.25
v 75.585 		43.536 		25.014
v 52.106 		-44.155 		35.25
v 30.234 		-4.688 		23.958
v 71.196 		27.692 		22.814
v 73.038 		33.121 		24.01
v 51.7433 		-43.1581 		35.072
v 51.736 		-43.1598 		35.0902
v 38.587 		-12.113 		20.809
v 44.533 		-11.193 		17.548
v 51.7594 		-43.1541 		35.0318
v 51.7459 		-43.1574 		35.0656
v 41.381 		-11.757 		18.996
v 71.017 		32.01 		21.621
v 69.278 		31.424 		20.686
v 65.049 		31.57 		21.5
v 66.762 		32.516 		20.904
v 51.672 		-43.322 		35.393
v 30.257 		-10.288 		22.136
v 38.194 		-8.654 		22.557
v 69.582 		28.921 		21.035
v 63.501 		26.797 		20.501
v 51.726 		-43.238 		35.25
v 62.624 		-28.684 		31.428
v 65.216 		27.78 		20.161
v 51.7353 		-43.16 		35.092
v 51.6855 		-43.1853 		35.1896
v 51.7357 		-43.1599 		35.091
v 51.6775 		-43.1893 		35.2053
v 67.485 		27.237 		20.131
v 67.295 		29.613 		20.221
v 51.392 		-43.652 		35.69
v 62.613 		-25.987 		29.929
v 69.474 		24.432 		21.542
v 68.224 		21.278 		20.768
v 70.19 		21.52 		22.989
v 60.926 		-28.936 		28.89
v 68.093 		24.932 		20.455
v 66.858 		22.423 		19.762
v 65.156 		21.054 		19.041
v 62.701 		-30.187 		28.617
v 60.374 		-27.955 		26.83
v 65.612 		24.824 		19.476
v 68.975 		1.466 		25.961
v 59.676 		-31.302 		28.49
v 59.924 		-31.673 		27.149
v 51.79 		-43.137 		34.924
v 69.605 		11.192 		24.619
v 51.7899 		-43.137 		34.924
v 51.79 		-43.137 		34.9236
v 51.7901 		-43.137 		34.9234
v 51.79 		-43.137 		34.924
v 70.029 		3.499 		30.901
v 51.8076 		-43.1393 		34.816
v 51.8184 		-43.1407 		34.75
v 51.8147 		-43.1402 		34.7727
v 51.8184 		-43.1407 		34.7496
v 26.725 		-34.686 		35.092
v 70.693 		13.913 		26.722
v 26.836 		-34.807 		35.092
v 70.874 		11.603 		29.17
v 52.053 		-44.473 		35.092
v 26.689 		-34.713 		34.924
v 52.129 		-44.328 		35.092
v 67.816 		14.623 		21.077
v 26.805 		-34.84 		34.924
v 69.441 		15.005 		23.335
v 52.178 		-44.171 		35.092
v 66.299 		15.208 		19.579
v 65.376 		16.823 		18.941
v 63.874 		11.621 		18.165
v 63.303 		13.988 		17.913
v 63.284 		16.796 		18.175
v 52.091 		-44.497 		34.924
v 52.171 		-44.345 		34.924
v 52.222 		-44.181 		34.924
v 67.65 		2.62 		22.92
v 67.262 		7.293 		21.354
v 74.915 		39.654 		25.289
v 74.211 		40.98 		28.067
v 65.132 		7.016 		19.228
v 73.946 		36.494 		27.981
v 72.67 		36.119 		31.289
v 61.127 		74.991 		10.67
v 51.788 		-44.655 		35.25
v 61.347 		74.903 		10.231
v 60.917 		74.848 		10.188
v 51.833 		-44.714 		35.092
v 71.783 		39.971 		32.485
v 59.808 		69.619 		13.156
v 58.314 		68.643 		12.73
v 58.602 		66.872 		13.044
v 51.953 		-44.603 		35.092
v 51.86 		-44.749 		34.924
v 73.914 		34.535 		26.091
v 74.366 		37.065 		24.841
v 51.987 		-44.633 		34.924
v 69.142 		41.314 		27.564
v 66.352 		36.823 		29.851
v 64.702 		35.408 		26.17
v 51.513 		-44.199 		35.69
v 51.549 		-44.152 		35.69
v 67.39 		39.451 		26.591
v 51.577 		-44.099 		35.69
v 51.629 		-44.306 		35.616
v 51.682 		-44.237 		35.616
v 78.471 		46.128 		22.072
v 51.723 		-44.159 		35.616
v 76.339 		48.384 		24.01
v 76.499 		46.322 		22.834
v 75.565 		46.323 		21.013
v 51.253 		-44.142 		35.735
v 51.283 		-44.14 		35.735
v 51.313 		-44.134 		35.735
v 51.341 		-44.122 		35.735
v 51.366 		-44.106 		35.735
v 51.389 		-44.085 		35.735
v 72.625 		48.173 		22.816
v 51.407 		-44.061 		35.735
v 72.687 		47.874 		21.111
v 74.646 		48.614 		20.539
v 71.677 		46.591 		23.019
v 51.246 		-44.31 		35.69
v 51.305 		-44.307 		35.69
v 75.997 		44.5 		23.01
v 75.764 		43.849 		22.864
v 77.618 		44.484 		22.137
v 76.502 		43.922 		22.219
v 78.019 		44.52 		21.239
v 75.451 		43.602 		22.42
v 75.367 		44.117 		21.847
v 76.442 		44.553 		21.461
v 26.645 		-34.374 		35.25
v 27.5412 		-33.7678 		35.6846
v 27.5555 		-33.6227 		35.616
v 51.364 		-44.294 		35.69
v 27.5576 		-33.5848 		35.5893
v 27.5551 		-33.2549 		35.25
v 27.5583 		-33.294 		35.3051
v 27.5591 		-33.304 		35.3191
v 62.725 		-30.767 		25.116
v 51.419 		-44.271 		35.69
v 27.5551 		-33.2549 		35.2499
v 27.5427 		-33.1945 		35.1252
v 51.469 		-44.239 		35.69
v 27.5393 		-33.1787 		35.092
v 27.5366 		-33.1729 		35.072
v 61.84 		-29.266 		25.084
v 27.5163 		-33.1303 		34.924
v 27.5167 		-33.1311 		34.9269
v 27.5174 		-33.1326 		34.9319
v 27.5163 		-33.1303 		34.9239
v 27.516 		-33.1301 		34.9223
v 27.514 		-33.1288 		34.9103
v 27.4973 		-33.1215 		34.816
v 61.206 		-31.669 		24.993
v 27.5321 		-33.8373 		35.7057
v 27.5173 		-33.944 		35.7342
v 61.178 		-30.484 		24.999
v 27.5003 		-34.0429 		35.7433
v 27.4953 		-34.072 		35.7458
v 51.492 		-44.412 		35.616
v 27.5169 		-33.9471 		35.735
v 27.4844 		-34.1316 		35.7481
v 27.4835 		-34.136 		35.7478
v 27.4853 		-34.1271 		35.7483
v 51.565 		-44.365 		35.616
v 27.486 		-34.1236 		35.7485
v 27.4866 		-34.1204 		35.7485
v 27.4872 		-34.1176 		35.7486
v 27.4877 		-34.1148 		35.7486
v 27.4883 		-34.1117 		35.7485
v 27.4889 		-34.1084 		35.7484
v 27.4896 		-34.1043 		35.7482
v 27.4906 		-34.099 		35.7479
v 51.557 		-44.538 		35.516
v 27.492 		-34.0911 		35.7473
v 61.64 		-21.281 		23.825
v 27.4944 		-34.077 		35.7462
v 60.369 		-19.369 		21.338
v 51.652 		-44.478 		35.516
v 27.4776 		-34.1653 		35.7455
v 27.4704 		-34.2 		35.7425
v 27.4813 		-34.1469 		35.747
v 51.735 		-44.402 		35.516
v 27.4832 		-34.1375 		35.7477
v 58.086 		-18.442 		19.345
v 27.466 		-34.2212 		35.7407
v 27.4527 		-34.2856 		35.735
v 53.743 		-22.179 		18.482
v 56.032 		-16.499 		17.808
v 52.928 		-17.366 		17.131
v 49.682 		-17.719 		16.887
v 72.709 		-19.259 		21.498
v 51.239 		-44.468 		35.616
v 51.326 		-44.464 		35.616
v 51.411 		-44.445 		35.616
v 75.054 		-19.042 		20.237
v 75.652 		-19.454 		18.551
v 27.4425 		-34.328 		35.7234
v 77.997 		-17.67 		16.582
v 62.834 		-30.502 		23.271
v 71.362 		45.74 		22.791
v 27.4402 		-34.3374 		35.7209
v 27.416 		-34.4376 		35.6934
v 27.413 		-34.4502 		35.69
v 27.4057 		-34.4757 		35.6776
v 27.3752 		-34.584 		35.6251
v 73.91 		43.4 		20.519
v 71.325 		43.359 		21.344
v 71.65 		45.744 		22.135
v 72.895 		45.471 		20.554
v 51.233 		-44.61 		35.516
v 51.345 		-44.605 		35.516
v 51.454 		-44.581 		35.516
v 51.227 		-44.733 		35.393
v 51.361 		-44.728 		35.393
v 74.705 		45.891 		20.422
v 73.939 		46.124 		20.252
v 51.491 		-44.699 		35.393
v 73.655 		44.181 		20.151
v 72.52 		42.93 		20.202
v 51.614 		-44.648 		35.393
v 51.727 		-44.576 		35.393
v 78.194 		47.247 		20.24
v 71.189 		48.34 		22.354
v 70.407 		48.619 		20.72
v 69.246 		49.828 		21.17
v 70.753 		47.252 		22.312
v 51.374 		-44.827 		35.25
v 51.521 		-44.794 		35.25
v 76.822 		-17.38 		17.622
v 75.315 		-17.867 		18.685
v 74.672 		-18.396 		20.239
v 75.155 		-18.526 		20.107
v 51.661 		-44.736 		35.25
v 51.383 		-44.9 		35.092
v 73.054 		-21.944 		17.861
v 51.543 		-44.864 		35.092
v 51.452 		-43.506 		35.616
v 51.695 		-44.802 		35.092
v 68.698 		-22.264 		22.161
v 51.298 		-43.799 		35.735
v 51.389 		-44.944 		34.924
v 51.268 		-43.795 		35.735
v 51.557 		-44.907 		34.924
v 63.896 		-26.966 		23.579
v 51.715 		-44.842 		34.924
v 26.575 		-34.397 		35.092
v 26.637 		-34.548 		35.092
v 26.532 		-34.41 		34.924
v 26.597 		-34.569 		34.924
v 51.223 		-44.138 		35.735
v 51.13 		-44.284 		35.69
v 51.187 		-44.302 		35.69
v 27.17 		-33.16 		34.75
v 27.175 		-33.175 		34.576
v 51.107 		-44.048 		35.735
v 27.009 		-33.227 		34.75
v 51.069 		-44.43 		35.616
v 51.152 		-44.456 		35.616
v 27.016 		-33.24 		34.576
v 51.123 		-44.074 		35.735
v 27.037 		-33.28 		34.408
v 51.03 		-44.22 		35.69
v 58.922 		67.039 		12.303
v 58.71 		66.839 		12.677
v 27.3699 		-34.6029 		35.616
v 27.348 		-34.6694 		35.5675
v 27.3282 		-34.7291 		35.5232
v 27.325 		-34.7388 		35.516
v 27.325 		-34.7388 		35.516
v 27.3674 		-34.6104 		35.6105
v 27.2888 		-34.8308 		35.418
v 27.2851 		-34.84 		35.408
v 51.122 		-44.596 		35.516
v 27.2796 		-34.854 		35.393
v 27.2594 		-34.8949 		35.328
v 27.2494 		-34.9151 		35.2958
v 27.2351 		-34.944 		35.25
v 27.235 		-34.9442 		35.2495
v 27.2112 		-34.98 		35.1608
v 51.095 		-44.716 		35.393
v 27.4857 		-33.1163 		34.75
v 50.915 		-44.51 		35.516
v 27.451 		-33.1322 		34.5845
v 27.4781 		-33.1198 		34.7136
v 27.057 		-34.8606 		34.2365
v 50.849 		-44.614 		35.393
v 61.983 		73.65 		11.221
v 61.285 		74.548 		11.1
v 60.71 		72.964 		11.894
v 61.752 		74.141 		10.533
v 50.804 		-44.8417 		34.6306
v 60.15 		74.249 		10.909
v 50.8122 		-44.8407 		34.576
v 50.8125 		-44.8405 		34.575
v 27.342 		-33.304 		34.1862
v 27.3433 		-33.301 		34.19
v 60.223 		74.373 		10.482
v 50.8161 		-44.8379 		34.56
v 50.8378 		-44.8222 		34.4708
v 50.853 		-44.8112 		34.408
v 50.8532 		-44.811 		34.4075
v 27.315 		-33.3664 		34.107
v 27.2977 		-33.4141 		34.0643
v 50.8885 		-44.7752 		34.304
v 50.8943 		-44.7693 		34.2868
v 50.8969 		-44.7667 		34.2793
v 27.4492 		-33.133 		34.576
v 27.4491 		-33.1331 		34.5757
v 27.4453 		-33.1374 		34.56
v 27.4279 		-33.157 		34.4889
v 27.4081 		-33.1794 		34.408
v 27.3788 		-33.229 		34.304
v 27.3658 		-33.2509 		34.258
v 27.3635 		-33.2548 		34.25
v 27.3592 		-33.2642 		34.2367
v 62.676 		72.34 		11.148
v 62.449 		71.258 		11.061
v 27.2953 		-33.4313 		34.048
v 27.277 		-33.501 		33.984
v 27.2881 		-33.4837 		33.9985
v 27.286 		-33.499 		33.984
v 26.862 		-33.321 		34.75
v 26.733 		-33.438 		34.75
v 62.98 		72.145 		11.882
v 27.283 		-33.5199 		33.9701
v 62.268 		72.571 		12.129
v 27.2772 		-33.56 		33.9456
v 27.24 		-33.67 		33.884
v 27.2626 		-33.6607 		33.884
v 26.871 		-33.333 		34.576
v 27.2566 		-33.7015 		33.8674
v 27.2565 		-33.7019 		33.8672
v 26.745 		-33.449 		34.576
v 27.25 		-33.7455 		33.8517
v 27.24 		-33.8131 		33.8276
v 59.148 		72.626 		10.632
v 27.2395 		-33.816 		33.8267
v 27.219 		-33.883 		33.81
v 26.899 		-33.368 		34.408
v 27.2311 		-33.872 		33.81
v 27.182 		-33.93 		33.81
v 26.778 		-33.479 		34.408
v 27.2282 		-33.8914 		33.8067
v 27.2277 		-33.8944 		33.8063
v 27.2187 		-33.9535 		33.7984
v 26.678 		-33.609 		34.408
v 60.913 		74.084 		9.98
v 27.2107 		-34.0056 		33.7939
v 27.2106 		-34.006 		33.7939
v 27.2173 		-33.9623 		33.7976
v 27.2088 		-34.0173 		33.7934
v 58.476 		71.671 		11.662
v 58.888 		72.712 		10.969
v 27.2036 		-34.0512 		33.792
v 58.25 		71.063 		11.504
v 58.348 		70.827 		11.265
v 27.167 		-34.272 		33.81
v 27.1682 		-34.2738 		33.81
v 27.16 		-34.3184 		33.8245
v 27.1959 		-34.1008 		33.7921
v 27.1957 		-34.1018 		33.7921
v 27.1993 		-34.0787 		33.792
v 60.134 		69.613 		11.269
v 27.1939 		-34.1135 		33.7928
v 27.1879 		-34.1516 		33.7949
v 27.1796 		-34.2049 		33.8002
v 27.1794 		-34.206 		33.8003
v 26.627 		-33.577 		34.75
v 27.1864 		-34.1612 		33.7958
v 58.525 		70.156 		11.24
v 27.1784 		-34.2125 		33.8013
v 58.239 		69.196 		11.99
v 26.547 		-33.731 		34.75
v 27.172 		-34.2531 		33.8069
v 27.1687 		-34.2711 		33.8095
v 27.1686 		-34.2715 		33.8096
v 27.2031 		-34.0543 		33.7919
v 27.2031 		-34.0545 		33.7919
v 27.2012 		-34.0665 		33.7919
v 27.2004 		-34.072 		33.792
v 26.64 		-33.585 		34.576
v 26.561 		-33.737 		34.576
v 62.69 		58.335 		17.047
v 27.155 		-33.983 		33.81
v 62.72 		58.64 		17.336
v 27.137 		-34.04 		33.81
v 26.603 		-33.754 		34.408
v 70.675 		47.236 		21.563
v 70.459 		47.346 		21.858
v 26.944 		-33.427 		34.25
v 27.129 		-34.099 		33.81
v 26.832 		-33.529 		34.25
v 27.132 		-34.159 		33.81
v 70.738 		44.712 		24.484
v 69.684 		42.809 		23.687
v 27.145 		-34.217 		33.81
v 26.74 		-33.649 		34.25
v 26.671 		-33.783 		34.25
v 27.1583 		-34.3274 		33.8275
v 27.1582 		-34.328 		33.8277
v 74.52 		39.717 		23.327
v 64.517 		-29.124 		23.782
v 68.025 		-25.922 		21.263
v 62.56 		-30.155 		22.529
v 26.494 		-33.898 		34.75
v 26.472 		-34.07 		34.75
v 27.059 		-34.76 		34.107
v 58.725 		-27.903 		23.969
v 58.212 		-24.337 		21.527
v 27.076 		-34.7689 		34.107
v 27.0619 		-34.8368 		34.203
v 55.807 		-31.489 		23.265
v 27.0761 		-34.7684 		34.1066
v 27.0613 		-34.84 		34.2075
v 27.0865 		-34.7162 		34.0554
v 27.0864 		-34.7168 		34.0559
v 55.557 		-26.396 		20.834
v 27.088 		-34.7081 		34.048
v 27.0858 		-34.7202 		34.0592
v 27.079 		-34.7537 		34.0922
v 27.0971 		-34.6597 		34.004
v 27.1012 		-34.6376 		33.984
v 27.074 		-34.418 		33.884
v 51.507 		-43.374 		35.516
v 27.1294 		-34.4848 		33.8867
v 27.129 		-34.4874 		33.8882
v 27.1297 		-34.4834 		33.8859
v 27.1303 		-34.48 		33.884
v 27.1149 		-34.5634 		33.9368
v 27.1528 		-34.3575 		33.8373
v 27.1537 		-34.3529 		33.8358
v 53.435 		-29.526 		21.041
v 27.1458 		-34.3955 		33.852
v 72.841 		35.045 		22.766
v 74.256 		41.205 		21.893
v 51.6548 		-43.2008 		35.25
v 51.648 		-43.2055 		35.2606
v 51.6551 		-43.2006 		35.2493
v 72.368 		37.111 		21.532
v 51.238 		-43.796 		35.735
v 51.335 		-43.634 		35.69
v 72.977 		40.151 		20.954
v 71.476 		41.163 		20.488
v 72.423 		41.414 		20.271
v 71.706 		39.077 		20.571
v 68.909 		40.706 		22.972
v 68.838 		38.551 		21.586
v 51.208 		-43.802 		35.735
v 70.349 		40.372 		21.052
v 51.073 		-44.814 		35.25
v 66.765 		37.903 		24.462
v 51.223 		-44.833 		35.25
v 70.181 		37.887 		20.61
v 51.057 		-44.885 		35.092
v 51.22 		-44.907 		35.092
v 51.089 		-43.991 		35.735
v 51.095 		-44.02 		35.735
v 70.77 		35.614 		20.815
v 51.048 		-44.93 		34.924
v 51.218 		-44.952 		34.924
v 67.629 		37.048 		22.132
v 65.157 		34.376 		23.245
v 50.989 		-44.176 		35.69
v 52.148 		-43.506 		34.75
v 68.883 		36.394 		20.879
v 52.134 		-43.513 		34.576
v 68.76 		33.956 		20.471
v 86.912 		58.633 		16.11
v 52.26 		-44.012 		34.75
v 88.708 		58.964 		15.84
v 52.252 		-43.838 		34.75
v 88.69 		58.813 		16.276
v 50.923 		-44.337 		35.616
v 93.151 		58.502 		14.338
v 93.208 		58.359 		14.74
v 52.214 		-43.667 		34.75
v 64.116 		-29.451 		21.801
v 50.8162 		-44.539 		35.4328
v 50.8051 		-44.568 		35.403
v 50.8015 		-44.5777 		35.393
v 50.7875 		-44.6239 		35.328
v 50.7798 		-44.6496 		35.2919
v 50.795 		-44.698 		35.25
v 50.7707 		-44.6795 		35.25
v 50.756 		-44.761 		35.092
v 50.757 		-44.7528 		35.1072
v 50.7556 		-44.7602 		35.0928
v 50.7555 		-44.7606 		35.092
v 68.991 		-25.408 		17.037
v 50.7555 		-44.7618 		35.0886
v 50.7555 		-44.7618 		35.0886
v 65.877 		-27.992 		20.091
v 50.7559 		-44.767 		35.072
v 66.884 		-26.673 		16.648
v 50.7594 		-44.8132 		34.924
v 65.767 		-27.701 		18.326
v 50.7637 		-44.8192 		34.8862
v 50.7719 		-44.8302 		34.816
v 50.7796 		-44.8406 		34.75
v 50.7957 		-44.8412 		34.6715
v 65.253 		-27.07 		18.115
v 49.557 		-46.34 		36.312
v 95.404 		56.108 		12.911
v 92.951 		58.25 		14.052
v 90.812 		58.01 		15.982
v 52.245 		-44.011 		34.576
v 52.237 		-43.84 		34.576
v 52.2 		-43.672 		34.576
v 95.237 		51.063 		13.555
v 52.199 		-44.009 		34.408
v 93.125 		53.606 		14.027
v 52.192 		-43.845 		34.408
v 52.157 		-43.685 		34.408
v 95.218 		53.74 		15.27
v 26.479 		-34.244 		34.75
v 26.509 		-33.901 		34.576
v 87.281 		56.035 		15.82
v 26.487 		-34.071 		34.576
v 52.126 		-44.006 		34.25
v 26.494 		-34.242 		34.576
v 52.119 		-43.855 		34.25
v 74.467 		63.57 		16.302
v 73.026 		65.461 		15.84
v 72.933 		65.343 		16.276
v 52.026 		-44.001 		34.107
v 62.996 		64.715 		13.535
v 61.45 		63.761 		15.605
v 61.674 		60.101 		15.797
v 61.021 		62.103 		14.547
v 60.577 		62.026 		15.644
v 60.566 		61.746 		15.348
v 52.104 		-44.505 		34.75
v 52.185 		-44.351 		34.75
v 59.624 		63.846 		14.14
v 59.097 		65.395 		14.062
v 52.237 		-44.184 		34.75
v 65.699 		65.524 		13.693
v 52.091 		-44.497 		34.576
v 68.946 		66.158 		14.111
v 52.171 		-44.345 		34.576
v 61.224 		21.018 		42.733
v 52.222 		-44.181 		34.576
v 62.848 		18.448 		47.535
v 94.596 		47.626 		15.856
v 93.012 		47.032 		16.191
v 90.919 		47.278 		16.198
v 52.191 		18.501 		35.063
v 95.309 		47.714 		14.945
v 55.018 		19.826 		38.186
v 56.382 		23.396 		34.758
v 59.347 		26.151 		35.483
v 60.721 		25.622 		38.071
v 63.954 		19.939 		45.361
v 28.483 		-47.539 		40.633
v 56.949 		19.582 		40.707
v 26.337 		-46.893 		38.842
v 28.935 		-41.136 		40.879
v 63.247 		19.002 		46.335
v 27.003 		-41.909 		39.089
v 25.512 		-42.176 		36.905
v 25.075 		-45.075 		37.041
v 26.553 		-33.911 		34.408
v 63.846 		19.796 		47.783
v 63.839 		19.72 		47.47
v 26.532 		-34.073 		34.408
v 63.621 		18.165 		47.319
v 25.503 		-40.841 		36.154
v 25.843 		-40.19 		36.12
v 26.539 		-34.237 		34.408
v 63.555 		18.853 		46.657
v 63.535 		19.218 		47.01
v 25.268 		-46.627 		34.233
v 63.601 		19.021 		46.116
v 59.192 		9.716 		49.37
v 65.527 		23.915 		43.017
v 64.108 		21.076 		44.71
v 52.053 		-44.473 		34.408
v 62.996 		16.337 		48.425
v 62.888 		15.261 		47.574
v 52.129 		-44.328 		34.408
v 52.178 		-44.171 		34.408
v 62.328 		17.327 		48.298
v 67.1 		20.511 		41.38
v 60.009 		16.292 		45.482
v 61.107 		15.694 		47.46
v 51.251 		-28.245 		19.779
v 48.72 		-26.284 		18.66
v 51.869 		-44.761 		34.75
v 51.998 		-44.644 		34.75
v 61.532 		12.013 		49.001
v 30.333 		-18.754 		28.544
v 59.742 		12.556 		48.721
v 30.836 		-19.489 		27.259
v 51.86 		-44.749 		34.576
v 31.071 		-27.992 		24.781
v 31.714 		-21.445 		25.117
v 61.902 		10.782 		47.494
v 51.987 		-44.633 		34.576
v 51.833 		-44.714 		34.408
v 58.583 		12.519 		46.971
v 51.953 		-44.603 		34.408
v 57.004 		9.239 		47.942
v 42.381 		-23.299 		18.546
v 51.899 		-44.553 		34.25
v 46.118 		-22.778 		17.788
v 38.767 		-17.274 		19.742
v 55.455 		14.853 		43.304
v 42.033 		-17.025 		18.203
v 51.991 		-44.433 		34.25
v 39.235 		-22.952 		19.555
v 53.841 		10.691 		44.968
v 52.061 		-44.299 		34.25
v 50.331 		11.538 		41.64
v 52.106 		-44.155 		34.25
v 60.316 		7.783 		48.862
v 32.679 		-23.508 		23.431
v 35.279 		-19.175 		21.889
v 36.095 		-22.591 		21.111
v 51.825 		-44.486 		34.107
v 34.654 		-16.564 		23.151
v 60.263 		4.795 		48.14
v 51.907 		-44.38 		34.107
v 51.968 		-44.261 		34.107
v 62.456 		7.911 		46.665
v 52.009 		-44.134 		34.107
v 54.953 		2.21 		48.37
v 42.188 		-30.113 		19.614
v 38.926 		-30.295 		20.425
v 58.202 		5.265 		48.937
v 33.071 		-27.269 		23.031
v 57.901 		7.232 		48.987
v 35.554 		-30.897 		21.776
v 44.828 		-30.644 		19.566
v 26.677 		-34.723 		34.75
v 26.689 		-34.713 		34.576
v 53.672 		-10.839 		16.218
v 57.695 		0.257 		16.123
v 51.788 		-44.655 		34.25
v 51.996 		-9.518 		15.915
v 53.251 		-4.468 		15.85
v 51.784 		-1.412 		16.247
v 54.545 		-6.637 		15.965
v 51.391 		-44.959 		34.75
v 51.561 		-44.922 		34.75
v 26.517 		-34.415 		34.75
v 51.722 		-44.855 		34.75
v 63.815 		-28.291 		20.389
v 26.584 		-34.576 		34.75
v 27.648 		-54.882 		38.937
v 29.946 		-52.654 		40.641
v 25.304 		-53.478 		37.717
v 26.532 		-34.41 		34.576
v 26.597 		-34.569 		34.576
v 67.488 		-26.642 		19.372
v 23.661 		-53.499 		36.01
v 26.575 		-34.397 		34.408
v 26.637 		-34.548 		34.408
v 66.939 		-25.208 		17.341
v 24.567 		-48.908 		36.861
v 25.791 		-60.506 		36.695
v 29.968 		-57.349 		39.472
v 82.635 		-15.122 		9.978
v 26.369 		-63.018 		36.176
v 26.763 		-33.821 		34.107
v 23.681 		-63.188 		34.562
v 24.482 		-58.438 		36.427
v 26.723 		-33.948 		34.107
v 22.493 		-59.353 		34.359
v 22.861 		-58.24 		35.056
v 22.479 		-62.187 		33.752
v 26.705 		-34.081 		34.107
v 51.389 		-44.944 		34.576
v 87.989 		-12.405 		3.835
v 89.508 		-12.022 		2.405
v 51.557 		-44.907 		34.576
v 89.674 		-12.511 		2.391
v 51.715 		-44.842 		34.576
v 87.987 		-13.808 		3.2
v 60.062 		-32.95 		30.653
v 55.168 		-38.676 		31.911
v 57.507 		-35.204 		30.12
v 51.383 		-44.9 		34.408
v 58.568 		-33.614 		29.289
v 58.835 		-32.958 		28.875
v 51.543 		-44.864 		34.408
v 51.695 		-44.802 		34.408
v 89.823 		-11.811 		1.503
v 89.432 		-11.698 		1.886
v 89.565 		-11.939 		1.004
v 90.048 		-12.049 		1.468
v 88.474 		-12.028 		1.147
v 61.234 		-31.985 		28.43
v 55.288 		-37.132 		27.8
v 57.939 		-31.956 		26.03
v 89.828 		-12.412 		0.974
v 90.071 		-12.381 		1.503
v 60.064 		-32.854 		27.775
v 89.81 		-12.879 		1.337
v 51.217 		-44.967 		34.75
v 89.098 		-12.651 		0.602
v 87.705 		-12.769 		0.324
v 51.218 		-44.952 		34.576
v 59.246 		-32.155 		28.588
v 88.25 		-13.644 		0.371
v 53.556 		-37.529 		25.52
v 81.794 		-14.979 		5.437
v 52.819 		-41.837 		30.419
v 84.636 		-13.834 		7.253
v 51.521 		-44.794 		34.25
v 87.173 		-12.472 		4.136
v 48.305 		-46.797 		29.248
v 49.687 		-43.48 		26.966
v 47.477 		-44.679 		25.992
v 87.538 		-12.977 		4.566
v 51.288 		-43.01 		28.692
v 51.661 		-44.736 		34.25
v 84.523 		-14.478 		7.715
v 87.539 		-13.394 		4.594
v 52.039 		-36.255 		23.54
v 51.614 		-44.648 		34.107
v 49.768 		-35.898 		22.251
v 47.202 		-35.603 		21.366
v 51.5512 		-43.2751 		35.4077
v 83.384 		-14.033 		6.342
v 51.5459 		-43.2798 		35.4143
v 51.5572 		-43.2701 		35.4005
v 31.455 		-46.23 		25.191
v 51.5632 		-43.2648 		35.393
v 51.5367 		-43.288 		35.4249
v 30.417 		-43.618 		25.65
v 30.433 		-35.882 		25.221
v 51.6048 		-43.2358 		35.328
v 51.4857 		-43.3336 		35.4837
v 51.48 		-43.3387 		35.4904
v 51.369 		-43.48 		35.616
v 86.354 		-12.814 		2.391
v 51.3653 		-43.4795 		35.616
v 51.3199 		-43.544 		35.6488
v 51.3664 		-43.4781 		35.6149
v 51.3706 		-43.4726 		35.6107
v 51.3706 		-43.4727 		35.6108
v 51.4215 		-43.4086 		35.5573
v 51.4607 		-43.3593 		35.516
v 51.3674 		-43.4769 		35.614
v 51.476 		-43.3423 		35.495
v 51.6213 		-43.2243 		35.3023
v 55.814 		5.998 		48.186
v 51.276 		-43.626 		35.69
v 26.625 		-33.927 		34.25
v 51.2618 		-43.6267 		35.69
v 51.2306 		-43.6757 		35.7027
v 26.606 		-34.076 		34.25
v 51.2626 		-43.6256 		35.6895
v 52.736 		6.785 		46.455
v 51.2285 		-43.6791 		35.7035
v 51.224 		-43.6861 		35.7054
v 51.288 		3.447 		46.824
v 26.612 		-34.227 		34.25
v 48.213 		5.542 		44.175
v 51.3104 		-43.5574 		35.6557
v 51.2768 		-43.605 		35.6801
v 51.2701 		-43.6147 		35.6846
v 86.174 		-13.113 		0.911
v 51.2236 		-43.6867 		35.7056
v 49.562 		13.033 		39.219
v 47.284 		11.798 		37.186
v 51.2004 		-43.7237 		35.7139
v 51.1891 		-43.7416 		35.718
v 86.856 		-14.781 		0.72
v 51.1769 		-43.7615 		35.7217
v 51.1638 		-43.7827 		35.7256
v 51.1574 		-43.7934 		35.7271
v 51.1534 		-43.8 		35.728
v 51.18 		-43.814 		35.735
v 51.155 		-43.83 		35.735
v 48.87 		15.007 		34.019
v 51.133 		-43.851 		35.735
v 86.932 		-13.71 		0.07
v 51.114 		-43.875 		35.735
v 51.1 		-43.902 		35.735
v 85.173 		-14.356 		0.137
v 44.424 		2.405 		42.896
v 46.281 		7.811 		40.576
v 51.1439 		-43.8157 		35.7302
v 85.95 		-14.602 		0.027
v 51.1266 		-43.8451 		35.7327
v 51.1266 		-43.8451 		35.7327
v 35.997 		-39.04 		22.516
v 51.1408 		-43.821 		35.7306
v 40.258 		-38.704 		21.701
v 51.1251 		-43.8477 		35.7328
v 38.226 		-37.667 		21.742
v 51.1106 		-43.8728 		35.7339
v 32.713 		-33.847 		23.418
v 51.1106 		-43.8728 		35.7339
v 51.1099 		-43.8741 		35.7339
v 51.0953 		-43.9 		35.7336
v 51.0953 		-43.9 		35.7336
v 43.634 		-36.611 		21.179
v 51.0943 		-43.9017 		35.7335
v 51.0801 		-43.9276 		35.732
v 51.0799 		-43.928 		35.732
v 51.091 		-43.93 		35.735
v 51.087 		-43.96 		35.735
v 82.465 		-14.882 		2.984
v 83.319 		-14.806 		1.288
v 30.169 		-5.238 		24.876
v 46.076 		-43.13 		24.28
v 29.978 		-5.928 		25.486
v 30.068 		-8.567 		27.162
v 40.379 		-43.82 		23.131
v 35.74 		-45.598 		23.743
v 33.143 		-41.346 		23.9
v 29.324 		-9.23 		26.383
v 80.52 		-15.72 		12.462
v 81.651 		-16.007 		11.378
v 43.148 		-44.036 		23.688
v 79.922 		-15.736 		12.488
v 80.736 		-17.126 		11.408
v 51.727 		-44.576 		34.107
v 45.407 		-50.969 		30.893
v 45.483 		-48.709 		27.951
v 83.994 		-15.664 		7.063
v 43.255 		-52.124 		29.036
v 39.871 		-55.966 		28.766
v 42.42 		-49.269 		26.08
v 41.763 		-52 		27.442
v 38.541 		-53.487 		26.414
v 43.998 		6.121 		39.071
v 26.645 		-34.374 		34.25
v 32.685 		-49.35 		25.028
v 40.949 		2.622 		37.597
v 43.551 		7.395 		36.091
v 31.647 		-54.816 		25.955
v 41.784 		5.546 		34.163
v 35.152 		-50.443 		24.751
v 27.499 		-33.472 		35.516
v 37.548 		-51.054 		25.131
v 33.577 		-56.259 		26.129
v 27.486 		-33.772 		35.69
v 61.899 		31.627 		27.022
v 62.144 		32.148 		29.134
v 27.493 		-33.614 		35.616
v 59.019 		28.038 		28.244
v 61.181 		29.843 		25.151
v 36.301 		-64.477 		31.376
v 40.283 		-57.552 		30.823
v 58.155 		26.675 		31.473
v 36.822 		-59.866 		28.582
v 33.64 		-64.055 		27.884
v 27.448 		-33.942 		35.735
v 35.339 		-57.654 		26.901
v 32.281 		-61.292 		27.008
v 54.172 		20.13 		25.08
v 51.795 		18.953 		31.871
v 55.746 		23.374 		27.303
v 26.519 		-39.788 		31.957
v 26.695 		-36.909 		32.548
v 55.884 		24.095 		30.26
v 27.351 		-33.318 		31.94
v 27.62 		-35.88 		29.617
v 27.883 		-33.095 		29.56
v 52.739 		19.985 		29.167
v 29.06 		-14.677 		28.184
v 29.126 		-3.851 		23.817
v 28.296 		-0.44 		21.155
v 28.941 		-1.294 		22.122
v 59.099 		24.88 		22.882
v 29.303 		-1.308 		22.037
v 60.515 		27.818 		23.842
v 62.718 		28.967 		22.083
v 57.477 		20.549 		21.258
v 27.891 		-1.988 		20.399
v 28.67 		0.83 		20.011
v 57.926 		18.401 		19.734
v 29.039 		0.324 		19.947
v 60.712 		22.35 		20.022
v 27.342 		-33.138 		34.924
v 62.921 		22.532 		19.208
v 62.093 		18.1 		18.286
v 27.059 		-1.312 		16.88
v 51.0779 		-43.9317 		35.7316
v 51.0633 		-43.959 		35.7287
v 29.733 		-5.459 		19.138
v 51.0579 		-43.9694 		35.7271
v 51.0434 		-43.997 		35.7227
v 51.0193 		-44.044 		35.7138
v 48.189 		13.288 		26.914
v 51.0132 		-44.056 		35.7111
v 50.9897 		-44.1028 		35.7005
v 50.9855 		-44.1112 		35.6985
v 50.9912 		-44.0997 		35.7012
v 28.317 		-14.492 		23.019
v 28.35 		-11.858 		23.282
v 50.9689 		-44.1446 		35.69
v 50.9685 		-44.1455 		35.6896
v 50.968 		-44.1466 		35.6891
v 29.499 		-14.95 		21.496
v 55.797 		11.247 		17.845
v 59.627 		16.968 		18.406
v 29.685 		-13.499 		20.876
v 28.537 		-7.394 		23.265
v 27.377 		-34.26 		35.735
v 28.438 		-14.274 		21.064
v 61.982 		9.738 		17.231
v 58.467 		9.876 		16.901
v 60.991 		11.996 		17.214
v 28.719 		-35.262 		27.402
v 59.006 		12.968 		17.463
v 26.877 		-43.851 		30.183
v 28.7 		-41.563 		27.248
v 27.005 		-34.844 		35.25
v 29.239 		-46.563 		26.739
v 53.639 		16.771 		22.241
v 53.115 		12.927 		20.116
v 50.287 		13.22 		23.125
v 24.097 		-54.947 		32.579
v 25.579 		-52.198 		30.712
v 27.818 		-7.403 		18.806
v 29.413 		-11.995 		18.733
v 28.612 		-13.7 		19.632
v 28.33 		-12.153 		18.709
v 28.283 		-10.581 		16.916
v 30.041 		-52.89 		26.337
v 27.06 		-49.136 		29.075
v 26.365 		-54.011 		28.915
v 28.098 		-11.447 		19.251
v 28.129 		-52.022 		27.498
v 22.884 		-61.499 		31.636
v 22.197 		-64.33 		32.569
v 29.184 		-10.097 		16.607
v 24.412 		-58.12 		30.148
v 24.53 		-60.452 		28.992
v 23.613 		-64.511 		28.728
v 26.906 		-33.596 		34.107
v 29.598 		-15.856 		31.106
v 28.9 		-20.603 		31.855
v 26.825 		-33.702 		34.107
v 51.778 		-43.403 		35.393
v 28.79 		-23.419 		31.271
v 30.107 		-60.382 		26.733
v 27.163 		-63.396 		26.669
v 51.846 		-43.33 		35.25
v 47.506 		10.587 		24.363
v 84.977 		-15.621 		3.352
v 85.009 		-15.562 		0.567
v 51.896 		-43.275 		35.092
v 80.124 		-16.886 		2.985
v 59.672 		6.933 		16.628
v 60.29 		1.881 		16.711
v 80.677 		-16.68 		2.253
v 82.791 		-16.253 		0.834
v 81.705 		-16.152 		1.465
v 51.926 		-43.242 		34.924
v 81.009 		-16.913 		1.711
v 62.548 		6.44 		17.512
v 55.788 		6.034 		16.501
v 51.695 		-43.494 		35.516
v 28.289 		-58.584 		27.123
v 25.437 		-63.011 		27.423
v 52.609 		8.75 		18.418
v 47.784 		7.586 		21.267
v 49.681 		6.809 		19.354
v 27.229 		-56.469 		27.785
v 51.889 		4.138 		17.266
v 35 		-67.364 		33.682
v 31.871 		-67.814 		34.59
v 35.201 		-67.528 		33.427
v 28.907 		-20.891 		30.026
v 51.444 		-43.68 		35.69
v 26.833 		-65.387 		35.4
v 29.337 		-66.002 		35.745
v 26.498 		-68.286 		33.941
v 29.24 		-21.563 		29.642
v 24.51 		-66.883 		33.748
v 51.378 		-43.84 		35.735
v 29.025 		-69.753 		33.554
v 51.354 		-43.822 		35.735
v 31.903 		-70.411 		31.915
v 29.83 		-20.292 		28.731
v 32.02 		-70.644 		31.622
v 33.211 		-68.654 		30.447
v 29.444 		-21.267 		29.153
v 31.083 		-70.604 		29.491
v 33.41 		-66.777 		28.897
v 28.713 		-19.72 		28.182
v 28.65 		-17.769 		27.791
v 51.261 		-43.968 		35.75
v 31.342 		-65.671 		26.954
v 28.664 		-18.787 		26.294
v 80.15 		-17.315 		2.957
v 29.807 		-19.256 		27.425
v 82.355 		-16.687 		1.619
v 80.85 		-17.441 		2.821
v 83.175 		-16.593 		2.426
v 28.654 		-26.518 		30.104
v 78.284 		-17.099 		16.087
v 29.377 		-27.159 		27.571
v 29.707 		-29.831 		26.331
v 77.168 		-19.191 		14.984
v 28.54 		-16.75 		23.976
v 50.937 		-44.216 		35.6592
v 50.8967 		-44.308 		35.616
v 77.177 		-17.135 		13.033
v 29.02 		-17.481 		24.019
v 50.8952 		-44.312 		35.6133
v 29.773 		-16.618 		24.107
v 28.684 		-15.809 		22.213
v 50.8603 		-44.4034 		35.552
v 50.8593 		-44.406 		35.5503
v 50.8416 		-44.4539 		35.516
v 50.8414 		-44.4545 		35.5154
v 50.8319 		-44.4863 		35.4844
v 22.75 		-67.872 		31.418
v 28.588 		0.742 		15.588
v 22.712 		-65.943 		30.268
v 73.29 		-19.719 		14.465
v 22.543 		-68.448 		30.86
v 23.107 		-67.729 		29.149
v 51.194 		-44.128 		35.735
v 45.652 		11.23 		32.444
v 42.343 		6.532 		31.425
v 51.167 		-44.115 		35.735
v 41.409 		1.65 		25.09
v 42.471 		5.957 		28.662
v 43.926 		6.909 		26.009
v 46.39 		11.936 		29.75
v 30.168 		-71.091 		32.007
v 51.077 		-44.257 		35.69
v 28.557 		-71.488 		31.988
v 26.901 		-70.578 		32.687
v 29.656 		-72.116 		30.742
v 44.634 		5.369 		23.262
v 26.272 		-72.116 		30.991
v 45.218 		2.759 		20.809
v 29.068 		-72.65 		30.189
v 57.722 		5.342 		16.275
v 29.544 		-71.942 		29.211
v 55.873 		1.761 		16.033
v 28.423 		-72.668 		30.268
v 27.871 		3.047 		17.404
v 26.725 		-34.686 		34.408
v 27.797 		2.309 		18.448
v 27.185 		2.766 		17.518
v 27.267 		1.126 		18.42
v 50.992 		-44.39 		35.616
v 25.283 		9.459 		8.869
v 24.435 		-69.347 		32.421
v 51.015 		-44.562 		35.516
v 25.019 		-71.505 		30.946
v 27.92 		3.453 		16.189
v 25.204 		-72.23 		29.918
v 25.093 		-72.366 		29.577
v 50.968 		-44.676 		35.393
v 73.87 		-21.811 		14.321
v 26.704 		6.086 		13.217
v 25.912 		6.097 		12.932
v 26.711 		-34.214 		34.107
v 78.948 		-18.588 		9.997
v 26.048 		6.874 		12.226
v 24.944 		8.764 		9.418
v 76.634 		-17.976 		8.499
v 26.462 		0.209 		13.69
v 50.929 		-44.768 		35.25
v 50.901 		-44.836 		35.092
v 72.437 		-21.484 		10.584
v 28.244 		-5.552 		12.816
v 27.959 		-5.593 		12.831
v 28.318 		-6.886 		13.676
v 72.486 		-22.454 		10.962
v 71.926 		-22.203 		10.569
v 72.497 		-22.157 		10.507
v 28.612 		-5.255 		13.096
v 72.633 		-21.726 		10.332
v 26.387 		7.704 		10.502
v 50.884 		-44.878 		34.924
v 71.692 		-22.655 		10.697
v 71.266 		-22.695 		11.071
v 25.465 		5.539 		11.927
v 71.34 		-22.9 		11.11
v 52.054 		-43.359 		34.75
v 49.314 		-47.917 		34.158
v 49.832 		-46.935 		32.944
v 51.936 		-43.231 		34.75
v 25.854 		2.073 		10.026
v 49.413 		-47.419 		33.931
v 52.042 		-43.369 		34.576
v 51.926 		-43.242 		34.576
v 49.785 		-46.828 		32.983
v 74.306 		-21.435 		10.082
v 72.615 		-21.732 		8.895
v 73.194 		-21.393 		8.375
v 27.186 		-4.337 		13.572
v 23.563 		-71.088 		29.866
v 25.977 		-72.181 		28.793
v 46.079 		-33.347 		45.852
v 24.855 		11.77 		5.998
v 24.254 		12.578 		5.531
v 23.758 		-70.979 		30.21
v 42.917 		-36.064 		45.537
v 39.502 		-37.545 		45.07
v 72.831 		-21.762 		8.541
v 23.672 		12.047 		5.828
v 73.329 		-21.73 		8.417
v 24.108 		11.999 		6.14
v 72.934 		-22.027 		8.726
v 26.703 		-34.514 		34.25
v 72.642 		-22.048 		8.979
v 33.584 		-39.231 		43.462
v 73.029 		-21.919 		10.064
v 34.266 		-32.479 		44.038
v 30.367 		-33.527 		41.495
v 31.909 		-34.585 		42.747
v 26.795 		-34.851 		34.75
v 72.679 		-21.755 		9.754
v 25.962 		-39.29 		35.042
v 42.134 		-42.384 		44.046
v 26.704 		-37.421 		33.365
v 26.546 		-37.92 		33.555
v 26.83 		-38.309 		34.132
v 28.07 		-0.374 		10.021
v 43.681 		-46.504 		42.466
v 46.543 		-45.481 		41.444
v 26.854 		-37.284 		32.89
v 70.566 		-21.877 		15.635
v 70.824 		-23.348 		12.831
v 71.082 		-23.005 		12.014
v 38.161 		-45.737 		43.631
v 27.606 		-1.762 		8.244
v 36.026 		-40.25 		44.112
v 27.767 		-2.931 		8.575
v 70.692 		-22.685 		12.801
v 70.468 		-23.103 		12.969
v 27.216 		-37.654 		33.189
v 23.361 		-69.526 		28.976
v 33.078 		-44.955 		42.911
v 23.653 		10.34 		5.894
v 27.504 		-33.349 		35.393
v 30.934 		-41.965 		42.184
v 27.979 		-2.931 		10.101
v 28.87 		-68.103 		26.305
v 29.795 		-64.61 		26.462
v 27.451 		-1.991 		8.202
v 27.101 		-1.471 		8.206
v 27.346 		-2.583 		8.369
v 27.509 		-33.249 		35.25
v 27.129 		-68.442 		26.213
v 28.105 		-65.32 		26.277
v 26.984 		-1.868 		9.202
v 24.272 		-66.23 		27.429
v 25.825 		-67.005 		26.479
v 24.341 		-68.37 		27.303
v 52.094 		-43.534 		34.408
v 27.322 		-2.906 		9.858
v 52.006 		-43.396 		34.408
v 51.896 		-43.275 		34.408
v 29.003 		-71.363 		27.849
v 27.575 		-72.064 		28.333
v 25.145 		11.172 		4.832
v 24.33 		-70.592 		28.343
v 30.154 		-69.392 		27.12
v 22.65 		15.464 		2.573
v 27.719 		-70.167 		26.683
v 22.929 		15.646 		2.391
v 22.294 		15.399 		2.391
v 25.856 		-69.408 		26.701
v 23.516 		15.045 		2.799
v 25.686 		-71.288 		28.008
v 22.327 		14.042 		2.639
v 26.907 		-72.789 		29.96
v 26.867 		-72.991 		29.626
v 51.948 		-43.441 		34.25
v 23.04 		15.803 		1.886
v 22.683 		15.999 		1.503
v 22.355 		15.99 		1.468
v 22.775 		15.726 		1.004
v 69.138 		-24.897 		14.766
v 51.868 		-43.502 		34.107
v 69.027 		-23.846 		14.654
v 68.777 		-24.827 		14.685
v 22.255 		15.578 		0.974
v 23.86 		14.378 		1.769
v 22.105 		15.772 		1.503
v 79.243 		-18.639 		6.809
v 52.087 		-43.708 		34.25
v 52.029 		-43.568 		34.25
v 22.515 		13.795 		0.393
v 23.504 		13.894 		0.415
v 52.02 		-43.868 		34.107
v 51.991 		-43.738 		34.107
v 79.321 		-16.789 		4.637
v 51.94 		-43.614 		34.107
v 77.876 		-19.075 		5.709
v 78.181 		-18.326 		4.2
v 77.81 		-18.496 		4.904
v 77.434 		-18.72 		5.574
v 22.853 		11.538 		2.407
v 25.139 		10.429 		2.334
v 77.526 		-18.29 		5.392
v 51.903 		-43.996 		33.984
v 51.898 		-43.884 		33.984
v 24.196 		10.967 		0.151
v 24.866 		10.429 		0.818
v 24.228 		12.705 		0.6
v 51.874 		-43.775 		33.984
v 75.378 		-20.502 		8.003
v 23.588 		10.411 		0.209
v 23.48 		9.695 		0.907
v 23.44 		12.152 		0
v 27.512 		-33.175 		35.092
v 27.893 		-3.836 		10.512
v 27.723 		-3.127 		10.292
v 27.825 		-4.432 		10.661
v 27.673 		-3.85 		10.529
v 28.134 		-3.467 		10.739
v 28.04 		-4.618 		10.81
v 28.154 		-5.089 		11.798
v 27.514 		-33.13 		34.924
v 22.455 		12.69 		0.953
v 27.395 		-3.154 		10.45
v 27.417 		-3.786 		10.962
v 27.912 		-4.911 		11.11
v 27.967 		-5.149 		11.873
v 21.937 		15.235 		1.337
v 27.508 		-33.944 		35.735
v 27.478 		-33.94 		35.735
v 26.585 		6.994 		7.452
v 24.493 		7.409 		7.488
v 24.866 		5.112 		5.573
v 27.458 		-3.19 		8.714
v 27.848 		-3.22 		9.076
v 27.664 		-3.376 		8.979
v 27.608 		-3.184 		9.754
v 29.044 		-8.212 		15.558
v 47.193 		-48.435 		38.763
v 27.991 		-7.288 		14.234
v 48.787 		-48.567 		35.302
v 48.624 		-49.18 		35.473
v 28.482 		-8.651 		15.219
v 47.547 		-50.705 		36.382
v 47.417 		-50.484 		36.621
v 27.478 		0.068 		7.693
v 26.56 		0.394 		7.224
v 26.835 		0.571 		6.511
v 26.93 		0.226 		6.928
v 27.282 		-0.475 		7.899
v 27.471 		-34.114 		35.75
v 75.167 		-19.686 		7.693
v 39.396 		-49.143 		42.884
v 74.003 		-20.743 		8.191
v 76.202 		-19.639 		6.337
v 75.817 		-19.881 		6.685
v 39.7 		-52.055 		41.857
v 75.521 		-20.043 		7.245
v 75.777 		-20.179 		7.414
v 35.67 		-51.078 		43.153
v 37.027 		-51.858 		42.863
v 75.036 		-20.223 		7.844
v 74.094 		-21.056 		8.156
v 26.988 		-0.07 		7.542
v 26.87 		-0.435 		7.956
v 78.551 		-18.126 		3.887
v 79.368 		-17.629 		3.533
v 78.829 		-17.68 		3.893
v 79.033 		-18.149 		3.821
v 51.725 		-37.099 		42.486
v 53.663 		-34.993 		42.19
v 60.996 		-1.186 		46.765
v 58.303 		-0.222 		48.057
v 53.928 		-4.686 		48.114
v 49.853 		-40.034 		42.179
v 53.132 		-2.196 		48.106
v 48.602 		-39.901 		42.987
v 47.17 		-37.674 		44.397
v 27.433 		-34.283 		35.735
v 26.225 		3.178 		4.152
v 50.177 		-2.406 		47.472
v 26.635 		1.435 		6.052
v 27.404 		-34.274 		35.735
v 32.818 		-51.663 		43.346
v 34.012 		-51.782 		43.165
v 34.781 		-48.325 		43.276
v 27.397 		-34.448 		35.69
v 27.34 		-34.43 		35.69
v 27.279 		-34.576 		35.616
v 31.698 		-51.281 		42.881
v 32.876 		-49.139 		43.012
v 55.754 		-33.521 		40.873
v 54.424 		-36.949 		39.345
v 58.978 		-32.891 		34.785
v 31.457 		-48.226 		42.503
v 52.922 		-37.879 		40.881
v 58.512 		-34.371 		32.848
v 55.396 		-37.487 		35.833
v 30.489 		-49.572 		41.787
v 35.742 		-53.004 		43.205
v 36.63 		-53.177 		42.602
v 27.363 		-34.602 		35.616
v 35.758 		-54.426 		41.814
v 27.225 		-34.708 		35.516
v 33.856 		-53.491 		43.435
v 27.178 		-34.822 		35.393
v 32.58 		-53.045 		43.21
v 50.171 		-41.936 		40.477
v 33.952 		-55.918 		41.057
v 51.46 		-41.992 		38.345
v 33.083 		-54.282 		42.647
v 32.055 		-55.043 		41.496
v 46.83 		-2.806 		46.212
v 31.434 		-52.373 		42.078
v 51.868 		-43.502 		35.393
v 51.831 		-43.671 		33.984
v 58.184 		-9.027 		46.83
v 53.599 		-9.497 		47.942
v 55.823 		-9.171 		47.561
v 51.771 		-43.577 		33.984
v 51.948 		-43.441 		35.25
v 27.139 		-34.914 		35.25
v 48.471 		-11.851 		47.722
v 60.925 		-8.528 		45.538
v 27.111 		-34.982 		35.092
v 26.966 		-34.906 		35.092
v 61.43 		-12.354 		44.319
v 45.58 		-53.144 		36.917
v 52.094 		-43.534 		35.092
v 45.681 		-52.617 		37.145
v 52.006 		-43.396 		35.092
v 42.661 		-52.756 		39.935
v 27.094 		-35.024 		34.924
v 42.405 		-55.321 		38.285
v 43.793 		-54.999 		37.128
v 26.942 		-34.945 		34.924
v 51.76 		-43.99 		33.884
v 45.096 		-1.11 		44.829
v 51.756 		-43.903 		33.884
v 43.731 		-11.657 		46.483
v 38.76 		-12.386 		44.066
v 41.239 		-3.587 		42.844
v 37.664 		-10.499 		42.559
v 45.103 		-52.974 		34.226
v 52.134 		-43.513 		34.924
v 38.008 		-7.362 		41.3
v 52.042 		-43.369 		34.924
v 27.34 		-33.123 		34.75
v 27.342 		-33.138 		34.576
v 41.396 		-10.742 		45.283
v 27.348 		-33.182 		34.408
v 41.508 		0.805 		40.538
v 51.874 		-43.775 		35.516
v 27.188 		-33.218 		34.408
v 35.485 		-5.659 		33.023
v 37.092 		-3.234 		35.151
v 38.933 		0.758 		32.953
v 51.831 		-43.671 		35.516
v 51.771 		-43.577 		35.516
v 37.919 		-3.368 		37.772
v 38.921 		-4.162 		40.442
v 51.991 		-43.738 		35.393
v 51.94 		-43.614 		35.393
v 27.358 		-33.255 		34.25
v 27.21 		-33.288 		34.25
v 34.644 		-13.174 		40.218
v 32.913 		-10.699 		33.04
v 33.846 		-10.175 		35.516
v 27.24 		-33.383 		34.107
v 51.76 		-43.99 		35.616
v 31.157 		-14.407 		33.591
v 51.756 		-43.903 		35.616
v 38.511 		-57.597 		39.143
v 35.228 		-9.469 		38.306
v 27.174 		-33.544 		33.984
v 41.979 		-58.048 		36.354
v 51.738 		-43.818 		35.616
v 40.402 		-59.962 		36.258
v 51.903 		-43.996 		35.516
v 40.999 		-59.036 		36.319
v 51.898 		-43.884 		35.516
v 27.166 		-33.717 		33.884
v 51.738 		-43.818 		33.884
v 39.795 		-60.116 		33.399
v 52.026 		-44.001 		35.393
v 35.518 		-62.589 		37.213
v 35.828 		-58.126 		39.58
v 52.02 		-43.868 		35.393
v 27.071 		-33.346 		34.25
v 32.833 		-61.154 		38.37
v 27.117 		-33.434 		34.107
v 32.252 		-57.071 		40.456
v 27.004 		-33.506 		34.107
v 30.446 		-60.321 		38.53
v 38.228 		-61.287 		36.865
v 51.704 		-43.737 		33.884
v 37.757 		-64.399 		34.758
v 32.627 		-15.086 		37.579
v 37.52 		-64.27 		34.995
v 58.582 		-18.019 		44.891
v 57.214 		-15.652 		46.132
v 61.682 		-16.251 		42.912
v 51.595 		-44.042 		33.81
v 27.079 		-33.604 		33.984
v 59.777 		-23.023 		42.189
v 51.602 		-43.983 		33.81
v 62.511 		-18.377 		41.025
v 28.768 		-34.413 		39.365
v 27.122 		-39.127 		38.32
v 51.6 		-43.923 		33.81
v 26.997 		-33.68 		33.984
v 51.587 		-43.865 		33.81
v 26.929 		-33.769 		33.984
v 49.049 		-16.845 		47.797
v 53.509 		-18.478 		46.989
v 50.499 		-19.887 		47.428
v 27.102 		-33.776 		33.884
v 27.387 		-33.477 		35.516
v 27.277 		-33.501 		35.516
v 49.459 		-29.782 		45.958
v 27.174 		-33.544 		35.516
v 55.675 		-24.161 		44.958
v 57.881 		-24.717 		43.401
v 52.684 		-24.895 		46.05
v 51.893 		-31.656 		44.631
v 54.92 		-31.147 		43.114
v 27.371 		-33.354 		35.393
v 58.876 		-27.313 		41.132
v 27.24 		-33.383 		35.393
v 26.836 		-34.807 		34.408
v 52.126 		-44.006 		35.25
v 52.119 		-43.855 		35.25
v 52.087 		-43.708 		35.25
v 27.426 		-33.775 		35.69
v 52.029 		-43.568 		35.25
v 52.199 		-44.009 		35.092
v 62.111 		-22.53 		38.944
v 52.192 		-43.845 		35.092
v 58.436 		-30.532 		39.04
v 52.157 		-43.685 		35.092
v 51.803 		-44.313 		33.984
v 61.684 		-26.643 		35.8
v 51.855 		-44.214 		33.984
v 51.888 		-44.107 		33.984
v 51.749 		-44.076 		33.884
v 52.245 		-44.011 		34.924
v 52.237 		-43.84 		34.924
v 50.878 		-44.892 		34.75
v 51.044 		-44.944 		34.75
v 51.048 		-44.93 		34.576
v 50.884 		-44.878 		34.576
v 50.901 		-44.836 		34.408
v 51.057 		-44.885 		34.408
v 51.22 		-44.907 		34.408
v 51.629 		-44.306 		33.884
v 51.682 		-44.237 		33.884
v 51.723 		-44.159 		33.884
v 51.513 		-44.199 		33.81
v 51.549 		-44.152 		33.81
v 51.577 		-44.099 		33.81
v 51.305 		-44.307 		33.81
v 51.364 		-44.294 		33.81
v 51.419 		-44.271 		33.81
v 51.469 		-44.239 		33.81
v 51.557 		-44.538 		33.984
v 51.652 		-44.478 		33.984
v 51.735 		-44.402 		33.984
v 51.492 		-44.412 		33.884
v 51.565 		-44.365 		33.884
v 51.239 		-44.468 		33.884
v 51.326 		-44.464 		33.884
v 51.411 		-44.445 		33.884
v 51.374 		-44.827 		34.25
v 51.227 		-44.733 		34.107
v 51.361 		-44.728 		34.107
v 51.491 		-44.699 		34.107
v 51.233 		-44.61 		33.984
v 51.345 		-44.605 		33.984
v 51.454 		-44.581 		33.984
v 51.073 		-44.814 		34.25
v 51.223 		-44.833 		34.25
# 2020 vertices

g group_0_0

usemtl color_0
s 0

f 14 	15 	16
f 15 	17 	18
f 26 	927 	27
f 37 	39 	32
f 32 	39 	35
f 37 	46 	39
f 53 	17 	15
f 15 	1960 	53
f 53 	54 	17
f 54 	52 	17
f 54 	56 	52
f 52 	56 	348
f 1960 	57 	59
f 59 	53 	1960
f 54 	53 	61
f 59 	61 	53
f 54 	63 	56
f 61 	63 	54
f 96 	99 	63
f 1968 	89 	57
f 61 	96 	63
f 39 	69 	35
f 76 	72 	1631
f 1631 	80 	78
f 1631 	78 	76
f 39 	75 	69
f 46 	75 	39
f 82 	1699 	83
f 46 	799 	75
f 85 	87 	86
f 1968 	35 	89
f 103 	104 	88
f 57 	89 	90
f 27 	93 	6
f 57 	90 	59
f 59 	95 	61
f 6 	93 	10
f 90 	95 	59
f 95 	96 	61
f 85 	100 	87
f 27 	929 	93
f 927 	929 	27
f 85 	88 	104
f 100 	85 	107
f 107 	85 	104
f 114 	109 	88
f 109 	105 	88
f 103 	88 	105
f 93 	108 	10
f 108 	936 	111
f 108 	934 	936
f 114 	88 	110
f 113 	114 	110
f 111 	939 	112
f 115 	113 	110
f 110 	116 	115
f 116 	110 	118
f 121 	118 	110
f 121 	110 	1859
f 121 	124 	118
f 133 	134 	129
f 119 	129 	134
f 133 	129 	135
f 108 	117 	10
f 121 	119 	136
f 69 	89 	35
f 119 	134 	137
f 137 	136 	119
f 136 	138 	121
f 108 	111 	117
f 121 	138 	124
f 89 	139 	90
f 111 	120 	117
f 120 	112 	128
f 135 	129 	140
f 345 	347 	143
f 89 	69 	139
f 111 	112 	120
f 140 	129 	141
f 347 	330 	129
f 139 	142 	90
f 90 	142 	95
f 95 	144 	96
f 142 	144 	95
f 96 	168 	99
f 143 	340 	345
f 129 	143 	347
f 144 	168 	96
f 151 	154 	139
f 69 	75 	151
f 1650 	148 	162
f 139 	69 	151
f 180 	147 	146
f 139 	154 	142
f 142 	172 	144
f 154 	172 	142
f 162 	170 	167
f 170 	162 	148
f 144 	174 	168
f 174 	144 	172
f 916 	174 	172
f 170 	148 	183
f 911 	916 	172
f 147 	182 	148
f 180 	182 	147
f 182 	183 	148
f 965 	964 	183
f 185 	180 	128
f 128 	112 	185
f 190 	184 	18
f 18 	198 	190
f 190 	198 	191
f 191 	199 	192
f 198 	199 	191
f 199 	201 	192
f 206 	1898 	209
f 204 	213 	205
f 209 	213 	204
f 221 	222 	223
f 221 	225 	226
f 221 	224 	225
f 221 	226 	222
f 232 	233 	231
f 224 	231 	233
f 235 	232 	231
f 233 	227 	224
f 227 	225 	224
f 231 	228 	239
f 231 	240 	235
f 241 	240 	239
f 231 	239 	240
f 239 	243 	246
f 239 	246 	247
f 393 	392 	243
f 239 	247 	241
f 185 	112 	900
f 961 	958 	170
f 964 	961 	170
f 170 	183 	964
f 180 	185 	966
f 974 	973 	185
f 182 	180 	966
f 969 	183 	182
f 183 	969 	972
f 192 	201 	194
f 201 	338 	194
f 194 	338 	195
f 18 	17 	198
f 17 	52 	198
f 199 	198 	52
f 201 	199 	348
f 292 	291 	387
f 303 	295 	294
f 391 	303 	294
f 303 	310 	295
f 310 	300 	295
f 310 	317 	300
f 300 	317 	302
f 303 	498 	310
f 317 	318 	302
f 317 	321 	318
f 143 	1951 	340
f 501 	525 	321
f 195 	341 	291
f 339 	340 	1951
f 195 	338 	341
f 342 	1951 	344
f 339 	1951 	342
f 337 	344 	1951
f 141 	129 	330
f 52 	348 	199
f 337 	360 	350
f 350 	344 	337
f 201 	352 	338
f 201 	348 	352
f 352 	357 	338
f 338 	357 	341
f 357 	394 	341
f 352 	348 	372
f 363 	351 	362
f 351 	474 	362
f 355 	351 	364
f 363 	364 	351
f 356 	355 	365
f 364 	365 	355
f 360 	356 	366
f 365 	366 	356
f 349 	350 	360
f 366 	349 	360
f 56 	372 	348
f 374 	357 	352
f 352 	372 	374
f 374 	408 	357
f 56 	63 	379
f 379 	372 	56
f 379 	380 	372
f 380 	374 	372
f 380 	438 	374
f 379 	63 	99
f 387 	291 	341
f 183 	972 	965
f 292 	389 	293
f 292 	387 	389
f 900 	901 	185
f 243 	390 	246
f 391 	293 	389
f 392 	390 	243
f 293 	391 	294
f 341 	394 	387
f 387 	396 	389
f 394 	396 	387
f 389 	398 	391
f 396 	398 	389
f 495 	303 	391
f 495 	498 	303
f 206 	1897 	1898
f 357 	408 	394
f 394 	409 	396
f 408 	409 	394
f 409 	413 	396
f 396 	413 	398
f 417 	452 	414
f 414 	1911 	417
f 1916 	419 	417
f 417 	1911 	1916
f 1897 	206 	1916
f 420 	419 	206
f 427 	431 	432
f 206 	209 	420
f 420 	209 	204
f 503 	398 	413
f 434 	419 	420
f 438 	408 	374
f 434 	420 	435
f 435 	204 	437
f 446 	448 	427
f 420 	204 	435
f 431 	427 	440
f 438 	441 	408
f 205 	1519 	204
f 444 	445 	446
f 445 	447 	446
f 446 	12 	444
f 443 	444 	12
f 409 	408 	441
f 448 	446 	449
f 447 	449 	446
f 409 	511 	413
f 440 	427 	439
f 439 	427 	448
f 441 	511 	409
f 456 	453 	455
f 438 	473 	441
f 471 	473 	438
f 450 	411 	451
f 458 	459 	457
f 451 	411 	414
f 459 	460 	457
f 380 	379 	468
f 453 	456 	458
f 453 	458 	457
f 414 	452 	451
f 468 	379 	99
f 442 	12 	461
f 443 	12 	442
f 452 	417 	454
f 460 	461 	457
f 454 	419 	434
f 471 	438 	380
f 454 	417 	419
f 462 	463 	427
f 432 	462 	427
f 464 	465 	463
f 427 	463 	465
f 464 	466 	465
f 427 	465 	2000
f 467 	2000 	465
f 468 	471 	380
f 468 	476 	471
f 168 	475 	99
f 1998 	474 	351
f 468 	99 	475
f 466 	477 	465
f 477 	478 	467
f 477 	467 	465
f 475 	476 	468
f 478 	480 	469
f 478 	469 	467
f 476 	481 	471
f 480 	482 	470
f 480 	470 	469
f 368 	472 	367
f 470 	482 	472
f 367 	472 	482
f 472 	368 	474
f 369 	474 	368
f 369 	362 	474
f 471 	481 	473
f 174 	485 	168
f 168 	485 	475
f 485 	486 	475
f 475 	486 	476
f 483 	488 	484
f 476 	489 	481
f 483 	487 	488
f 486 	489 	476
f 487 	543 	488
f 1058 	489 	486
f 495 	391 	398
f 310 	501 	317
f 498 	501 	310
f 501 	321 	317
f 495 	398 	503
f 495 	505 	498
f 503 	505 	495
f 413 	513 	503
f 413 	511 	513
f 503 	513 	514
f 514 	505 	503
f 505 	524 	498
f 498 	524 	501
f 524 	525 	501
f 527 	524 	505
f 514 	527 	505
f 524 	527 	530
f 491 	494 	487
f 524 	530 	525
f 491 	487 	483
f 493 	536 	494
f 514 	541 	527
f 673 	511 	441
f 536 	493 	534
f 511 	535 	513
f 534 	602 	536
f 514 	513 	537
f 534 	633 	602
f 540 	487 	494
f 535 	537 	513
f 494 	536 	540
f 537 	541 	514
f 543 	487 	540
f 547 	548 	490
f 490 	548 	568
f 552 	490 	551
f 490 	552 	547
f 1486 	490 	563
f 490 	566 	567
f 490 	567 	563
f 490 	568 	566
f 563 	567 	569
f 572 	984 	51
f 490 	587 	551
f 589 	551 	587
f 587 	592 	589
f 590 	592 	587
f 591 	590 	1497
f 594 	591 	1497
f 587 	1497 	590
f 595 	596 	1627
f 597 	595 	1627
f 598 	537 	535
f 790 	598 	535
f 1627 	73 	597
f 537 	600 	541
f 598 	600 	537
f 541 	600 	1865
f 540 	536 	604
f 598 	606 	600
f 536 	602 	604
f 603 	606 	598
f 540 	604 	608
f 604 	616 	608
f 540 	608 	543
f 615 	604 	602
f 616 	604 	615
f 602 	614 	615
f 614 	1075 	1076
f 614 	1076 	615
f 625 	628 	633
f 628 	637 	633
f 628 	634 	637
f 625 	633 	534
f 633 	637 	614
f 634 	1132 	637
f 633 	614 	602
f 634 	1131 	1132
f 637 	1075 	614
f 411 	450 	644
f 641 	646 	642
f 641 	645 	646
f 642 	646 	648
f 642 	648 	644
f 644 	648 	479
f 648 	484 	479
f 479 	411 	644
f 479 	1909 	411
f 645 	725 	491
f 645 	491 	646
f 646 	491 	483
f 646 	483 	648
f 648 	483 	484
f 655 	654 	682
f 655 	682 	656
f 685 	656 	682
f 641 	657 	656
f 657 	642 	659
f 657 	641 	642
f 659 	644 	450
f 659 	642 	644
f 473 	673 	441
f 664 	653 	652
f 652 	663 	664
f 653 	664 	676
f 664 	737 	676
f 653 	676 	654
f 682 	654 	676
f 656 	685 	641
f 664 	736 	737
f 682 	707 	685
f 685 	645 	641
f 702 	721 	707
f 702 	716 	721
f 707 	645 	685
f 702 	737 	716
f 707 	725 	645
f 707 	721 	725
f 716 	763 	764
f 716 	764 	721
f 764 	493 	721
f 721 	493 	725
f 725 	494 	491
f 725 	493 	494
f 663 	736 	664
f 663 	735 	736
f 736 	754 	755
f 702 	682 	676
f 702 	676 	737
f 707 	682 	702
f 735 	754 	736
f 737 	736 	755
f 755 	716 	737
f 754 	735 	753
f 753 	757 	754
f 753 	756 	757
f 754 	757 	760
f 754 	760 	755
f 755 	763 	716
f 763 	755 	760
f 764 	763 	625
f 764 	625 	534
f 764 	534 	493
f 995 	770 	756
f 770 	757 	756
f 757 	770 	771
f 770 	777 	779
f 770 	779 	771
f 771 	760 	757
f 776 	763 	760
f 760 	771 	776
f 776 	625 	763
f 625 	776 	628
f 1268 	967 	45
f 1271 	1269 	558
f 781 	776 	771
f 771 	779 	781
f 628 	776 	781
f 47 	967 	780
f 979 	980 	563
f 558 	563 	1289
f 1289 	1275 	558
f 569 	981 	563
f 777 	786 	779
f 777 	784 	786
f 779 	786 	788
f 673 	535 	511
f 481 	789 	473
f 473 	789 	673
f 786 	1189 	788
f 1294 	1298 	785
f 535 	673 	790
f 789 	790 	673
f 779 	788 	781
f 489 	791 	481
f 634 	781 	788
f 789 	481 	791
f 792 	790 	789
f 634 	788 	1131
f 781 	634 	628
f 791 	792 	789
f 792 	603 	790
f 790 	603 	598
f 1187 	786 	784
f 1188 	791 	489
f 1189 	786 	1187
f 1191 	792 	791
f 792 	1177 	603
f 1191 	1177 	792
f 1131 	788 	1189
f 1875 	600 	606
f 793 	663 	652
f 1421 	796 	46
f 795 	663 	793
f 735 	663 	795
f 799 	46 	796
f 794 	800 	801
f 802 	799 	796
f 796 	797 	802
f 801 	795 	794
f 802 	873 	799
f 795 	801 	735
f 797 	804 	802
f 802 	804 	882
f 805 	67 	803
f 1572 	67 	805
f 816 	801 	800
f 801 	816 	753
f 753 	735 	801
f 816 	756 	753
f 393 	243 	828
f 957 	828 	243
f 1597 	825 	829
f 1024 	1025 	829
f 836 	1990 	834
f 1991 	842 	843
f 844 	1991 	843
f 844 	847 	1991
f 847 	848 	453
f 848 	849 	453
f 849 	455 	453
f 863 	864 	862
f 151 	75 	865
f 75 	799 	865
f 151 	866 	154
f 864 	868 	862
f 865 	866 	151
f 871 	862 	870
f 868 	870 	862
f 870 	872 	871
f 875 	877 	871
f 873 	865 	799
f 871 	874 	875
f 873 	876 	865
f 871 	872 	874
f 878 	1921 	877
f 865 	876 	866
f 881 	1921 	883
f 880 	883 	1921
f 876 	924 	866
f 873 	802 	882
f 873 	885 	876
f 883 	886 	881
f 882 	885 	873
f 888 	884 	887
f 881 	887 	884
f 885 	889 	876
f 886 	887 	881
f 891 	927 	893
f 888 	893 	884
f 876 	889 	924
f 897 	929 	894
f 882 	935 	885
f 902 	185 	901
f 866 	911 	154
f 154 	911 	172
f 917 	918 	900
f 900 	939 	917
f 924 	911 	866
f 900 	919 	901
f 918 	919 	900
f 929 	920 	921
f 897 	920 	929
f 911 	925 	916
f 924 	925 	911
f 927 	26 	884
f 884 	893 	927
f 925 	1059 	916
f 924 	889 	930
f 930 	925 	924
f 922 	923 	929
f 892 	927 	891
f 892 	894 	927
f 894 	929 	927
f 929 	921 	922
f 923 	905 	929
f 929 	934 	93
f 804 	933 	882
f 933 	935 	882
f 93 	934 	108
f 929 	905 	934
f 936 	939 	111
f 935 	940 	885
f 935 	1481 	940
f 885 	940 	889
f 940 	941 	889
f 112 	939 	900
f 942 	185 	902
f 904 	934 	903
f 903 	934 	905
f 904 	907 	934
f 936 	934 	908
f 907 	908 	934
f 936 	909 	939
f 936 	912 	909
f 910 	939 	909
f 908 	912 	936
f 1207 	941 	940
f 910 	914 	939
f 914 	917 	939
f 930 	889 	941
f 948 	485 	174
f 948 	174 	916
f 948 	949 	485
f 167 	170 	950
f 950 	243 	167
f 953 	954 	950
f 243 	950 	954
f 956 	953 	950
f 243 	954 	957
f 959 	170 	958
f 950 	170 	959
f 962 	963 	950
f 959 	962 	950
f 950 	963 	956
f 45 	558 	1269
f 1271 	558 	1275
f 47 	45 	967
f 182 	970 	968
f 968 	969 	182
f 970 	182 	971
f 971 	182 	966
f 966 	185 	973
f 942 	943 	185
f 974 	185 	943
f 1276 	1277 	967
f 973 	976 	966
f 966 	976 	971
f 780 	1278 	572
f 1285 	1283 	780
f 780 	967 	1285
f 1286 	1285 	967
f 980 	1289 	563
f 979 	563 	981
f 984 	783 	51
f 1291 	785 	783
f 984 	1291 	783
f 983 	785 	1307
f 1307 	1310 	983
f 1310 	1311 	983
f 572 	1278 	984
f 816 	823 	756
f 823 	1597 	993
f 995 	756 	823
f 823 	993 	995
f 1313 	1314 	991
f 1607 	997 	993
f 993 	998 	995
f 993 	997 	998
f 995 	998 	777
f 995 	777 	770
f 997 	1002 	1003
f 997 	1003 	998
f 1435 	798 	1000
f 784 	998 	1003
f 998 	784 	777
f 1000 	1432 	1435
f 798 	1006 	803
f 1434 	1006 	798
f 1003 	1002 	1242
f 1439 	1440 	1006
f 1006 	805 	803
f 1006 	1016 	805
f 1012 	1049 	1050
f 1012 	1050 	1014
f 1016 	1553 	825
f 829 	825 	1556
f 1022 	829 	1021
f 1556 	1021 	829
f 1022 	1023 	829
f 1023 	1024 	829
f 1026 	829 	1025
f 1025 	1027 	1026
f 1028 	1026 	1029
f 1028 	1029 	1030
f 1027 	1029 	1026
f 1030 	1031 	1028
f 1033 	1028 	1031
f 1028 	1033 	1034
f 1036 	1619 	1034
f 1038 	1619 	1036
f 1987 	1041 	1042
f 1042 	1043 	1987
f 1007 	200 	1019
f 1049 	1055 	1050
f 1049 	1053 	1055
f 1014 	1051 	1019
f 1014 	1050 	1051
f 1019 	1051 	1009
f 1019 	1009 	1007
f 1056 	1051 	1050
f 1056 	1050 	1055
f 948 	1061 	949
f 485 	949 	486
f 949 	1058 	486
f 948 	916 	1059
f 1059 	1061 	948
f 1061 	1063 	949
f 1053 	1062 	1064
f 1053 	1064 	1055
f 949 	1063 	1058
f 1056 	1055 	1728
f 1112 	1063 	1061
f 616 	1079 	1012
f 1079 	1049 	1012
f 1075 	1083 	1076
f 1075 	1081 	1083
f 616 	615 	1079
f 1079 	615 	1076
f 1076 	1083 	1085
f 1076 	1085 	1079
f 1079 	1085 	1049
f 1105 	1059 	925
f 925 	930 	1105
f 1108 	1061 	1059
f 1105 	1108 	1059
f 1108 	1112 	1061
f 1108 	1301 	1112
f 1123 	1083 	1081
f 1053 	1049 	1085
f 1141 	1144 	1120
f 1081 	1120 	1123
f 1083 	1124 	1085
f 1083 	1123 	1124
f 1053 	1085 	1124
f 1075 	637 	1132
f 1137 	1131 	1189
f 1131 	1137 	1141
f 1131 	1141 	1132
f 1132 	1081 	1075
f 1132 	1141 	1081
f 1137 	1142 	1144
f 1137 	1144 	1141
f 1120 	1081 	1141
f 1144 	1147 	1152
f 1147 	1165 	1152
f 1152 	1120 	1144
f 1120 	1152 	1155
f 1155 	1123 	1120
f 1123 	1157 	1124
f 1123 	1155 	1157
f 1062 	1053 	1124
f 1062 	1124 	1157
f 1165 	1147 	1162
f 1152 	1165 	1166
f 1152 	1166 	1155
f 1168 	1157 	1155
f 1168 	1155 	1166
f 1068 	1157 	1168
f 1157 	1068 	1062
f 1108 	1295 	1301
f 1168 	1166 	1983
f 1982 	1166 	1165
f 1178 	1177 	1191
f 1178 	228 	1177
f 1147 	1144 	1142
f 1142 	1181 	1147
f 1181 	1162 	1147
f 1186 	784 	1003
f 1187 	784 	1186
f 1188 	489 	1058
f 1188 	1191 	791
f 1188 	1196 	1191
f 1195 	1196 	1188
f 1058 	1063 	1195
f 1188 	1058 	1195
f 1196 	1178 	1191
f 1199 	1195 	1063
f 1063 	1112 	1199
f 1199 	1200 	1195
f 1195 	1200 	1196
f 1292 	930 	941
f 1207 	1210 	941
f 1210 	1292 	941
f 1186 	1215 	1218
f 1186 	1218 	1187
f 1220 	1189 	1187
f 1220 	1187 	1218
f 1137 	1189 	1220
f 1142 	1137 	1220
f 1215 	1225 	1228
f 1215 	1228 	1218
f 1218 	1229 	1220
f 1218 	1228 	1229
f 1220 	1229 	1142
f 1259 	1229 	1228
f 1229 	1259 	1181
f 1229 	1181 	1142
f 1186 	1003 	1242
f 1988 	1989 	1245
f 1242 	1988 	1245
f 1242 	1245 	1215
f 1245 	1225 	1215
f 1242 	1215 	1186
f 1993 	1225 	1245
f 1252 	1228 	1225
f 1225 	2012 	1252
f 1228 	1252 	1259
f 1268 	45 	1266
f 1269 	1266 	45
f 1276 	967 	1272
f 1268 	1272 	967
f 1277 	1288 	967
f 1283 	1284 	780
f 1281 	1278 	1280
f 1282 	1280 	1278
f 1278 	780 	1284
f 1278 	1284 	1287
f 1278 	1287 	1282
f 1286 	967 	1288
f 930 	1292 	1105
f 785 	1291 	1294
f 1293 	1294 	1291
f 1304 	1291 	984
f 1292 	1295 	1105
f 1291 	1296 	1293
f 1292 	1214 	1295
f 1307 	785 	1299
f 1298 	1299 	785
f 1105 	1295 	1108
f 1112 	1373 	1199
f 1373 	1112 	1301
f 1278 	1281 	984
f 1303 	984 	1281
f 984 	1303 	1304
f 1291 	1305 	1296
f 1291 	1304 	1305
f 991 	983 	1311
f 991 	1311 	1313
f 991 	1314 	1317
f 1318 	1317 	1327
f 1316 	1327 	1317
f 1315 	1316 	1317
f 1314 	1315 	1317
f 1329 	1320 	1330
f 1318 	1332 	1330
f 1318 	1330 	1320
f 1327 	1332 	1318
f 1329 	1334 	1320
f 1336 	1322 	1338
f 1338 	1322 	1334
f 1320 	1334 	1322
f 1336 	1339 	1322
f 1340 	1323 	1341
f 1341 	1323 	1339
f 1322 	1339 	1323
f 1340 	1343 	1323
f 1344 	1346 	1343
f 1323 	1343 	1346
f 1344 	1345 	1346
f 1252 	1263 	1259
f 1259 	1363 	1181
f 1259 	1263 	1363
f 1162 	1181 	1363
f 1292 	1210 	1214
f 1214 	1601 	1295
f 1295 	1601 	1301
f 147 	1650 	1373
f 606 	603 	1657
f 1383 	1973 	1769
f 184 	1790 	1394
f 184 	190 	1790
f 1394 	16 	184
f 1421 	46 	37
f 1426 	1347 	1425
f 1346 	1425 	1347
f 1345 	1425 	1346
f 1429 	999 	1428
f 1428 	999 	1347
f 1426 	1428 	1347
f 1429 	1430 	1000
f 1429 	1000 	999
f 1430 	1432 	1000
f 1434 	798 	1433
f 1433 	798 	1435
f 1434 	1438 	1006
f 1438 	1439 	1006
f 1545 	1006 	1440
f 302 	318 	1446
f 321 	1843 	1828
f 1843 	321 	525
f 1845 	525 	530
f 530 	527 	1455
f 1455 	527 	541
f 600 	1875 	1865
f 541 	1865 	1455
f 796 	1421 	1887
f 1887 	797 	796
f 804 	1928 	933
f 1478 	935 	933
f 1478 	1481 	935
f 1854 	1486 	1482
f 1486 	563 	1482
f 1490 	490 	1486
f 1490 	587 	490
f 1497 	587 	1490
f 596 	594 	1497
f 209 	1898 	1501
f 209 	1501 	213
f 1501 	45 	213
f 45 	47 	213
f 558 	45 	1501
f 558 	1501 	1482
f 1482 	563 	558
f 205 	47 	1513
f 47 	205 	213
f 1521 	1519 	1513
f 1521 	1513 	572
f 47 	780 	1513
f 1513 	780 	572
f 437 	204 	1519
f 205 	1513 	1519
f 572 	51 	1521
f 1531 	452 	454
f 454 	434 	1531
f 656 	1531 	655
f 657 	1531 	656
f 659 	1531 	657
f 450 	1531 	659
f 451 	1531 	450
f 452 	1531 	451
f 435 	1531 	434
f 437 	1531 	435
f 1519 	1531 	437
f 1531 	1519 	1521
f 1521 	51 	1531
f 51 	783 	1531
f 783 	785 	1531
f 785 	983 	1531
f 983 	991 	1531
f 991 	1317 	1531
f 1317 	1318 	1531
f 1318 	1320 	1531
f 1320 	1322 	1531
f 1322 	1323 	1531
f 1323 	1346 	1531
f 1346 	1347 	1531
f 1347 	999 	1531
f 999 	1000 	1531
f 1000 	798 	1531
f 798 	803 	1531
f 1006 	1545 	1016
f 1546 	1016 	1545
f 1531 	652 	653
f 1546 	1549 	1016
f 654 	1531 	653
f 1016 	1552 	1553
f 654 	655 	1531
f 1549 	1552 	1016
f 1553 	1554 	825
f 1555 	825 	1554
f 1555 	1556 	825
f 1531 	803 	67
f 793 	652 	1531
f 793 	1531 	1563
f 67 	1566 	1531
f 1566 	1563 	1531
f 795 	793 	1563
f 67 	1572 	1566
f 1563 	794 	795
f 1566 	794 	1563
f 1589 	1572 	805
f 1566 	1572 	794
f 1572 	800 	794
f 1572 	1589 	800
f 1207 	940 	1481
f 1478 	1952 	1481
f 1585 	1178 	1196
f 1196 	1200 	1585
f 805 	1016 	1589
f 800 	1592 	816
f 1016 	825 	1589
f 1589 	1592 	800
f 1592 	823 	816
f 1592 	1589 	825
f 823 	1592 	1597
f 1592 	825 	1597
f 1597 	1607 	993
f 829 	1607 	1597
f 1650 	1200 	1199
f 146 	1301 	1601
f 829 	1026 	1607
f 1607 	1608 	997
f 1607 	1026 	1608
f 1002 	997 	1608
f 1608 	1026 	1028
f 1608 	1619 	1002
f 1028 	1619 	1608
f 1028 	1034 	1619
f 1002 	1619 	1988
f 1242 	1002 	1988
f 1038 	1040 	1619
f 1987 	1619 	1040
f 1007 	1630 	1624
f 1210 	1207 	10
f 1624 	1631 	1627
f 596 	1497 	1627
f 1007 	1009 	1630
f 1631 	1624 	1630
f 73 	1627 	72
f 1214 	120 	1601
f 1601 	128 	146
f 6 	10 	1207
f 10 	117 	1210
f 1210 	117 	1214
f 120 	1214 	117
f 1199 	1373 	1650
f 1200 	1650 	162
f 146 	1373 	1301
f 147 	1373 	146
f 147 	148 	1650
f 1177 	1657 	603
f 224 	606 	1657
f 1657 	1177 	228
f 1657 	228 	231
f 1657 	231 	224
f 401 	400 	1380
f 400 	402 	1380
f 1681 	1380 	403
f 402 	403 	1380
f 403 	404 	1681
f 405 	680 	1681
f 404 	405 	1681
f 406 	1383 	407
f 1386 	1383 	674
f 406 	674 	1383
f 674 	675 	1386
f 677 	401 	1380
f 677 	1380 	1386
f 675 	677 	1386
f 1689 	679 	678
f 678 	683 	1689
f 72 	1627 	1631
f 1009 	1698 	1630
f 1696 	1009 	1051
f 1696 	1698 	1009
f 1699 	1631 	1630
f 1630 	1698 	1699
f 79 	80 	1699
f 1699 	80 	1631
f 86 	83 	1699
f 79 	1699 	82
f 1699 	85 	86
f 1696 	1051 	1056
f 1696 	1715 	1698
f 1698 	1715 	85
f 1698 	85 	1699
f 1715 	88 	85
f 1715 	1721 	88
f 1721 	1859 	110
f 110 	88 	1721
f 1055 	1064 	1728
f 1056 	1729 	1696
f 1056 	1728 	1729
f 1715 	1696 	1729
f 1062 	1732 	1064
f 1732 	1062 	1068
f 1733 	1064 	1732
f 1728 	1064 	1733
f 1728 	1735 	1729
f 1733 	1735 	1728
f 1729 	1735 	1721
f 1721 	1715 	1729
f 1855 	1735 	1733
f 1859 	1721 	1735
f 1735 	1855 	1859
f 1068 	1744 	1732
f 1068 	1743 	1744
f 1732 	1748 	1733
f 1689 	1681 	679
f 1681 	1689 	32
f 37 	32 	1689
f 1753 	1689 	684
f 684 	1689 	683
f 684 	686 	1753
f 1753 	37 	1689
f 686 	687 	1753
f 687 	691 	1753
f 1753 	1421 	37
f 690 	689 	1761
f 689 	692 	1761
f 690 	1761 	691
f 1761 	1753 	691
f 1421 	1753 	1761
f 692 	693 	1761
f 1761 	1887 	1421
f 693 	694 	1761
f 694 	695 	1887
f 694 	1887 	1761
f 680 	679 	1681
f 698 	697 	1768
f 1768 	1383 	1769
f 697 	407 	1383
f 697 	1383 	1768
f 1769 	1973 	1394
f 700 	1790 	701
f 1790 	700 	1768
f 703 	1768 	700
f 1790 	190 	191
f 703 	698 	1768
f 705 	704 	1790
f 1790 	710 	711
f 711 	712 	1790
f 1790 	712 	713
f 713 	714 	1790
f 719 	701 	1790
f 1818 	1790 	1822
f 1818 	728 	1790
f 728 	723 	1790
f 706 	1790 	704
f 708 	1790 	706
f 709 	1790 	708
f 710 	1790 	709
f 715 	1790 	714
f 717 	1790 	715
f 719 	1790 	717
f 1768 	1769 	1790
f 1769 	1394 	1790
f 191 	192 	1790
f 192 	194 	1790
f 194 	195 	1790
f 195 	291 	1790
f 291 	292 	1790
f 292 	293 	1790
f 293 	294 	1790
f 294 	295 	1790
f 295 	300 	1790
f 722 	1790 	723
f 1790 	722 	724
f 724 	726 	1790
f 726 	705 	1790
f 1790 	300 	302
f 1818 	729 	728
f 1818 	744 	740
f 1818 	740 	729
f 1818 	1826 	744
f 302 	1446 	1790
f 1822 	1790 	1446
f 1827 	1822 	1446
f 1818 	1822 	1826
f 744 	1826 	745
f 1826 	1822 	1827
f 1826 	746 	745
f 1446 	318 	1827
f 1826 	1827 	1841
f 747 	1826 	748
f 1841 	748 	1826
f 1826 	747 	746
f 318 	321 	1828
f 1828 	1827 	318
f 1828 	1841 	1827
f 748 	1841 	808
f 811 	810 	1843
f 1828 	1843 	810
f 812 	811 	1843
f 1828 	810 	809
f 1841 	1828 	809
f 1841 	813 	808
f 1841 	809 	813
f 1843 	814 	812
f 817 	814 	1845
f 815 	814 	817
f 1843 	1845 	814
f 525 	1845 	1843
f 1861 	819 	1845
f 819 	818 	1845
f 817 	1845 	818
f 820 	1861 	821
f 260 	259 	1864
f 822 	1861 	259
f 1864 	263 	262
f 1482 	1501 	1898
f 262 	261 	1864
f 260 	1864 	261
f 1732 	1744 	1748
f 1855 	1733 	1748
f 820 	819 	1861
f 530 	1861 	1845
f 530 	1455 	1861
f 1486 	1854 	1860
f 822 	821 	1861
f 1864 	259 	1861
f 1861 	1455 	1864
f 1455 	1865 	1864
f 264 	263 	1872
f 263 	1864 	1872
f 1860 	1490 	1486
f 1860 	1870 	1490
f 265 	264 	1872
f 1865 	1875 	1872
f 1743 	1876 	1878
f 1872 	1875 	221
f 1865 	1872 	1864
f 1872 	266 	265
f 1886 	1870 	1868
f 266 	1872 	223
f 221 	223 	1872
f 224 	1875 	606
f 221 	1875 	224
f 1886 	1868 	1884
f 695 	824 	1887
f 850 	1888 	826
f 827 	826 	1888
f 850 	851 	1888
f 1888 	1887 	827
f 824 	827 	1887
f 1870 	1886 	1497
f 1888 	797 	1887
f 851 	852 	1888
f 852 	853 	1888
f 1886 	1627 	1497
f 1870 	1497 	1490
f 1007 	1884 	200
f 1884 	1007 	1624
f 1624 	1886 	1884
f 1893 	797 	1888
f 1886 	1624 	1627
f 1890 	1888 	853
f 1890 	853 	854
f 1893 	1888 	1890
f 1893 	804 	797
f 1903 	1890 	856
f 855 	856 	1890
f 854 	855 	1890
f 1892 	1902 	1897
f 1901 	1902 	1892
f 1902 	1854 	1897
f 1860 	1854 	1902
f 856 	857 	1903
f 1904 	1893 	1890
f 1897 	1854 	1898
f 1903 	1904 	1890
f 1854 	1482 	1898
f 857 	858 	1903
f 838 	1908 	839
f 839 	1908 	858
f 1901 	1974 	1902
f 1903 	1908 	1904
f 1903 	858 	1908
f 845 	1908 	838
f 1902 	1974 	1860
f 1909 	414 	411
f 1908 	1930 	1904
f 846 	861 	1908
f 862 	1908 	863
f 861 	863 	1908
f 845 	846 	1908
f 1911 	414 	1909
f 1908 	862 	1914
f 206 	419 	1916
f 1918 	1909 	479
f 479 	484 	1918
f 1920 	1911 	1909
f 871 	1914 	862
f 1909 	1918 	1920
f 871 	1921 	1914
f 1920 	1892 	1911
f 1956 	1943 	1921
f 1743 	1878 	1744
f 871 	877 	1921
f 1748 	1744 	1922
f 1911 	1892 	1916
f 878 	880 	1921
f 1744 	1878 	1922
f 1892 	1897 	1916
f 484 	488 	1924
f 1893 	1928 	804
f 1928 	1893 	1904
f 1924 	1918 	484
f 1918 	1924 	1927
f 1855 	119 	1859
f 1920 	1918 	1927
f 1927 	1901 	1920
f 1930 	1928 	1904
f 1920 	1901 	1892
f 1932 	933 	1928
f 1930 	1932 	1928
f 1478 	933 	1932
f 1924 	1970 	1971
f 1971 	1927 	1924
f 1972 	1901 	1927
f 1748 	1922 	1935
f 1932 	1930 	1943
f 1748 	1935 	1855
f 119 	1855 	1935
f 1859 	119 	121
f 1922 	143 	1935
f 1932 	1950 	1478
f 1935 	129 	119
f 143 	129 	1935
f 1914 	1930 	1908
f 1943 	1930 	1914
f 1943 	1950 	1932
f 1876 	1949 	1878
f 1921 	1943 	1914
f 1876 	1945 	1949
f 1878 	1949 	1951
f 1952 	1478 	1950
f 1956 	1950 	1943
f 1922 	1878 	1951
f 6 	1207 	1481
f 1952 	6 	1481
f 1922 	1951 	143
f 1957 	1386 	1380
f 1966 	1957 	1380
f 1952 	1950 	26
f 1950 	1956 	26
f 360 	1949 	1945
f 26 	27 	1952
f 1958 	14 	24
f 1952 	27 	6
f 1957 	1958 	24
f 1956 	1921 	881
f 1949 	337 	1951
f 1958 	1960 	14
f 1956 	884 	26
f 881 	884 	1956
f 14 	1960 	15
f 1942 	356 	1945
f 356 	1942 	355
f 1966 	1380 	1681
f 1585 	1969 	1178
f 1966 	1968 	1957
f 1985 	1012 	1014
f 1178 	1969 	228
f 239 	228 	1969
f 1970 	1924 	488
f 1968 	1958 	1957
f 1958 	57 	1960
f 488 	543 	1970
f 1200 	162 	1585
f 1958 	1968 	57
f 162 	167 	1585
f 1966 	1681 	32
f 1969 	1585 	167
f 32 	35 	1966
f 1969 	243 	239
f 1969 	167 	243
f 1966 	35 	1968
f 1927 	1971 	1972
f 1974 	1901 	1972
f 1601 	120 	128
f 1973 	1383 	24
f 1972 	1868 	1974
f 24 	1383 	1386
f 1973 	14 	16
f 180 	146 	128
f 24 	14 	1973
f 543 	608 	1975
f 1957 	24 	1386
f 543 	1975 	1970
f 1945 	356 	360
f 1394 	1973 	16
f 360 	337 	1949
f 1970 	1977 	1971
f 16 	18 	184
f 1970 	1975 	1977
f 1971 	1977 	1979
f 16 	15 	18
f 1979 	1972 	1971
f 1868 	1972 	1979
f 1162 	1980 	1165
f 1982 	1165 	1980
f 1974 	1870 	1860
f 1166 	1982 	1983
f 1974 	1868 	1870
f 1982 	1984 	1983
f 1975 	1985 	1986
f 1743 	1068 	1168
f 1975 	1986 	1977
f 1168 	1983 	1743
f 1980 	1996 	1982
f 1980 	1995 	1996
f 1884 	1868 	1979
f 1985 	1975 	608
f 608 	616 	1985
f 1983 	1984 	1876
f 1983 	1876 	1743
f 200 	1977 	1986
f 1984 	1942 	1945
f 1986 	1014 	1019
f 1986 	1019 	200
f 1876 	1984 	1945
f 1979 	1977 	200
f 1884 	1979 	200
f 616 	1012 	1985
f 1619 	1987 	1988
f 1986 	1985 	1014
f 1987 	1989 	1988
f 1040 	1041 	1987
f 1989 	1987 	1990
f 1043 	834 	1990
f 836 	837 	1990
f 1987 	1043 	1990
f 1990 	842 	1991
f 1992 	1989 	1990
f 837 	841 	1990
f 1992 	1990 	1991
f 1245 	1989 	1993
f 1989 	1992 	1993
f 842 	1990 	841
f 1996 	1984 	1982
f 1994 	1997 	1998
f 1994 	1998 	1995
f 1995 	1999 	1996
f 1995 	1998 	1999
f 1996 	1942 	1984
f 1996 	1999 	1942
f 474 	1998 	1997
f 1998 	351 	1999
f 1999 	355 	1942
f 1999 	351 	355
f 2009 	427 	2000
f 2001 	2002 	2011
f 2001 	2000 	467
f 2001 	467 	469
f 2001 	469 	2002
f 2003 	2002 	470
f 469 	470 	2002
f 2003 	470 	472
f 472 	1997 	2003
f 472 	474 	1997
f 1263 	2004 	2005
f 1363 	2006 	1162
f 2005 	2006 	1363
f 1162 	2006 	1980
f 2004 	2007 	2008
f 2004 	2008 	2005
f 2005 	2008 	1994
f 2008 	1997 	1994
f 2005 	1994 	2006
f 1980 	2006 	1995
f 2006 	1994 	1995
f 2008 	2003 	1997
f 2000 	2010 	2009
f 2010 	2001 	2011
f 2010 	2000 	2001
f 2007 	2011 	2002
f 2007 	2003 	2008
f 2007 	2002 	2003
f 1993 	2012 	1225
f 2012 	2020 	2014
f 2020 	2013 	2014
f 1252 	2012 	2015
f 2015 	2012 	2014
f 1263 	1252 	2015
f 2013 	2016 	2017
f 2013 	2017 	2014
f 2004 	1263 	2015
f 1263 	2005 	1363
f 2016 	13 	12
f 2016 	2013 	13
f 2014 	2018 	2015
f 2018 	2014 	2017
f 2004 	2015 	2018
f 2009 	2010 	2016
f 2016 	2010 	2017
f 2017 	2010 	2011
f 2018 	2017 	2011
f 2007 	2004 	2018
f 2018 	2011 	2007
f 2009 	2016 	12
f 446 	2009 	12
f 446 	427 	2009
f 2019 	1992 	1991
f 2019 	1991 	453
f 1992 	2019 	2020
f 2020 	1993 	1992
f 2020 	2012 	1993
f 453 	1991 	847
f 453 	457 	13
f 13 	2019 	453
f 2019 	2013 	2020
f 2019 	13 	2013
f 12 	13 	457
f 457 	461 	12
# 1484 faces

g group_0_9806015

usemtl color_9806015
s 0

f 2 	4 	5
f 23 	22 	3
f 23 	8 	22
f 22 	9 	21
f 22 	8 	9
f 21 	25 	19
f 21 	9 	25
f 25 	20 	19
f 1082 	23 	3
f 30 	31 	29
f 43 	41 	44
f 41 	42 	44
f 58 	49 	1741
f 49 	48 	50
f 48 	49 	43
f 48 	42 	50
f 43 	44 	48
f 44 	42 	48
f 49 	62 	43
f 42 	55 	50
f 55 	1746 	50
f 30 	29 	60
f 1741 	1770 	58
f 62 	49 	58
f 58 	1770 	38
f 60 	62 	58
f 1819 	62 	60
f 62 	33 	43
f 64 	1866 	66
f 65 	64 	68
f 66 	68 	64
f 68 	70 	71
f 74 	68 	71
f 70 	77 	71
f 74 	323 	68
f 122 	84 	77
f 70 	68 	66
f 323 	65 	68
f 28 	91 	92
f 1879 	91 	28
f 91 	1880 	94
f 1880 	1882 	94
f 70 	102 	77
f 77 	81 	122
f 71 	77 	84
f 101 	81 	102
f 77 	102 	81
f 171 	101 	106
f 125 	126 	127
f 127 	122 	125
f 125 	130 	126
f 125 	132 	130
f 860 	859 	145
f 8 	23 	145
f 23 	1082 	145
f 126 	593 	127
f 145 	859 	867
f 127 	593 	84
f 145 	867 	8
f 122 	123 	125
f 123 	132 	125
f 81 	123 	122
f 7 	5 	150
f 4 	150 	5
f 84 	122 	127
f 130 	153 	152
f 132 	153 	130
f 155 	156 	157
f 153 	157 	152
f 159 	158 	197
f 161 	160 	268
f 621 	161 	268
f 153 	132 	155
f 152 	157 	161
f 165 	1018 	163
f 157 	160 	161
f 155 	157 	153
f 106 	173 	171
f 171 	81 	101
f 171 	123 	81
f 173 	299 	286
f 175 	173 	286
f 171 	173 	175
f 123 	171 	175
f 186 	187 	188
f 202 	187 	186
f 165 	193 	189
f 165 	163 	193
f 189 	193 	188
f 193 	186 	188
f 188 	196 	189
f 197 	188 	187
f 159 	197 	187
f 197 	216 	188
f 181 	373 	297
f 202 	164 	230
f 186 	193 	202
f 159 	187 	202
f 193 	163 	164
f 97 	212 	98
f 202 	193 	164
f 203 	217 	158
f 203 	219 	217
f 207 	196 	208
f 158 	217 	197
f 94 	215 	218
f 217 	216 	197
f 216 	196 	188
f 217 	219 	216
f 219 	208 	196
f 94 	218 	91
f 219 	196 	216
f 219 	207 	208
f 238 	245 	220
f 165 	189 	166
f 189 	196 	169
f 196 	207 	1046
f 169 	166 	189
f 218 	1654 	214
f 92 	214 	211
f 196 	1046 	169
f 207 	1052 	1054
f 229 	158 	159
f 220 	94 	238
f 230 	229 	159
f 159 	202 	230
f 229 	203 	158
f 210 	212 	1643
f 164 	177 	230
f 230 	177 	237
f 177 	179 	237
f 215 	94 	220
f 229 	234 	203
f 203 	234 	236
f 210 	98 	212
f 230 	237 	229
f 245 	1655 	220
f 237 	234 	229
f 250 	236 	234
f 234 	237 	252
f 252 	250 	234
f 1937 	242 	238
f 1937 	1910 	242
f 236 	207 	219
f 236 	244 	207
f 238 	248 	245
f 244 	236 	250
f 219 	203 	236
f 248 	249 	245
f 179 	252 	237
f 248 	251 	249
f 179 	255 	252
f 255 	257 	250
f 255 	250 	252
f 260 	253 	259
f 251 	256 	258
f 244 	250 	257
f 263 	253 	262
f 261 	253 	260
f 262 	253 	261
f 264 	253 	263
f 251 	248 	256
f 179 	270 	255
f 265 	253 	264
f 266 	253 	265
f 254 	259 	253
f 223 	253 	266
f 222 	226 	253
f 225 	227 	253
f 253 	223 	222
f 257 	255 	272
f 248 	238 	242
f 225 	253 	226
f 227 	233 	253
f 233 	232 	253
f 232 	235 	253
f 235 	240 	253
f 240 	241 	253
f 247 	253 	241
f 253 	247 	246
f 270 	1091 	273
f 255 	270 	273
f 273 	272 	255
f 279 	267 	268
f 271 	244 	257
f 271 	257 	272
f 269 	270 	179
f 269 	179 	177
f 160 	157 	278
f 160 	279 	268
f 267 	279 	277
f 278 	279 	160
f 131 	11 	623
f 149 	131 	623
f 277 	279 	731
f 278 	157 	156
f 282 	280 	281
f 275 	283 	281
f 284 	283 	275
f 281 	1015 	275
f 276 	284 	275
f 276 	285 	284
f 734 	782 	181
f 155 	132 	286
f 175 	132 	123
f 175 	286 	132
f 289 	288 	287
f 282 	281 	283
f 287 	290 	289
f 287 	173 	106
f 299 	173 	287
f 282 	298 	280
f 282 	361 	298
f 297 	299 	288
f 287 	288 	299
f 297 	373 	573
f 573 	299 	297
f 354 	301 	176
f 4 	2 	131
f 149 	4 	131
f 305 	306 	304
f 307 	306 	305
f 307 	308 	306
f 11 	327 	309
f 327 	11 	131
f 308 	307 	316
f 316 	311 	308
f 64 	65 	312
f 65 	313 	312
f 313 	314 	315
f 314 	65 	323
f 65 	314 	313
f 311 	316 	319
f 1126 	1096 	315
f 1065 	311 	319
f 315 	1096 	320
f 371 	497 	319
f 326 	323 	325
f 327 	326 	309
f 274 	324 	550
f 326 	325 	329
f 550 	324 	322
f 329 	309 	326
f 328 	499 	496
f 329 	325 	332
f 84 	593 	333
f 71 	333 	74
f 331 	328 	496
f 74 	333 	325
f 333 	332 	325
f 71 	84 	333
f 314 	323 	326
f 326 	327 	314
f 315 	314 	327
f 1126 	315 	327
f 325 	323 	74
f 1 	639 	343
f 176 	178 	353
f 181 	353 	178
f 353 	354 	176
f 361 	334 	335
f 353 	181 	297
f 288 	289 	354
f 358 	301 	354
f 289 	290 	358
f 335 	359 	361
f 289 	358 	354
f 538 	649 	335
f 335 	649 	359
f 496 	336 	361
f 336 	334 	361
f 361 	370 	496
f 361 	282 	305
f 298 	361 	359
f 658 	334 	336
f 336 	492 	658
f 331 	496 	370
f 731 	732 	277
f 297 	288 	354
f 353 	297 	354
f 564 	378 	358
f 381 	301 	378
f 358 	378 	301
f 1567 	376 	377
f 1567 	521 	376
f 1568 	377 	375
f 385 	375 	377
f 381 	382 	176
f 381 	386 	383
f 385 	1894 	375
f 385 	1906 	1894
f 1906 	385 	395
f 1906 	395 	397
f 695 	694 	251
f 826 	827 	251
f 400 	401 	251
f 674 	406 	251
f 401 	677 	251
f 400 	251 	402
f 402 	251 	403
f 403 	251 	404
f 251 	406 	407
f 407 	697 	251
f 11 	346 	623
f 346 	309 	410
f 412 	346 	410
f 346 	412 	622
f 421 	415 	316
f 319 	316 	371
f 546 	416 	545
f 316 	415 	371
f 370 	304 	331
f 425 	415 	296
f 418 	307 	305
f 418 	421 	307
f 305 	283 	418
f 412 	416 	635
f 284 	418 	283
f 421 	316 	307
f 284 	285 	421
f 421 	418 	284
f 422 	410 	423
f 305 	282 	283
f 423 	424 	422
f 370 	361 	305
f 304 	370 	305
f 415 	421 	285
f 285 	296 	415
f 423 	410 	309
f 371 	415 	425
f 385 	377 	502
f 395 	385 	429
f 422 	424 	601
f 422 	426 	410
f 422 	599 	426
f 410 	426 	412
f 76 	36 	72
f 72 	36 	73
f 80 	36 	78
f 76 	78 	36
f 79 	82 	36
f 80 	79 	36
f 82 	83 	36
f 83 	86 	36
f 86 	87 	36
f 87 	100 	36
f 100 	107 	36
f 1250 	36 	107
f 36 	1250 	1223
f 425 	436 	371
f 492 	509 	768
f 492 	768 	766
f 433 	395 	430
f 433 	384 	397
f 433 	397 	395
f 395 	429 	430
f 496 	499 	509
f 397 	384 	500
f 509 	492 	496
f 429 	502 	428
f 506 	502 	376
f 502 	377 	376
f 385 	502 	429
f 502 	1134 	428
f 336 	496 	492
f 430 	429 	507
f 429 	428 	507
f 559 	430 	507
f 433 	430 	512
f 510 	768 	509
f 512 	430 	544
f 926 	508 	510
f 384 	433 	512
f 384 	512 	1353
f 384 	1353 	1357
f 926 	510 	509
f 497 	371 	436
f 512 	1352 	1353
f 520 	519 	518
f 515 	1088 	1087
f 515 	517 	1088
f 274 	523 	518
f 532 	516 	522
f 274 	550 	523
f 523 	520 	518
f 1087 	522 	516
f 516 	515 	1087
f 553 	520 	523
f 519 	521 	1578
f 529 	515 	531
f 516 	531 	515
f 531 	516 	532
f 517 	515 	529
f 532 	647 	531
f 517 	529 	669
f 647 	298 	359
f 280 	298 	532
f 280 	532 	522
f 298 	647 	532
f 620 	542 	538
f 416 	426 	576
f 412 	426 	416
f 376 	521 	528
f 346 	11 	309
f 430 	559 	544
f 512 	544 	1350
f 546 	545 	554
f 550 	553 	523
f 1149 	549 	553
f 554 	561 	555
f 560 	519 	520
f 520 	549 	560
f 553 	549 	520
f 560 	1163 	506
f 376 	560 	506
f 549 	1163 	560
f 528 	560 	376
f 560 	521 	519
f 545 	561 	554
f 528 	521 	560
f 565 	562 	556
f 507 	1441 	1444
f 559 	507 	1444
f 561 	574 	570
f 571 	555 	561
f 570 	571 	561
f 564 	358 	290
f 557 	565 	556
f 555 	571 	557
f 571 	565 	557
f 570 	565 	571
f 583 	565 	570
f 373 	787 	573
f 562 	565 	583
f 545 	574 	561
f 416 	576 	545
f 576 	575 	574
f 545 	576 	574
f 299 	573 	286
f 575 	576 	605
f 575 	578 	574
f 573 	577 	582
f 575 	579 	578
f 573 	582 	286
f 573 	787 	577
f 574 	578 	570
f 718 	286 	582
f 581 	378 	564
f 945 	378 	581
f 547 	552 	1837
f 551 	1837 	552
f 582 	577 	585
f 583 	579 	580
f 578 	579 	583
f 583 	570 	578
f 567 	566 	1837
f 547 	1837 	548
f 564 	1833 	581
f 1837 	566 	568
f 568 	548 	1837
f 130 	152 	584
f 309 	329 	423
f 424 	329 	332
f 332 	333 	593
f 329 	424 	423
f 424 	332 	601
f 584 	126 	130
f 599 	588 	607
f 1837 	589 	36
f 332 	593 	601
f 599 	422 	601
f 551 	589 	1837
f 601 	126 	599
f 592 	36 	589
f 599 	584 	588
f 593 	126 	601
f 590 	36 	592
f 594 	36 	591
f 126 	584 	599
f 591 	36 	590
f 595 	36 	596
f 594 	596 	36
f 595 	597 	36
f 73 	36 	597
f 588 	618 	607
f 575 	609 	579
f 607 	426 	599
f 607 	576 	426
f 369 	368 	1250
f 367 	1250 	368
f 576 	607 	605
f 607 	618 	605
f 580 	579 	609
f 609 	575 	605
f 580 	609 	610
f 610 	612 	613
f 103 	105 	1250
f 104 	103 	1250
f 107 	104 	1250
f 114 	1250 	109
f 105 	109 	1250
f 124 	1250 	118
f 116 	118 	1250
f 580 	610 	613
f 113 	1250 	114
f 115 	1250 	113
f 612 	610 	609
f 612 	609 	611
f 116 	1250 	115
f 539 	937 	638
f 1448 	1450 	611
f 334 	658 	539
f 539 	658 	662
f 584 	152 	617
f 638 	150 	539
f 584 	617 	588
f 617 	161 	618
f 152 	161 	617
f 617 	618 	588
f 161 	621 	618
f 542 	620 	619
f 611 	609 	621
f 620 	622 	619
f 621 	605 	618
f 621 	609 	605
f 1448 	611 	621
f 538 	149 	623
f 635 	636 	622
f 623 	346 	622
f 620 	623 	622
f 620 	538 	623
f 626 	627 	624
f 626 	890 	627
f 149 	629 	4
f 150 	4 	629
f 629 	335 	539
f 538 	629 	149
f 622 	636 	619
f 869 	25 	9
f 944 	542 	619
f 538 	335 	629
f 622 	412 	635
f 416 	546 	635
f 636 	944 	619
f 636 	635 	546
f 150 	638 	639
f 638 	643 	639
f 639 	1 	150
f 643 	640 	639
f 938 	643 	638
f 539 	150 	629
f 647 	667 	531
f 649 	538 	542
f 359 	649 	650
f 650 	647 	359
f 765 	672 	651
f 658 	492 	766
f 539 	335 	334
f 658 	766 	662
f 651 	759 	661
f 937 	662 	743
f 660 	767 	436
f 660 	436 	661
f 650 	542 	665
f 665 	542 	666
f 650 	649 	542
f 529 	531 	667
f 668 	667 	666
f 668 	529 	667
f 647 	650 	665
f 665 	666 	647
f 647 	666 	667
f 672 	669 	670
f 668 	669 	529
f 669 	668 	670
f 533 	669 	672
f 669 	533 	517
f 670 	671 	672
f 666 	670 	668
f 674 	251 	675
f 675 	251 	677
f 678 	679 	251
f 684 	683 	251
f 681 	945 	581
f 678 	251 	683
f 679 	680 	251
f 1235 	681 	581
f 577 	688 	585
f 691 	687 	251
f 686 	251 	687
f 690 	691 	251
f 684 	251 	686
f 689 	690 	251
f 693 	692 	251
f 689 	251 	692
f 693 	251 	694
f 703 	251 	698
f 251 	703 	254
f 698 	251 	697
f 713 	254 	714
f 699 	586 	688
f 708 	706 	254
f 705 	254 	704
f 713 	712 	254
f 688 	586 	585
f 704 	254 	706
f 708 	254 	709
f 586 	699 	696
f 709 	254 	710
f 710 	254 	711
f 712 	711 	254
f 582 	1237 	951
f 714 	254 	715
f 715 	254 	717
f 701 	719 	254
f 717 	254 	719
f 701 	254 	700
f 724 	722 	254
f 723 	254 	722
f 718 	952 	720
f 724 	254 	726
f 951 	952 	718
f 726 	254 	705
f 723 	728 	254
f 720 	727 	278
f 254 	728 	729
f 727 	279 	278
f 651 	672 	671
f 731 	730 	732
f 672 	765 	533
f 720 	156 	718
f 278 	156 	720
f 727 	731 	279
f 381 	738 	382
f 381 	383 	738
f 744 	254 	740
f 727 	730 	731
f 729 	740 	254
f 254 	744 	745
f 746 	747 	254
f 745 	746 	254
f 137 	1250 	136
f 133 	135 	1250
f 670 	978 	671
f 141 	1250 	140
f 1250 	124 	138
f 138 	136 	1250
f 133 	1250 	134
f 137 	134 	1250
f 140 	1250 	135
f 1250 	141 	330
f 330 	347 	1250
f 345 	340 	1250
f 751 	752 	750
f 660 	752 	751
f 339 	1250 	340
f 339 	342 	1250
f 344 	1250 	342
f 345 	1250 	347
f 651 	749 	758
f 344 	350 	1250
f 366 	365 	1250
f 350 	349 	1250
f 365 	364 	1250
f 751 	767 	660
f 751 	750 	743
f 767 	751 	931
f 651 	758 	759
f 366 	1250 	349
f 362 	1250 	363
f 363 	1250 	364
f 762 	750 	752
f 660 	759 	752
f 759 	758 	749
f 749 	761 	759
f 759 	761 	752
f 660 	661 	759
f 762 	752 	761
f 369 	1250 	362
f 749 	987 	762
f 762 	761 	749
f 439 	1626 	440
f 442 	1626 	443
f 661 	436 	425
f 767 	497 	436
f 444 	1626 	445
f 443 	1626 	444
f 445 	1626 	447
f 425 	765 	651
f 448 	1626 	439
f 449 	1626 	448
f 447 	1626 	449
f 425 	651 	661
f 296 	526 	765
f 459 	458 	1626
f 425 	296 	765
f 458 	456 	1626
f 765 	526 	533
f 768 	769 	766
f 455 	1626 	456
f 459 	1626 	460
f 510 	932 	768
f 460 	1626 	461
f 432 	431 	1250
f 431 	440 	1250
f 463 	462 	1250
f 386 	739 	738
f 741 	738 	739
f 462 	432 	1250
f 464 	463 	1250
f 383 	386 	738
f 772 	773 	774
f 774 	775 	772
f 382 	774 	388
f 1250 	367 	482
f 382 	775 	774
f 775 	382 	738
f 773 	734 	774
f 734 	388 	774
f 480 	478 	1250
f 466 	464 	1250
f 477 	466 	1250
f 478 	477 	1250
f 480 	1250 	482
f 1626 	1250 	440
f 442 	461 	1626
f 778 	739 	386
f 946 	778 	386
f 301 	381 	176
f 718 	155 	286
f 718 	156 	155
f 373 	181 	782
f 176 	382 	388
f 176 	388 	178
f 181 	178 	388
f 181 	388 	734
f 1560 	782 	734
f 747 	748 	254
f 254 	813 	809
f 632 	807 	1077
f 813 	254 	808
f 808 	254 	748
f 810 	811 	254
f 811 	812 	254
f 814 	254 	812
f 809 	810 	254
f 817 	254 	814
f 815 	817 	814
f 819 	254 	818
f 817 	818 	254
f 254 	819 	820
f 820 	821 	254
f 254 	821 	822
f 254 	822 	259
f 695 	251 	824
f 824 	251 	827
f 373 	1201 	787
f 807 	913 	806
f 915 	807 	632
f 390 	1401 	246
f 631 	915 	632
f 392 	1401 	390
f 1070 	20 	630
f 828 	1401 	393
f 845 	838 	258
f 624 	831 	830
f 624 	835 	831
f 835 	832 	831
f 258 	846 	845
f 839 	258 	838
f 854 	853 	258
f 851 	850 	258
f 251 	258 	826
f 850 	826 	258
f 626 	830 	833
f 851 	258 	852
f 626 	624 	830
f 853 	852 	258
f 627 	840 	835
f 624 	627 	835
f 854 	258 	855
f 855 	258 	856
f 858 	258 	839
f 856 	258 	857
f 834 	1629 	836
f 857 	258 	858
f 836 	1629 	837
f 859 	860 	833
f 841 	1629 	842
f 837 	1629 	841
f 842 	1629 	843
f 844 	843 	1626
f 1629 	1626 	843
f 830 	859 	833
f 1082 	860 	145
f 830 	867 	859
f 869 	9 	867
f 867 	830 	869
f 869 	20 	25
f 867 	9 	8
f 831 	869 	830
f 20 	869 	832
f 831 	832 	869
f 832 	895 	630
f 832 	835 	895
f 630 	20 	832
f 860 	890 	833
f 626 	833 	890
f 879 	840 	627
f 890 	879 	627
f 840 	896 	835
f 840 	879 	896
f 896 	895 	835
f 896 	898 	895
f 896 	899 	898
f 879 	899 	896
f 860 	1069 	906
f 1069 	806 	906
f 895 	631 	630
f 879 	913 	899
f 913 	906 	806
f 898 	631 	895
f 915 	913 	807
f 899 	913 	915
f 898 	915 	631
f 898 	899 	915
f 906 	913 	890
f 890 	860 	906
f 913 	879 	890
f 509 	928 	926
f 504 	508 	1071
f 662 	766 	769
f 769 	743 	662
f 769 	768 	932
f 510 	931 	932
f 932 	931 	751
f 769 	932 	743
f 932 	751 	743
f 937 	743 	938
f 539 	662 	937
f 743 	750 	938
f 938 	638 	937
f 497 	767 	504
f 508 	504 	767
f 931 	508 	767
f 508 	931 	510
f 636 	977 	944
f 378 	946 	386
f 945 	946 	378
f 945 	1035 	946
f 947 	742 	699
f 1020 	742 	947
f 1071 	508 	926
f 928 	1073 	926
f 926 	1074 	1071
f 1073 	1074 	926
f 718 	582 	951
f 727 	720 	952
f 847 	844 	1626
f 960 	951 	955
f 951 	960 	952
f 1237 	955 	951
f 848 	847 	1626
f 952 	960 	727
f 699 	742 	696
f 681 	696 	742
f 787 	1190 	688
f 787 	688 	577
f 688 	947 	699
f 944 	666 	542
f 944 	670 	666
f 944 	978 	670
f 977 	982 	944
f 944 	982 	978
f 749 	651 	978
f 749 	978 	985
f 651 	671 	978
f 636 	546 	977
f 863 	861 	258
f 258 	1403 	863
f 846 	258 	861
f 870 	868 	1403
f 977 	546 	554
f 864 	863 	1403
f 982 	985 	978
f 872 	870 	1403
f 988 	985 	982
f 868 	864 	1403
f 986 	762 	987
f 987 	985 	986
f 749 	985 	987
f 985 	988 	986
f 878 	877 	1403
f 875 	874 	1403
f 874 	872 	1403
f 883 	880 	1403
f 878 	1403 	880
f 1001 	982 	977
f 883 	1403 	886
f 888 	1403 	893
f 894 	892 	1403
f 891 	1403 	892
f 894 	1403 	897
f 903 	1403 	904
f 904 	1403 	907
f 912 	1403 	909
f 909 	1403 	910
f 908 	1403 	912
f 910 	1403 	914
f 917 	914 	1403
f 986 	750 	762
f 992 	990 	989
f 989 	750 	992
f 989 	938 	750
f 992 	996 	990
f 988 	982 	996
f 996 	992 	988
f 986 	988 	992
f 989 	994 	643
f 643 	938 	989
f 986 	992 	750
f 1001 	977 	554
f 996 	1001 	1008
f 1001 	1010 	1008
f 1001 	554 	1010
f 996 	982 	1001
f 1004 	557 	1005
f 557 	556 	1005
f 990 	1004 	989
f 1004 	1005 	994
f 1005 	640 	994
f 1004 	994 	989
f 1008 	990 	996
f 1004 	990 	1008
f 557 	1004 	1010
f 1010 	555 	557
f 994 	640 	643
f 555 	1010 	554
f 1004 	1008 	1010
f 276 	1013 	1011
f 275 	1015 	1013
f 275 	1013 	276
f 285 	276 	1011
f 782 	1668 	373
f 888 	887 	1403
f 887 	886 	1403
f 742 	1020 	681
f 920 	1403 	921
f 897 	1403 	920
f 921 	1403 	922
f 922 	1403 	923
f 923 	1403 	905
f 891 	893 	1403
f 905 	1403 	903
f 908 	907 	1403
f 945 	681 	1020
f 1035 	945 	1020
f 378 	386 	381
f 956 	1401 	953
f 956 	963 	1401
f 962 	1401 	963
f 953 	1401 	954
f 1032 	1039 	1037
f 253 	246 	1401
f 1044 	1037 	1039
f 569 	567 	1837
f 960 	730 	727
f 393 	1401 	392
f 957 	1401 	828
f 954 	1401 	957
f 979 	981 	1837
f 980 	979 	1837
f 569 	1837 	981
f 972 	969 	1401
f 1017 	1013 	1015
f 1629 	1038 	1045
f 918 	1403 	919
f 1015 	1018 	1017
f 919 	1403 	901
f 1403 	918 	917
f 1046 	1047 	169
f 942 	902 	1401
f 1403 	1401 	902
f 207 	1054 	1046
f 1023 	1022 	1045
f 1021 	1045 	1022
f 1048 	1015 	281
f 1023 	1045 	1024
f 281 	280 	1048
f 1027 	1025 	1045
f 1025 	1024 	1045
f 1017 	165 	166
f 1017 	1018 	165
f 166 	169 	1047
f 1029 	1045 	1030
f 1027 	1045 	1029
f 1030 	1045 	1031
f 1017 	166 	1047
f 1048 	163 	1018
f 1048 	1018 	1015
f 1047 	1013 	1017
f 1047 	1011 	1013
f 1036 	1034 	1033
f 1052 	207 	244
f 244 	271 	1052
f 1036 	1045 	1038
f 1033 	1045 	1036
f 1038 	1629 	1040
f 1060 	1046 	1054
f 1057 	522 	269
f 177 	1057 	269
f 163 	1048 	1057
f 1048 	280 	1057
f 163 	1057 	164
f 526 	1054 	1052
f 280 	522 	1057
f 1057 	177 	164
f 1047 	1046 	1060
f 1047 	1060 	1011
f 296 	1054 	526
f 1054 	296 	1060
f 285 	1060 	296
f 285 	1011 	1060
f 311 	1065 	308
f 306 	308 	1066
f 306 	1067 	304
f 1066 	1067 	306
f 1066 	308 	1065
f 509 	499 	928
f 1067 	19 	304
f 499 	1070 	928
f 1067 	21 	19
f 1067 	1066 	22
f 3 	22 	1066
f 1067 	22 	21
f 3 	1066 	1065
f 1065 	1082 	3
f 1080 	1069 	860
f 319 	497 	1069
f 328 	1070 	499
f 504 	1071 	1072
f 1074 	1077 	1071
f 1077 	1072 	1071
f 20 	328 	331
f 1078 	630 	631
f 1078 	1074 	1073
f 1073 	1070 	1078
f 331 	304 	19
f 1078 	632 	1077
f 1077 	1074 	1078
f 1077 	806 	1072
f 860 	1082 	1080
f 807 	806 	1077
f 1080 	319 	1069
f 1069 	497 	504
f 631 	632 	1078
f 504 	1072 	1069
f 1070 	630 	1078
f 928 	1070 	1073
f 1069 	1072 	806
f 1080 	1082 	319
f 19 	20 	331
f 1065 	319 	1082
f 328 	20 	1070
f 522 	1087 	269
f 958 	1401 	959
f 961 	1401 	958
f 959 	1401 	962
f 1086 	1106 	1107
f 961 	964 	1401
f 1089 	517 	533
f 965 	1401 	964
f 1052 	1089 	526
f 1106 	1086 	1125
f 1086 	1128 	1125
f 1052 	271 	1089
f 971 	976 	1401
f 533 	526 	1089
f 1087 	270 	269
f 1091 	271 	272
f 272 	273 	1091
f 968 	970 	1401
f 970 	971 	1401
f 1091 	1087 	1088
f 976 	973 	1401
f 1087 	1091 	270
f 969 	968 	1401
f 1089 	271 	1091
f 973 	974 	1401
f 1092 	1094 	1093
f 517 	1089 	1091
f 943 	942 	1401
f 1 	1095 	150
f 1088 	517 	1091
f 974 	943 	1401
f 902 	901 	1403
f 972 	1401 	965
f 1099 	1097 	1100
f 1084 	1095 	1098
f 1101 	1128 	1086
f 1084 	7 	1095
f 1319 	1309 	1090
f 7 	150 	1095
f 1102 	1099 	1100
f 1103 	1104 	1099
f 1101 	1084 	1127
f 1119 	1084 	1101
f 1090 	1092 	1093
f 1102 	1103 	1099
f 1110 	1104 	1103
f 1110 	1103 	1111
f 1116 	1113 	320
f 320 	1113 	1109
f 320 	1096 	1116
f 1106 	1109 	1113
f 1122 	320 	1109
f 1115 	1104 	1110
f 1106 	1113 	1107
f 1114 	1113 	1101
f 1101 	1086 	1114
f 1115 	1202 	1104
f 1116 	1096 	1119
f 1198 	1202 	1115
f 1107 	1114 	1086
f 1098 	1095 	1092
f 1094 	1095 	1
f 1101 	1113 	1116
f 1094 	1092 	1095
f 1119 	1101 	1116
f 1113 	1114 	1107
f 1135 	1117 	1133
f 1118 	1119 	1096
f 1126 	1118 	1096
f 1106 	1121 	1109
f 1118 	1126 	131
f 1118 	131 	2
f 1122 	315 	320
f 1109 	1121 	1122
f 1121 	1106 	1125
f 327 	131 	1126
f 1118 	5 	1119
f 1128 	1101 	1127
f 2 	5 	1118
f 1084 	1119 	5
f 5 	7 	1084
f 1129 	960 	975
f 960 	1129 	730
f 1130 	1176 	1148
f 730 	1130 	732
f 1133 	1140 	1122
f 1130 	733 	732
f 1133 	1122 	1121
f 730 	1129 	1130
f 960 	955 	975
f 975 	1264 	1129
f 1148 	733 	1130
f 506 	1134 	502
f 1125 	1135 	1121
f 1121 	1135 	1133
f 313 	315 	1140
f 1122 	1140 	315
f 1159 	1138 	1139
f 1117 	1140 	1133
f 506 	1136 	1134
f 1128 	1127 	1143
f 506 	1139 	1136
f 1128 	1143 	1135
f 1143 	1154 	1145
f 1143 	1145 	1135
f 1145 	1117 	1135
f 507 	428 	1134
f 1135 	1125 	1128
f 1160 	549 	1149
f 1127 	1150 	1154
f 322 	733 	1148
f 1154 	1143 	1127
f 550 	1151 	553
f 1084 	1150 	1127
f 1151 	1149 	553
f 1084 	1098 	1150
f 1151 	1153 	1149
f 1151 	322 	1146
f 1146 	1153 	1151
f 550 	322 	1151
f 1156 	1150 	1098
f 1156 	1154 	1150
f 322 	1148 	1146
f 1140 	1158 	1167
f 1160 	1161 	1159
f 549 	1160 	1163
f 1158 	1164 	1167
f 1139 	1163 	1160
f 1160 	1159 	1139
f 1158 	1140 	1117
f 1139 	506 	1163
f 1167 	1164 	312
f 1167 	313 	1140
f 312 	313 	1167
f 1161 	1149 	1153
f 1161 	1160 	1149
f 1171 	1146 	1170
f 1159 	1173 	1138
f 1175 	1171 	1331
f 1161 	1153 	1175
f 1171 	1153 	1146
f 1176 	1170 	1148
f 1333 	1170 	1176
f 1175 	1173 	1161
f 1173 	1159 	1161
f 1146 	1148 	1170
f 1171 	1175 	1153
f 277 	1179 	267
f 1179 	732 	733
f 1182 	1179 	322
f 1185 	1179 	1182
f 733 	322 	1179
f 1182 	1183 	1185
f 322 	324 	1182
f 1180 	1183 	1582
f 324 	1184 	1183
f 1183 	1182 	324
f 267 	1185 	1180
f 1185 	1183 	1180
f 1400 	1453 	1115
f 1039 	1190 	1044
f 1039 	1035 	1190
f 1190 	1035 	1020
f 1192 	1193 	1194
f 1194 	1198 	1212
f 1190 	1020 	947
f 1032 	1598 	778
f 1197 	1035 	1039
f 1032 	946 	1197
f 1197 	946 	1035
f 1032 	778 	946
f 1194 	1193 	1097
f 1099 	1194 	1097
f 1039 	1032 	1197
f 1202 	1198 	1194
f 787 	1201 	1044
f 1202 	1099 	1104
f 373 	1668 	1201
f 1190 	787 	1044
f 1723 	1037 	1201
f 1201 	1037 	1044
f 1194 	1099 	1202
f 1204 	1192 	1203
f 1190 	947 	688
f 1203 	1209 	1208
f 1208 	1206 	1203
f 1192 	1204 	1193
f 1933 	1203 	1206
f 1208 	1518 	1514
f 1540 	1359 	1205
f 1209 	1192 	1194
f 1198 	1211 	1212
f 1194 	1212 	1209
f 1213 	1208 	1209
f 1213 	1209 	1212
f 1213 	1212 	1211
f 1209 	1203 	1192
f 1204 	1203 	1933
f 1211 	1198 	1460
f 581 	1833 	1222
f 1224 	1226 	1222
f 1227 	1226 	1224
f 1236 	1227 	1224
f 1219 	1241 	1239
f 1241 	1219 	1221
f 581 	1222 	1235
f 1235 	1222 	1226
f 1231 	1217 	1230
f 1233 	1232 	1230
f 1232 	1234 	1230
f 1230 	1234 	1231
f 1217 	1233 	1230
f 1232 	1233 	1238
f 1233 	1239 	1238
f 1233 	1219 	1239
f 586 	696 	1240
f 1217 	1219 	1233
f 1239 	1241 	1238
f 1240 	1226 	1227
f 1238 	1243 	1232
f 1243 	1244 	1234
f 1240 	1235 	1226
f 1240 	681 	1235
f 1240 	696 	681
f 1246 	1237 	582
f 1246 	1236 	1237
f 585 	586 	1246
f 1243 	1234 	1232
f 586 	1240 	1246
f 1246 	582 	585
f 1227 	1236 	1246
f 1240 	1227 	1246
f 1241 	1247 	1243
f 1241 	1243 	1238
f 1237 	1236 	1248
f 1247 	1244 	1243
f 1258 	1248 	1236
f 1223 	1250 	1224
f 1250 	1236 	1224
f 1251 	1216 	1253
f 1255 	1262 	1248
f 1262 	1255 	1256
f 1257 	1216 	1251
f 1258 	1255 	1248
f 1257 	1217 	1216
f 1257 	1261 	1217
f 1254 	1365 	1256
f 1255 	1254 	1256
f 1251 	1260 	1257
f 1250 	1258 	1236
f 1258 	1254 	1255
f 1261 	1219 	1217
f 1261 	1221 	1219
f 1261 	1257 	1260
f 1250 	1626 	1258
f 1248 	1262 	955
f 955 	1237 	1248
f 975 	955 	1262
f 1262 	1351 	1264
f 1040 	1629 	1041
f 1042 	1041 	1629
f 1265 	1129 	1264
f 1251 	1205 	1260
f 1043 	1629 	834
f 1265 	1130 	1129
f 1205 	1359 	1260
f 1264 	975 	1262
f 1361 	1251 	1253
f 1042 	1629 	1043
f 1031 	1045 	1033
f 1253 	1279 	1267
f 1253 	1267 	1361
f 1337 	1274 	1138
f 1217 	1231 	1253
f 1456 	1273 	1270
f 1274 	1356 	1273
f 1253 	1216 	1217
f 1253 	1231 	1279
f 1158 	1174 	1172
f 1812 	1164 	1172
f 1174 	1158 	1117
f 1117 	1145 	1174
f 1290 	1174 	1145
f 1172 	1174 	1290
f 1172 	1290 	1169
f 1164 	1158 	1172
f 1290 	1300 	1169
f 1169 	1815 	1813
f 1297 	1145 	1154
f 1297 	1290 	1145
f 1297 	1300 	1290
f 1300 	1820 	1169
f 1297 	1302 	1300
f 1877 	1852 	1300
f 1154 	1302 	1297
f 1156 	1302 	1154
f 1231 	1234 	1279
f 1852 	1820 	1300
f 1306 	1234 	1244
f 1279 	1234 	1306
f 1090 	1309 	1308
f 1308 	1092 	1090
f 1488 	1489 	1312
f 1221 	1488 	1241
f 1156 	1092 	1308
f 1156 	1098 	1092
f 1306 	1244 	1321
f 1319 	1090 	1398
f 1376 	1309 	1319
f 1321 	1324 	1306
f 1321 	1244 	1247
f 1877 	1302 	1325
f 1247 	1241 	1312
f 1302 	1326 	1325
f 1321 	1247 	1312
f 1326 	1156 	1308
f 1312 	1328 	1321
f 1267 	1279 	1249
f 1328 	1324 	1321
f 1331 	1335 	1333
f 1279 	1306 	1349
f 1337 	1138 	1173
f 1348 	1279 	1349
f 1349 	1306 	1324
f 1170 	1335 	1171
f 1335 	1331 	1171
f 1356 	1175 	1331
f 1337 	1173 	1175
f 1348 	1249 	1279
f 1274 	1337 	1356
f 1176 	1342 	1333
f 1179 	1185 	267
f 1342 	1130 	1265
f 324 	274 	1184
f 277 	732 	1179
f 1170 	1333 	1335
f 1176 	1130 	1342
f 1350 	1352 	512
f 1356 	1270 	1273
f 1374 	1356 	1355
f 1358 	1205 	1251
f 1374 	1270 	1356
f 1356 	1331 	1355
f 1356 	1337 	1175
f 1366 	1260 	1359
f 1354 	1265 	1360
f 1358 	1251 	1361
f 1342 	1354 	1333
f 1265 	1264 	1360
f 1350 	1410 	1352
f 1354 	1355 	1333
f 1355 	1331 	1333
f 1407 	1479 	500
f 1205 	1358 	1540
f 1264 	1351 	1360
f 1342 	1265 	1354
f 1351 	1262 	1256
f 1364 	1365 	1254
f 1488 	1221 	1366
f 1367 	1365 	1364
f 1366 	1261 	1260
f 1369 	1370 	1371
f 1366 	1221 	1261
f 1362 	1366 	1359
f 1369 	1351 	1256
f 1360 	1351 	1369
f 1370 	1368 	1371
f 1365 	1367 	1370
f 1370 	1367 	1368
f 1370 	1369 	1365
f 1365 	1369 	1256
f 1325 	1326 	1372
f 1309 	1326 	1308
f 1326 	1309 	1372
f 1379 	1374 	1355
f 1372 	1309 	1376
f 1377 	1374 	1379
f 1376 	1375 	1372
f 1381 	1360 	1369
f 1382 	1381 	1395
f 1375 	1378 	1895
f 1379 	1381 	1382
f 1369 	1371 	1381
f 1375 	1376 	1378
f 1371 	1395 	1381
f 1302 	1156 	1326
f 640 	1385 	639
f 640 	1384 	1385
f 1374 	1377 	1467
f 1385 	1384 	1387
f 1384 	640 	1388
f 1382 	1377 	1379
f 1388 	640 	1005
f 1387 	1384 	1388
f 1390 	1367 	1364
f 1391 	343 	1385
f 639 	1385 	343
f 1094 	1 	343
f 1368 	1392 	1371
f 1368 	1367 	1390
f 1390 	1389 	1392
f 1368 	1390 	1392
f 1093 	1094 	1391
f 1371 	1392 	1395
f 1094 	343 	1391
f 1385 	1387 	1391
f 1393 	1395 	1392
f 1396 	1382 	1395
f 1395 	1393 	1396
f 1396 	1685 	1484
f 1396 	1484 	1382
f 1484 	1377 	1382
f 1379 	1354 	1381
f 1397 	1459 	1431
f 1354 	1379 	1355
f 1397 	1399 	1388
f 1354 	1360 	1381
f 1090 	1093 	1391
f 1391 	1402 	1090
f 1391 	1387 	1402
f 1404 	1401 	1403
f 1404 	1400 	1401
f 1398 	1090 	1402
f 1405 	1404 	1403
f 1406 	1398 	1402
f 500 	384 	1407
f 1406 	1402 	1399
f 1357 	1407 	384
f 1353 	1408 	1357
f 1352 	1408 	1353
f 1406 	1399 	1397
f 1402 	1387 	1399
f 1431 	1406 	1397
f 1387 	1388 	1399
f 1352 	1410 	1408
f 1397 	1413 	1411
f 1412 	1410 	1350
f 1414 	1411 	1413
f 251 	680 	405
f 405 	404 	251
f 700 	254 	703
f 1397 	1411 	1415
f 1350 	544 	1412
f 556 	1414 	1005
f 1410 	1409 	1408
f 1414 	1388 	1005
f 1111 	1103 	1948
f 556 	562 	1414
f 254 	1111 	1948
f 559 	1427 	544
f 1414 	1413 	1388
f 1397 	1388 	1413
f 562 	1420 	1414
f 1416 	1409 	1588
f 1409 	1416 	1408
f 1412 	1417 	1410
f 1420 	1415 	1411
f 1420 	1418 	1415
f 1417 	1586 	1410
f 1419 	1417 	1412
f 1412 	544 	1419
f 1586 	1409 	1410
f 1588 	1409 	1587
f 1414 	1420 	1411
f 613 	1423 	580
f 1422 	580 	1423
f 583 	580 	1422
f 562 	583 	1422
f 562 	1422 	1420
f 1422 	1423 	1420
f 1397 	1457 	1459
f 1427 	1558 	544
f 1416 	1424 	1462
f 1406 	1570 	1398
f 1445 	1462 	1437
f 1431 	1570 	1406
f 1569 	1568 	1431
f 1458 	1418 	1442
f 1420 	1423 	1443
f 1408 	1416 	1445
f 1458 	1415 	1418
f 1408 	1445 	1357
f 1420 	1443 	1418
f 1443 	1442 	1418
f 1437 	1357 	1445
f 1407 	1357 	1437
f 611 	1450 	612
f 1437 	1530 	1407
f 1444 	1441 	1464
f 1450 	1448 	1449
f 1404 	1405 	1451
f 1442 	1452 	1449
f 1442 	1500 	1508
f 1452 	1443 	1423
f 612 	1450 	1452
f 1452 	1450 	1449
f 1461 	1115 	1453
f 1404 	1453 	1400
f 1452 	1423 	613
f 1453 	1451 	1454
f 1404 	1451 	1453
f 1443 	1452 	1442
f 1451 	1274 	1454
f 1273 	1456 	1454
f 1453 	1468 	1461
f 1452 	613 	612
f 1454 	1274 	1273
f 1415 	1457 	1397
f 1458 	1457 	1415
f 1456 	1270 	1374
f 1458 	1442 	1504
f 1456 	1374 	1467
f 1211 	1460 	1472
f 1115 	1460 	1198
f 1454 	1468 	1453
f 1454 	1456 	1468
f 1445 	1416 	1462
f 559 	1444 	1463
f 1464 	1441 	1447
f 1444 	1464 	1463
f 1115 	1461 	1460
f 1470 	1466 	1465
f 1461 	1468 	1469
f 1464 	1470 	1465
f 1447 	1470 	1464
f 1456 	1467 	1471
f 1470 	1436 	1437
f 1468 	1456 	1471
f 1468 	1471 	1469
f 1470 	1437 	1462
f 1507 	1469 	1471
f 1465 	1466 	1463
f 1473 	1213 	1211
f 1211 	1472 	1473
f 1466 	1474 	1463
f 1460 	1461 	1475
f 1779 	1470 	1462
f 1465 	1463 	1464
f 1460 	1475 	1472
f 1469 	1475 	1461
f 559 	1463 	1474
f 1475 	1469 	1507
f 1447 	1436 	1470
f 1475 	1507 	1476
f 242 	1479 	248
f 1479 	1480 	248
f 256 	248 	1480
f 1472 	1475 	1476
f 1477 	1472 	1476
f 256 	1483 	258
f 1480 	1483 	256
f 1530 	1480 	1479
f 1539 	258 	1483
f 1459 	1487 	1431
f 1459 	1457 	1458
f 1488 	1312 	1241
f 1459 	1458 	1505
f 1312 	1489 	1328
f 1458 	1506 	1505
f 1489 	1324 	1328
f 1487 	1459 	1505
f 1488 	1538 	1489
f 1504 	1506 	1458
f 1442 	1508 	1504
f 1348 	1734 	1249
f 1492 	1493 	1580
f 621 	1499 	1448
f 267 	1180 	1493
f 1492 	1449 	1448
f 621 	268 	1499
f 1500 	1442 	1449
f 1691 	1485 	1484
f 1499 	1493 	1492
f 1493 	268 	267
f 1499 	268 	1493
f 1499 	1492 	1448
f 1500 	1449 	1492
f 1484 	1485 	1502
f 1485 	1503 	1502
f 1377 	1484 	1502
f 1502 	1503 	1507
f 1576 	1487 	1505
f 1502 	1507 	1377
f 1507 	1503 	1476
f 1504 	1508 	1506
f 1508 	1184 	274
f 1476 	1503 	1477
f 274 	518 	1508
f 1377 	1507 	1467
f 1507 	1471 	1467
f 518 	1506 	1508
f 1479 	1407 	1530
f 1522 	1511 	1509
f 1522 	1524 	1511
f 1525 	1511 	1524
f 1483 	1480 	1512
f 1206 	1208 	1514
f 1515 	1514 	1516
f 1514 	1518 	1516
f 1206 	1514 	1515
f 1933 	1206 	1515
f 1510 	1515 	1520
f 1515 	1516 	1520
f 1516 	1574 	1520
f 1516 	1591 	1574
f 1213 	1473 	1557
f 1208 	1213 	1557
f 1208 	1557 	1518
f 1512 	1517 	1483
f 1571 	1522 	1510
f 1510 	1522 	1509
f 1575 	1524 	1522
f 1571 	1575 	1522
f 1527 	1525 	1524
f 1524 	1579 	1527
f 1526 	1517 	1529
f 1528 	1393 	1392
f 1392 	1389 	1528
f 1389 	1525 	1528
f 1393 	1532 	1396
f 1437 	1544 	1530
f 1685 	1396 	1532
f 1530 	1512 	1480
f 1528 	1532 	1393
f 1530 	1529 	1512
f 1512 	1529 	1517
f 1496 	1498 	1494
f 1494 	1534 	1491
f 1537 	1534 	1494
f 1533 	1526 	1529
f 1533 	1529 	1530
f 1498 	1537 	1494
f 1491 	1534 	1806
f 1489 	1538 	1495
f 1495 	1324 	1489
f 1134 	1535 	1550
f 1495 	1538 	1536
f 1495 	1496 	1349
f 1495 	1349 	1324
f 1523 	1134 	1136
f 1136 	1139 	1526
f 1536 	1498 	1496
f 1537 	1498 	1536
f 1523 	1136 	1526
f 1536 	1496 	1495
f 1535 	1134 	1523
f 1533 	1548 	1535
f 1538 	1537 	1536
f 1533 	1535 	1526
f 1535 	1523 	1526
f 1517 	1539 	1483
f 1734 	1348 	1494
f 1494 	1348 	1349
f 1349 	1496 	1494
f 1517 	1526 	1539
f 1403 	258 	1539
f 1358 	772 	1540
f 772 	775 	1540
f 738 	741 	1540
f 1539 	1526 	1541
f 1541 	1405 	1539
f 1542 	1274 	1451
f 775 	738 	1540
f 741 	1359 	1540
f 1542 	1138 	1274
f 1358 	1361 	772
f 1526 	1139 	1541
f 772 	1361 	773
f 1541 	1138 	1542
f 1359 	741 	1362
f 1139 	1138 	1541
f 741 	739 	1543
f 877 	875 	1403
f 1542 	1451 	1405
f 1405 	1541 	1542
f 1362 	741 	1543
f 1405 	1403 	1539
f 1437 	1436 	1544
f 1436 	1551 	1544
f 1535 	1548 	1550
f 1547 	1605 	1560
f 1551 	1550 	1548
f 1550 	1551 	1441
f 1528 	1525 	1527
f 1544 	1533 	1530
f 1551 	1447 	1441
f 1441 	507 	1550
f 1525 	1389 	1511
f 1548 	1533 	1544
f 1551 	1548 	1544
f 1436 	1447 	1551
f 1134 	1550 	507
f 1472 	1559 	1473
f 1361 	1547 	773
f 1419 	544 	1558
f 1849 	1281 	1280
f 1280 	1282 	1849
f 1284 	1283 	1849
f 1283 	1285 	1849
f 1557 	1561 	1637
f 1564 	1565 	1378
f 1287 	1849 	1282
f 1319 	1398 	1564
f 1378 	1376 	1564
f 1285 	1286 	1849
f 1557 	1637 	1642
f 377 	1568 	1567
f 1288 	1849 	1286
f 1557 	1473 	1561
f 1284 	1849 	1287
f 1473 	1559 	1561
f 1568 	1569 	1567
f 1561 	1559 	1562
f 1503 	1693 	1477
f 1294 	1293 	1849
f 1569 	1576 	1567
f 1477 	1693 	1562
f 1487 	1576 	1569
f 1559 	1477 	1562
f 1398 	1570 	1564
f 1559 	1472 	1477
f 1571 	1510 	1520
f 375 	1565 	1568
f 1571 	1520 	1573
f 1520 	1574 	1573
f 1569 	1431 	1487
f 1431 	1568 	1570
f 1293 	1296 	1849
f 1299 	1298 	1849
f 1565 	1570 	1568
f 1305 	1849 	1296
f 1565 	1564 	1570
f 1524 	1575 	1579
f 1281 	1849 	1303
f 1376 	1319 	1564
f 1571 	1573 	1575
f 1303 	1849 	1304
f 1305 	1304 	1849
f 521 	1576 	1578
f 518 	1578 	1506
f 518 	519 	1578
f 1298 	1294 	1849
f 1573 	1574 	1577
f 1299 	1849 	1307
f 521 	1567 	1576
f 1505 	1578 	1576
f 1307 	1849 	1310
f 1311 	1310 	1849
f 1505 	1506 	1578
f 1313 	1849 	1314
f 1313 	1311 	1849
f 1316 	1315 	1849
f 1579 	1581 	1527
f 1580 	1493 	1180
f 1184 	1582 	1183
f 1315 	1314 	1849
f 1508 	1500 	1184
f 1180 	1582 	1580
f 1492 	1580 	1500
f 1583 	1579 	1575
f 1327 	1316 	1849
f 1184 	1500 	1582
f 1580 	1582 	1500
f 1573 	1583 	1575
f 1417 	1594 	1584
f 1577 	1713 	1573
f 1577 	1595 	1713
f 1594 	1417 	1419
f 1573 	1713 	1583
f 1587 	1409 	1586
f 1581 	1579 	1701
f 1330 	1332 	1849
f 1330 	1849 	1329
f 1327 	1849 	1332
f 1338 	1849 	1336
f 1334 	1849 	1338
f 1329 	1849 	1334
f 1344 	1343 	1849
f 1586 	1417 	1584
f 1588 	1424 	1416
f 1341 	1849 	1340
f 1339 	1849 	1341
f 1336 	1849 	1339
f 1588 	1587 	1424
f 1340 	1849 	1343
f 1045 	1438 	1849
f 1518 	1591 	1516
f 1557 	1591 	1518
f 1428 	1426 	1849
f 1425 	1345 	1849
f 1590 	1646 	1604
f 1591 	1593 	1574
f 1574 	1593 	1577
f 1344 	1849 	1345
f 1593 	1595 	1577
f 1428 	1849 	1429
f 1595 	1637 	1596
f 1429 	1849 	1430
f 1594 	1419 	1558
f 778 	1598 	1543
f 1435 	1849 	1433
f 1602 	1598 	1633
f 1584 	1599 	1586
f 1425 	1849 	1426
f 1584 	1594 	1599
f 1594 	1618 	1599
f 1432 	1849 	1435
f 1430 	1849 	1432
f 1622 	1424 	1587
f 1434 	1849 	1438
f 1438 	1045 	1439
f 773 	1547 	1560
f 1622 	1587 	1600
f 1433 	1849 	1434
f 1560 	734 	773
f 778 	1543 	739
f 1590 	1603 	1599
f 1602 	1543 	1598
f 1590 	1599 	1618
f 1545 	1440 	1045
f 1439 	1045 	1440
f 1362 	1543 	1602
f 1602 	1366 	1362
f 1545 	1045 	1546
f 1599 	1603 	1586
f 1549 	1546 	1045
f 1552 	1549 	1045
f 1680 	1604 	1646
f 1554 	1045 	1555
f 1249 	1605 	1547
f 1552 	1045 	1553
f 1605 	1734 	1742
f 1267 	1547 	1361
f 1267 	1249 	1547
f 1045 	1556 	1555
f 1664 	1558 	1427
f 1554 	1553 	1045
f 1045 	1021 	1556
f 1668 	1560 	1609
f 1611 	1610 	1612
f 1266 	1269 	1849
f 1268 	1266 	1849
f 1269 	1271 	1849
f 1275 	1837 	1271
f 1603 	1590 	1604
f 1615 	1614 	1617
f 1603 	1587 	1586
f 1272 	1268 	1849
f 1558 	1770 	1618
f 1615 	1620 	1614
f 1618 	1594 	1558
f 1609 	1614 	1621
f 1620 	1621 	1614
f 1621 	1675 	1609
f 1603 	1604 	1600
f 1615 	1613 	1620
f 1620 	1623 	1621
f 1849 	1276 	1272
f 1613 	1623 	1620
f 1288 	1277 	1849
f 1600 	1587 	1603
f 1277 	1276 	1849
f 1642 	1637 	1595
f 1600 	1604 	1622
f 1593 	1642 	1595
f 1289 	1837 	1275
f 1849 	1271 	1837
f 1837 	1289 	980
f 1364 	1254 	1626
f 1254 	1258 	1626
f 1780 	1625 	1629
f 1617 	1614 	1609
f 1609 	1658 	1617
f 455 	849 	1626
f 849 	848 	1626
f 1629 	1625 	1632
f 1633 	1598 	1613
f 1625 	1626 	1632
f 1622 	1628 	1606
f 1629 	1632 	1626
f 1616 	1612 	1610
f 38 	1770 	1558
f 1622 	1606 	1424
f 1557 	1642 	1591
f 1640 	1641 	1590
f 212 	1644 	1643
f 1645 	1634 	1635
f 1639 	210 	1643
f 1645 	1651 	1634
f 1640 	1710 	1641
f 1710 	1707 	1641
f 1618 	1640 	1590
f 212 	211 	1644
f 1649 	1647 	1633
f 1802 	1647 	1635
f 1651 	1658 	1634
f 1652 	214 	1654
f 1777 	1616 	559
f 1647 	1645 	1635
f 1636 	1779 	1462
f 1633 	1653 	1649
f 1673 	214 	1652
f 1424 	1636 	1462
f 1649 	1645 	1647
f 1649 	1651 	1645
f 1649 	1653 	1651
f 220 	1655 	215
f 1424 	1606 	1636
f 1655 	1656 	215
f 1653 	1633 	1613
f 1749 	1602 	1633
f 1427 	559 	1616
f 1612 	1616 	1777
f 1634 	1609 	1560
f 1605 	1634 	1560
f 1635 	1634 	1793
f 1654 	1656 	1652
f 1654 	215 	1656
f 254 	253 	1111
f 218 	215 	1654
f 1947 	254 	1948
f 1628 	1636 	1606
f 1401 	1400 	1659
f 1609 	1634 	1658
f 1643 	1660 	1639
f 1643 	1644 	1660
f 1663 	1662 	1659
f 1817 	1639 	1660
f 1816 	1665 	1666
f 1658 	1651 	1653
f 1617 	1658 	1653
f 1665 	1792 	1796
f 1615 	1653 	1613
f 253 	1661 	1663
f 1653 	1615 	1617
f 1660 	1792 	1665
f 1667 	1662 	1677
f 1817 	1660 	1665
f 1662 	1401 	1659
f 1677 	1661 	1667
f 1401 	1661 	253
f 1816 	1817 	1665
f 1670 	1675 	1621
f 1401 	1662 	1667
f 38 	1558 	1664
f 1621 	1623 	1670
f 1401 	1667 	1661
f 1427 	1758 	1664
f 1613 	1598 	1669
f 1664 	34 	38
f 1669 	1670 	1613
f 1663 	1659 	1111
f 1623 	1613 	1670
f 1659 	1110 	1111
f 214 	1673 	211
f 1400 	1115 	1659
f 1652 	1679 	1673
f 1598 	1720 	1669
f 1110 	1659 	1115
f 1670 	1676 	1675
f 1677 	1662 	1663
f 1677 	1663 	1661
f 1648 	1646 	1590
f 1641 	1648 	1590
f 1673 	1671 	1644
f 1644 	211 	1673
f 1722 	1675 	1676
f 1642 	1593 	1591
f 1660 	1644 	1671
f 1562 	1678 	1561
f 1663 	1111 	253
f 1561 	1678 	1637
f 1711 	1638 	1596
f 1674 	1672 	1664
f 1652 	1656 	1682
f 1674 	1683 	1774
f 1596 	1703 	1711
f 1785 	1664 	1672
f 1683 	1674 	1664
f 1664 	1758 	1683
f 1684 	1685 	1532
f 1686 	1688 	1687
f 1688 	1773 	1692
f 1685 	1691 	1484
f 1485 	1694 	1503
f 1688 	1692 	1687
f 1503 	1694 	1693
f 1672 	1674 	1686
f 1562 	1693 	1695
f 1693 	1694 	1695
f 1674 	1688 	1686
f 1678 	1562 	1695
f 1685 	1684 	1691
f 1691 	1694 	1485
f 1674 	1773 	1688
f 1691 	1690 	1694
f 1684 	1690 	1691
f 1684 	1706 	1690
f 1628 	1692 	1636
f 1581 	1701 	1700
f 1678 	1703 	1637
f 1740 	1680 	1646
f 1703 	1596 	1637
f 1528 	1704 	1532
f 1684 	1532 	1704
f 1528 	1527 	1704
f 1702 	1640 	1618
f 1527 	1700 	1704
f 1705 	1648 	1641
f 1705 	1646 	1648
f 1704 	1706 	1684
f 1706 	1704 	1700
f 1707 	1705 	1641
f 1700 	1701 	1706
f 1705 	1708 	1646
f 1527 	1581 	1700
f 1709 	1690 	1706
f 1702 	1725 	1710
f 1706 	1711 	1709
f 1711 	1703 	1709
f 1701 	1711 	1706
f 1638 	1711 	1701
f 1710 	1640 	1702
f 1646 	1708 	1712
f 1709 	1694 	1690
f 1709 	1695 	1694
f 1709 	1703 	1695
f 1707 	1716 	1717
f 1695 	1703 	1678
f 1717 	1705 	1707
f 1707 	1710 	1716
f 1713 	1714 	1583
f 1714 	1579 	1583
f 1714 	1701 	1579
f 1713 	1595 	1596
f 1713 	1596 	1714
f 1638 	1714 	1596
f 1638 	1701 	1714
f 1676 	1670 	1669
f 1676 	1723 	1722
f 1676 	1669 	1723
f 1668 	1609 	1675
f 782 	1560 	1668
f 1719 	1718 	1717
f 1716 	1719 	1717
f 1598 	1032 	1720
f 1717 	1718 	1705
f 1718 	1708 	1705
f 1720 	1037 	1723
f 1708 	1718 	1726
f 1720 	1723 	1669
f 1722 	1668 	1675
f 1719 	1724 	1718
f 1722 	1201 	1668
f 1716 	1725 	1719
f 1201 	1722 	1723
f 1724 	1726 	1718
f 1037 	1720 	1032
f 1727 	1488 	1366
f 1538 	1488 	1727
f 1602 	1727 	1366
f 1731 	1730 	1724
f 1602 	1749 	1727
f 1719 	1731 	1724
f 1727 	1537 	1538
f 1725 	1731 	1719
f 1710 	1725 	1716
f 1249 	1734 	1605
f 1731 	1752 	1730
f 1736 	1738 	1737
f 1740 	40 	1680
f 1771 	1680 	40
f 1741 	49 	50
f 1739 	1738 	1736
f 1737 	1742 	1807
f 1740 	1646 	1712
f 1738 	1739 	1742
f 1737 	1738 	1742
f 1702 	1741 	1725
f 1807 	1734 	1491
f 1491 	1734 	1494
f 1736 	1808 	1537
f 1746 	1745 	1747
f 1736 	1537 	1727
f 1747 	1741 	1746
f 1741 	50 	1746
f 1745 	1746 	55
f 55 	1750 	1745
f 1751 	1750 	55
f 1752 	1750 	1762
f 1752 	1762 	1730
f 1747 	1752 	1731
f 1747 	1745 	1752
f 1745 	1750 	1752
f 1756 	1757 	1754
f 1751 	55 	42
f 1754 	1758 	1759
f 41 	1751 	42
f 1759 	1756 	1754
f 1610 	1760 	1616
f 1747 	1725 	1741
f 1758 	1616 	1759
f 1697 	1763 	1692
f 1697 	1776 	1763
f 1747 	1731 	1725
f 1757 	1756 	1764
f 1762 	1740 	1712
f 1764 	1763 	1757
f 1762 	1750 	1751
f 1765 	1756 	1759
f 1760 	1765 	1759
f 1766 	1611 	1764
f 41 	40 	1751
f 1636 	1764 	1611
f 40 	1740 	1751
f 1762 	1751 	1740
f 1724 	1767 	1726
f 1767 	1708 	1726
f 1636 	1763 	1764
f 1724 	1730 	1767
f 1765 	1766 	1764
f 1765 	1764 	1756
f 1762 	1767 	1730
f 1767 	1712 	1708
f 1767 	1762 	1712
f 1616 	1760 	1759
f 1611 	1766 	1760
f 1771 	1622 	1604
f 1611 	1760 	1610
f 1771 	1772 	1628
f 1760 	1766 	1765
f 1628 	1622 	1771
f 1758 	1754 	1755
f 1771 	1604 	1680
f 1755 	1683 	1758
f 1754 	1757 	1763
f 41 	1772 	40
f 1754 	1763 	1755
f 41 	43 	1772
f 1758 	1427 	1616
f 1755 	1763 	1776
f 1636 	1692 	1763
f 1770 	1702 	1618
f 1770 	1741 	1702
f 1773 	1697 	1692
f 1771 	40 	1772
f 1776 	1775 	1774
f 1776 	1774 	1683
f 1674 	1774 	1775
f 1679 	1652 	1682
f 1773 	1674 	1775
f 1776 	1773 	1775
f 1755 	1776 	1683
f 1773 	1776 	1697
f 1474 	1777 	559
f 1612 	1779 	1611
f 1779 	1636 	1611
f 1782 	1466 	1779
f 1780 	1784 	1781
f 1784 	1783 	1781
f 1466 	1470 	1779
f 1779 	1612 	1782
f 1777 	1474 	1782
f 1474 	1466 	1782
f 1045 	1784 	1780
f 1777 	1782 	1612
f 1625 	1780 	1781
f 1664 	1785 	34
f 1045 	1778 	1784
f 1787 	1785 	1788
f 1788 	1786 	1787
f 1785 	1787 	34
f 1629 	1045 	1780
f 1727 	1798 	1736
f 1883 	1626 	1625
f 1781 	1883 	1625
f 1791 	1634 	1605
f 1742 	1739 	1791
f 1791 	1739 	1794
f 1739 	1736 	1794
f 1792 	1660 	1671
f 1794 	1795 	1791
f 1798 	1795 	1794
f 1791 	1795 	1797
f 1791 	1793 	1634
f 1791 	1605 	1742
f 1871 	1665 	1796
f 1798 	1794 	1736
f 1801 	1797 	1798
f 1801 	1798 	1749
f 1797 	1795 	1798
f 1791 	1797 	1801
f 1789 	1803 	1785
f 1785 	1803 	1788
f 1635 	1793 	1802
f 1803 	1786 	1788
f 1801 	1802 	1793
f 1801 	1749 	1802
f 1802 	1749 	1647
f 1672 	1686 	1789
f 1791 	1801 	1793
f 1803 	1804 	1786
f 1803 	1789 	1804
f 1727 	1749 	1798
f 1633 	1647 	1749
f 1686 	1804 	1789
f 1805 	1807 	1806
f 1686 	1687 	1804
f 1805 	1737 	1807
f 1808 	1737 	1805
f 1807 	1491 	1806
f 1734 	1807 	1742
f 1789 	1785 	1672
f 1628 	1786 	1804
f 1808 	1805 	1806
f 1692 	1628 	1804
f 1804 	1687 	1692
f 1534 	1537 	1808
f 1808 	1806 	1534
f 1736 	1737 	1808
f 1812 	1811 	1164
f 1811 	312 	1164
f 1810 	1809 	1835
f 1847 	1809 	1814
f 1816 	1814 	1809
f 1847 	1814 	1816
f 1816 	1666 	1847
f 1169 	1813 	1812
f 38 	34 	30
f 1812 	1172 	1169
f 312 	1811 	64
f 30 	58 	38
f 29 	1819 	60
f 1811 	1863 	64
f 33 	1819 	29
f 1799 	1800 	1792
f 33 	62 	1819
f 30 	1821 	31
f 1787 	1786 	1821
f 30 	34 	1821
f 31 	1821 	33
f 1792 	1671 	1799
f 1800 	1840 	1796
f 1821 	1786 	33
f 1800 	1796 	1792
f 1787 	1821 	34
f 1628 	1772 	1786
f 1671 	1673 	1825
f 1772 	33 	1786
f 31 	33 	29
f 33 	1772 	43
f 60 	58 	30
f 1825 	1824 	1799
f 1823 	1830 	1829
f 1823 	1824 	1830
f 1816 	1964 	1817
f 1825 	1799 	1671
f 1816 	1809 	1964
f 1679 	1830 	1825
f 1832 	1833 	1831
f 1679 	1682 	1834
f 1837 	1833 	1832
f 1829 	1830 	1834
f 1834 	1830 	1679
f 1831 	1810 	1832
f 1831 	1965 	1810
f 1832 	1810 	1835
f 1834 	1838 	1829
f 1830 	1824 	1825
f 1833 	1836 	1222
f 1673 	1679 	1825
f 1097 	1193 	1838
f 1833 	1837 	1836
f 1839 	1800 	1799
f 1800 	1839 	1840
f 1799 	1824 	1839
f 1837 	36 	1223
f 1839 	1842 	1840
f 1796 	1840 	1842
f 1837 	1223 	1836
f 1223 	1224 	1836
f 1844 	1839 	1824
f 1836 	1224 	1222
f 1844 	1842 	1839
f 1849 	1837 	1832
f 1844 	1824 	1823
f 1823 	1846 	1844
f 1823 	1829 	1846
f 1778 	1847 	1666
f 1809 	1847 	1835
f 1849 	1832 	1835
f 1850 	1848 	1842
f 1045 	1849 	1778
f 1847 	1778 	1849
f 1850 	1842 	1844
f 1847 	1849 	1835
f 1850 	1844 	1846
f 1846 	1853 	1850
f 1853 	1829 	1838
f 1853 	1846 	1829
f 1853 	1851 	1850
f 1877 	1889 	1852
f 1820 	1862 	1815
f 1838 	1193 	1853
f 1820 	1815 	1169
f 1811 	1812 	1856
f 1857 	1858 	1813
f 1813 	1858 	1812
f 1815 	1862 	1813
f 1851 	1848 	1850
f 1858 	1856 	1812
f 1874 	1867 	1869
f 64 	1863 	1866
f 1778 	1871 	1869
f 1871 	1666 	1665
f 1941 	66 	1866
f 1784 	1869 	1783
f 1862 	1820 	1879
f 1867 	1783 	1869
f 28 	1862 	1879
f 1869 	1784 	1778
f 28 	97 	1862
f 1869 	1873 	1874
f 1941 	70 	66
f 1869 	1871 	1873
f 1953 	1862 	97
f 1778 	1666 	1871
f 1863 	1811 	1856
f 1874 	1915 	1867
f 1880 	1881 	1882
f 1796 	1912 	1871
f 1883 	1364 	1626
f 1880 	1877 	1881
f 1915 	1883 	1867
f 1820 	1852 	1879
f 1783 	1883 	1781
f 1325 	1881 	1877
f 1364 	1883 	1390
f 1783 	1867 	1883
f 1879 	1852 	1889
f 1880 	1889 	1877
f 1889 	91 	1879
f 1193 	1204 	1851
f 1851 	1853 	1193
f 1882 	1881 	1885
f 1877 	1300 	1302
f 1880 	91 	1889
f 1881 	1325 	1891
f 1891 	1325 	1372
f 1372 	1375 	1891
f 1894 	1895 	1896
f 1896 	1378 	1565
f 1565 	375 	1896
f 1899 	1900 	1891
f 1899 	1891 	1375
f 1891 	1900 	1881
f 1900 	1885 	1881
f 1895 	1378 	1896
f 375 	1894 	1896
f 1375 	1895 	1899
f 94 	1905 	238
f 1895 	1907 	1899
f 1894 	1906 	1907
f 1895 	1894 	1907
f 397 	500 	1910
f 500 	1479 	1910
f 399 	1907 	1906
f 1926 	1842 	1848
f 399 	397 	1910
f 1910 	1907 	399
f 1910 	1479 	242
f 1873 	1917 	1874
f 1907 	1937 	1913
f 1913 	1900 	1899
f 1907 	1910 	1937
f 1885 	1900 	1913
f 1871 	1912 	1873
f 1917 	1919 	1874
f 1899 	1907 	1913
f 399 	1906 	397
f 1874 	1919 	1915
f 1905 	1882 	1885
f 1915 	1923 	1883
f 1917 	1938 	1919
f 1390 	1883 	1923
f 1923 	1389 	1390
f 1842 	1912 	1796
f 1925 	1912 	1926
f 1912 	1842 	1926
f 1929 	1925 	1926
f 1929 	1926 	1848
f 1929 	1848 	1931
f 1933 	1929 	1931
f 1851 	1931 	1848
f 1515 	1929 	1933
f 1204 	1933 	1931
f 1851 	1204 	1931
f 1912 	1934 	1873
f 1934 	1917 	1873
f 1912 	1925 	1934
f 1925 	1938 	1934
f 1919 	1936 	1915
f 1919 	1938 	1936
f 1936 	1923 	1915
f 1938 	1511 	1936
f 1389 	1936 	1511
f 1885 	1913 	1905
f 1389 	1923 	1936
f 94 	1882 	1905
f 1905 	1937 	238
f 1913 	1937 	1905
f 1925 	1509 	1938
f 1925 	1929 	1510
f 1510 	1509 	1925
f 1509 	1511 	1938
f 1940 	1939 	1866
f 1866 	1939 	1941
f 1863 	1940 	1866
f 1917 	1934 	1938
f 1929 	1515 	1510
f 1097 	1838 	1834
f 1682 	1097 	1834
f 1100 	1097 	1682
f 1939 	1962 	1941
f 1100 	1656 	1655
f 1682 	1656 	1100
f 1944 	1941 	1962
f 1863 	1856 	1940
f 1100 	1655 	1948
f 1946 	70 	1941
f 1947 	245 	249
f 1947 	1655 	245
f 1948 	1655 	1947
f 1941 	1944 	1946
f 1948 	1102 	1100
f 1862 	1953 	1813
f 249 	251 	254
f 1858 	1954 	1856
f 254 	1947 	249
f 1961 	1940 	1954
f 1948 	1103 	1102
f 1953 	1857 	1813
f 1955 	1953 	98
f 1953 	97 	98
f 1955 	1857 	1953
f 1940 	1856 	1954
f 1954 	1858 	1955
f 1858 	1857 	1955
f 1639 	1959 	210
f 1940 	1961 	1939
f 1961 	1963 	1964
f 1964 	1965 	1961
f 1964 	1809 	1810
f 1964 	1810 	1965
f 1944 	1962 	1967
f 1976 	1944 	1967
f 1967 	1962 	1965
f 1963 	1954 	1955
f 1963 	1961 	1954
f 1959 	1955 	210
f 1959 	1964 	1963
f 1963 	1955 	1959
f 1639 	1817 	1959
f 1955 	98 	210
f 1959 	1817 	1964
f 1962 	1961 	1965
f 1962 	1939 	1961
f 1944 	1976 	1946
f 1965 	1978 	1967
f 1946 	1976 	102
f 102 	70 	1946
f 1831 	1978 	1965
f 1833 	1978 	1831
f 101 	1976 	1981
f 1976 	1967 	1981
f 1978 	1981 	1967
f 1978 	564 	1981
f 1981 	106 	101
f 290 	287 	1981
f 564 	290 	1981
f 1981 	287 	106
f 102 	1976 	101
f 564 	1978 	1833
f 212 	97 	211
f 92 	211 	97
f 92 	218 	214
f 92 	91 	218
f 28 	92 	97
# 2552 faces

 #end of obj_0

