# Object Export From Tinkercad Server 2015

mtllib obj.mtl

o obj_0
v 36.439 		-54.478 		7.629
v 36.409 		-55.221 		6.883
v 36.323 		-54.9 		6.883
v 36.473 		-55.487 		6.821
v 36.532 		-55.65 		6.75
v 36.496 		-55.714 		6.671
v 36.473 		-55.753 		6.587
v 36.465 		-55.766 		6.5
v 36.361 		-55.62 		6.329
v 37.8586 		-19.3466 		4.1772
v 37.858 		-19.3463 		4.3547
v 37.501 		-21.505 		4.126
v 36.3924 		-54.5917 		6.8782
v 36.392 		-54.5901 		6.8776
v 36.302 		-54.517 		6.821
v 36.3852 		-54.5652 		6.8692
v 36.3844 		-54.5625 		6.8681
v 36.3685 		-54.5053 		6.8451
v 36.3519 		-54.4463 		6.821
v 36.246 		-54.638 		6.821
v 36.3908 		-54.5856 		6.8761
v 41.6713 		-14.0823 		1
v 41.6504 		-14.0511 		1
v 41.65 		-14.081 		0.972
v 41.7314 		-14.1726 		1
v 41.0627 		-13.7638 		1
v 42.4902 		-16.0086 		1
v 42.2885 		-15.2854 		1
v 42.251 		-15.989 		0.693
v 42.7647 		-16.9939 		1
v 42.121 		-14.9513 		1
v 41.618 		-15.277 		0.476
v 42.825 		-17.3547 		1
v 42.7959 		-17.1809 		1
v 41.567 		-16.918 		0.169
v 40.965 		-13.7161 		1
v 40.965 		-13.829 		0.895
v 40.3133 		-14.0351 		1
v 40.2806 		-14.0511 		1
v 40.281 		-14.081 		0.972
v 40.1996 		-14.1726 		1
v 41.618 		-26.268 		10.615
v 42.313 		-26.388 		10.422
v 26.965 		-36.9 		8
v 26.965 		-36.9 		5
v 32.875 		-16.561 		1
v 32.965 		-15.492 		1
v 33.237 		-14.422 		1
v 33.645 		-13.464 		1
v 34.234 		-12.619 		1
v 34.914 		-11.887 		1
v 34.914 		-11.887 		5
v 34.234 		-12.619 		5
v 33.645 		-13.464 		5
v 33.237 		-14.422 		5
v 32.965 		-15.492 		5
v 32.875 		-16.561 		5
v 42.061 		-61.398 		6.286
v 41.203 		-29.795 		1.619
v 41.086 		-29.664 		1.579
v 37.554 		-26.037 		8.066
v 37.264 		-26.245 		7.321
v 41.241 		-61.028 		6.879
v 37.086 		-26.564 		6.557
v 37.207 		-28.985 		8.157
v 37.026 		-29.435 		7.434
v 37.026 		-26.984 		5.798
v 41.64 		-61.028 		6.732
v 41.901 		-61.028 		6.532
v 41.764 		-45.353 		12.901
v 41.8364 		-45.2903 		12.8873
v 41.7687 		-45.3336 		12.901
v 42.0053 		-45.1503 		12.855
v 42.0913 		-45.0806 		12.8353
v 42.1216 		-45.0495 		12.8286
v 42.3241 		-44.8417 		12.784
v 41.066 		-61.152 		6.879
v 41.155 		-61.121 		6.879
v 42.894 		-45.447 		12.608
v 41.548 		-61.398 		6.732
v 42.3336 		-44.8321 		12.7815
v 42.5611 		-44.546 		12.7249
v 42.6307 		-44.439 		12.708
v 42.7198 		-44.3021 		12.6865
v 42.986 		-44.439 		12.608
v 41.196 		-62.054 		6.732
v 41.322 		-61.919 		6.732
v 41.441 		-61.698 		6.732
v 42.7711 		-44.2244 		12.6723
v 41.685 		-62.054 		6.532
v 41.804 		-61.579 		6.532
v 41.946 		-62.054 		6.286
v 43.92 		-44.919 		12.129
v 43.966 		-43.4 		12.129
v 41.066 		-62.1 		6.732
v 44.764 		-45.353 		11.479
v 44.822 		-43.4 		11.479
v 41.548 		-62.44 		6.532
v 42.061 		-62.44 		6
v 46.518 		-46.256 		4.277
v 42.191 		-61.698 		6
v 46.083 		-52.017 		7.629
v 42.286 		-61.919 		5.684
v 42.39 		-61.028 		5.684
v 45.629 		-54.343 		6.75
v 45.6144 		-54.3285 		6.75
v 45.608 		-54.3494 		6.7637
v 42.345 		-62.054 		5.347
v 45.685 		-54.296 		6.671
v 42.454 		-61.121 		5.347
v 45.6189 		-54.3151 		6.7365
v 45.6407 		-54.2513 		6.671
v 45.72 		-54.267 		6.587
v 45.6596 		-54.2066 		6.587
v 45.6487 		-54.2326 		6.6355
v 45.6598 		-54.2065 		6.586
v 45.732 		-54.257 		6.5
v 42.365 		-62.1 		5
v 45.6707 		-54.1962 		6.5
v 45.665 		-54.2017 		6.5443
v 45.72 		-54.267 		6.413
v 45.685 		-54.296 		6.329
v 45.6033 		-54.3646 		6.7737
v 45.6006 		-54.374 		6.7791
v 45.5976 		-54.384 		6.7849
v 46.162 		-52.15 		6.5
v 45.6707 		-54.1963 		6.4995
v 45.302 		-55.825 		6.587
v 45.308 		-55.84 		6.5
v 45.139 		-55.885 		6.5
v 45.302 		-55.825 		6.413
v 45.435 		-55.714 		6.329
v 45.399 		-55.65 		6.25
v 45.522 		-55.563 		6.25
v 45.458 		-55.487 		6.179
v 45.287 		-55.783 		6.329
v 45.262 		-55.714 		6.25
v 45.349 		-55.563 		6.179
v 45.492 		-54.478 		7.629
v 45.5386 		-54.5917 		6.8782
v 45.5382 		-54.5925 		6.8785
v 45.5204 		-54.64 		6.8927
v 45.5338 		-54.6039 		6.883
v 45.5343 		-54.6026 		6.8825
v 45.456 		-54.8141 		6.9335
v 45.4563 		-54.8133 		6.9334
v 45.427 		-54.896 		6.9421
v 45.4534 		-54.8215 		6.9343
v 45.4573 		-54.8105 		6.933
v 45.4587 		-54.8066 		6.9322
v 42.475 		-61.152 		5
v 42.345 		-62.054 		4.653
v 42.454 		-61.121 		4.653
v 42.286 		-61.919 		4.316
v 42.39 		-61.028 		4.316
v 40.89 		-61.028 		6.879
v 40.491 		-61.028 		6.732
v 40.23 		-61.028 		6.532
v 40.976 		-61.121 		6.879
v 40.583 		-61.398 		6.732
v 36.3913 		-54.5875 		6.8767
v 40.07 		-61.398 		6.286
v 36.3442 		-54.4205 		6.806
v 36.3334 		-54.384 		6.7848
v 36.215 		-54.467 		6.75
v 40.69 		-61.698 		6.732
v 36.152 		-54.43 		6.671
v 36.361 		-54.68 		6.883
v 45.6706 		-54.1963 		6.499
v 36.332 		-54.788 		6.883
v 45.6652 		-54.2013 		6.4563
v 45.6597 		-54.2067 		6.413
v 45.651 		-54.227 		6.3744
v 45.6408 		-54.2511 		6.3293
v 45.629 		-54.343 		6.25
v 36.113 		-54.408 		6.587
v 36.099 		-54.4 		6.5
v 46.083 		-52.017 		5.371
v 36.113 		-54.408 		6.413
v 36.152 		-54.43 		6.329
v 36.082 		-54.579 		6.329
v 45.6407 		-54.2513 		6.329
v 45.6144 		-54.3285 		6.25
v 45.632 		-54.2768 		6.3033
v 36.215 		-54.467 		6.25
v 45.6132 		-54.3325 		6.2474
v 45.6109 		-54.3398 		6.2425
v 36.152 		-54.604 		6.25
v 45.608 		-54.3494 		6.2363
v 45.6034 		-54.3646 		6.2264
v 45.5976 		-54.384 		6.2152
v 36.302 		-54.517 		6.179
v 36.246 		-54.638 		6.179
v 37.086 		-27.493 		5.065
v 40.965 		-15.037 		0.403
v 40.313 		-15.277 		0.476
v 39.6425 		-15.2854 		1
v 39.68 		-15.989 		0.693
v 39.1663 		-16.9939 		1
v 40.965 		-16.697 		0.101
v 40.364 		-16.918 		0.169
v 36.113 		-54.75 		6.25
v 36.211 		-54.767 		6.179
v 36.332 		-54.788 		6.117
v 36.473 		-54.987 		6.933
v 36.465 		-54.9 		6.933
v 36.496 		-55.071 		6.933
v 36.473 		-55.313 		6.883
v 36.552 		-55.392 		6.883
v 40.809 		-61.919 		6.732
v 40.935 		-62.054 		6.732
v 37.264 		-28.075 		4.381
v 40.327 		-61.579 		6.532
v 40.446 		-62.054 		6.532
v 40.185 		-62.054 		6.286
v 40.583 		-62.44 		6.532
v 39.94 		-61.698 		6
v 40.07 		-62.44 		6
v 39.741 		-61.028 		5.684
v 39.845 		-61.919 		5.684
v 39.677 		-61.121 		5.347
v 39.786 		-62.054 		5.347
v 39.656 		-61.152 		5
v 39.766 		-62.1 		5
v 41.66 		-27.265 		10.92
v 41.65 		-26.758 		10.765
v 42.334 		-27.385 		10.726
v 42.966 		-27.583 		10.409
v 43.498 		-29.724 		10.551
v 41.313 		-29.79 		11.69
v 41.412 		-29.498 		11.601
v 41.498 		-29.139 		11.492
v 41.567 		-28.723 		11.365
v 41.618 		-28.262 		11.224
v 41.65 		-27.771 		11.074
v 42.251 		-29.35 		11.325
v 42.313 		-28.383 		11.03
v 42.935 		-29.04 		10.854
v 42.935 		-26.125 		9.964
v 45.4932 		-54.7129 		6.9119
v 45.4953 		-54.7071 		6.9107
v 45.352 		-55.1133 		6.9466
v 45.3664 		-55.071 		6.9477
v 45.3739 		-55.0487 		6.9483
v 45.3912 		-54.9987 		6.9475
v 45.3977 		-54.9797 		6.9471
v 45.3989 		-54.9764 		6.947
v 45.4198 		-54.9166 		6.9434
v 45.4256 		-54.9 		6.9425
v 45.343 		-55.1402 		6.9451
v 45.3486 		-55.1232 		6.9463
v 45.3493 		-55.1213 		6.9464
v 45.339 		-55.152 		6.9443
v 45.2997 		-55.2703 		6.933
v 45.3195 		-55.2104 		6.9397
v 45.3231 		-55.1994 		6.9409
v 45.2985 		-55.2739 		6.9324
v 45.2699 		-55.3638 		6.9132
v 45.2731 		-55.3537 		6.9155
v 45.2932 		-55.2904 		6.9296
v 45.257 		-55.4046 		6.9041
v 45.2567 		-55.4053 		6.9039
v 45.2559 		-55.408 		6.9032
v 45.2477 		-55.4342 		6.8961
v 45.2328 		-55.482 		6.883
v 45.2079 		-55.5656 		6.8501
v 45.206 		-55.5718 		6.8473
v 45.1972 		-55.6022 		6.8337
v 45.189 		-55.6303 		6.821
v 45.2223 		-55.5174 		6.8689
v 36.211 		-55.033 		6.179
v 36.199 		-54.9 		6.179
v 37.71 		-26.265 		3.021
v 38.086 		-27.221 		2.582
v 36.246 		-55.162 		6.179
v 38.549 		-28.259 		2.269
v 36.302 		-55.283 		6.179
v 36.379 		-55.392 		6.179
v 39.433 		-26.821 		1.319
v 40.965 		-26.672 		0.896
v 40.728 		-26.759 		0.923
v 40.498 		-27.018 		1.002
v 40.281 		-27.441 		1.131
v 36.409 		-55.221 		6.117
v 36.473 		-55.313 		6.117
v 36.332 		-55.012 		6.117
v 36.323 		-54.9 		6.117
v 36.361 		-55.12 		6.117
v 38.739 		-26.554 		1.748
v 39.1061 		-17.3547 		1
v 36.582 		-55.563 		6.821
v 44.0664 		-19.3234 		3.5532
v 44.0661 		-19.3235 		3.4601
v 36.644 		-55.783 		6.671
v 44.0123 		-19.3432 		3.1326
v 36.629 		-55.825 		6.587
v 43.983 		-19.736 		2.698
v 36.623 		-55.84 		6.5
v 43.8994 		-19.3847 		2.5908
v 36.473 		-55.753 		6.413
v 36.629 		-55.825 		6.413
v 36.496 		-55.714 		6.329
v 36.409 		-55.563 		6.25
v 36.532 		-55.65 		6.25
v 36.473 		-55.487 		6.179
v 36.302 		-55.457 		6.25
v 36.4107 		-54.64 		6.8928
v 36.3972 		-54.6039 		6.883
v 36.4746 		-54.8127 		6.9333
v 36.473 		-54.813 		6.933
v 36.4748 		-54.8133 		6.9334
v 36.4737 		-54.8104 		6.933
v 39.677 		-61.121 		4.653
v 39.786 		-62.054 		4.653
v 39.741 		-61.028 		4.316
v 39.845 		-61.919 		4.316
v 42.061 		-61.398 		3.714
v 45.285 		-53.97 		4.277
v 41.901 		-61.028 		3.468
v 45.848 		-51.622 		4.277
v 41.64 		-61.028 		3.268
v 45.848 		-48.583 		3.25
v 41.241 		-61.028 		3.121
v 41.548 		-61.398 		3.268
v 41.066 		-61.152 		3.121
v 41.155 		-61.121 		3.121
v 45.285 		-47.985 		2.322
v 37.7887 		-38.0515 		11.6224
v 44.946 		-50.103 		2.322
v 44.59 		-47.247 		1.521
v 43.564 		-47.775 		0.871
v 37.6655 		-38.2688 		11.5613
v 37.4791 		-38.6976 		11.4799
v 43.785 		-46.393 		0.871
v 37.4764 		-38.7055 		11.479
v 42.285 		-47.985 		0.392
v 42.538 		-47.247 		0.392
v 43.537 		-27.85 		9.98
v 43.498 		-25.976 		9.408
v 42.743 		-46.393 		0.392
v 41.146 		-46.393 		0.099
v 44.03 		-28.18 		9.45
v 41.322 		-46.256 		0.099
v 43.983 		-25.946 		8.768
v 44.43 		-28.562 		8.836
v 44.306 		-49.024 		1.521
v 43.264 		-49.024 		0.871
v 40.313 		-26.268 		10.615
v 39.618 		-26.388 		10.422
v 42.894 		-50.103 		0.871
v 41.322 		-49.294 		0.392
v 41.667 		-49.024 		0.392
v 41.992 		-48.583 		0.392
v 45.466 		-50.978 		3.25
v 44.946 		-53.142 		3.25
v 43.92 		-53.669 		2.322
v 44.486 		-52.017 		2.322
v 42.285 		-53.97 		1.521
v 42.894 		-53.142 		1.521
v 43.445 		-52.017 		1.521
v 43.92 		-50.631 		1.521
v 40.965 		-27.224 		10.985
v 41.486 		-52.017 		0.871
v 41.992 		-51.622 		0.871
v 42.466 		-50.978 		0.871
v 43.845 		-20.673 		2.123
v 43.796 		-19.4227 		2.3343
v 44.624 		-18.989 		1
v 44.13 		-19.3 		1
v 43.58 		-19.502 		1
v 43.58 		-19.502 		1.7983
v 43.5662 		-19.5026 		1.7654
v 43.2729 		-19.5155 		1.3051
v 43.033 		-19.526 		1
v 42.9476 		-18.6757 		1
v 42.698 		-18.645 		0.696
v 43.0262 		-19.5254 		1
v 43.033 		-19.526 		1.0084
v 42.15 		-17.574 		0.369
v 42.014 		-19.534 		0.237
v 41.498 		-18.953 		0.06
v 43.192 		-20.099 		1.139
v 42.498 		-20.481 		0.526
v 41.412 		-21.321 		0.152
v 45.1798 		-55.664 		6.7994
v 45.175 		-55.682 		6.7879
v 45.1588 		-55.7416 		6.75
v 36.5009 		-54.8871 		6.9411
v 45.1587 		-55.7423 		6.7493
v 36.4734 		-54.8095 		6.9328
v 45.1546 		-55.7598 		6.7322
v 45.1402 		-55.822 		6.671
v 45.1398 		-55.825 		6.6658
v 45.1389 		-55.8307 		6.656
v 45.1348 		-55.8579 		6.6096
v 45.1333 		-55.8693 		6.5888
v 45.1331 		-55.8703 		6.587
v 45.1332 		-55.8706 		6.5858
v 45.1379 		-55.885 		6.5006
v 45.1379 		-55.8851 		6.5
v 45.629 		-54.517 		6.179
v 45.5458 		-54.5652 		6.8692
v 45.5453 		-54.5669 		6.8698
v 45.5791 		-54.4463 		6.821
v 45.5794 		-54.4453 		6.8204
v 36.5041 		-54.896 		6.9421
v 36.435 		-54.7052 		6.9102
v 36.4357 		-54.7071 		6.9107
v 36.4216 		-54.6694 		6.9007
v 39.233 		-28.02 		1.684
v 36.4499 		-54.7456 		6.9189
v 40.086 		-28.015 		1.306
v 39.917 		-28.723 		1.522
v 36.5323 		-54.9764 		6.9471
v 36.5305 		-54.9715 		6.9468
v 36.5254 		-54.9566 		6.9459
v 36.5055 		-54.9 		6.9425
v 36.5494 		-55.026 		6.9479
v 36.5572 		-55.0487 		6.9483
v 36.5812 		-55.1191 		6.9465
v 36.532 		-55.15 		6.933
v 36.5819 		-55.1212 		6.9465
v 36.5745 		-55.0995 		6.947
v 36.5922 		-55.152 		6.9443
v 36.6742 		-55.4043 		6.9043
v 36.6733 		-55.4014 		6.9049
v 36.648 		-55.3218 		6.9227
v 36.6753 		-55.408 		6.9032
v 36.582 		-55.221 		6.933
v 36.6031 		-55.1846 		6.942
v 36.608 		-55.1993 		6.941
v 36.6316 		-55.2706 		6.933
v 36.6379 		-55.2902 		6.9297
v 36.644 		-55.3093 		6.9255
v 39.781 		-29.543 		1.773
v 40.965 		-29.62 		1.565
v 36.552 		-55.392 		6.117
v 40.845 		-29.664 		1.579
v 40.728 		-29.795 		1.619
v 36.6985 		-55.4821 		6.883
v 36.6987 		-55.4831 		6.8826
v 36.7224 		-55.5623 		6.8514
v 36.703 		-55.62 		6.821
v 36.7233 		-55.5653 		6.8502
v 36.7422 		-55.6303 		6.821
v 36.7426 		-55.6315 		6.8203
v 36.669 		-55.714 		6.75
v 36.7567 		-55.6838 		6.787
v 36.7723 		-55.7416 		6.75
v 36.7909 		-55.8221 		6.671
v 36.7891 		-55.8143 		6.6787
v 36.7909 		-55.8221 		6.671
v 36.7922 		-55.8308 		6.656
v 36.644 		-55.457 		6.883
v 36.7951 		-55.8499 		6.6233
v 36.794 		-55.87 		6.587
v 36.7962 		-55.8577 		6.61
v 42.061 		-62.44 		4
v 42.191 		-61.698 		4
v 36.7979 		-55.8703 		6.587
v 36.7978 		-55.8707 		6.585
v 36.7978 		-55.8707 		6.5851
v 36.792 		-55.885 		6.5
v 41.946 		-62.054 		3.714
v 36.7931 		-55.8851 		6.5
v 41.685 		-62.054 		3.468
v 41.804 		-61.579 		3.468
v 41.196 		-62.054 		3.268
v 41.322 		-61.919 		3.268
v 36.669 		-55.714 		6.25
v 36.644 		-55.783 		6.329
v 37.1514 		-41.9713 		11.479
v 36.582 		-55.563 		6.179
v 37.3178 		-39.1539 		11.3933
v 37.2454 		-39.4515 		11.3689
v 37.1924 		-39.641 		11.3315
v 37.1522 		-39.8709 		11.3114
v 37.1037 		-40.1487 		11.2872
v 37.0607 		-40.6736 		11.2927
v 37.0657 		-41.203 		11.349
v 37.086 		-41.4053 		11.3899
v 37.1012 		-41.608 		11.413
v 37.1099 		-41.7246 		11.4261
v 36.646 		-38.815 		10.678
v 36.439 		-41.072 		10.678
v 36.083 		-38.217 		9.75
v 35.848 		-40.768 		9.75
v 35.413 		-40.544 		8.723
v 37.8609 		-19.3475 		3.4674
v 38.0243 		-19.4154 		2.6002
v 38.0025 		-19.4063 		2.7059
v 37.9208 		-19.3724 		3.1003
v 37.948 		-19.736 		2.698
v 37.8725 		-19.3523 		3.396
v 38.175 		-19.478 		2.2243
v 38.2249 		-19.4822 		2.1042
v 38.086 		-20.673 		2.123
v 38.175 		-19.478 		1
v 37.631 		-19.252 		1
v 37.147 		-18.92 		1
v 38.3668 		-19.494 		1.7628
v 39.781 		-17.574 		0.369
v 39.233 		-18.645 		0.696
v 38.9055 		-19.5192 		1
v 38.751 		-19.526 		1
v 38.751 		-19.526 		1.1896
v 38.6585 		-19.5183 		1.3043
v 38.8067 		-19.5236 		1.1212
v 38.4909 		-19.5043 		1.5675
v 40.965 		-18.758 		0
v 40.433 		-18.953 		0.06
v 39.917 		-19.534 		0.237
v 40.433 		-18.953 		0.06
v 40.433 		-18.953 		0.06
v 40.433 		-18.953 		0.06
v 41.441 		-61.698 		3.268
v 35.2366 		-46.3465 		8
v 35.1506 		-46.3162 		7.6571
v 35.1954 		-46.3677 		7.8314
v 35.146 		-46.393 		7.629
v 35.1435 		-46.3079 		7.629
v 35.2436 		-46.4231 		8
v 41.548 		-62.44 		3.468
v 35.413 		-49.294 		7.629
v 35.0498 		-46.2001 		6.5
v 35.057 		-46.2085 		6.5857
v 35.057 		-46.439 		6.5
v 41.066 		-62.1 		3.268
v 35.327 		-49.385 		6.5
v 35.1407 		-46.3047 		5.4043
v 35.146 		-46.393 		5.371
v 35.1435 		-46.3079 		5.371
v 35.413 		-49.294 		5.371
v 35.2366 		-46.3465 		5
v 35.1954 		-46.3677 		5.1686
v 35.413 		-46.256 		4.277
v 35.667 		-49.024 		4.277
v 35.2436 		-46.4231 		5
v 36.7931 		-55.885 		6.4995
v 35.848 		-52.017 		7.629
v 36.7931 		-55.885 		6.4995
v 36.7931 		-55.8849 		6.4987
v 35.769 		-52.15 		6.5
v 36.3201 		-54.3398 		6.7575
v 36.302 		-54.343 		6.75
v 36.3276 		-54.3646 		6.7736
v 36.3166 		-54.3285 		6.75
v 36.299 		-54.2768 		6.6967
v 36.2903 		-54.2513 		6.671
v 36.246 		-54.296 		6.671
v 36.2902 		-54.2511 		6.6707
v 36.211 		-54.267 		6.587
v 36.3334 		-54.384 		6.2151
v 36.3519 		-54.4463 		6.179
v 36.3761 		-54.5326 		6.144
v 36.199 		-54.257 		6.5
v 36.392 		-54.5901 		6.1223
v 36.3924 		-54.5917 		6.1218
v 36.211 		-54.267 		6.413
v 36.3852 		-54.5652 		6.1308
v 36.361 		-54.68 		6.117
v 36.246 		-54.296 		6.329
v 36.465 		-54.9 		6.067
v 36.473 		-54.987 		6.067
v 36.496 		-55.071 		6.067
v 36.29 		-54.2505 		6.6695
v 36.2869 		-54.2433 		6.656
v 36.28 		-54.227 		6.6257
v 36.2713 		-54.2067 		6.587
v 36.2658 		-54.2013 		6.5437
v 36.2603 		-54.1962 		6.5
v 36.439 		-54.478 		5.371
v 39.086 		-29.346 		2.089
v 36.473 		-54.813 		6.067
v 37.554 		-28.713 		3.768
v 37.948 		-29.387 		3.243
v 36.532 		-55.15 		6.067
v 45.492 		-32.322 		7.629
v 44.8725 		-30.7463 		7.8569
v 44.8778 		-30.7349 		7.8305
v 44.8933 		-30.5754 		7.629
v 45.562 		-32.151 		6.5
v 44.9347 		-30.5235 		7.1074
v 44.966 		-29.9 		6.687
v 44.9535 		-30.4999 		6.8701
v 44.947 		-30.4283 		6.7106
v 44.9385 		-30.3336 		6.5
v 45.492 		-32.322 		5.371
v 44.905 		-30.4106 		5.9714
v 44.904 		-30.4129 		5.9556
v 44.905 		-30.365 		5.941
v 44.8914 		-30.3989 		5.8864
v 44.7925 		-30.2676 		5.4113
v 44.7841 		-30.2566 		5.371
v 45.5338 		-54.6039 		6.117
v 45.5386 		-54.5917 		6.1218
v 45.5333 		-54.6052 		6.1167
v 45.5203 		-54.64 		6.1072
v 45.57 		-54.68 		6.117
v 45.458 		-54.813 		6.067
v 45.285 		-32.83 		4.277
v 45.4573 		-54.8104 		6.067
v 45.4811 		-54.7456 		6.0811
v 44.7227 		-30.3417 		5.1111
v 45.4565 		-54.8125 		6.0667
v 45.4952 		-54.7071 		6.0893
v 45.5093 		-54.6694 		6.0993
v 45.4269 		-54.896 		6.0579
v 45.4301 		-54.8871 		6.0589
v 45.4562 		-54.8133 		6.0666
v 45.4565 		-54.8127 		6.0667
v 44.59 		-30.803 		4.277
v 45.399 		-55.15 		6.067
v 45.435 		-55.071 		6.067
v 45.458 		-54.987 		6.067
v 45.466 		-54.9 		6.067
v 45.3738 		-55.0487 		6.0517
v 45.3731 		-55.0507 		6.0518
v 45.3565 		-55.0995 		6.053
v 45.352 		-55.1127 		6.0533
v 45.3816 		-55.026 		6.0522
v 45.3987 		-54.9764 		6.053
v 45.4252 		-54.9008 		6.0575
v 45.4255 		-54.9 		6.0575
v 45.4056 		-54.9566 		6.0541
v 45.3388 		-55.152 		6.0557
v 45.3491 		-55.1212 		6.0535
v 45.2557 		-55.408 		6.0968
v 45.2568 		-55.4043 		6.0957
v 45.287 		-55.3093 		6.0745
v 45.2931 		-55.2902 		6.0703
v 45.2994 		-55.2706 		6.067
v 45.349 		-55.221 		6.067
v 45.323 		-55.1993 		6.059
v 45.3228 		-55.1998 		6.0591
v 45.3279 		-55.1846 		6.058
v 45.1332 		-55.8707 		6.4149
v 45.1331 		-55.8703 		6.413
v 45.137 		-55.87 		6.413
v 45.1331 		-55.8703 		6.413
v 45.1363 		-55.88 		6.4699
v 45.1332 		-55.8697 		6.4119
v 45.1341 		-55.8632 		6.4
v 45.1348 		-55.8577 		6.39
v 45.1401 		-55.8221 		6.329
v 45.1419 		-55.8143 		6.3214
v 45.1587 		-55.7416 		6.25
v 45.1588 		-55.7412 		6.2497
v 45.228 		-55.62 		6.179
v 45.1743 		-55.6838 		6.213
v 45.1887 		-55.6303 		6.179
v 45.2077 		-55.5653 		6.1498
v 45.2121 		-55.5507 		6.144
v 45.287 		-55.457 		6.117
v 45.2325 		-55.4821 		6.117
v 45.492 		-54.478 		5.371
v 40.07 		-61.398 		3.714
v 40.23 		-61.028 		3.468
v 40.491 		-61.028 		3.268
v 40.89 		-61.028 		3.121
v 40.583 		-61.398 		3.268
v 40.976 		-61.121 		3.121
v 40.07 		-62.44 		4
v 40.185 		-62.054 		3.714
v 40.327 		-61.579 		3.468
v 40.446 		-62.054 		3.468
v 40.583 		-62.44 		3.468
v 44.7144 		-30.3551 		5.0767
v 44.6506 		-30.3706 		4.9107
v 44.413 		-30.429 		4.2913
v 44.4055 		-30.4261 		4.277
v 40.69 		-61.698 		3.268
v 40.809 		-61.919 		3.268
v 40.935 		-62.054 		3.268
v 46.518 		-37.506 		7.629
v 46.083 		-34.783 		7.629
v 46.604 		-37.415 		6.5
v 46.162 		-34.65 		6.5
v 46.518 		-37.506 		5.371
v 46.083 		-34.783 		5.371
v 46.264 		-37.776 		4.277
v 40.281 		-26.758 		10.765
v 45.848 		-35.178 		4.277
v 40.271 		-27.265 		10.92
v 44.946 		-33.658 		3.25
v 43.498 		-30.076 		2.823
v 44.306 		-31.79 		3.25
v 44.2521 		-30.5012 		4.0225
v 44.1245 		-30.5634 		3.811
v 44.0089 		-30.6197 		3.6195
v 43.7214 		-30.5963 		3.25
v 39.597 		-27.385 		10.726
v 38.966 		-27.583 		10.409
v 40.364 		-28.723 		11.365
v 40.433 		-29.139 		11.492
v 35.848 		-52.017 		5.371
v 36.266 		-54.2017 		6.4557
v 36.2713 		-54.2066 		6.413
v 36.2716 		-54.2072 		6.412
v 36.2743 		-54.2136 		6.4
v 36.2824 		-54.2326 		6.3645
v 36.2903 		-54.2513 		6.329
v 38.739 		-20.099 		1.139
v 36.2906 		-54.252 		6.3283
v 36.3121 		-54.3151 		6.2635
v 36.302 		-54.343 		6.25
v 36.3166 		-54.3285 		6.25
v 36.3276 		-54.3646 		6.2264
v 39.433 		-20.481 		0.526
v 40.965 		-21.157 		0.102
v 40.519 		-21.321 		0.152
v 41.498 		-25.391 		10.348
v 36.083 		-51.622 		4.277
v 36.646 		-53.97 		4.277
v 43.192 		-22.454 		8.333
v 36.985 		-50.103 		2.322
v 41.845 		-22.986 		9.383
v 41.65 		-22.412 		9.208
v 39.188 		-46.393 		0.392
v 41.433 		-21.989 		9.079
v 39.393 		-47.247 		0.392
v 39.646 		-47.985 		0.392
v 41.203 		-21.73 		9
v 42.698 		-23.385 		9.128
v 40.609 		-46.256 		0.099
v 42.498 		-22.186 		8.763
v 40.785 		-46.393 		0.099
v 40.965 		-46.439 		0.099
v 37.341 		-47.247 		1.521
v 39.94 		-61.698 		4
v 38.146 		-46.393 		0.871
v 41.066 		-62.957 		6.532
v 38.367 		-47.775 		0.871
v 41.233 		-62.898 		6.532
v 41.395 		-62.724 		6.532
v 39.037 		-50.103 		0.871
v 41.066 		-63.696 		6.286
v 41.265 		-63.626 		6.286
v 41.459 		-63.419 		6.286
v 39.939 		-48.583 		0.392
v 41.64 		-63.08 		6.286
v 40.264 		-49.024 		0.392
v 41.804 		-62.621 		6.286
v 40.609 		-49.294 		0.392
v 40.965 		-49.385 		0.392
v 41.715 		-63.6 		6
v 41.901 		-63.08 		6
v 41.972 		-63.419 		5.684
v 42.145 		-62.724 		5.684
v 37.625 		-49.024 		1.521
v 38.667 		-49.024 		0.871
v 42.197 		-62.898 		5.347
v 41.066 		-64.296 		6
v 36.083 		-48.583 		3.25
v 41.291 		-64.217 		6
v 41.51 		-63.983 		6
v 36.646 		-47.985 		2.322
v 36.985 		-53.142 		3.25
v 41.548 		-64.398 		5.684
v 41.77 		-63.983 		5.684
v 37.445 		-52.017 		2.322
v 40.465 		-45.8135 		12.908
v 40.4886 		-45.8111 		12.9093
v 40.3345 		-45.8066 		12.901
v 40.445 		-46.032 		12.901
v 40.6665 		-45.7947 		12.917
v 40.7495 		-45.7876 		12.9193
v 40.8225 		-45.7698 		12.9216
v 40.965 		-45.7359 		12.9239
v 39.0676 		-45.3955 		12.6179
v 39.079 		-45.4024 		12.621
v 39.037 		-45.447 		12.608
v 39.0297 		-45.3672 		12.608
v 39.0575 		-45.3893 		12.6153
v 39.4981 		-45.6336 		12.7219
v 39.6094 		-45.6831 		12.7491
v 39.3301 		-45.5588 		12.6807
v 40.519 		-29.498 		11.601
v 40.618 		-29.79 		11.69
v 39.68 		-29.35 		11.325
v 36.6611 		-55.3638 		6.0868
v 36.674 		-55.4046 		6.0959
v 36.6751 		-55.408 		6.0968
v 36.582 		-55.221 		6.067
v 43.92 		-33.131 		2.322
v 43.684 		-30.6157 		3.2082
v 43.5111 		-30.7055 		3.0151
v 43.4788 		-30.7053 		2.9864
v 36.794 		-55.87 		6.413
v 36.7979 		-55.8703 		6.413
v 40.281 		-27.771 		11.074
v 43.264 		-31.79 		2.322
v 40.313 		-28.262 		11.224
v 36.7977 		-55.8693 		6.4112
v 36.7969 		-55.8632 		6.4
v 36.7908 		-55.822 		6.329
v 36.7912 		-55.825 		6.3342
v 36.7908 		-55.8218 		6.3288
v 36.7962 		-55.8579 		6.3904
v 36.7764 		-55.7598 		6.2678
v 36.7722 		-55.7416 		6.25
v 42.935 		-30.76 		2.52
v 36.703 		-55.62 		6.179
v 36.742 		-55.6303 		6.179
v 36.756 		-55.682 		6.2121
v 42.251 		-30.45 		2.049
v 39.618 		-28.383 		11.03
v 36.7417 		-55.6291 		6.1785
v 36.7186 		-55.5504 		6.144
v 36.7232 		-55.5656 		6.1499
v 36.7339 		-55.6022 		6.1663
v 42.9825 		-30.8539 		2.5891
v 42.9373 		-30.8675 		2.5528
v 42.8407 		-30.8596 		2.4933
v 36.644 		-55.457 		6.117
v 38.996 		-29.04 		10.854
v 42.5546 		-30.8256 		2.322
v 36.6982 		-55.482 		6.117
v 36.7087 		-55.5174 		6.1311
v 36.6976 		-55.48 		6.1165
v 36.6833 		-55.4342 		6.1039
v 38.996 		-26.125 		9.964
v 38.394 		-27.85 		9.98
v 38.433 		-25.976 		9.408
v 38.433 		-29.724 		10.551
v 42.5348 		-30.8291 		2.3117
v 37.901 		-28.18 		9.45
v 37.948 		-25.946 		8.768
v 42.518 		-30.8367 		2.3042
v 42.2826 		-30.9435 		2.1996
v 41.9501 		-30.9671 		2.0975
v 36.3972 		-54.6039 		6.117
v 36.4107 		-54.64 		6.1073
v 36.4357 		-54.7071 		6.0893
v 36.4737 		-54.8105 		6.067
v 36.4747 		-54.8133 		6.0666
v 36.475 		-54.8141 		6.0665
v 36.504 		-54.896 		6.058
v 36.5054 		-54.9 		6.0575
v 36.5113 		-54.9166 		6.0566
v 36.5052 		-54.8992 		6.0576
v 36.5321 		-54.9764 		6.053
v 36.5568 		-55.0478 		6.0518
v 36.5571 		-55.0487 		6.0517
v 36.5398 		-54.9987 		6.0525
v 36.5646 		-55.071 		6.0523
v 36.5817 		-55.1213 		6.0536
v 36.5881 		-55.1402 		6.0549
v 36.592 		-55.152 		6.0557
v 36.648 		-55.3226 		6.0776
v 36.6579 		-55.3537 		6.0845
v 36.6375 		-55.2896 		6.0703
v 36.6378 		-55.2904 		6.0704
v 36.6313 		-55.2703 		6.067
v 36.6079 		-55.1994 		6.0591
v 36.6076 		-55.1985 		6.059
v 36.6115 		-55.2104 		6.0603
v 42.894 		-33.658 		1.521
v 41.498 		-30.661 		1.883
v 41.412 		-30.302 		1.773
v 41.313 		-30.01 		1.684
v 42.285 		-32.83 		1.521
v 41.7167 		-30.9763 		2.0285
v 41.635 		-32.322 		1.521
v 41.5894 		-31.0181 		2.0009
v 38.945 		-59.595 		7.629
v 41.6545 		-30.9968 		2.015
v 41.5587 		-31.0269 		1.9947
v 39.939 		-60.372 		7.629
v 41.4252 		-31.0262 		1.9823
v 41.3964 		-31.026 		1.9797
v 41.2702 		-31.0233 		1.9687
v 41.1762 		-31.0187 		1.9615
v 41.0988 		-31.0124 		1.9565
v 40.965 		-60.634 		7.629
v 39.939 		-60.372 		7.629
v 39.939 		-60.372 		7.629
v 41.0303 		-31.0054 		1.9526
v 39.939 		-60.372 		7.629
v 37.965 		-58.555 		6.5
v 38.913 		-59.845 		6.5
v 39.924 		-60.634 		6.5
v 43.382 		-24.159 		8.853
v 41.203 		-24.525 		10.084
v 41.086 		-24.393 		10.044
v 40.8186 		-60.771 		6.8889
v 40.7674 		-60.7602 		6.879
v 40.809 		-60.877 		6.879
v 42.15 		-24.514 		9.85
v 40.8241 		-60.7722 		6.8899
v 42.014 		-23.694 		9.599
v 41.412 		-25.031 		10.238
v 41.313 		-24.74 		10.149
v 42.251 		-25.421 		10.126
v 45.5791 		-54.4463 		6.179
v 45.5868 		-54.4205 		6.1941
v 45.5789 		-54.447 		6.1787
v 45.5626 		-54.5053 		6.1549
v 45.555 		-54.5324 		6.144
v 45.5402 		-54.5856 		6.1239
v 45.5458 		-54.5652 		6.1308
v 43.92 		-58.325 		7.629
v 44.764 		-56.602 		7.629
v 44.822 		-56.806 		6.5
v 43.92 		-58.325 		5.371
v 40.9005 		-60.7892 		6.9002
v 40.9114 		-60.7917 		6.9017
v 40.965 		-60.8044 		6.9056
v 38.011 		-53.669 		2.322
v 38.011 		-50.631 		1.521
v 45.466 		-35.822 		3.25
v 38.486 		-52.017 		1.521
v 40.7192 		-60.7517 		6.8629
v 40.6584 		-60.7422 		6.8374
v 39.037 		-53.142 		1.521
v 40.7323 		-60.7541 		6.8672
v 39.646 		-53.97 		1.521
v 44.946 		-36.697 		2.322
v 39.465 		-50.978 		0.871
v 44.486 		-34.783 		2.322
v 39.939 		-51.622 		0.871
v 40.445 		-52.017 		0.871
v 43.445 		-34.783 		1.521
v 40.965 		-52.15 		0.871
v 42.466 		-35.822 		0.871
v 41.992 		-35.178 		0.871
v 41.486 		-34.783 		0.871
v 36.465 		-50.978 		3.25
v 40.5348 		-60.7238 		6.7816
v 40.5796 		-60.73 		6.8039
v 40.6428 		-60.7398 		6.8308
v 40.4353 		-60.71 		6.732
v 40.2777 		-60.6997 		6.6048
v 40.1912 		-60.6947 		6.532
v 40.3704 		-60.705 		6.6829
v 44.306 		-37.776 		1.521
v 40.4062 		-60.7078 		6.71
v 43.92 		-36.169 		1.521
v 40.1648 		-60.6955 		6.5
v 43.264 		-37.776 		0.871
v 42.894 		-36.697 		0.871
v 41.667 		-37.776 		0.392
v 41.322 		-37.506 		0.392
v 39.6108 		-45.6837 		12.7494
v 39.8249 		-45.7462 		12.7969
v 39.8948 		-45.7665 		12.8124
v 39.9927 		-45.7796 		12.835
v 37.0532 		-30.7351 		7.8306
v 40.08 		-45.7925 		12.8521
v 40.18 		-45.8074 		12.8716
v 40.2734 		-45.8063 		12.8908
v 37.0377 		-30.5753 		7.629
v 36.439 		-32.322 		7.629
v 40.2862 		-45.8064 		12.893
v 36.965 		-29.9 		6.687
v 38.3409 		-44.7494 		12.2982
v 37.0213 		-30.5544 		7.4229
v 37.026 		-30.5604 		7.4816
v 38.5235 		-44.9594 		12.3782
v 38.6758 		-45.0974 		12.4466
v 38.7852 		-45.1966 		12.4958
v 36.369 		-32.151 		6.5
v 36.9775 		-30.4994 		6.87
v 36.9841 		-30.4266 		6.7075
v 36.9925 		-30.3336 		6.5
v 38.2096 		-44.5846 		12.2344
v 38.2763 		-44.677 		12.2667
v 41.804 		-64.217 		5.347
v 42.015 		-63.626 		5.347
v 37.0037 		-30.3597 		6.3227
v 37.026 		-30.365 		5.941
v 37.027 		-30.4132 		5.9557
v 37.0294 		-30.4105 		5.9426
v 37.0397 		-30.3991 		5.8862
v 37.147 		-30.2565 		5.371
v 36.439 		-32.322 		5.371
v 42.215 		-62.957 		5
v 42.197 		-62.898 		4.653
v 41.972 		-63.419 		4.316
v 42.145 		-62.724 		4.316
v 37.2166 		-30.3551 		5.0767
v 37.2083 		-30.3416 		5.1113
v 37.439 		-30.41 		4.4969
v 37.518 		-30.429 		4.2913
v 37.4531 		-30.4134 		4.4601
v 37.5256 		-30.4261 		4.277
v 37.341 		-30.803 		4.277
v 41.816 		-64.296 		5
v 42.03 		-63.696 		5
v 41.804 		-64.217 		4.653
v 42.015 		-63.626 		4.653
v 41.548 		-64.398 		4.316
v 37.1536 		-30.2657 		5.3429
v 36.646 		-32.83 		4.277
v 41.77 		-63.983 		4.316
v 37.1888 		-30.3144 		5.1941
v 41.066 		-64.738 		5.684
v 41.31 		-64.653 		5.684
v 41.066 		-65.009 		5.347
v 41.322 		-64.919 		5.347
v 35.848 		-34.783 		7.629
v 35.413 		-37.506 		7.629
v 35.769 		-34.65 		6.5
v 37.501 		-28.562 		8.836
v 35.327 		-37.415 		6.5
v 35.848 		-34.783 		5.371
v 35.413 		-37.506 		5.371
v 36.083 		-35.178 		4.277
v 45.285 		-32.83 		8.723
v 35.667 		-37.776 		4.277
v 41.203 		-33.041 		12.451
v 41.433 		-32.782 		12.372
v 38.433 		-30.076 		2.823
v 37.8625 		-30.5905 		3.7182
v 37.7729 		-30.5466 		3.867
v 37.625 		-31.79 		3.25
v 37.9221 		-30.6197 		3.6195
v 38.2097 		-30.5962 		3.25
v 38.1591 		-30.6003 		3.315
v 41.635 		-54.478 		11.479
v 41.764 		-56.602 		10.678
v 42.538 		-55.997 		10.678
v 43.264 		-55.01 		10.678
v 41.868 		-58.325 		9.75
v 42.743 		-57.641 		9.75
v 43.564 		-56.525 		9.75
v 44.306 		-55.01 		9.75
v 43.785 		-57.641 		8.723
v 44.59 		-55.997 		8.723
v 41.945 		-59.595 		8.723
v 42.894 		-58.853 		8.723
v 40.296 		-54.478 		11.479
v 40.965 		-54.649 		11.479
v 38.667 		-55.01 		10.678
v 39.393 		-55.997 		10.678
v 40.167 		-56.602 		10.678
v 40.965 		-56.806 		10.678
v 37.625 		-55.01 		9.75
v 38.367 		-56.525 		9.75
v 39.188 		-57.641 		9.75
v 40.063 		-58.325 		9.75
v 37.341 		-55.997 		8.723
v 38.146 		-57.641 		8.723
v 40.965 		-58.555 		9.75
v 39.037 		-58.853 		8.723
v 39.986 		-59.595 		8.723
v 40.965 		-59.845 		8.723
v 43.382 		-31.541 		11.106
v 45.72 		-54.767 		6.821
v 41.086 		-30.136 		11.796
v 41.203 		-30.005 		11.756
v 45.818 		-54.75 		6.75
v 45.779 		-54.604 		6.75
v 45.891 		-54.737 		6.671
v 41.845 		-31.785 		12.068
v 45.849 		-54.579 		6.671
v 42.014 		-31.077 		11.852
v 42.15 		-30.257 		11.602
v 42.845 		-24.711 		9.533
v 42.698 		-31.78 		11.69
v 42.845 		-30.454 		11.285
v 40.433 		-25.391 		10.348
v 41.65 		-32.359 		12.243
v 40.965 		-21.643 		8.974
v 40.728 		-21.73 		9
v 40.498 		-21.989 		9.079
v 42.498 		-32.979 		12.056
v 40.281 		-22.412 		9.208
v 43.192 		-33.246 		11.626
v 40.086 		-22.986 		9.383
v 39.433 		-22.186 		8.763
v 39.233 		-23.385 		9.128
v 43.845 		-32.579 		10.792
v 43.92 		-33.731 		10.8362
v 43.9883 		-33.3304 		10.678
v 38.739 		-22.454 		8.333
v 44.0788 		-33.1734 		10.5197
v 40.965 		-24.349 		10.03
v 40.845 		-24.393 		10.044
v 40.728 		-24.525 		10.084
v 43.983 		-30.413 		10.131
v 44.946 		-33.658 		9.75
v 44.377 		-31.087 		9.607
v 44.764 		-56.602 		5.371
v 44.2868 		-32.5018 		10.0387
v 44.3325 		-32.2305 		9.8866
v 43.785 		-57.641 		4.277
v 44.59 		-55.997 		4.277
v 44.3735 		-31.9869 		9.75
v 41.992 		-60.372 		7.629
v 42.986 		-59.595 		7.629
v 42.145 		-60.672 		6.286
v 44.5943 		-31.5651 		9.1469
v 44.6591 		-31.3569 		8.9223
v 44.6758 		-31.3031 		8.8643
v 41.0494 		-60.7814 		6.9119
v 41.066 		-60.777 		6.9128
v 41.139 		-60.7585 		6.9122
v 41.1224 		-60.7627 		6.9123
v 41.2001 		-60.7439 		6.9077
v 41.2149 		-60.7404 		6.9066
v 41.322 		-60.877 		6.879
v 41.2996 		-60.7215 		6.8952
v 41.2899 		-60.7236 		6.8965
v 41.3837 		-60.7038 		6.879
v 41.4011 		-60.7008 		6.8732
v 41.4135 		-60.6988 		6.8679
v 41.5365 		-60.6796 		6.8161
v 41.7051 		-60.6564 		6.732
v 41.7384 		-60.6538 		6.7068
v 41.946 		-60.642 		6.532
v 41.9722 		-60.6429 		6.5
v 42.007 		-60.634 		6.5
v 44.6985 		-31.1193 		8.723
v 44.739 		-31.0327 		8.5217
v 45.466 		-35.822 		9.75
v 46.264 		-37.776 		8.723
v 45.848 		-35.178 		8.723
v 41.313 		-35.85 		12.932
v 41.65 		-35.472 		12.816
v 41.966 		-34.853 		12.628
v 42.251 		-34.014 		12.372
v 41.7745 		-37.0812 		12.9808
v 40.9903 		-60.7973 		6.9086
v 40.976 		-60.8013 		6.9069
v 42.1561 		-37.3829 		12.8886
v 42.1253 		-37.3502 		12.8949
v 41.8661 		-37.1374 		12.9565
v 42.251 		-37.197 		12.832
v 39.986 		-60.672 		6.286
v 39.9281 		-60.5627 		6.1926
v 39.9955 		-60.6061 		6.304
v 39.981 		-60.5982 		6.286
v 40.0213 		-60.6203 		6.3363
v 42.618 		-36.118 		12.502
v 40.1353 		-60.6801 		6.4664
v 40.0475 		-60.634 		6.3661
v 42.2869 		-37.5054 		12.8345
v 42.6263 		-37.8497 		12.642
v 42.3807 		-37.5834 		12.7798
v 38.945 		-59.595 		5.371
v 39.68 		-30.45 		2.049
v 39.8147 		-60.4275 		6
v 39.8789 		-60.504 		6.109
v 39.6887 		-60.2525 		5.684
v 39.7701 		-60.3655 		5.888
v 38.011 		-44.919 		12.129
v 37.9912 		-44.2645 		12.129
v 38.0441 		-44.3557 		12.1544
v 38.996 		-30.76 		2.52
v 38.9938 		-30.8675 		2.5528
v 39.3764 		-30.8256 		2.322
v 39.0903 		-30.8596 		2.4933
v 39.0338 		-30.8642 		2.5281
v 38.8578 		-30.8267 		2.6618
v 38.6007 		-30.7495 		2.8677
v 38.4522 		-30.7052 		2.9865
v 37.7647 		-43.8903 		11.9658
v 37.8219 		-44.0023 		12.0066
v 37.167 		-45.353 		11.479
v 38.667 		-31.79 		2.322
v 37.5375 		-43.4 		11.8044
v 37.6218 		-43.611 		11.8636
v 37.109 		-43.4 		11.479
v 37.1892 		-42.2332 		11.5136
v 37.2995 		-42.7215 		11.6082
v 37.3737 		-42.9542 		11.6697
v 37.4464 		-43.1822 		11.7302
v 36.369 		-43.4 		10.678
v 36.439 		-45.728 		10.678
v 38.4199 		-30.7055 		3.0151
v 38.3198 		-30.6536 		3.127
v 35.848 		-46.032 		9.75
v 35.769 		-43.4 		9.75
v 35.327 		-43.4 		8.723
v 39.4763 		-30.8654 		2.2761
v 39.3963 		-30.8291 		2.3117
v 39.6484 		-30.9435 		2.1996
v 39.9808 		-30.9671 		2.0975
v 40.0145 		-30.9683 		2.0876
v 39.8741 		-30.96 		2.1301
v 41.571 		-64.653 		5.347
v 45.891 		-54.563 		6.587
v 41.066 		-65.1 		5
v 41.326 		-65.009 		5
v 41.579 		-64.738 		5
v 45.905 		-54.558 		6.5
v 39.3899 		-30.828 		2.315
v 41.066 		-65.009 		4.653
v 45.891 		-54.563 		6.413
v 41.322 		-64.919 		4.653
v 41.571 		-64.653 		4.653
v 36.985 		-33.658 		3.25
v 38.011 		-33.131 		2.322
v 41.066 		-64.738 		4.316
v 41.31 		-64.653 		4.316
v 40.618 		-30.01 		1.684
v 40.519 		-30.302 		1.773
v 40.736 		-62.724 		6.532
v 40.433 		-30.661 		1.883
v 40.898 		-62.898 		6.532
v 40.327 		-62.621 		6.286
v 40.491 		-63.08 		6.286
v 40.965 		-30.9974 		1.9494
v 40.672 		-63.419 		6.286
v 40.866 		-63.626 		6.286
v 40.965 		-32.151 		1.521
v 40.3535 		-31.0215 		1.9985
v 40.3416 		-31.0181 		2.0009
v 40.23 		-63.08 		6
v 40.3723 		-31.0269 		1.9947
v 40.2142 		-30.9758 		2.0287
v 40.416 		-63.6 		6
v 40.6694 		-31.0228 		1.968
v 40.6605 		-31.0233 		1.9687
v 39.986 		-62.724 		5.684
v 40.5344 		-31.026 		1.9796
v 40.159 		-63.419 		5.684
v 39.934 		-62.898 		5.347
v 40.621 		-63.983 		6
v 40.84 		-64.217 		6
v 40.361 		-63.983 		5.684
v 40.583 		-64.398 		5.684
v 40.116 		-63.626 		5.347
v 40.327 		-64.217 		5.347
v 39.916 		-62.957 		5
v 39.934 		-62.898 		4.653
v 39.986 		-62.724 		4.316
v 40.159 		-63.419 		4.316
v 40.101 		-63.696 		5
v 40.315 		-64.296 		5
v 40.116 		-63.626 		4.653
v 40.327 		-64.217 		4.653
v 45.935 		-54.729 		6.587
v 45.95 		-54.726 		6.5
v 45.935 		-54.729 		6.413
v 45.891 		-54.737 		6.329
v 45.72 		-55.033 		6.821
v 45.732 		-54.9 		6.821
v 45.608 		-54.9 		6.883
v 45.818 		-55.05 		6.75
v 45.832 		-54.9 		6.75
v 45.891 		-55.063 		6.671
v 45.905 		-54.9 		6.671
v 45.629 		-55.283 		6.821
v 45.685 		-55.162 		6.821
v 45.716 		-55.333 		6.75
v 45.779 		-55.196 		6.75
v 39.611 		-60.126 		5.347
v 39.6816 		-60.2398 		5.6542
v 39.588 		-60.142 		5
v 45.779 		-55.37 		6.671
v 39.611 		-60.126 		4.653
v 45.849 		-55.221 		6.671
v 39.677 		-60.079 		4.316
v 39.845 		-60.877 		6
v 45.935 		-55.071 		6.587
v 45.95 		-54.9 		6.587
v 45.95 		-55.074 		6.5
v 45.966 		-54.9 		6.5
v 45.935 		-55.071 		6.413
v 45.95 		-54.9 		6.413
v 39.6169 		-60.1218 		5.3773
v 39.6156 		-60.1192 		5.371
v 39.677 		-60.2314 		5.6347
v 45.818 		-55.392 		6.587
v 45.891 		-55.237 		6.587
v 40.296 		-32.322 		1.521
v 40.9003 		-31.0054 		1.9526
v 40.8317 		-31.0123 		1.9565
v 39.917 		-23.694 		9.599
v 40.7544 		-31.0186 		1.9615
v 39.781 		-24.514 		9.85
v 39.646 		-32.83 		1.521
v 40.618 		-24.74 		10.149
v 40.519 		-25.031 		10.238
v 40.1625 		-30.9735 		2.0441
v 39.68 		-25.421 		10.126
v 39.037 		-33.658 		1.521
v 39.086 		-24.711 		9.533
v 38.549 		-24.159 		8.853
v 41.567 		-25.807 		10.475
v 42.935 		-34.788 		12.096
v 43.619 		-34.611 		11.412
v 43.6101 		-35.2648 		11.479
v 44.486 		-34.783 		10.678
v 43.7135 		-34.9436 		11.3148
v 43.8361 		-34.223 		11.0305
v 40.364 		-25.807 		10.475
v 43.1731 		-37.9984 		12.1889
v 43.264 		-37.776 		12.129
v 43.313 		-36.448 		11.973
v 43.845 		-23.781 		8.107
v 43.619 		-21.749 		7.487
v 43.1741 		-37.9896 		12.1875
v 44.221 		-23.589 		7.319
v 43.2141 		-37.6306 		12.129
v 44.498 		-23.588 		6.511
v 44.306 		-37.776 		11.479
v 43.92 		-36.169 		11.479
v 44.667 		-23.78 		5.708
v 44.724 		-24.157 		4.935
v 44.667 		-24.709 		4.215
v 43.2912 		-37.3256 		12.0312
v 43.4037 		-36.881 		11.8885
v 43.4796 		-36.291 		11.7387
v 38.312 		-21.749 		7.487
v 44.946 		-36.697 		10.678
v 38.086 		-23.781 		8.107
v 37.71 		-23.589 		7.319
v 37.433 		-23.588 		6.511
v 40.498 		-32.782 		12.372
v 40.728 		-33.041 		12.451
v 40.965 		-33.128 		12.478
v 37.264 		-23.78 		5.708
v 37.207 		-24.157 		4.935
v 37.264 		-24.709 		4.215
v 40.728 		-30.005 		11.756
v 40.845 		-30.136 		11.796
v 40.965 		-30.18 		11.809
v 39.781 		-30.257 		11.602
v 43.018 		-59.845 		6.5
v 39.086 		-30.454 		11.285
v 43.966 		-58.555 		6.5
v 39.917 		-31.077 		11.852
v 42.0065 		-60.6249 		6.4609
v 40.086 		-31.785 		12.068
v 42.159 		-60.4633 		6.286
v 42.234 		-60.3738 		6.1587
v 42.0686 		-60.5603 		6.3946
v 39.233 		-31.78 		11.69
v 42.52 		-60.126 		4.653
v 42.454 		-60.079 		4.316
v 39.037 		-58.853 		4.277
v 39.612 		-60.1039 		5.3543
v 39.6104 		-60.0973 		5.347
v 39.588 		-59.8853 		5.0855
v 39.5808 		-59.8161 		5
v 39.5909 		-59.6784 		4.8044
v 39.5969 		-59.595 		4.6859
v 42.286 		-60.877 		6
v 39.5986 		-59.5718 		4.653
v 39.6236 		-59.4912 		4.5184
v 39.6618 		-59.3705 		4.316
v 39.6751 		-59.3519 		4.277
v 39.6869 		-59.3144 		4.2409
v 42.3274 		-60.2623 		6
v 42.4518 		-60.0895 		5.6882
v 42.4534 		-60.0872 		5.684
v 42.52 		-60.126 		5.347
v 42.4568 		-60.081 		5.6695
v 37.625 		-55.01 		3.25
v 42.5189 		-59.9601 		5.371
v 38.367 		-56.525 		3.25
v 42.543 		-60.142 		5
v 39.188 		-57.641 		3.25
v 40.063 		-58.325 		3.25
v 40.2996 		-58.4489 		3.3006
v 40.3379 		-58.4177 		3.268
v 42.986 		-59.595 		5.371
v 40.583 		-58.398 		3.121
v 40.3687 		-58.403 		3.25
v 40.898 		-58.302 		3.03
v 40.866 		-58.43 		3.03
v 46.7824 		-43.4 		8
v 46.7533 		-44.3685 		8
v 46.7944 		-46.0761 		7.629
v 45.832 		-55.4 		6.5
v 46.6945 		-40.4535 		8
v 46.7236 		-41.422 		8
v 45.905 		-55.242 		6.5
v 46.5444 		-38.8228 		8
v 46.6363 		-38.7912 		7.629
v 45.818 		-55.392 		6.413
v 45.891 		-55.237 		6.413
v 38.667 		-55.01 		2.322
v 39.393 		-55.997 		2.322
v 40.167 		-56.602 		2.322
v 40.5082 		-58.2888 		3.1706
v 40.5533 		-58.2562 		3.1471
v 40.6039 		-58.2198 		3.121
v 40.4411 		-58.3438 		3.2088
v 45.891 		-55.063 		6.329
v 40.674 		-58.1962 		3.099
v 40.7547 		-58.1738 		3.0762
v 45.905 		-54.9 		6.329
v 40.659 		-58.2013 		3.1037
v 40.935 		-58.198 		3.03
v 40.9325 		-58.1415 		3.035
v 40.965 		-58.1405 		3.0301
v 45.818 		-55.05 		6.25
v 40.9269 		-58.1417 		3.0359
v 45.832 		-54.9 		6.25
v 40.8839 		-58.1469 		3.0444
v 40.866 		-58.149 		3.048
v 40.8267 		-58.157 		3.0575
v 40.7868 		-58.165 		3.0672
v 45.779 		-55.37 		6.329
v 40.965 		-56.806 		2.322
v 45.849 		-55.221 		6.329
v 45.716 		-55.333 		6.25
v 45.779 		-55.196 		6.25
v 45.57 		-55.12 		6.883
v 40.9658 		-58.1402 		3.03
v 45.599 		-55.012 		6.883
v 40.9774 		-58.1363 		3.0295
v 46.8049 		-46.0631 		7.5046
v 46.8885 		-45.9599 		6.5
v 46.6862 		-38.774 		7.0128
v 46.7273 		-38.7599 		6.5
v 46.874 		-45.9778 		6.3287
v 46.7944 		-46.0761 		5.371
v 46.6363 		-38.7912 		5.371
v 46.6765 		-38.7773 		5.8738
v 46.7236 		-45.378 		5
v 46.7824 		-43.4 		5
v 46.7678 		-46.109 		5.2672
v 46.604 		-43.4 		4.277
v 46.7533 		-42.4315 		5
v 46.6945 		-40.4535 		5
v 46.518 		-40.544 		4.277
v 46.6083 		-39.5148 		5
v 46.5446 		-38.8228 		5
v 46.083 		-40.768 		3.25
v 45.848 		-38.217 		3.25
v 45.492 		-41.072 		2.322
v 45.285 		-38.815 		2.322
v 44.59 		-39.553 		1.521
v 43.564 		-39.025 		0.871
v 42.538 		-39.553 		0.392
v 42.285 		-38.815 		0.392
v 41.992 		-38.217 		0.392
v 44.764 		-41.447 		1.521
v 43.92 		-41.881 		0.871
v 43.785 		-40.407 		0.871
v 42.894 		-41.353 		0.392
v 42.743 		-40.407 		0.392
v 41.868 		-41.881 		0.099
v 41.764 		-41.447 		0.099
v 41.635 		-41.072 		0.099
v 41.486 		-40.768 		0.099
v 41.322 		-40.544 		0.099
v 41.146 		-40.407 		0.099
v 46.083 		-46.032 		3.25
v 46.162 		-43.4 		3.25
v 45.492 		-45.728 		2.322
v 40.361 		-63.983 		4.316
v 45.522 		-55.221 		6.883
v 40.583 		-64.398 		4.316
v 37.445 		-34.783 		2.322
v 36.985 		-36.697 		2.322
v 38.486 		-34.783 		1.521
v 40.821 		-64.653 		5.684
v 40.56 		-64.653 		5.347
v 40.965 		-34.65 		0.871
v 40.809 		-64.919 		5.347
v 40.445 		-34.783 		0.871
v 40.552 		-64.738 		5
v 40.805 		-65.009 		5
v 40.56 		-64.653 		4.653
v 40.809 		-64.919 		4.653
v 40.821 		-64.653 		4.316
v 41.715 		-63.6 		4
v 41.901 		-63.08 		4
v 41.459 		-63.419 		3.714
v 41.64 		-63.08 		3.714
v 41.804 		-62.621 		3.714
v 41.066 		-62.957 		3.468
v 41.233 		-62.898 		3.468
v 41.395 		-62.724 		3.468
v 45.552 		-55.392 		6.821
v 45.629 		-55.457 		6.75
v 45.685 		-55.504 		6.671
v 45.72 		-55.533 		6.587
v 45.732 		-55.543 		6.5
v 45.608 		-55.666 		6.5
v 45.72 		-55.533 		6.413
v 45.685 		-55.504 		6.329
v 45.458 		-55.487 		6.821
v 45.399 		-55.65 		6.75
v 45.522 		-55.563 		6.75
v 45.435 		-55.714 		6.671
v 45.57 		-55.62 		6.671
v 45.458 		-55.753 		6.587
v 45.599 		-55.654 		6.587
v 45.466 		-55.766 		6.5
v 45.599 		-55.654 		6.413
v 45.57 		-55.62 		6.329
v 39.939 		-35.178 		0.871
v 39.465 		-35.822 		0.871
v 39.037 		-36.697 		0.871
v 40.965 		-37.415 		0.392
v 40.609 		-37.506 		0.392
v 40.264 		-37.776 		0.392
v 38.011 		-36.169 		1.521
v 37.625 		-37.776 		1.521
v 38.667 		-37.776 		0.871
v 36.465 		-35.822 		3.25
v 45.492 		-41.072 		10.678
v 45.285 		-38.815 		10.678
v 46.083 		-40.768 		9.75
v 45.848 		-38.217 		9.75
v 46.518 		-40.544 		8.723
v 42.935 		-38.033 		12.456
v 42.8529 		-38.163 		12.5205
v 42.8766 		-38.2047 		12.5085
v 40.281 		-32.359 		12.243
v 40.296 		-54.478 		1.521
v 40.965 		-54.649 		1.521
v 44.377 		-22.097 		3.418
v 44.498 		-25.419 		3.571
v 44.221 		-22.926 		2.81
v 40.56 		-59.456 		3.121
v 42.9858 		-38.3626 		12.4123
v 40.116 		-59.77 		3.468
v 42.5242 		-59.9381 		5.347
v 42.5316 		-59.8672 		5.2595
v 40.327 		-59.621 		3.268
v 42.5537 		-59.6569 		5
v 42.543 		-59.5083 		4.789
v 42.536 		-59.4126 		4.653
v 42.5388 		-59.4511 		4.7078
v 42.4726 		-59.2115 		4.316
v 42.4811 		-59.2388 		4.3616
v 40.583 		-59.802 		3.121
v 42.4594 		-59.1928 		4.277
v 42.894 		-58.853 		4.277
v 43.0822 		-38.4874 		12.3097
v 40.159 		-60.419 		3.468
v 40.361 		-60.126 		3.268
v 40.621 		-60.126 		3.121
v 40.672 		-60.419 		3.121
v 42.4304 		-59.1 		4.1878
v 40.84 		-59.621 		3.03
v 40.866 		-59.77 		3.03
v 40.898 		-59.898 		3.03
v 40.935 		-60.002 		3.03
v 41.8254 		-58.3967 		3.2985
v 41.8748 		-58.4372 		3.3407
v 40.976 		-60.079 		3.03
v 41.548 		-58.398 		3.121
v 39.786 		-60.002 		4
v 41.265 		-58.43 		3.03
v 39.934 		-59.898 		3.714
v 41.233 		-58.302 		3.03
v 39.986 		-60.672 		3.714
v 41.868 		-58.325 		3.25
v 40.416 		-60.6 		3.268
v 41.7898 		-58.3675 		3.268
v 40.736 		-60.672 		3.121
v 41.7589 		-58.3528 		3.25
v 40.809 		-60.877 		3.121
v 41.066 		-64.296 		4
v 41.291 		-64.217 		4
v 41.51 		-63.983 		4
v 39.433 		-32.979 		12.056
v 41.066 		-63.696 		3.714
v 41.265 		-63.626 		3.714
v 40.23 		-63.08 		4
v 40.416 		-63.6 		4
v 40.327 		-62.621 		3.714
v 40.491 		-63.08 		3.714
v 40.672 		-63.419 		3.714
v 38.739 		-33.246 		11.626
v 40.736 		-62.724 		3.468
v 38.549 		-31.541 		11.106
v 40.898 		-62.898 		3.468
v 40.621 		-63.983 		4
v 40.84 		-64.217 		4
v 40.866 		-63.626 		3.714
v 55.035 		-35.9 		8
v 55.035 		-35.9 		5
v 46.973 		-11.814 		1
v 47.653 		-12.557 		1
v 48.241 		-13.414 		1
v 48.649 		-14.386 		1
v 48.92 		-15.472 		1
v 48.965 		-16.558 		1
v 48.241 		-13.414 		5
v 47.653 		-12.557 		5
v 46.973 		-11.814 		5
v 48.965 		-16.558 		5
v 48.92 		-15.472 		5
v 48.649 		-14.386 		5
v 35.684 		-11.38 		1
v 35.684 		-11.38 		5
v 36.544 		-11.042 		1
v 35.9397 		-16.5604 		1
v 36.721 		-18.446 		1
v 36.355 		-17.902 		1
v 36.104 		-17.289 		1
v 35.941 		-16.606 		1
v 36.544 		-11.042 		5
v 35.9397 		-16.5604 		5
v 43.966 		-23.967 		2.32
v 43.619 		-21.891 		1.686
v 43.313 		-23.352 		1.402
v 42.935 		-21.767 		0.918
v 42.251 		-22.603 		0.543
v 41.845 		-21.808 		0.3
v 43.619 		-25.189 		1.962
v 42.935 		-25.012 		1.278
v 42.618 		-23.682 		0.872
v 41.966 		-24.947 		0.747
v 41.65 		-24.328 		0.558
v 41.313 		-23.95 		0.443
v 37.554 		-22.097 		3.418
v 37.71 		-22.926 		2.81
v 37.433 		-25.419 		3.571
v 37.965 		-23.967 		2.32
v 45.562 		-43.4 		2.322
v 44.822 		-43.4 		1.521
v 43.966 		-43.4 		0.871
v 35.941 		-16.606 		5
v 36.104 		-17.289 		5
v 36.355 		-17.902 		5
v 36.721 		-18.446 		5
v 45.894 		-16.729 		1
v 45.712 		-17.404 		1
v 45.444 		-18.006 		1
v 45.062 		-18.534 		1
v 45.062 		-18.534 		5
v 45.444 		-18.006 		5
v 45.712 		-17.404 		5
v 45.894 		-16.729 		5
v 45.9108 		-16.5597 		1
v 45.343 		-10.957 		1
v 46.204 		-11.299 		1
v 45.9108 		-16.5597 		5
v 45.343 		-10.957 		5
v 46.204 		-11.299 		5
v 37.405 		-10.985 		1
v 38.311 		-11.041 		1
v 39.171 		-11.379 		1
v 37.405 		-10.985 		5
v 39.171 		-11.379 		5
v 38.311 		-11.041 		5
v 41.266 		-12.559 		1
v 41.946 		-11.815 		1
v 42.716 		-11.301 		1
v 43.577 		-10.957 		1
v 44.437 		-10.9 		1
v 39.941 		-11.885 		1
v 40.62 		-12.617 		1
v 44.437 		-10.9 		5
v 43.577 		-10.957 		5
v 42.716 		-11.301 		5
v 41.946 		-11.815 		5
v 41.266 		-12.559 		5
v 39.941 		-11.885 		5
v 40.62 		-12.617 		5
v 42.251 		-21.151 		8.447
v 42.986 		-42.361 		0.392
v 41.992 		-42.872 		0.099
v 41.945 		-42.361 		0.099
v 43.018 		-43.4 		0.392
v 39.68 		-21.151 		8.447
v 41.992 		-43.928 		0.099
v 42.007 		-43.4 		0.099
v 42.743 		-57.641 		3.25
v 41.9608 		-58.4683 		3.4166
v 38.086 		-32.579 		10.792
v 44.764 		-45.353 		1.521
v 43.564 		-56.525 		3.25
v 44.306 		-55.01 		3.25
v 43.92 		-44.919 		0.871
v 41.6437 		-58.2584 		3.1844
v 38.0373 		-33.8879 		10.8978
v 41.5213 		-58.1701 		3.121
v 37.9426 		-33.3307 		10.678
v 42.894 		-45.447 		0.392
v 41.4751 		-58.1545 		3.1065
v 41.4579 		-58.1498 		3.1016
v 42.986 		-44.439 		0.392
v 41.3571 		-58.1218 		3.0732
v 41.3149 		-58.1133 		3.063
v 41.486 		-46.032 		0.099
v 41.2742 		-58.1051 		3.0532
v 37.7602 		-32.8763 		10.307
v 37.8522 		-33.1734 		10.5197
v 37.8696 		-33.2036 		10.5501
v 41.635 		-45.728 		0.099
v 41.2253 		-58.0992 		3.0434
v 41.196 		-58.198 		3.03
v 41.2105 		-58.0974 		3.0405
v 41.155 		-58.121 		3.03
v 41.1573 		-58.0958 		3.0324
v 41.1602 		-58.0959 		3.0329
v 41.133 		-58.0975 		3.03
v 41.1527 		-58.0961 		3.032
v 41.1098 		-58.1019 		3.0292
v 37.948 		-30.413 		10.131
v 41.066 		-58.1117 		3.0285
v 41.0222 		-58.1231 		3.0286
v 41.764 		-56.602 		2.322
v 37.554 		-31.087 		9.607
v 37.6442 		-32.5018 		10.0387
v 37.5574 		-31.9872 		9.75
v 36.985 		-33.658 		9.75
v 38.312 		-21.891 		1.686
v 38.996 		-21.767 		0.918
v 38.618 		-23.352 		1.402
v 40.086 		-21.808 		0.3
v 37.5233 		-31.9221 		9.6569
v 39.68 		-22.603 		0.543
v 37.5153 		-31.9066 		9.6349
v 37.2878 		-31.4076 		8.9773
v 37.3368 		-31.5649 		9.1471
v 37.2552 		-31.3027 		8.8642
v 37.2326 		-31.1192 		8.723
v 39.313 		-23.682 		0.872
v 38.996 		-25.012 		1.278
v 37.1367 		-30.9136 		8.2458
v 37.1977 		-31.0444 		8.5492
v 40.965 		-23.822 		0.404
v 40.618 		-23.95 		0.443
v 36.646 		-32.83 		8.723
v 40.281 		-24.328 		0.558
v 39.965 		-24.947 		0.747
v 39.68 		-34.014 		12.372
v 39.965 		-34.853 		12.628
v 40.281 		-35.472 		12.816
v 40.618 		-35.85 		12.932
v 38.312 		-25.189 		1.962
v 39.845 		-60.877 		4
v 42.251 		-25.786 		1.003
v 40.101 		-59.1 		3.468
v 40.0226 		-58.7254 		3.5835
v 40.0397 		-58.7099 		3.5612
v 40.315 		-59.1 		3.268
v 40.327 		-58.579 		3.268
v 40.552 		-59.1 		3.121
v 39.68 		-25.786 		1.003
v 40.56 		-58.744 		3.121
v 40.809 		-59.281 		3.03
v 40.805 		-59.1 		3.03
v 40.821 		-59.456 		3.03
v 40.821 		-58.744 		3.03
v 40.809 		-58.919 		3.03
v 39.7538 		-59.1 		4.035
v 39.766 		-59.1 		4
v 39.7636 		-59.0734 		4.0086
v 39.7668 		-59.0648 		4
v 39.916 		-59.1 		3.714
v 39.8839 		-58.8774 		3.7846
v 39.9224 		-58.8161 		3.714
v 40.1119 		-58.6112 		3.468
v 40.227 		-58.5084 		3.3628
v 40.1577 		-58.5703 		3.4261
v 40.84 		-58.579 		3.03
v 41.764 		-45.353 		0.099
v 41.868 		-44.919 		0.099
v 41.945 		-44.439 		0.099
v 35.2074 		-45.378 		8
v 35.1486 		-43.4 		8
v 35.2366 		-40.4535 		8
v 35.3227 		-39.5148 		8
v 35.3282 		-39.4554 		8
v 35.2362 		-39.4273 		7.629
v 35.1777 		-42.4315 		8
v 35.1757 		-39.4088 		6.8765
v 35.1451 		-39.3995 		6.5
v 35.2058 		-39.418 		5.7442
v 35.2362 		-39.4273 		5.371
v 35.1486 		-43.4 		5
v 35.1777 		-44.3685 		5
v 35.327 		-43.4 		4.277
v 35.3284 		-39.4555 		5
v 35.2366 		-40.4535 		5
v 35.413 		-40.544 		4.277
v 35.2074 		-41.422 		5
v 39.939 		-38.217 		0.392
v 39.646 		-38.815 		0.392
v 39.393 		-39.553 		0.392
v 37.341 		-39.553 		1.521
v 40.965 		-35.978 		12.971
v 39.7485 		-36.6337 		12.783
v 39.68 		-36.6453 		12.7523
v 39.5807 		-36.6621 		12.7076
v 39.5067 		-36.6875 		12.6762
v 40.1949 		-36.584 		12.9299
v 40.1722 		-36.5817 		12.9218
v 40.032 		-36.5918 		12.8751
v 39.8773 		-36.6028 		12.8233
v 40.465 		-36.5921 		12.9877
v 40.3694 		-36.5892 		12.9672
v 40.465 		-41.609 		22.996
v 39.313 		-36.118 		12.502
v 39.3359 		-36.7274 		12.5681
v 39.2791 		-36.7406 		12.5322
v 39.2048 		-36.7718 		12.4863
v 45.685 		-54.638 		6.821
v 45.629 		-54.517 		6.821
v 45.716 		-54.467 		6.75
v 45.779 		-54.43 		6.671
v 45.818 		-54.408 		6.587
v 38.996 		-36.8407 		12.3237
v 38.9741 		-36.848 		12.3068
v 38.996 		-34.788 		12.096
v 38.312 		-34.611 		11.412
v 43.518 		-42.0876 		12.3352
v 38.3213 		-35.2635 		11.479
v 40.9256 		-13.0549 		5
v 43.5695 		-41.7159 		12.2933
v 43.92 		-41.881 		12.129
v 38.2175 		-34.9437 		11.3148
v 41.0185 		-12.9196 		2.394
v 41.0075 		-12.9356 		2.4549
v 38.1901 		-34.783 		11.2513
v 40.965 		-12.9975 		2.6912
v 38.312 		-35.2345 		11.4642
v 40.965 		-12.9 		2.388
v 37.445 		-34.783 		10.678
v 43.6003 		-41.2347 		12.2566
v 43.5954 		-40.7491 		12.2372
v 43.5966 		-40.8677 		12.2419
v 43.5846 		-40.6198 		12.2368
v 43.785 		-40.407 		12.129
v 40.9256 		-13.0549 		2.8293
v 40.8476 		-12.9431 		2.4012
v 40.9256 		-13.0549 		1
v 43.4893 		-39.7908 		12.2196
v 43.4251 		-39.5077 		12.2283
v 43.3851 		-39.3318 		12.2338
v 43.384 		-39.328 		12.234
v 40.965 		-12.9975 		2.0056
v 43.5587 		-40.2654 		12.2226
v 43.564 		-39.025 		12.129
v 40.8645 		-12.9673 		2.28
v 40.9256 		-13.0549 		1.8415
v 41.412 		-17.221 		6.736
v 43.2536 		-38.8909 		12.2446
v 43.1247 		-38.5603 		12.2651
v 43.1371 		-38.4171 		12.2457
v 44.764 		-41.447 		11.479
v 38.618 		-36.448 		11.973
v 45.832 		-54.4 		6.5
v 38.7422 		-36.9689 		12.1317
v 45.818 		-54.408 		6.413
v 38.367 		-39.025 		0.871
v 42.538 		-55.997 		2.322
v 45.849 		-54.579 		6.329
v 45.779 		-54.43 		6.329
v 43.264 		-55.01 		2.322
v 39.188 		-40.407 		0.392
v 45.779 		-54.604 		6.25
v 40.965 		-40.361 		0.099
v 45.716 		-54.467 		6.25
v 40.785 		-40.407 		0.099
v 40.609 		-40.544 		0.099
v 40.445 		-40.768 		0.099
v 40.296 		-41.072 		0.099
v 41.635 		-54.478 		1.521
v 45.685 		-54.638 		6.179
v 42.215 		-59.1 		3.714
v 39.037 		-41.353 		0.392
v 45.818 		-54.75 		6.25
v 42.03 		-59.1 		3.468
v 40.167 		-41.447 		0.099
v 40.063 		-41.881 		0.099
v 45.72 		-54.767 		6.179
v 41.816 		-59.1 		3.268
v 41.804 		-58.579 		3.268
v 41.571 		-59.456 		3.121
v 41.579 		-59.1 		3.121
v 41.571 		-58.744 		3.121
v 41.322 		-58.919 		3.03
v 41.31 		-58.744 		3.03
v 41.291 		-58.579 		3.03
v 41.326 		-59.1 		3.03
v 41.066 		-59.1 		3
v 42.1086 		-15.2614 		5
v 42.2337 		-15.4136 		5
v 41.5341 		-14.8479 		5
v 41.751 		-15.0038 		5
v 41.2351 		-14.7771 		5
v 42.498 		-17.041 		6.051
v 42.014 		-16.093 		5.762
v 41.498 		-15.513 		5.585
v 43.192 		-17.423 		5.437
v 42.6969 		-15.9751 		5
v 42.699 		-15.9788 		5
v 42.7047 		-15.9887 		5
v 43.2778 		-17.186 		5
v 43.0874 		-16.7891 		5
v 40.965 		-17.057 		6.686
v 40.519 		-17.221 		6.736
v 40.965 		-15.318 		5.525
v 40.965 		-14.7133 		5
v 37.167 		-41.447 		1.521
v 40.3969 		-14.8479 		5
v 40.6668 		-14.7841 		5
v 38.146 		-40.407 		0.871
v 39.8224 		-15.2614 		5
v 38.011 		-41.881 		0.871
v 40.0175 		-15.1211 		5
v 40.433 		-15.513 		5.585
v 39.917 		-16.093 		5.762
v 36.083 		-38.217 		3.25
v 35.848 		-40.768 		3.25
v 39.433 		-17.041 		6.051
v 36.646 		-38.815 		2.322
v 36.439 		-41.072 		2.322
v 39.2341 		-15.9751 		5
v 39.2383 		-15.97 		5
v 39.986 		-42.361 		0.099
v 39.939 		-42.872 		0.099
v 39.2263 		-15.9887 		5
v 38.739 		-17.423 		5.437
v 38.6532 		-17.186 		5
v 41.313 		-19.315 		7.886
v 42.251 		-18.503 		7.127
v 41.845 		-17.708 		6.885
v 42.935 		-18.327 		6.443
v 40.965 		-43.4 		0
v 43.313 		-19.912 		6.927
v 43.966 		-21.292 		6.618
v 39.939 		-43.928 		0.099
v 39.924 		-43.4 		0.099
v 44.59 		-39.553 		11.479
v 37.109 		-43.4 		1.521
v 41.966 		-20.312 		8.191
v 37.965 		-43.4 		0.871
v 41.65 		-19.694 		8.002
v 38.913 		-43.4 		0.392
v 45.492 		-45.728 		10.678
v 45.562 		-43.4 		10.678
v 46.083 		-46.032 		9.75
v 45.458 		-54.813 		6.933
v 45.599 		-54.788 		6.883
v 45.57 		-54.68 		6.883
v 45.599 		-54.788 		6.117
v 45.72 		-55.033 		6.179
v 45.732 		-54.9 		6.179
v 45.629 		-55.283 		6.179
v 45.685 		-55.162 		6.179
v 45.399 		-55.15 		6.933
v 45.435 		-55.071 		6.933
v 46.162 		-43.4 		9.75
v 45.458 		-54.987 		6.933
v 42.935 		-20.913 		7.863
v 42.618 		-19.582 		7.457
v 45.466 		-54.9 		6.933
v 46.604 		-43.4 		8.723
v 43.1343 		-43.488 		12.5479
v 43.1664 		-43.4 		12.533
v 44.624 		-18.989 		5
v 43.619 		-19.215 		5.984
v 45.379 		-55.392 		6.883
v 45.458 		-55.313 		6.883
v 43.3607 		-42.8229 		12.426
v 43.412 		-42.6444 		12.3973
v 43.505 		-42.1881 		12.3433
v 44.13 		-19.3 		5
v 43.287 		-43.0793 		12.4672
v 44.221 		-21.096 		5.75
v 42.9614 		-43.8687 		12.6202
v 43.0068 		-43.7631 		12.608
v 45.349 		-55.221 		6.933
v 41.0297 		-45.721 		12.9239
v 41.1036 		-45.6923 		12.9242
v 45.552 		-55.392 		6.179
v 41.2448 		-45.6384 		12.9224
v 45.608 		-54.9 		6.117
v 41.3057 		-45.6156 		12.9206
v 45.57 		-55.12 		6.117
v 41.3941 		-45.5677 		12.9185
v 41.486 		-46.032 		12.901
v 38.6664 		-36.9932 		12.0483
v 41.5628 		-45.4773 		12.9117
v 41.635 		-45.728 		12.901
v 41.5754 		-45.4706 		12.911
v 41.7589 		-45.3405 		12.9016
v 38.4248 		-37.1828 		11.8891
v 38.4664 		-36.4034 		11.7675
v 38.5273 		-36.8811 		11.8885
v 38.6388 		-37.0075 		12.0181
v 38.5682 		-37.0438 		11.9406
v 38.011 		-36.169 		11.479
v 37.9492 		-37.776 		11.6813
v 37.8805 		-37.8779 		11.6536
v 37.625 		-37.776 		11.479
v 38.3789 		-37.2235 		11.8665
v 38.1183 		-37.5255 		11.7492
v 36.985 		-36.697 		10.678
v 36.465 		-35.822 		9.75
v 43.845 		-18.843 		5.063
v 45.599 		-55.012 		6.117
v 36.083 		-35.178 		8.723
v 35.667 		-37.776 		8.723
v 44.377 		-26.037 		8.066
v 44.724 		-28.985 		8.157
v 45.379 		-55.392 		6.117
v 44.667 		-26.245 		7.321
v 45.458 		-55.313 		6.117
v 44.905 		-29.435 		7.434
v 45.522 		-55.221 		6.117
v 44.845 		-26.564 		6.557
v 45.629 		-55.457 		6.25
v 44.905 		-26.984 		5.798
v 44.845 		-27.493 		5.065
v 44.667 		-28.075 		4.381
v 45.287 		-55.457 		6.883
v 45.228 		-55.62 		6.821
v 45.349 		-55.563 		6.821
v 44.377 		-28.713 		3.768
v 44.221 		-26.265 		3.021
v 43.983 		-29.387 		3.243
v 45.262 		-55.714 		6.75
v 43.845 		-27.221 		2.582
v 45.287 		-55.783 		6.671
v 43.382 		-28.259 		2.269
v 38.945 		-42.361 		0.392
v 45.458 		-55.753 		6.413
v 45.137 		-55.87 		6.587
v 39.037 		-45.447 		0.392
v 39.986 		-44.439 		0.099
v 40.063 		-44.919 		0.099
v 40.167 		-45.353 		0.099
v 40.296 		-45.728 		0.099
v 40.445 		-46.032 		0.099
v 37.167 		-45.353 		1.521
v 38.011 		-44.919 		0.871
v 38.945 		-44.439 		0.392
v 43.4651 		-17.7101 		5
v 43.7959 		-18.6367 		5
v 44.377 		-21.168 		4.911
v 35.848 		-46.032 		3.25
v 35.769 		-43.4 		3.25
v 43.968 		-19.3595 		5
v 43.855 		-18.8404 		5
v 44.0378 		-19.3339 		4.5491
v 36.369 		-43.4 		2.322
v 44.069 		-19.3224 		4.3474
v 36.439 		-45.728 		2.322
v 45.285 		-47.985 		10.678
v 43.8304 		-18.7556 		5
v 44.43 		-21.505 		4.126
v 45.848 		-48.583 		9.75
v 46.264 		-49.024 		8.723
v 46.518 		-46.256 		8.723
v 40.965 		-19.187 		7.848
v 40.618 		-19.315 		7.886
v 41.146 		-46.393 		12.901
v 41.322 		-46.256 		12.901
v 41.322 		-49.294 		12.608
v 40.086 		-17.708 		6.885
v 41.667 		-49.024 		12.608
v 39.68 		-18.503 		7.127
v 41.992 		-48.583 		12.608
v 42.285 		-47.985 		12.608
v 42.538 		-47.247 		12.608
v 42.743 		-46.393 		12.608
v 41.31 		-59.456 		3.03
v 41.322 		-59.281 		3.03
v 42.894 		-50.103 		12.129
v 43.264 		-49.024 		12.129
v 43.564 		-47.775 		12.129
v 38.996 		-18.327 		6.443
v 43.785 		-46.393 		12.129
v 44.306 		-49.024 		11.479
v 44.59 		-47.247 		11.479
v 40.281 		-19.694 		8.002
v 39.965 		-20.312 		8.191
v 44.946 		-50.103 		10.678
v 39.313 		-19.582 		7.457
v 38.996 		-20.913 		7.863
v 45.466 		-50.978 		9.75
v 45.285 		-53.97 		8.723
v 38.618 		-19.912 		6.927
v 45.848 		-51.622 		8.723
v 37.965 		-21.292 		6.618
v 37.147 		-18.92 		5
v 41.486 		-52.017 		12.129
v 41.992 		-51.622 		12.129
v 37.631 		-19.252 		5
v 42.466 		-50.978 		12.129
v 38.312 		-19.215 		5.984
v 43.445 		-52.017 		11.479
v 38.1351 		-18.6367 		5
v 38.086 		-18.843 		5.063
v 43.92 		-50.631 		11.479
v 37.71 		-21.096 		5.75
v 44.486 		-52.017 		10.678
v 38.076 		-18.8404 		5
v 42.285 		-53.97 		11.479
v 42.894 		-53.142 		11.479
v 37.554 		-21.168 		4.911
v 37.9569 		-19.3874 		5
v 43.92 		-53.669 		10.678
v 44.946 		-53.142 		9.75
v 40.609 		-46.256 		12.901
v 40.785 		-46.393 		12.901
v 40.965 		-46.439 		12.901
v 39.188 		-46.393 		12.608
v 39.393 		-47.247 		12.608
v 39.646 		-47.985 		12.608
v 39.939 		-48.583 		12.608
v 40.264 		-49.024 		12.608
v 40.609 		-49.294 		12.608
v 40.965 		-49.385 		12.608
v 42.345 		-60.002 		4
v 42.197 		-59.898 		3.714
v 42.015 		-59.77 		3.468
v 41.804 		-59.621 		3.268
v 41.548 		-59.802 		3.121
v 41.972 		-60.419 		3.468
v 41.77 		-60.126 		3.268
v 41.459 		-60.419 		3.121
v 41.51 		-60.126 		3.121
v 41.196 		-60.002 		3.03
v 41.233 		-59.898 		3.03
v 42.845 		-29.346 		2.089
v 43.192 		-26.554 		1.748
v 42.498 		-26.821 		1.319
v 41.65 		-27.441 		1.131
v 41.433 		-27.018 		1.002
v 41.203 		-26.759 		0.923
v 42.698 		-28.02 		1.684
v 42.15 		-29.543 		1.773
v 42.014 		-28.723 		1.522
v 41.845 		-28.015 		1.306
v 41.265 		-59.77 		3.03
v 41.291 		-59.621 		3.03
v 41.02 		-60.126 		3.03
v 41.066 		-60.142 		3.03
v 41.111 		-60.126 		3.03
v 41.155 		-60.079 		3.03
v 42.286 		-60.877 		4
v 42.145 		-60.672 		3.714
v 41.715 		-60.6 		3.268
v 41.322 		-60.877 		3.121
v 41.395 		-60.672 		3.121
v 42.365 		-59.1 		4
v 38.146 		-46.393 		12.129
v 38.367 		-47.775 		12.129
v 38.667 		-49.024 		12.129
v 39.037 		-50.103 		12.129
v 37.341 		-47.247 		11.479
v 37.625 		-49.024 		11.479
v 36.985 		-50.103 		10.678
v 36.646 		-47.985 		10.678
v 36.083 		-48.583 		9.75
v 35.413 		-46.256 		8.723
v 35.667 		-49.024 		8.723
v 39.465 		-50.978 		12.129
v 39.939 		-51.622 		12.129
v 40.445 		-52.017 		12.129
v 40.965 		-52.15 		12.129
v 38.011 		-50.631 		11.479
v 38.486 		-52.017 		11.479
v 37.445 		-52.017 		10.678
v 39.037 		-53.142 		11.479
v 39.646 		-53.97 		11.479
v 38.011 		-53.669 		10.678
v 36.985 		-53.142 		9.75
v 36.465 		-50.978 		9.75
v 36.083 		-51.622 		8.723
v 36.646 		-53.97 		8.723
v 46.518 		-49.294 		7.629
v 46.785 		-46.393 		7.629
v 46.699 		-46.194 		8
v 46.604 		-49.385 		6.5
v 46.874 		-46.439 		6.5
v 46.518 		-49.294 		5.371
v 46.785 		-46.393 		5.371
v 46.264 		-49.024 		4.277
v 42.3608 		-58.9111 		4
v 42.2782 		-58.7792 		3.8482
v 42.3073 		-58.8257 		3.9017
v 46.699 		-46.1939 		5
v 42.2051 		-58.6624 		3.714
v 42.0396 		-58.5124 		3.4983
v 42.0164 		-58.4914 		3.468
v 37.167 		-56.602 		7.629
v 38.011 		-58.325 		7.629
v 37.109 		-56.806 		6.5
v 37.167 		-56.602 		5.371
v 38.011 		-58.325 		5.371
v 37.341 		-55.997 		4.277
v 38.146 		-57.641 		4.277
v 36.152 		-54.604 		6.75
v 36.082 		-54.579 		6.671
v 36.211 		-54.767 		6.821
v 36.113 		-54.75 		6.75
v 36.04 		-54.737 		6.671
v 36.04 		-54.563 		6.587
v 35.996 		-54.729 		6.587
v 36.026 		-54.558 		6.5
v 35.981 		-54.726 		6.5
v 36.04 		-54.563 		6.413
v 35.996 		-54.729 		6.413
v 36.04 		-54.737 		6.329
v 36.332 		-55.012 		6.883
v 36.361 		-55.12 		6.883
v 36.199 		-54.9 		6.821
v 36.211 		-55.033 		6.821
v 36.099 		-54.9 		6.75
v 36.113 		-55.05 		6.75
v 36.04 		-55.063 		6.671
v 36.026 		-54.9 		6.671
v 36.246 		-55.162 		6.821
v 36.302 		-55.283 		6.821
v 36.379 		-55.392 		6.821
v 36.152 		-55.196 		6.75
v 36.215 		-55.333 		6.75
v 36.082 		-55.221 		6.671
v 36.152 		-55.37 		6.671
v 35.981 		-54.9 		6.587
v 35.996 		-55.071 		6.587
v 35.965 		-54.9 		6.5
v 35.981 		-55.074 		6.5
v 35.996 		-55.071 		6.413
v 35.981 		-54.9 		6.413
v 36.04 		-55.237 		6.587
v 36.113 		-55.392 		6.587
v 36.026 		-55.242 		6.5
v 36.099 		-55.4 		6.5
v 36.04 		-55.237 		6.413
v 36.113 		-55.392 		6.413
v 36.04 		-55.063 		6.329
v 36.026 		-54.9 		6.329
v 36.099 		-54.9 		6.25
v 36.113 		-55.05 		6.25
v 36.082 		-55.221 		6.329
v 36.152 		-55.37 		6.329
v 36.152 		-55.196 		6.25
v 36.215 		-55.333 		6.25
v 36.409 		-55.563 		6.75
v 36.302 		-55.457 		6.75
v 36.246 		-55.504 		6.671
v 36.361 		-55.62 		6.671
v 36.211 		-55.533 		6.587
v 36.332 		-55.654 		6.587
v 36.199 		-55.543 		6.5
v 36.323 		-55.666 		6.5
v 36.211 		-55.533 		6.413
v 36.332 		-55.654 		6.413
v 36.246 		-55.504 		6.329
v 41.3502 		-36.839 		13.0415
v 41.3214 		-36.8228 		13.0417
v 41.1007 		-36.7372 		13.0475
v 41.0406 		-36.7139 		13.0491
v 41.5983 		-36.9599 		13.0036
v 41.5874 		-36.9546 		13.0052
v 40.5891 		-36.6163 		13.0168
v 40.965 		-36.6975 		13.0525
v 40.7555 		-36.6361 		13.0308
v 40.7151 		-36.6313 		13.0274
# 2249 vertices

g group_0_6383466

usemtl color_6383466
s 0

f 5 	4 	2229
f 5 	2229 	6
f 5 	6 	294
f 296 	6 	7
f 7 	298 	296
f 304 	9 	303
f 14 	20 	13
f 12 	11 	10
f 15 	16 	17
f 15 	17 	18
f 1619 	1620 	33
f 15 	18 	19
f 27 	28 	1626
f 21 	16 	20
f 15 	20 	16
f 1618 	30 	1626
f 1626 	28 	1641
f 31 	1641 	28
f 1639 	1640 	23
f 22 	1640 	25
f 22 	24 	23
f 23 	1640 	22
f 25 	24 	22
f 26 	1821 	23
f 24 	26 	23
f 27 	1626 	30
f 29 	28 	27
f 27 	30 	29
f 25 	1641 	31
f 31 	28 	32
f 29 	32 	28
f 24 	25 	32
f 31 	32 	25
f 30 	1618 	34
f 34 	33 	379
f 30 	34 	379
f 29 	35 	32
f 36 	26 	37
f 26 	24 	37
f 37 	40 	38
f 37 	38 	36
f 40 	39 	38
f 40 	41 	39
f 196 	40 	37
f 1960 	1961 	1787
f 762 	1787 	764
f 530 	525 	45
f 44 	1762 	45
f 48 	1588 	47
f 49 	1588 	48
f 56 	1594 	55
f 55 	1594 	54
f 57 	1594 	56
f 1908 	53 	1594
f 56 	47 	46
f 56 	46 	57
f 51 	50 	53
f 51 	53 	52
f 50 	49 	54
f 50 	54 	53
f 49 	48 	55
f 49 	55 	54
f 48 	47 	56
f 48 	56 	55
f 874 	878 	59
f 62 	65 	61
f 1713 	65 	948
f 62 	66 	65
f 64 	66 	62
f 67 	1316 	194
f 1110 	68 	69
f 69 	1111 	1110
f 75 	2053 	79
f 78 	63 	1098
f 73 	2053 	74
f 2053 	75 	74
f 77 	86 	78
f 78 	87 	63
f 1102 	63 	88
f 88 	63 	87
f 76 	75 	79
f 80 	1106 	1102
f 1102 	88 	80
f 80 	68 	1106
f 68 	91 	69
f 58 	69 	91
f 85 	82 	79
f 83 	82 	85
f 76 	79 	81
f 86 	77 	95
f 81 	79 	82
f 78 	86 	87
f 84 	83 	85
f 90 	80 	88
f 84 	85 	89
f 80 	91 	68
f 80 	90 	91
f 90 	92 	91
f 92 	58 	91
f 85 	79 	93
f 92 	101 	58
f 93 	79 	2060
f 96 	97 	93
f 93 	97 	94
f 86 	735 	87
f 87 	98 	88
f 97 	1835 	94
f 735 	98 	87
f 98 	90 	88
f 98 	743 	90
f 90 	743 	92
f 743 	99 	92
f 99 	101 	92
f 99 	103 	101
f 101 	1341 	58
f 99 	749 	103
f 101 	104 	1341
f 101 	103 	104
f 105 	106 	107
f 105 	107 	123
f 103 	110 	104
f 105 	111 	106
f 103 	108 	110
f 109 	112 	111
f 109 	111 	105
f 114 	115 	113
f 109 	113 	115
f 108 	118 	151
f 108 	151 	110
f 114 	113 	116
f 120 	116 	113
f 109 	115 	112
f 1796 	117 	113
f 117 	119 	120
f 117 	120 	113
f 172 	171 	121
f 121 	173 	172
f 182 	174 	122
f 125 	1793 	124
f 123 	124 	105
f 126 	139 	106
f 106 	111 	126
f 111 	112 	126
f 115 	126 	112
f 114 	126 	115
f 114 	116 	126
f 116 	120 	126
f 119 	126 	120
f 124 	123 	139
f 107 	106 	139
f 123 	107 	139
f 119 	117 	127
f 130 	131 	129
f 2014 	129 	131
f 136 	133 	132
f 132 	133 	134
f 133 	135 	134
f 133 	138 	135
f 134 	135 	1962
f 132 	131 	136
f 131 	132 	2014
f 645 	646 	136
f 133 	136 	137
f 647 	648 	137
f 133 	137 	138
f 143 	144 	139
f 140 	139 	141
f 141 	139 	144
f 146 	139 	145
f 146 	149 	139
f 148 	139 	147
f 145 	139 	148
f 150 	240 	139
f 149 	150 	139
f 241 	142 	139
f 241 	139 	240
f 752 	118 	108
f 118 	153 	151
f 118 	152 	153
f 152 	154 	155
f 155 	153 	152
f 154 	2129 	155
f 1096 	1124 	77
f 157 	932 	937
f 939 	1136 	158
f 159 	95 	77
f 211 	95 	159
f 157 	213 	214
f 214 	160 	157
f 121 	122 	173
f 173 	122 	174
f 161 	20 	14
f 21 	20 	161
f 163 	164 	165
f 215 	158 	162
f 162 	218 	215
f 19 	163 	165
f 15 	19 	165
f 122 	184 	182
f 916 	160 	166
f 171 	172 	126
f 119 	127 	126
f 409 	307 	168
f 308 	168 	307
f 411 	408 	170
f 117 	171 	169
f 127 	117 	169
f 117 	121 	171
f 20 	168 	308
f 175 	183 	122
f 187 	186 	175
f 190 	189 	175
f 127 	169 	126
f 126 	172 	178
f 171 	126 	169
f 180 	181 	179
f 172 	173 	178
f 185 	188 	180
f 180 	188 	181
f 173 	174 	178
f 122 	183 	184
f 183 	175 	186
f 187 	175 	189
f 188 	202 	181
f 185 	193 	188
f 192 	193 	185
f 24 	32 	195
f 195 	37 	24
f 195 	196 	37
f 197 	41 	198
f 40 	198 	41
f 199 	1588 	197
f 199 	197 	198
f 1632 	1633 	197
f 50 	197 	49
f 1592 	1588 	199
f 196 	198 	40
f 1588 	49 	197
f 290 	1591 	199
f 200 	195 	32
f 35 	200 	32
f 200 	201 	195
f 202 	188 	203
f 193 	203 	188
f 193 	204 	203
f 204 	287 	203
f 205 	207 	418
f 388 	311 	206
f 310 	206 	311
f 206 	2194 	205
f 421 	208 	429
f 421 	2 	208
f 209 	433 	208
f 156 	210 	211
f 211 	159 	156
f 937 	158 	213
f 213 	157 	937
f 166 	160 	216
f 160 	214 	216
f 210 	166 	1199
f 215 	213 	158
f 1199 	166 	216
f 210 	1201 	211
f 210 	1199 	1201
f 95 	211 	732
f 214 	213 	1202
f 1203 	216 	214
f 1205 	216 	1203
f 162 	217 	218
f 221 	222 	219
f 219 	222 	220
f 217 	1216 	218
f 220 	1216 	217
f 1145 	221 	219
f 221 	224 	222
f 223 	224 	221
f 225 	43 	226
f 227 	43 	225
f 237 	228 	227
f 228 	239 	227
f 227 	239 	43
f 231 	1057 	232
f 232 	1058 	233
f 233 	236 	234
f 233 	1058 	236
f 234 	237 	235
f 234 	236 	237
f 235 	227 	225
f 227 	235 	237
f 236 	238 	237
f 238 	228 	237
f 238 	338 	228
f 229 	338 	238
f 143 	139 	142
f 244 	139 	243
f 246 	139 	245
f 247 	139 	246
f 248 	139 	247
f 249 	139 	248
f 147 	139 	249
f 244 	245 	139
f 250 	251 	139
f 251 	252 	139
f 252 	242 	139
f 242 	243 	139
f 260 	257 	903
f 256 	253 	139
f 258 	259 	903
f 250 	139 	253
f 256 	139 	255
f 255 	139 	254
f 260 	903 	259
f 139 	903 	254
f 257 	254 	903
f 270 	2005 	265
f 3 	2194 	206
f 310 	170 	3
f 286 	271 	272
f 202 	203 	272
f 286 	288 	271
f 271 	288 	275
f 277 	285 	278
f 280 	438 	281
f 284 	285 	277
f 285 	437 	278
f 272 	287 	286
f 275 	288 	284
f 277 	275 	284
f 272 	203 	287
f 195 	201 	196
f 198 	196 	502
f 199 	198 	290
f 503 	290 	198
f 208 	4 	209
f 4 	291 	209
f 209 	291 	454
f 369 	1954 	293
f 4 	5 	291
f 293 	295 	369
f 293 	292 	2038
f 450 	451 	294
f 456 	457 	294
f 299 	369 	295
f 6 	296 	294
f 297 	295 	2038
f 293 	2038 	295
f 367 	371 	369
f 298 	7 	8
f 295 	297 	299
f 296 	298 	463
f 8 	2236 	300
f 300 	301 	8
f 298 	8 	301
f 797 	799 	301
f 471 	301 	300
f 304 	470 	302
f 473 	303 	305
f 303 	473 	304
f 9 	304 	302
f 306 	305 	303
f 278 	305 	306
f 161 	1 	21
f 13 	1 	14
f 16 	21 	1
f 18 	17 	1
f 19 	18 	1
f 16 	1 	17
f 14 	1 	161
f 553 	554 	192
f 560 	557 	192
f 565 	577 	288
f 784 	854 	285
f 305 	278 	437
f 13 	20 	308
f 309 	310 	311
f 312 	310 	309
f 313 	314 	223
f 223 	314 	224
f 184 	183 	178
f 314 	313 	316
f 313 	315 	316
f 182 	184 	178
f 174 	182 	178
f 183 	186 	178
f 187 	178 	186
f 459 	2129 	154
f 189 	190 	178
f 191 	656 	190
f 656 	178 	190
f 126 	178 	2165
f 321 	466 	324
f 466 	321 	467
f 478 	1787 	477
f 481 	482 	1787
f 329 	330 	327
f 474 	1787 	335
f 330 	334 	1666
f 1982 	332 	328
f 1982 	335 	333
f 1982 	333 	332
f 336 	1751 	337
f 228 	339 	239
f 338 	339 	228
f 338 	229 	342
f 338 	342 	344
f 338 	344 	339
f 1682 	336 	353
f 1081 	345 	342
f 342 	1991 	344
f 342 	345 	1991
f 345 	1994 	1991
f 330 	329 	346
f 347 	331 	361
f 347 	340 	331
f 346 	361 	331
f 346 	334 	330
f 346 	331 	334
f 348 	349 	682
f 350 	336 	337
f 347 	350 	337
f 337 	340 	347
f 351 	343 	352
f 343 	351 	341
f 352 	343 	1677
f 1677 	353 	352
f 354 	320 	318
f 354 	318 	355
f 322 	320 	354
f 322 	354 	327
f 354 	355 	329
f 357 	329 	355
f 329 	327 	354
f 346 	329 	357
f 361 	357 	356
f 356 	360 	361
f 357 	361 	346
f 1853 	364 	358
f 1853 	363 	364
f 365 	359 	358
f 365 	358 	364
f 359 	365 	350
f 1510 	366 	297
f 297 	366 	367
f 367 	299 	297
f 369 	375 	368
f 370 	375 	369
f 299 	367 	369
f 370 	371 	372
f 370 	369 	371
f 372 	371 	366
f 367 	366 	371
f 372 	373 	370
f 33 	34 	1619
f 1618 	1619 	34
f 373 	378 	370
f 373 	372 	382
f 374 	375 	370
f 374 	370 	378
f 33 	375 	376
f 374 	377 	375
f 374 	378 	377
f 376 	377 	382
f 382 	378 	373
f 375 	377 	376
f 378 	382 	377
f 376 	379 	33
f 376 	380 	379
f 29 	30 	379
f 379 	35 	29
f 382 	383 	376
f 379 	381 	35
f 381 	379 	380
f 381 	510 	35
f 35 	510 	200
f 381 	380 	384
f 1596 	382 	366
f 372 	366 	382
f 1598 	383 	382
f 383 	380 	376
f 380 	1600 	384
f 710 	381 	384
f 390 	170 	312
f 395 	128 	394
f 399 	2015 	398
f 130 	400 	641
f 639 	131 	130
f 136 	131 	639
f 137 	646 	647
f 137 	136 	646
f 648 	650 	137
f 138 	137 	649
f 654 	138 	649
f 261 	258 	903
f 261 	903 	262
f 263 	262 	903
f 263 	903 	264
f 264 	903 	265
f 267 	903 	268
f 266 	903 	267
f 270 	903 	266
f 268 	903 	269
f 265 	903 	270
f 269 	903 	385
f 385 	903 	386
f 387 	386 	903
f 392 	391 	903
f 391 	389 	903
f 387 	903 	389
f 394 	393 	903
f 392 	903 	393
f 394 	903 	395
f 395 	903 	396
f 904 	397 	903
f 396 	903 	397
f 397 	904 	398
f 904 	399 	398
f 904 	400 	399
f 896 	191 	1848
f 405 	1793 	125
f 407 	168 	408
f 409 	168 	407
f 168 	170 	408
f 310 	312 	170
f 411 	170 	390
f 3 	206 	310
f 1733 	413 	279
f 412 	413 	1733
f 279 	413 	435
f 416 	205 	415
f 414 	415 	205
f 206 	205 	417
f 416 	417 	205
f 435 	410 	279
f 414 	205 	418
f 207 	419 	418
f 420 	421 	422
f 423 	421 	420
f 207 	421 	423
f 207 	423 	419
f 422 	421 	424
f 429 	430 	421
f 2 	421 	207
f 388 	206 	406
f 417 	406 	206
f 424 	421 	430
f 430 	429 	431
f 1200 	413 	412
f 429 	432 	431
f 432 	208 	433
f 429 	208 	432
f 434 	454 	427
f 434 	433 	209
f 209 	454 	434
f 436 	438 	280
f 281 	439 	282
f 438 	439 	281
f 284 	784 	285
f 437 	285 	853
f 412 	1198 	1200
f 427 	454 	426
f 425 	454 	428
f 442 	443 	444
f 441 	454 	442
f 436 	1204 	438
f 443 	445 	444
f 1269 	439 	438
f 445 	443 	446
f 448 	446 	443
f 447 	443 	291
f 448 	443 	447
f 449 	448 	447
f 447 	294 	451
f 273 	274 	576
f 447 	451 	449
f 452 	294 	453
f 450 	294 	452
f 426 	454 	425
f 440 	428 	454
f 440 	454 	441
f 443 	442 	454
f 291 	443 	454
f 447 	291 	5
f 5 	294 	447
f 455 	294 	457
f 453 	294 	455
f 456 	294 	296
f 456 	460 	457
f 459 	458 	317
f 458 	464 	317
f 462 	456 	461
f 463 	461 	456
f 456 	462 	460
f 296 	463 	456
f 461 	463 	465
f 464 	319 	317
f 464 	467 	319
f 463 	298 	789
f 789 	542 	463
f 301 	471 	797
f 476 	477 	1787
f 300 	302 	471
f 480 	1787 	479
f 796 	797 	471
f 483 	1787 	482
f 471 	302 	470
f 800 	798 	471
f 470 	801 	471
f 1787 	475 	476
f 815 	473 	305
f 474 	335 	484
f 1982 	484 	335
f 437 	815 	305
f 411 	390 	1
f 480 	481 	1787
f 13 	308 	1
f 485 	477 	484
f 307 	1 	308
f 476 	484 	477
f 475 	484 	476
f 478 	477 	485
f 479 	478 	485
f 479 	485 	480
f 311 	388 	1
f 408 	1 	407
f 312 	309 	1
f 1 	388 	406
f 309 	311 	1
f 407 	1 	409
f 411 	1 	408
f 482 	1169 	483
f 307 	409 	1
f 483 	1169 	472
f 390 	312 	1
f 1169 	482 	485
f 481 	485 	482
f 414 	418 	1
f 475 	474 	484
f 414 	1 	415
f 418 	419 	1
f 417 	416 	1
f 406 	417 	1
f 416 	415 	1
f 419 	423 	1
f 423 	420 	1
f 422 	1 	420
f 481 	480 	485
f 484 	487 	485
f 486 	487 	484
f 1 	427 	426
f 1 	426 	425
f 1 	425 	428
f 488 	487 	486
f 430 	1 	424
f 422 	424 	1
f 1 	430 	431
f 1 	432 	433
f 1 	431 	432
f 488 	1175 	487
f 1990 	1757 	488
f 433 	434 	1
f 434 	427 	1
f 440 	441 	1
f 428 	440 	1
f 441 	442 	1
f 442 	444 	1
f 444 	445 	1
f 2177 	1 	445
f 446 	448 	2177
f 446 	2177 	445
f 448 	449 	2177
f 449 	451 	2177
f 451 	450 	2177
f 450 	452 	2177
f 452 	453 	2177
f 453 	455 	2177
f 455 	457 	2177
f 460 	2177 	457
f 460 	462 	2177
f 461 	2177 	462
f 2177 	461 	465
f 951 	1787 	950
f 563 	287 	204
f 949 	1787 	947
f 564 	565 	286
f 565 	288 	286
f 945 	946 	1787
f 490 	491 	499
f 11 	2076 	10
f 12 	10 	489
f 491 	490 	493
f 497 	493 	495
f 493 	492 	491
f 489 	499 	494
f 489 	494 	12
f 1607 	12 	494
f 492 	494 	499
f 493 	1607 	492
f 498 	496 	495
f 490 	495 	493
f 496 	497 	495
f 499 	500 	290
f 1589 	1590 	290
f 500 	1589 	290
f 491 	492 	499
f 498 	495 	499
f 490 	499 	495
f 496 	498 	501
f 501 	498 	509
f 497 	496 	501
f 196 	201 	502
f 504 	505 	290
f 503 	198 	502
f 498 	499 	290
f 505 	498 	290
f 507 	498 	506
f 498 	507 	509
f 505 	506 	498
f 506 	505 	508
f 504 	508 	505
f 290 	503 	504
f 503 	703 	504
f 504 	703 	508
f 703 	507 	506
f 506 	508 	703
f 507 	703 	509
f 511 	201 	200
f 510 	511 	200
f 201 	511 	512
f 513 	511 	514
f 513 	515 	511
f 511 	515 	512
f 513 	514 	515
f 502 	201 	512
f 359 	350 	360
f 360 	347 	361
f 360 	350 	347
f 351 	363 	924
f 363 	351 	352
f 364 	363 	352
f 364 	353 	365
f 364 	352 	353
f 365 	336 	350
f 326 	468 	528
f 365 	353 	336
f 528 	325 	326
f 468 	326 	323
f 44 	518 	519
f 520 	519 	518
f 323 	469 	468
f 521 	520 	518
f 44 	522 	517
f 2133 	324 	516
f 44 	519 	522
f 524 	2144 	522
f 517 	522 	2144
f 522 	519 	524
f 520 	524 	519
f 526 	525 	527
f 467 	1467 	466
f 521 	526 	520
f 527 	520 	526
f 520 	529 	524
f 527 	529 	520
f 403 	402 	139
f 140 	403 	139
f 531 	527 	530
f 525 	530 	527
f 402 	404 	139
f 404 	405 	139
f 405 	125 	139
f 125 	124 	139
f 530 	532 	531
f 531 	533 	527
f 533 	529 	527
f 532 	45 	535
f 901 	899 	401
f 535 	531 	532
f 531 	537 	533
f 536 	537 	538
f 536 	538 	534
f 535 	538 	537
f 535 	537 	531
f 536 	754 	537
f 539 	465 	463
f 298 	301 	789
f 463 	541 	539
f 463 	542 	541
f 1 	2159 	2158
f 796 	471 	798
f 177 	176 	552
f 552 	556 	177
f 529 	543 	524
f 540 	524 	543
f 544 	545 	546
f 544 	547 	545
f 164 	546 	165
f 545 	165 	546
f 805 	801 	470
f 550 	548 	549
f 551 	566 	550
f 545 	547 	550
f 548 	550 	547
f 550 	167 	545
f 167 	165 	545
f 465 	539 	2177
f 541 	2177 	539
f 566 	567 	550
f 549 	551 	550
f 167 	550 	176
f 2178 	2177 	790
f 567 	568 	552
f 568 	569 	552
f 1 	2177 	2175
f 176 	550 	552
f 569 	570 	552
f 560 	192 	555
f 554 	555 	192
f 556 	552 	570
f 558 	561 	557
f 559 	556 	697
f 559 	179 	556
f 559 	180 	179
f 556 	179 	177
f 561 	193 	192
f 832 	561 	558
f 192 	557 	561
f 204 	193 	561
f 562 	559 	701
f 561 	574 	204
f 834 	835 	561
f 832 	833 	561
f 180 	559 	562
f 562 	185 	180
f 706 	185 	562
f 564 	287 	563
f 574 	563 	204
f 563 	840 	564
f 1 	540 	546
f 546 	164 	1
f 164 	163 	1
f 574 	837 	563
f 549 	548 	540
f 544 	546 	540
f 564 	286 	287
f 19 	1 	163
f 548 	547 	540
f 547 	544 	540
f 540 	551 	549
f 552 	550 	567
f 288 	577 	284
f 577 	784 	284
f 556 	570 	571
f 704 	705 	562
f 853 	285 	852
f 571 	570 	543
f 570 	569 	543
f 540 	566 	551
f 540 	567 	566
f 569 	568 	540
f 567 	540 	568
f 576 	575 	273
f 1013 	274 	276
f 289 	410 	573
f 289 	573 	276
f 572 	558 	557
f 572 	560 	555
f 572 	555 	554
f 557 	560 	572
f 435 	1142 	410
f 574 	561 	835
f 212 	575 	983
f 984 	985 	575
f 1017 	1014 	576
f 575 	576 	1015
f 1015 	986 	575
f 579 	580 	1996
f 581 	583 	1996
f 580 	579 	578
f 578 	581 	580
f 584 	1996 	583
f 583 	585 	584
f 587 	584 	586
f 585 	586 	584
f 578 	582 	586
f 587 	586 	582
f 586 	585 	578
f 583 	581 	578
f 583 	578 	585
f 678 	588 	582
f 589 	591 	587
f 589 	590 	591
f 584 	587 	591
f 590 	592 	591
f 593 	2002 	592
f 594 	2002 	593
f 589 	587 	582
f 589 	582 	590
f 593 	592 	582
f 590 	582 	592
f 139 	126 	102
f 896 	1848 	895
f 591 	592 	2002
f 191 	190 	1848
f 594 	593 	588
f 582 	588 	593
f 401 	897 	895
f 401 	1854 	901
f 1854 	595 	596
f 1854 	596 	900
f 595 	599 	597
f 900 	901 	1854
f 600 	602 	1932
f 1932 	602 	603
f 594 	604 	2002
f 668 	2002 	604
f 600 	611 	605
f 600 	605 	602
f 599 	1932 	606
f 598 	597 	599
f 607 	598 	599
f 599 	606 	607
f 600 	616 	610
f 612 	588 	601
f 611 	600 	610
f 617 	614 	618
f 618 	614 	619
f 613 	619 	614
f 613 	627 	620
f 613 	620 	619
f 614 	617 	621
f 622 	615 	621
f 614 	621 	615
f 615 	625 	623
f 615 	623 	616
f 624 	616 	623
f 615 	622 	625
f 616 	624 	608
f 616 	608 	609
f 609 	610 	616
f 631 	1993 	630
f 633 	1995 	632
f 626 	627 	613
f 633 	636 	613
f 634 	633 	635
f 632 	635 	633
f 633 	634 	636
f 626 	613 	636
f 637 	638 	639
f 638 	640 	639
f 637 	639 	641
f 641 	639 	130
f 640 	642 	639
f 642 	643 	639
f 639 	644 	136
f 643 	644 	639
f 136 	644 	645
f 649 	137 	650
f 651 	649 	650
f 651 	652 	649
f 653 	649 	652
f 655 	654 	653
f 649 	653 	654
f 654 	629 	630
f 629 	654 	628
f 655 	628 	654
f 637 	641 	904
f 656 	596 	595
f 595 	597 	656
f 605 	656 	602
f 606 	603 	656
f 597 	598 	656
f 611 	656 	605
f 602 	656 	603
f 606 	656 	607
f 607 	656 	598
f 611 	610 	656
f 610 	609 	656
f 608 	656 	609
f 622 	621 	656
f 516 	1470 	469
f 1470 	516 	523
f 523 	324 	466
f 523 	516 	324
f 1550 	661 	659
f 665 	657 	658
f 672 	661 	1552
f 661 	1550 	1552
f 662 	325 	674
f 315 	730 	316
f 657 	730 	1725
f 657 	664 	730
f 730 	664 	663
f 594 	588 	604
f 612 	604 	588
f 658 	659 	665
f 664 	657 	665
f 2006 	669 	670
f 665 	666 	664
f 2006 	670 	671
f 665 	661 	666
f 2002 	668 	669
f 661 	665 	659
f 672 	666 	661
f 666 	672 	667
f 604 	612 	668
f 672 	673 	667
f 612 	670 	669
f 668 	612 	669
f 612 	671 	670
f 230 	231 	362
f 231 	232 	362
f 232 	233 	362
f 233 	234 	362
f 234 	235 	362
f 235 	225 	362
f 225 	226 	362
f 226 	42 	362
f 42 	1282 	362
f 885 	1078 	362
f 1078 	1079 	362
f 1079 	1080 	362
f 1118 	676 	578
f 1276 	1062 	362
f 1409 	677 	675
f 1062 	1289 	362
f 1289 	348 	362
f 675 	677 	678
f 348 	682 	362
f 675 	678 	676
f 682 	684 	362
f 676 	582 	578
f 362 	684 	791
f 676 	678 	582
f 1410 	1414 	677
f 677 	680 	678
f 679 	680 	677
f 678 	680 	588
f 679 	681 	683
f 679 	683 	680
f 680 	601 	588
f 362 	791 	793
f 680 	683 	601
f 362 	793 	694
f 681 	911 	683
f 685 	601 	683
f 362 	1050 	1051
f 688 	2008 	2006
f 688 	689 	2008
f 362 	1051 	230
f 786 	686 	691
f 601 	687 	612
f 601 	685 	687
f 688 	2006 	671
f 690 	2008 	689
f 2008 	691 	686
f 682 	349 	692
f 692 	684 	682
f 349 	693 	692
f 822 	693 	349
f 687 	689 	612
f 690 	689 	687
f 690 	687 	691
f 785 	687 	685
f 540 	543 	569
f 381 	710 	510
f 510 	711 	514
f 510 	514 	511
f 529 	696 	543
f 710 	711 	510
f 533 	696 	529
f 559 	697 	698
f 701 	559 	700
f 699 	700 	559
f 711 	515 	514
f 556 	571 	697
f 698 	699 	559
f 701 	702 	562
f 562 	702 	704
f 706 	562 	705
f 501 	509 	497
f 705 	707 	706
f 1700 	509 	703
f 707 	708 	706
f 512 	709 	502
f 185 	706 	192
f 708 	553 	192
f 708 	192 	706
f 502 	709 	503
f 709 	1701 	503
f 543 	696 	572
f 503 	1701 	703
f 698 	697 	543
f 571 	543 	697
f 512 	515 	1703
f 711 	1703 	515
f 698 	543 	699
f 699 	543 	700
f 700 	543 	701
f 702 	701 	543
f 704 	543 	705
f 702 	543 	704
f 572 	707 	543
f 705 	543 	707
f 554 	553 	572
f 707 	572 	708
f 708 	572 	553
f 537 	713 	533
f 533 	713 	696
f 713 	714 	696
f 2016 	2018 	719
f 721 	2019 	2020
f 721 	2020 	722
f 325 	528 	674
f 672 	660 	673
f 673 	662 	674
f 673 	660 	662
f 663 	316 	730
f 731 	733 	729
f 734 	86 	95
f 731 	719 	733
f 95 	732 	734
f 735 	86 	734
f 719 	721 	733
f 1201 	737 	732
f 732 	738 	734
f 732 	737 	738
f 736 	751 	722
f 734 	739 	735
f 721 	722 	751
f 734 	738 	739
f 722 	740 	736
f 735 	739 	741
f 722 	2021 	740
f 741 	98 	735
f 98 	741 	743
f 739 	738 	756
f 744 	728 	745
f 351 	924 	745
f 740 	725 	742
f 746 	741 	739
f 2021 	725 	740
f 742 	725 	727
f 739 	756 	746
f 741 	747 	743
f 746 	747 	741
f 727 	744 	742
f 747 	99 	743
f 727 	728 	744
f 746 	748 	747
f 745 	341 	351
f 748 	749 	747
f 341 	745 	728
f 748 	752 	749
f 729 	750 	757
f 747 	749 	99
f 750 	910 	716
f 729 	733 	750
f 752 	748 	969
f 750 	733 	751
f 749 	108 	103
f 749 	752 	108
f 977 	752 	969
f 751 	733 	721
f 2028 	754 	536
f 755 	738 	737
f 755 	737 	753
f 756 	738 	755
f 2028 	757 	754
f 755 	759 	756
f 754 	757 	716
f 757 	750 	716
f 759 	760 	756
f 951 	954 	1787
f 766 	1787 	763
f 763 	762 	765
f 764 	765 	762
f 762 	763 	1787
f 767 	1787 	766
f 765 	766 	763
f 767 	768 	1787
f 2093 	767 	2092
f 766 	2092 	767
f 768 	767 	2093
f 769 	768 	2094
f 2093 	2094 	768
f 1961 	1960 	2044
f 1159 	1148 	1787
f 967 	1787 	966
f 1787 	774 	770
f 771 	1787 	770
f 772 	771 	770
f 773 	772 	774
f 770 	774 	772
f 776 	1787 	775
f 2095 	776 	775
f 1787 	771 	777
f 775 	1787 	777
f 839 	840 	563
f 841 	839 	563
f 565 	843 	844
f 687 	792 	787
f 564 	845 	565
f 844 	846 	565
f 687 	786 	691
f 785 	792 	687
f 847 	577 	846
f 848 	849 	577
f 612 	688 	671
f 689 	688 	612
f 841 	563 	838
f 788 	812 	686
f 437 	781 	782
f 815 	437 	782
f 782 	783 	815
f 784 	577 	856
f 694 	1325 	695
f 852 	285 	854
f 851 	437 	850
f 686 	786 	787
f 787 	788 	686
f 542 	789 	790
f 789 	301 	799
f 788 	787 	792
f 789 	794 	790
f 795 	794 	789
f 695 	362 	694
f 786 	687 	787
f 778 	362 	695
f 779 	362 	778
f 799 	795 	789
f 800 	471 	801
f 803 	470 	304
f 362 	1319 	1320
f 686 	812 	802
f 362 	1320 	1050
f 473 	803 	304
f 803 	804 	470
f 805 	470 	804
f 814 	817 	802
f 684 	692 	807
f 808 	804 	803
f 807 	791 	684
f 807 	780 	791
f 810 	803 	473
f 809 	810 	473
f 819 	809 	473
f 803 	811 	808
f 793 	791 	780
f 802 	812 	813
f 803 	810 	811
f 793 	780 	1321
f 793 	1321 	694
f 814 	802 	813
f 807 	692 	816
f 692 	693 	816
f 826 	806 	817
f 802 	817 	806
f 819 	473 	818
f 815 	818 	473
f 815 	820 	818
f 792 	812 	788
f 815 	821 	820
f 815 	783 	821
f 812 	792 	813
f 813 	792 	814
f 814 	792 	817
f 781 	2178 	782
f 826 	829 	806
f 806 	830 	831
f 822 	823 	693
f 824 	823 	822
f 795 	2178 	794
f 825 	816 	693
f 790 	794 	2178
f 797 	2178 	799
f 796 	2178 	797
f 796 	798 	2178
f 800 	2178 	798
f 795 	799 	2178
f 785 	858 	792
f 805 	2178 	801
f 693 	823 	825
f 823 	827 	1692
f 817 	792 	826
f 826 	792 	862
f 2178 	810 	809
f 811 	810 	2178
f 858 	862 	792
f 800 	801 	2178
f 804 	808 	2178
f 783 	782 	2178
f 805 	804 	2178
f 830 	806 	829
f 811 	2178 	808
f 783 	2178 	821
f 818 	2178 	819
f 809 	819 	2178
f 818 	820 	2178
f 821 	2178 	820
f 826 	862 	829
f 834 	561 	833
f 835 	836 	574
f 838 	563 	837
f 836 	837 	574
f 829 	864 	830
f 842 	564 	840
f 843 	565 	845
f 845 	564 	842
f 565 	846 	577
f 849 	856 	577
f 848 	577 	847
f 437 	851 	781
f 865 	2120 	867
f 853 	850 	437
f 855 	784 	856
f 857 	784 	855
f 784 	857 	854
f 851 	2178 	781
f 849 	848 	572
f 59 	861 	874
f 833 	832 	572
f 558 	572 	832
f 835 	834 	572
f 835 	572 	836
f 833 	572 	834
f 838 	837 	572
f 836 	572 	837
f 873 	874 	861
f 845 	572 	843
f 60 	59 	878
f 842 	572 	845
f 842 	840 	572
f 840 	839 	572
f 839 	841 	572
f 878 	1204 	60
f 843 	572 	844
f 844 	572 	846
f 846 	572 	847
f 847 	572 	848
f 572 	841 	838
f 831 	863 	806
f 868 	859 	865
f 868 	870 	859
f 2178 	854 	572
f 2178 	851 	850
f 871 	872 	859
f 861 	860 	873
f 850 	853 	2178
f 856 	572 	855
f 852 	2178 	853
f 854 	2178 	852
f 857 	572 	854
f 864 	829 	862
f 849 	572 	856
f 855 	572 	857
f 714 	572 	696
f 831 	830 	864
f 714 	2180 	572
f 572 	2180 	2178
f 864 	863 	831
f 863 	867 	806
f 871 	859 	870
f 860 	859 	872
f 860 	872 	873
f 876 	869 	877
f 869 	866 	877
f 876 	879 	869
f 869 	879 	875
f 876 	877 	879
f 864 	865 	867
f 864 	867 	863
f 1652 	717 	891
f 1207 	870 	864
f 865 	864 	868
f 868 	864 	870
f 881 	2176 	880
f 927 	864 	862
f 158 	933 	934
f 934 	939 	158
f 720 	1911 	723
f 162 	158 	1136
f 871 	1207 	872
f 873 	1207 	874
f 866 	881 	882
f 883 	1294 	715
f 883 	1293 	1294
f 866 	882 	877
f 886 	887 	888
f 889 	726 	891
f 724 	726 	889
f 892 	717 	718
f 718 	720 	893
f 893 	720 	884
f 720 	723 	884
f 884 	723 	885
f 724 	889 	894
f 726 	1652 	891
f 883 	715 	1059
f 892 	712 	717
f 891 	717 	712
f 718 	893 	892
f 618 	619 	656
f 608 	624 	656
f 619 	620 	656
f 617 	656 	621
f 622 	656 	625
f 623 	656 	624
f 625 	656 	623
f 617 	618 	656
f 627 	626 	656
f 636 	634 	656
f 630 	656 	631
f 627 	656 	620
f 636 	656 	626
f 656 	629 	628
f 630 	629 	656
f 634 	635 	656
f 631 	656 	632
f 632 	656 	635
f 638 	637 	904
f 400 	904 	641
f 638 	904 	640
f 640 	904 	642
f 642 	904 	643
f 643 	904 	644
f 646 	904 	647
f 645 	644 	904
f 647 	904 	648
f 648 	904 	650
f 904 	656 	651
f 652 	651 	656
f 653 	652 	656
f 651 	650 	904
f 646 	645 	904
f 653 	656 	655
f 628 	655 	656
f 175 	1848 	190
f 401 	898 	897
f 898 	401 	899
f 895 	656 	896
f 896 	656 	191
f 898 	656 	897
f 897 	656 	895
f 899 	656 	898
f 901 	656 	899
f 900 	656 	901
f 596 	656 	900
f 187 	189 	178
f 318 	656 	1084
f 1084 	1088 	318
f 656 	318 	320
f 656 	320 	178
f 902 	1324 	904
f 903 	902 	904
f 886 	888 	890
f 906 	890 	888
f 906 	888 	156
f 887 	916 	888
f 906 	156 	907
f 907 	156 	908
f 159 	908 	156
f 1207 	871 	870
f 761 	909 	758
f 872 	1207 	873
f 910 	761 	716
f 858 	926 	862
f 910 	912 	761
f 914 	160 	913
f 685 	683 	911
f 912 	909 	761
f 914 	931 	160
f 930 	157 	931
f 909 	912 	915
f 160 	916 	913
f 166 	888 	916
f 166 	210 	888
f 210 	156 	888
f 910 	750 	751
f 910 	751 	736
f 912 	910 	736
f 919 	915 	912
f 911 	918 	920
f 933 	158 	935
f 158 	937 	935
f 685 	911 	920
f 736 	919 	912
f 920 	785 	685
f 915 	919 	921
f 936 	938 	918
f 938 	923 	920
f 915 	921 	917
f 917 	921 	922
f 923 	785 	920
f 920 	918 	938
f 923 	858 	785
f 923 	925 	858
f 736 	740 	919
f 941 	925 	923
f 742 	919 	740
f 914 	913 	879
f 925 	926 	858
f 919 	742 	921
f 887 	886 	875
f 886 	890 	875
f 890 	906 	875
f 922 	921 	744
f 875 	879 	887
f 921 	742 	744
f 922 	744 	745
f 906 	907 	875
f 908 	875 	907
f 862 	926 	927
f 942 	926 	925
f 922 	745 	924
f 916 	887 	879
f 913 	916 	879
f 928 	713 	537
f 537 	754 	928
f 157 	930 	929
f 713 	928 	758
f 160 	931 	157
f 157 	929 	932
f 936 	940 	938
f 1133 	1131 	1130
f 940 	941 	938
f 938 	941 	923
f 879 	932 	929
f 879 	929 	930
f 930 	931 	879
f 914 	879 	931
f 882 	939 	879
f 933 	879 	934
f 935 	879 	933
f 935 	937 	879
f 934 	879 	939
f 932 	879 	937
f 943 	927 	926
f 877 	882 	879
f 942 	943 	926
f 772 	2095 	777
f 771 	772 	777
f 776 	944 	1787
f 944 	945 	1787
f 950 	1787 	949
f 942 	1443 	943
f 943 	1443 	1847
f 2096 	945 	2095
f 776 	2095 	944
f 944 	2095 	945
f 66 	952 	948
f 947 	946 	2096
f 945 	2096 	946
f 957 	66 	963
f 951 	950 	2097
f 952 	953 	948
f 949 	2097 	950
f 955 	963 	66
f 955 	66 	64
f 952 	66 	958
f 947 	2096 	949
f 764 	1787 	954
f 954 	765 	764
f 951 	2097 	954
f 64 	67 	955
f 1149 	1787 	1148
f 971 	970 	955
f 959 	1787 	956
f 971 	955 	67
f 958 	66 	957
f 963 	955 	964
f 961 	1787 	960
f 965 	964 	955
f 1787 	961 	773
f 952 	958 	953
f 958 	957 	953
f 956 	1147 	959
f 962 	953 	957
f 971 	67 	194
f 773 	961 	772
f 963 	962 	957
f 964 	965 	962
f 963 	964 	962
f 960 	2135 	961
f 975 	974 	194
f 1159 	1787 	1158
f 1149 	966 	1787
f 756 	760 	746
f 760 	748 	746
f 983 	575 	985
f 759 	968 	760
f 760 	968 	969
f 965 	955 	970
f 972 	970 	971
f 969 	748 	760
f 971 	973 	972
f 971 	974 	973
f 971 	194 	974
f 972 	973 	976
f 989 	969 	968
f 970 	972 	976
f 977 	969 	989
f 973 	974 	976
f 974 	975 	976
f 118 	752 	977
f 977 	989 	978
f 977 	152 	118
f 977 	978 	152
f 976 	962 	970
f 962 	965 	970
f 978 	980 	154
f 981 	982 	212
f 194 	212 	996
f 982 	996 	212
f 983 	981 	212
f 194 	996 	993
f 978 	154 	152
f 458 	980 	979
f 980 	459 	154
f 980 	458 	459
f 986 	987 	984
f 984 	987 	985
f 968 	988 	989
f 990 	988 	1186
f 988 	991 	989
f 987 	982 	981
f 981 	983 	987
f 988 	990 	991
f 978 	989 	991
f 983 	985 	987
f 975 	194 	993
f 994 	976 	993
f 990 	979 	991
f 976 	975 	993
f 995 	979 	990
f 991 	979 	980
f 991 	980 	978
f 993 	996 	994
f 982 	994 	996
f 987 	994 	982
f 994 	1008 	976
f 992 	1463 	995
f 995 	1464 	979
f 998 	755 	753
f 986 	1015 	987
f 753 	997 	998
f 998 	759 	755
f 1016 	987 	1015
f 997 	999 	1000
f 997 	1000 	998
f 824 	827 	823
f 824 	828 	827
f 828 	1004 	827
f 962 	1003 	953
f 1003 	1001 	953
f 828 	61 	1004
f 1001 	1005 	1002
f 1001 	1003 	1005
f 1006 	1003 	962
f 976 	1006 	962
f 1006 	1007 	1003
f 65 	1709 	1004
f 61 	65 	1004
f 1007 	1005 	1003
f 1007 	1763 	1005
f 1008 	1006 	976
f 1006 	1010 	1007
f 1118 	578 	1009
f 1008 	1010 	1006
f 1009 	578 	579
f 1770 	1007 	1010
f 576 	274 	1013
f 1013 	1018 	576
f 276 	1150 	1013
f 276 	573 	1150
f 1155 	1156 	1013
f 1015 	576 	1014
f 984 	575 	986
f 1171 	1172 	1013
f 1014 	1016 	1015
f 1019 	576 	1018
f 1156 	1157 	1013
f 1017 	576 	1019
f 713 	758 	714
f 758 	1352 	714
f 928 	754 	716
f 716 	761 	928
f 928 	761 	758
f 1020 	1021 	1022
f 1025 	1022 	1021
f 1022 	1026 	1023
f 1022 	1025 	1026
f 1021 	1024 	1025
f 1023 	1026 	1027
f 1024 	1031 	1025
f 1025 	1028 	1026
f 1028 	1029 	1026
f 1028 	903 	1029
f 1026 	1029 	1027
f 1028 	902 	903
f 139 	1029 	903
f 1031 	1024 	1030
f 1031 	1028 	1025
f 902 	1028 	1031
f 1032 	1037 	1033
f 1032 	1036 	1037
f 1037 	1021 	1033
f 1033 	1021 	1020
f 1034 	1040 	1035
f 1035 	1041 	1036
f 1035 	1040 	1041
f 1037 	1036 	1044
f 1037 	1024 	1021
f 1037 	1044 	1024
f 1040 	1034 	1039
f 1036 	1041 	1044
f 1041 	1047 	1044
f 1039 	1038 	1043
f 1042 	1043 	1038
f 1039 	1045 	1040
f 1039 	1043 	1045
f 2159 	1 	2175
f 1040 	1046 	1041
f 1040 	1045 	1046
f 1047 	1041 	1046
f 1047 	1030 	1044
f 1047 	1090 	1030
f 1044 	1030 	1024
f 866 	1045 	1043
f 1045 	866 	869
f 1045 	869 	1046
f 1046 	869 	875
f 875 	1047 	1046
f 1050 	1320 	1011
f 1052 	1053 	1049
f 230 	1055 	231
f 1052 	1056 	1053
f 1052 	1054 	1056
f 231 	1055 	1057
f 232 	1057 	1058
f 883 	1059 	239
f 1057 	1055 	1067
f 1057 	1060 	1058
f 1057 	1067 	1060
f 1058 	1060 	1061
f 1059 	724 	894
f 1058 	1061 	236
f 1061 	238 	236
f 724 	1059 	715
f 1061 	1060 	1048
f 1048 	229 	1061
f 1061 	229 	238
f 1050 	1011 	1012
f 1050 	1012 	1051
f 1063 	230 	1051
f 1063 	1051 	1012
f 1063 	1055 	230
f 1121 	1063 	1012
f 885 	723 	1064
f 1067 	1069 	1060
f 1067 	1283 	1069
f 1048 	1060 	1069
f 1065 	2063 	1066
f 229 	1081 	342
f 1070 	1068 	1657
f 1069 	1073 	1048
f 1070 	1071 	1271
f 1657 	1071 	1070
f 1075 	1073 	1074
f 1071 	1076 	1072
f 1077 	1073 	1075
f 1077 	1085 	1073
f 1077 	1075 	1286
f 885 	1064 	1078
f 1085 	1077 	1286
f 1064 	1065 	1078
f 1048 	1081 	229
f 1078 	1065 	1079
f 1073 	1081 	1048
f 1079 	1066 	1080
f 1065 	1066 	1079
f 1073 	1083 	1081
f 1068 	1275 	1080
f 1066 	1068 	1080
f 1068 	1070 	1275
f 1084 	904 	1324
f 1085 	1083 	1073
f 345 	1081 	1083
f 1086 	1089 	1083
f 1324 	905 	1084
f 1085 	1086 	1083
f 656 	904 	1084
f 1992 	345 	1083
f 1360 	1087 	905
f 905 	1087 	1088
f 1086 	1085 	1286
f 1088 	1084 	905
f 1093 	1083 	1089
f 1093 	1094 	1083
f 1286 	1082 	1086
f 1089 	1086 	1082
f 1992 	1083 	1095
f 1047 	875 	1090
f 1091 	1031 	1030
f 1091 	1030 	1090
f 1031 	1091 	902
f 69 	58 	1092
f 1096 	77 	1097
f 1098 	1099 	78
f 1099 	1097 	78
f 77 	78 	1097
f 63 	1100 	1098
f 1101 	1100 	63
f 1102 	1103 	1104
f 63 	1102 	1101
f 1104 	1101 	1102
f 1102 	1105 	1103
f 1105 	1102 	1106
f 1107 	1106 	68
f 1107 	68 	1108
f 68 	1109 	1108
f 68 	1110 	1109
f 1111 	69 	1112
f 1096 	1097 	875
f 1097 	1099 	875
f 1099 	1098 	875
f 1098 	1100 	875
f 1100 	1101 	875
f 1101 	1104 	875
f 1104 	1103 	875
f 1103 	1105 	875
f 1105 	1106 	875
f 1106 	1107 	875
f 875 	1107 	1108
f 1108 	1109 	875
f 1110 	875 	1109
f 1111 	1113 	1110
f 875 	1110 	1113
f 1112 	1113 	1111
f 1330 	1326 	1092
f 1095 	1083 	1094
f 1095 	1114 	1992
f 1094 	1082 	1009
f 1095 	1094 	1009
f 1095 	1009 	1114
f 1094 	1093 	1082
f 1093 	1089 	1082
f 1992 	1114 	1115
f 1115 	579 	1996
f 579 	1115 	1009
f 1114 	1009 	1115
f 1502 	1117 	1118
f 1117 	676 	1118
f 1502 	1118 	1116
f 1009 	1116 	1118
f 1117 	675 	676
f 1119 	1011 	1314
f 1119 	1120 	1011
f 1011 	1120 	1012
f 1120 	1121 	1012
f 1122 	1063 	1121
f 1055 	1063 	1122
f 1122 	1067 	1055
f 1119 	2245 	1120
f 2245 	2244 	1120
f 159 	1124 	1125
f 1125 	908 	159
f 159 	77 	1124
f 1124 	1096 	875
f 908 	1125 	875
f 875 	1125 	1124
f 1128 	1127 	1129
f 1129 	1120 	1128
f 1126 	1129 	1127
f 1130 	162 	1137
f 162 	1136 	1137
f 1128 	1120 	1123
f 1130 	217 	162
f 1129 	1126 	1138
f 1144 	1256 	1131
f 1256 	217 	1130
f 1129 	1121 	1120
f 882 	881 	1131
f 1132 	1133 	1130
f 1132 	1130 	1134
f 1129 	1135 	1121
f 1134 	1130 	1137
f 1256 	1130 	1131
f 1134 	882 	1132
f 1137 	882 	1134
f 1133 	1132 	882
f 1121 	1135 	1122
f 882 	1131 	1133
f 1122 	1135 	1283
f 1137 	1136 	882
f 939 	882 	1136
f 1146 	1145 	219
f 1140 	1139 	1129
f 1139 	1504 	1129
f 1138 	1140 	1129
f 313 	223 	1251
f 1014 	1017 	1016
f 1019 	1016 	1017
f 1019 	1018 	1016
f 880 	2179 	1141
f 881 	880 	1141
f 1178 	1176 	1142
f 435 	1277 	1142
f 967 	956 	1787
f 1142 	1181 	1178
f 1179 	1181 	1142
f 966 	1147 	967
f 1147 	956 	967
f 1152 	1153 	573
f 573 	1142 	1176
f 1163 	1787 	1162
f 1148 	1147 	1149
f 1149 	1147 	966
f 960 	959 	2135
f 1147 	2135 	959
f 772 	961 	2135
f 1151 	1155 	1150
f 483 	472 	1787
f 1153 	1150 	573
f 1150 	1154 	1151
f 1153 	1154 	1150
f 1787 	1165 	1166
f 1168 	1787 	1167
f 1013 	1150 	1155
f 1165 	1787 	472
f 1157 	1171 	1013
f 1152 	1161 	1153
f 1153 	1161 	1154
f 1158 	1160 	1159
f 1147 	1148 	1160
f 1148 	1159 	1160
f 1154 	1161 	1151
f 1151 	1161 	1155
f 1176 	1177 	573
f 1152 	573 	1188
f 1162 	1164 	1163
f 1164 	1160 	1163
f 1158 	1163 	1160
f 1188 	1279 	1161
f 1160 	2139 	1147
f 1170 	1160 	1164
f 1147 	2139 	2135
f 472 	1164 	1165
f 1165 	1164 	1166
f 1167 	1166 	1164
f 1157 	1156 	1161
f 1167 	1164 	1168
f 1162 	1168 	1164
f 1164 	1169 	1170
f 1155 	1161 	1156
f 472 	1169 	1164
f 1018 	1013 	1172
f 1194 	1171 	1161
f 1172 	1171 	1194
f 1157 	1161 	1171
f 1169 	1173 	1170
f 1173 	1169 	1174
f 1173 	2143 	1170
f 485 	487 	1174
f 1018 	1172 	1016
f 485 	1174 	1169
f 1194 	1016 	1172
f 1450 	1016 	1194
f 1188 	573 	1177
f 487 	1175 	1174
f 1182 	759 	998
f 998 	1000 	1182
f 968 	759 	1182
f 1056 	1054 	1183
f 1000 	1186 	1182
f 1178 	1274 	1176
f 1178 	1181 	1274
f 1182 	988 	968
f 1180 	1274 	1179
f 1181 	1179 	1274
f 1185 	1000 	999
f 1184 	1185 	999
f 1186 	1000 	1185
f 1277 	1268 	1180
f 1185 	1192 	1186
f 1279 	1188 	1274
f 1182 	1186 	988
f 1183 	1187 	1837
f 1184 	1189 	1191
f 1161 	1152 	1188
f 1184 	1191 	1185
f 1016 	1193 	987
f 1192 	1185 	1191
f 990 	1186 	1192
f 1187 	1839 	1837
f 1193 	994 	987
f 1192 	995 	990
f 1016 	1450 	1193
f 1189 	1196 	1191
f 1189 	1195 	1196
f 1191 	1196 	992
f 1452 	1495 	1194
f 410 	1142 	573
f 1191 	992 	1192
f 995 	1192 	992
f 1197 	283 	282
f 282 	439 	1197
f 1197 	1198 	283
f 1272 	1198 	1197
f 283 	1198 	412
f 732 	211 	1201
f 413 	1208 	435
f 1202 	213 	215
f 1211 	1208 	1200
f 214 	1202 	1203
f 436 	60 	1204
f 216 	1205 	1199
f 1269 	438 	1204
f 439 	1269 	1270
f 1199 	1205 	1206
f 1206 	1205 	1221
f 439 	1270 	1197
f 1272 	1197 	1270
f 1199 	1206 	1201
f 1201 	1206 	737
f 1215 	1200 	1198
f 874 	1207 	878
f 1203 	1213 	1220
f 1203 	1220 	1205
f 878 	1207 	1204
f 1209 	435 	1208
f 413 	1200 	1208
f 1210 	1202 	215
f 215 	218 	1210
f 1209 	1212 	435
f 1202 	1210 	1213
f 1179 	1142 	1180
f 1202 	1213 	1203
f 1215 	1198 	1214
f 1214 	1198 	1272
f 218 	1218 	1210
f 218 	1216 	1218
f 220 	222 	1219
f 1219 	1216 	220
f 1218 	1216 	1224
f 1213 	1223 	1220
f 1221 	1205 	1220
f 1206 	1221 	753
f 997 	753 	1221
f 1206 	753 	737
f 1218 	1222 	1210
f 1213 	1210 	1222
f 1223 	1213 	1222
f 1219 	1224 	1216
f 1218 	1225 	1222
f 1218 	1224 	1225
f 1223 	1222 	1454
f 1224 	1231 	1225
f 1219 	222 	1226
f 1226 	222 	224
f 224 	314 	1227
f 1227 	1226 	224
f 1228 	1227 	314
f 314 	316 	1228
f 1228 	1229 	1227
f 316 	663 	1228
f 663 	1559 	1228
f 1228 	1559 	1229
f 1226 	1230 	1219
f 1219 	1230 	1224
f 1230 	1231 	1224
f 1231 	1458 	1225
f 1226 	1232 	1230
f 1227 	1232 	1226
f 1232 	1233 	1230
f 1230 	1233 	1231
f 1234 	1183 	1054
f 1258 	1235 	1234
f 1234 	1235 	1187
f 1190 	1187 	1235
f 1234 	1187 	1183
f 1235 	1236 	1190
f 1236 	1262 	1237
f 1239 	1049 	1240
f 1052 	1049 	1239
f 1241 	1238 	1246
f 1239 	1238 	1242
f 1241 	1242 	1238
f 1239 	1242 	1052
f 1241 	1243 	1244
f 1243 	1258 	1244
f 1243 	1257 	1258
f 1241 	1244 	1242
f 1242 	1054 	1052
f 1242 	1244 	1054
f 1244 	1234 	1054
f 1250 	221 	1145
f 1245 	1247 	1248
f 1245 	1248 	1246
f 1241 	1246 	1248
f 1263 	1249 	221
f 1243 	1241 	1248
f 1249 	223 	221
f 223 	1249 	1251
f 1247 	1254 	1248
f 313 	1251 	1253
f 1247 	1252 	1254
f 1248 	1254 	1243
f 1255 	315 	1253
f 1253 	315 	313
f 1256 	1144 	1143
f 1234 	1244 	1258
f 1146 	219 	1143
f 1256 	1143 	219
f 1256 	219 	220
f 1257 	1260 	1258
f 220 	217 	1256
f 1257 	1259 	1260
f 1258 	1260 	1235
f 1260 	1236 	1235
f 1262 	1236 	1260
f 1144 	1131 	881
f 1143 	1144 	881
f 1250 	1145 	881
f 1259 	1261 	1262
f 1146 	881 	1145
f 1143 	881 	1146
f 1261 	1386 	1262
f 1260 	1259 	1262
f 1249 	1263 	1264
f 1335 	1249 	1264
f 1265 	221 	1250
f 1265 	1263 	221
f 1337 	1251 	1336
f 1338 	1253 	1251
f 1267 	1254 	1252
f 1141 	1263 	881
f 881 	1265 	1250
f 1200 	1215 	1217
f 1217 	1211 	1200
f 1208 	1268 	1209
f 1211 	1268 	1208
f 1209 	1268 	1212
f 1215 	1268 	1217
f 1217 	1268 	1211
f 1214 	1268 	1215
f 1272 	1207 	1214
f 1071 	1072 	1271
f 1271 	1072 	1273
f 1268 	1214 	1207
f 1204 	1207 	1269
f 1270 	1207 	1272
f 1269 	1207 	1270
f 1212 	1277 	435
f 1180 	1142 	1277
f 1177 	1176 	1274
f 1276 	1275 	1070
f 1070 	1271 	1276
f 1276 	1271 	1062
f 1274 	1180 	1268
f 1268 	1277 	1212
f 1271 	1273 	1062
f 1177 	1274 	1188
f 1273 	1280 	1278
f 1452 	1194 	1161
f 1273 	1072 	1280
f 1280 	822 	1278
f 1457 	1268 	1207
f 1268 	1489 	1274
f 1457 	1489 	1268
f 1281 	1280 	1072
f 1274 	1490 	1279
f 1072 	1076 	1281
f 1274 	1489 	1490
f 1490 	1491 	1279
f 1281 	824 	1280
f 1076 	1309 	1281
f 1504 	1135 	1129
f 362 	1282 	712
f 712 	892 	362
f 1067 	1122 	1283
f 893 	362 	892
f 884 	362 	893
f 362 	884 	885
f 226 	894 	42
f 226 	43 	894
f 889 	42 	894
f 42 	889 	1282
f 1284 	1069 	1283
f 1284 	1073 	1069
f 889 	891 	1282
f 1282 	891 	712
f 1288 	1074 	1284
f 1059 	894 	43
f 43 	239 	1059
f 339 	883 	239
f 339 	1293 	883
f 339 	344 	1293
f 1287 	1284 	1285
f 1284 	1287 	1288
f 1073 	1284 	1074
f 1275 	362 	1080
f 362 	1275 	1276
f 1287 	1285 	1300
f 1062 	1273 	1289
f 1287 	1300 	1288
f 1074 	1288 	1300
f 1289 	1278 	348
f 1300 	1286 	1074
f 1075 	1074 	1286
f 1273 	1278 	1289
f 1278 	349 	348
f 1292 	1283 	1135
f 822 	349 	1278
f 824 	822 	1280
f 1281 	828 	824
f 1292 	1135 	1504
f 715 	1294 	1916
f 1293 	344 	1296
f 1291 	1297 	1295
f 1291 	1295 	1290
f 1296 	1298 	1956
f 1291 	1304 	1297
f 1292 	1284 	1283
f 1306 	1285 	1292
f 1305 	1292 	1304
f 1284 	1292 	1285
f 1302 	1303 	1510
f 1305 	1306 	1292
f 1504 	1304 	1292
f 1511 	1512 	1303
f 1306 	1305 	1300
f 1300 	1305 	1304
f 1300 	1304 	1291
f 1300 	1285 	1306
f 1307 	1076 	2067
f 1307 	1309 	1076
f 1307 	1310 	1309
f 828 	1281 	1309
f 1308 	1286 	1299
f 1300 	1299 	1286
f 1308 	1082 	1286
f 1082 	1308 	1116
f 1009 	1082 	1116
f 1315 	64 	1311
f 1315 	67 	64
f 1317 	1316 	12
f 12 	1607 	1317
f 1313 	1723 	1776
f 1113 	1090 	875
f 779 	1318 	362
f 362 	1318 	1319
f 1325 	694 	1321
f 1090 	1322 	1091
f 1329 	1328 	1092
f 1113 	1322 	1090
f 1091 	1322 	1324
f 1091 	1324 	902
f 1323 	1564 	1331
f 1112 	69 	1326
f 69 	1092 	1326
f 1327 	778 	695
f 1327 	695 	1325
f 1113 	1112 	1326
f 1507 	778 	1327
f 779 	778 	1507
f 1330 	1092 	1328
f 1312 	779 	1507
f 1319 	1318 	1313
f 1360 	1113 	1328
f 1360 	1328 	1329
f 1330 	1328 	1113
f 1321 	780 	1331
f 1330 	1113 	1326
f 780 	1323 	1331
f 1321 	1331 	1556
f 1360 	1322 	1113
f 1321 	1556 	1325
f 1720 	1327 	1325
f 1323 	780 	807
f 807 	816 	1323
f 1141 	1264 	1263
f 1265 	881 	1263
f 1332 	153 	1333
f 1344 	1542 	1255
f 1335 	1336 	1249
f 1249 	1336 	1251
f 1338 	1251 	1337
f 1342 	1253 	1340
f 1339 	1340 	1253
f 1343 	1255 	1342
f 1255 	1253 	1342
f 1341 	1092 	58
f 1338 	1339 	1253
f 1343 	1344 	1255
f 1092 	1341 	1329
f 1347 	1329 	1341
f 1344 	1345 	1542
f 1341 	1348 	1347
f 1141 	1340 	1339
f 1141 	1339 	1338
f 1348 	1341 	104
f 104 	110 	1350
f 1141 	1336 	1335
f 1141 	1335 	1264
f 1337 	1336 	1141
f 1337 	1141 	1338
f 151 	153 	1332
f 1346 	1542 	1345
f 153 	155 	1333
f 1334 	1342 	1141
f 155 	2129 	2102
f 1340 	1141 	1342
f 155 	2102 	1333
f 1342 	1334 	1343
f 1334 	1345 	1344
f 1343 	1334 	1344
f 1523 	1524 	1333
f 1524 	1521 	1332
f 1349 	1348 	104
f 1345 	1334 	1346
f 1349 	104 	1351
f 1350 	1351 	104
f 1350 	1353 	1351
f 1355 	1350 	110
f 1352 	1376 	1354
f 110 	151 	1355
f 1519 	1517 	1355
f 151 	1332 	1355
f 1354 	1377 	1356
f 1521 	1522 	1332
f 1332 	1333 	1524
f 2134 	1526 	1333
f 1329 	1347 	1360
f 1347 	1348 	1360
f 1348 	1349 	1360
f 1349 	1351 	1360
f 1353 	1360 	1351
f 1379 	1361 	1382
f 1382 	1734 	1362
f 1387 	1361 	1381
f 1350 	1516 	1353
f 1517 	1516 	1350
f 1350 	1355 	1517
f 1395 	1363 	1396
f 1364 	1396 	1363
f 1520 	1519 	1355
f 1267 	1252 	1266
f 488 	1760 	1175
f 1254 	1267 	1257
f 1366 	1571 	1365
f 1267 	1259 	1257
f 1254 	1257 	1243
f 1367 	1407 	1571
f 1365 	1944 	1366
f 1370 	1571 	1369
f 1266 	1368 	1371
f 1370 	1369 	1503
f 1365 	1571 	1370
f 1371 	1267 	1266
f 1259 	1267 	1371
f 1358 	1357 	1359
f 1357 	1362 	1359
f 1368 	1375 	1371
f 1352 	758 	909
f 1368 	1374 	1375
f 909 	1376 	1352
f 1371 	1375 	1261
f 1377 	1354 	1376
f 1356 	1377 	1378
f 1371 	1261 	1259
f 1356 	1378 	1357
f 1374 	1398 	1400
f 1374 	1400 	1375
f 1379 	1380 	1361
f 1361 	1380 	1381
f 1383 	1261 	1375
f 1375 	1400 	1383
f 1261 	1383 	1386
f 1389 	1390 	1388
f 1390 	1404 	1388
f 1237 	1262 	1386
f 1389 	1388 	1392
f 1388 	1363 	1394
f 1388 	1394 	1392
f 1383 	1393 	1386
f 1383 	1391 	1393
f 1363 	1395 	1394
f 1396 	1364 	1397
f 1364 	1385 	1397
f 1388 	1404 	1406
f 1399 	1390 	1389
f 1398 	1401 	1402
f 1398 	1402 	1400
f 1357 	1399 	1379
f 1382 	1357 	1379
f 1380 	1379 	1399
f 1382 	1362 	1357
f 1387 	1381 	1399
f 1384 	1387 	1399
f 1381 	1380 	1399
f 1400 	1391 	1383
f 1400 	1402 	1391
f 1392 	1399 	1389
f 1392 	1394 	1399
f 1394 	1395 	1399
f 1395 	1396 	1399
f 1396 	1397 	1399
f 1397 	1385 	1399
f 1933 	1402 	1936
f 1385 	1384 	1399
f 1399 	1357 	1378
f 1503 	1369 	1372
f 1503 	1372 	675
f 675 	1372 	1373
f 1373 	1409 	675
f 1572 	1571 	1408
f 1405 	1239 	1240
f 1405 	1403 	1238
f 1403 	1246 	1238
f 1409 	1571 	1410
f 1409 	1410 	677
f 1416 	1419 	1572
f 1417 	1572 	1412
f 2171 	1572 	1417
f 1416 	1572 	1415
f 1410 	1572 	1414
f 1414 	1572 	1413
f 1414 	1413 	679
f 1413 	1423 	679
f 679 	677 	1414
f 1415 	1418 	1416
f 1415 	100 	1418
f 1420 	1572 	1419
f 1419 	1416 	1418
f 1419 	1418 	1421
f 1421 	1420 	1419
f 1422 	681 	1423
f 681 	679 	1423
f 1422 	1420 	1421
f 1421 	681 	1422
f 100 	1445 	1418
f 681 	1421 	1425
f 1424 	1421 	1418
f 1425 	1421 	1424
f 1425 	911 	681
f 1424 	1427 	1425
f 1424 	1426 	1427
f 1425 	1427 	918
f 1425 	918 	911
f 1426 	1428 	1427
f 1427 	936 	918
f 1427 	1428 	936
f 1435 	1429 	1428
f 1428 	1429 	936
f 1429 	940 	936
f 1429 	1430 	940
f 940 	1431 	941
f 1430 	1431 	940
f 1431 	1432 	941
f 941 	1432 	925
f 1432 	942 	925
f 1439 	1440 	1430
f 1430 	1440 	1431
f 1431 	1441 	1432
f 942 	1442 	1443
f 1428 	1426 	1433
f 1612 	1434 	1433
f 1433 	1435 	1428
f 1433 	1434 	1435
f 1434 	1436 	1435
f 1435 	1437 	1429
f 1436 	1437 	1435
f 1437 	1430 	1429
f 1436 	1438 	1437
f 1437 	1439 	1430
f 1438 	1439 	1437
f 1440 	1441 	1431
f 1442 	942 	1432
f 1432 	1441 	1442
f 1441 	1440 	1915
f 100 	1444 	1445
f 1424 	1418 	1445
f 322 	327 	1446
f 1239 	1405 	1238
f 1229 	1232 	1227
f 1232 	1229 	1447
f 994 	1498 	1008
f 1498 	994 	1193
f 1232 	1447 	1233
f 1447 	1449 	1233
f 1193 	1450 	1451
f 1194 	1495 	1450
f 1495 	1496 	1450
f 1450 	1496 	1451
f 1279 	1452 	1161
f 1453 	1221 	1220
f 1223 	1453 	1220
f 1453 	997 	1221
f 1225 	1454 	1222
f 1223 	1454 	1456
f 1455 	1207 	864
f 1223 	1456 	1453
f 864 	927 	1455
f 1453 	999 	997
f 1453 	1456 	999
f 1225 	1458 	1454
f 1454 	1459 	1456
f 1458 	1459 	1454
f 1456 	1459 	1184
f 1184 	999 	1456
f 1231 	1460 	1458
f 1231 	1233 	1460
f 1460 	1461 	1458
f 1458 	1461 	1459
f 1459 	1189 	1184
f 1459 	1461 	1189
f 1233 	1449 	1460
f 1460 	1462 	1461
f 1460 	1449 	1462
f 1461 	1462 	1195
f 1195 	1189 	1461
f 979 	1464 	458
f 1464 	464 	458
f 1463 	1467 	1464
f 1470 	523 	1465
f 1467 	1463 	1466
f 1466 	466 	1467
f 1464 	1467 	464
f 1469 	469 	1470
f 1466 	1465 	523
f 466 	1466 	523
f 1467 	467 	464
f 1567 	528 	1468
f 1468 	528 	468
f 1468 	468 	1469
f 1448 	1245 	1246
f 1246 	1403 	1448
f 1247 	1245 	1471
f 1473 	1252 	1472
f 1472 	1252 	1247
f 1473 	1474 	1266
f 1475 	1474 	1485
f 1266 	1474 	1368
f 1474 	1475 	1368
f 1473 	1266 	1252
f 1477 	1475 	1476
f 1475 	1477 	1374
f 1374 	1368 	1475
f 1398 	1374 	1477
f 1477 	1478 	1398
f 1478 	1401 	1398
f 1479 	1472 	1471
f 1479 	1481 	1472
f 1472 	1247 	1471
f 1480 	1483 	1481
f 1480 	1482 	1483
f 1481 	1483 	1473
f 1481 	1473 	1472
f 1482 	1484 	1485
f 1482 	1485 	1483
f 1483 	1474 	1473
f 1483 	1485 	1474
f 1484 	1486 	1476
f 1486 	1487 	1476
f 1484 	1476 	1485
f 1485 	1476 	1475
f 1477 	1476 	1487
f 1487 	1478 	1477
f 1488 	1478 	1487
f 1792 	1049 	1053
f 1187 	1190 	1839
f 1455 	1457 	1207
f 1455 	1493 	1457
f 1491 	1452 	1279
f 1772 	1490 	1489
f 1393 	1391 	1934
f 1936 	1402 	1401
f 943 	1492 	927
f 927 	1492 	1455
f 1492 	1493 	1455
f 1493 	1494 	1457
f 1457 	1494 	1489
f 1494 	1772 	1489
f 1492 	943 	1847
f 1492 	1849 	1493
f 1495 	1840 	1496
f 1497 	1495 	1452
f 1491 	1497 	1452
f 1497 	1840 	1495
f 1498 	1899 	1008
f 1008 	1899 	1010
f 1451 	1498 	1193
f 1451 	1902 	1498
f 1451 	1775 	1902
f 1499 	1501 	1502
f 1499 	1502 	1500
f 1500 	1116 	1308
f 1116 	1500 	1502
f 1939 	1503 	1501
f 1502 	1501 	1117
f 1503 	1117 	1501
f 675 	1117 	1503
f 1317 	1607 	1609
f 1404 	1390 	1399
f 1296 	344 	1991
f 1991 	1298 	1296
f 1406 	1404 	1399
f 1994 	1998 	1301
f 1301 	1298 	1994
f 909 	915 	1376
f 1787 	1506 	1505
f 1302 	2000 	1303
f 1505 	1504 	1139
f 1506 	1504 	1505
f 1309 	1310 	61
f 1309 	61 	828
f 1310 	1311 	62
f 61 	1310 	62
f 1311 	64 	62
f 67 	1315 	1316
f 917 	1377 	1376
f 1317 	194 	1316
f 1376 	915 	917
f 1508 	1377 	917
f 1377 	1508 	1378
f 212 	194 	1317
f 1508 	1509 	1378
f 922 	1508 	917
f 1514 	1506 	1787
f 1378 	1509 	1399
f 1510 	297 	2038
f 1511 	1303 	2001
f 2001 	2002 	1511
f 924 	1509 	1508
f 1508 	922 	924
f 1510 	1303 	1512
f 1504 	1506 	1514
f 1512 	366 	1510
f 1595 	1512 	1511
f 1595 	1596 	1512
f 1834 	1290 	1514
f 1596 	366 	1512
f 1353 	1516 	1360
f 1832 	1833 	1787
f 1322 	905 	1324
f 1322 	1360 	905
f 1528 	1514 	1787
f 1515 	1727 	1518
f 1520 	1332 	1522
f 1355 	1332 	1520
f 1504 	1514 	1290
f 1297 	1304 	1504
f 1523 	1333 	1526
f 1518 	1513 	1525
f 1521 	1524 	1527
f 1522 	1521 	1527
f 1524 	1523 	1527
f 1523 	1526 	1527
f 1529 	1544 	1515
f 1518 	1530 	1515
f 1515 	1530 	1529
f 1533 	1527 	1526
f 1518 	1525 	1530
f 1530 	1525 	1531
f 1516 	1517 	1360
f 1519 	1360 	1517
f 1519 	1520 	1360
f 1520 	1522 	1360
f 1527 	1360 	1522
f 1532 	1531 	1535
f 1360 	1527 	1087
f 2168 	1533 	2134
f 1525 	1534 	1531
f 1531 	1534 	1535
f 2168 	1527 	1533
f 1535 	1536 	1532
f 1863 	1538 	1539
f 1541 	1551 	1863
f 1346 	1740 	1542
f 1741 	1744 	1544
f 1542 	1741 	1544
f 1544 	1546 	1542
f 1725 	1546 	657
f 1546 	658 	657
f 1529 	1546 	1544
f 1546 	1529 	658
f 1529 	1548 	658
f 1529 	1530 	1548
f 1548 	659 	658
f 1530 	1531 	1548
f 659 	1548 	1532
f 1547 	1539 	1538
f 1863 	1549 	1538
f 1531 	1532 	1548
f 659 	1532 	1550
f 1549 	1863 	1551
f 1532 	1536 	1550
f 1669 	1541 	1672
f 1552 	660 	672
f 1673 	1672 	1543
f 1550 	1537 	1552
f 1550 	1536 	1537
f 1675 	1673 	1543
f 1552 	1540 	660
f 1676 	1545 	1678
f 1543 	1545 	1675
f 1676 	1675 	1545
f 1552 	1537 	1540
f 1469 	468 	469
f 1318 	779 	1312
f 1553 	1462 	1569
f 1195 	1553 	1554
f 1312 	1313 	1318
f 1553 	1557 	1558
f 1319 	1314 	1320
f 1553 	1558 	1554
f 1554 	1196 	1195
f 1314 	1319 	1313
f 1555 	992 	1196
f 1011 	1320 	1314
f 1554 	1555 	1196
f 1463 	992 	1555
f 1464 	995 	1463
f 1720 	1325 	1556
f 1721 	1507 	1327
f 1507 	1721 	1722
f 1555 	1554 	1465
f 1507 	1722 	1312
f 1465 	1554 	1558
f 1555 	1465 	1466
f 1555 	1466 	1463
f 1468 	1557 	1570
f 1469 	1557 	1468
f 1557 	1469 	1558
f 1558 	1469 	1470
f 1558 	1470 	1465
f 1323 	1566 	1564
f 1229 	1559 	1560
f 663 	664 	1561
f 1561 	1559 	663
f 1559 	1562 	1560
f 1561 	1562 	1559
f 1562 	1563 	1560
f 666 	1561 	664
f 1561 	667 	1562
f 666 	667 	1561
f 1562 	667 	1565
f 1323 	816 	1566
f 1562 	1565 	1563
f 816 	825 	1566
f 1563 	1565 	1567
f 1468 	1570 	1567
f 1565 	667 	673
f 1565 	673 	674
f 1565 	674 	1567
f 1567 	674 	528
f 1560 	1447 	1229
f 1566 	1800 	1564
f 1560 	1568 	1447
f 1447 	1568 	1449
f 1568 	1569 	1449
f 1564 	1800 	1836
f 1449 	1569 	1462
f 1462 	1553 	1195
f 1568 	1560 	1563
f 1568 	1563 	1570
f 1563 	1567 	1570
f 1568 	1570 	1569
f 1557 	1553 	1569
f 1569 	1570 	1557
f 1372 	1369 	1571
f 2171 	1415 	1572
f 1420 	1422 	1572
f 1423 	1572 	1422
f 1408 	1411 	1572
f 1411 	1412 	1572
f 1407 	1408 	1571
f 1423 	1413 	1572
f 1572 	1410 	1571
f 1372 	1571 	1373
f 1373 	1571 	1409
f 1576 	1626 	1575
f 1577 	1626 	1576
f 1574 	1575 	1626
f 1578 	1626 	1577
f 1581 	1629 	1580
f 1580 	1629 	1579
f 1584 	1629 	1583
f 1579 	1629 	1584
f 1578 	1577 	1583
f 1578 	1583 	1582
f 1577 	1576 	1584
f 1577 	1584 	1583
f 1576 	1575 	1579
f 1576 	1579 	1584
f 1575 	1574 	1580
f 1575 	1580 	1579
f 1574 	1573 	1581
f 1574 	1581 	1580
f 1587 	1632 	197
f 54 	1594 	53
f 1585 	51 	52
f 1585 	52 	1586
f 46 	47 	1588
f 1591 	290 	1590
f 1592 	199 	1591
f 1587 	1585 	1586
f 1587 	1586 	1593
f 1596 	1595 	1597
f 1597 	1598 	1596
f 382 	1596 	1598
f 1597 	1603 	1598
f 1598 	1599 	383
f 383 	1600 	380
f 1600 	383 	1599
f 1606 	384 	1600
f 1715 	710 	384
f 1601 	1597 	1595
f 1601 	1602 	1597
f 1602 	1603 	1597
f 1603 	1599 	1598
f 1726 	1603 	1602
f 1603 	1604 	1599
f 1599 	1604 	1605
f 1599 	1605 	1600
f 1605 	1606 	1600
f 1605 	2118 	1606
f 1605 	2117 	2118
f 494 	492 	1607
f 1607 	493 	1608
f 493 	497 	1608
f 1607 	1608 	1609
f 1609 	212 	1317
f 497 	1610 	1608
f 1446 	1444 	322
f 1444 	1611 	1445
f 1446 	1611 	1444
f 1445 	1611 	1426
f 1445 	1426 	1424
f 1405 	1938 	1403
f 1611 	1433 	1426
f 1611 	1612 	1433
f 1663 	1613 	1612
f 2080 	1910 	1617
f 1588 	1594 	46
f 57 	46 	1594
f 1594 	1588 	1592
f 1594 	1592 	1614
f 1592 	1591 	1615
f 1592 	1615 	1614
f 1591 	1590 	1616
f 1591 	1616 	1615
f 1590 	1589 	1617
f 1590 	1617 	1616
f 1620 	1621 	33
f 375 	33 	368
f 1624 	2025 	1623
f 1999 	1478 	1488
f 1620 	1623 	1622
f 1620 	1622 	1621
f 1619 	1624 	1623
f 1619 	1623 	1620
f 1625 	1624 	1619
f 1625 	1619 	1618
f 1401 	1478 	1999
f 1621 	368 	33
f 1999 	1935 	1401
f 1573 	1574 	1626
f 1628 	1573 	1626
f 1628 	1626 	1627
f 1582 	1583 	1629
f 1631 	1881 	1581
f 1479 	1471 	1949
f 1625 	1618 	1626
f 1625 	1626 	1629
f 1626 	1578 	1582
f 1629 	1626 	1582
f 1581 	1573 	1628
f 1581 	1628 	1631
f 1628 	1627 	1630
f 1628 	1630 	1631
f 1481 	2005 	1480
f 39 	41 	1634
f 1633 	1634 	41
f 1635 	1894 	1637
f 1634 	1633 	1637
f 1634 	1637 	1636
f 1633 	1632 	1635
f 1633 	1635 	1637
f 1593 	1635 	1587
f 1632 	1587 	1635
f 1875 	1872 	1648
f 1874 	1875 	1648
f 1803 	1874 	1649
f 1649 	1874 	1648
f 1613 	1434 	1612
f 1637 	1894 	1636
f 1636 	1894 	1650
f 1630 	1627 	1642
f 1630 	1642 	1645
f 1642 	1641 	1646
f 1642 	1646 	1645
f 1641 	1640 	1647
f 1641 	1647 	1646
f 1640 	1639 	1648
f 1640 	1648 	1647
f 1639 	1638 	1649
f 1639 	1649 	1648
f 1638 	1807 	1649
f 1643 	1634 	1636
f 1643 	1636 	1650
f 1820 	1829 	1644
f 1644 	1651 	1820
f 1650 	1651 	1643
f 1644 	1643 	1651
f 1613 	1656 	1653
f 1434 	1613 	1653
f 1652 	1922 	717
f 1436 	1434 	1653
f 1653 	1654 	1655
f 720 	718 	1924
f 1436 	1653 	1655
f 1655 	1438 	1436
f 1924 	1911 	720
f 1655 	1915 	1438
f 1442 	1441 	1915
f 1915 	1443 	1442
f 1659 	1656 	1674
f 1656 	1654 	1653
f 1656 	1659 	1654
f 1549 	1547 	1538
f 825 	1662 	1566
f 1800 	1566 	1662
f 1549 	1551 	1547
f 1692 	825 	823
f 2174 	1661 	1660
f 1661 	1539 	1660
f 1663 	1446 	327
f 1547 	1660 	1539
f 1527 	1664 	1087
f 330 	1663 	327
f 1446 	1663 	1612
f 1527 	1660 	1664
f 1088 	1087 	1665
f 1611 	1446 	1612
f 1087 	1664 	1665
f 330 	1666 	1663
f 355 	1088 	1665
f 1663 	1666 	1613
f 355 	318 	1088
f 1671 	334 	331
f 1551 	1541 	1667
f 1666 	334 	1674
f 1669 	1667 	1541
f 1656 	1613 	1666
f 1681 	1670 	1662
f 1668 	1662 	1670
f 1656 	1666 	1674
f 1671 	331 	340
f 1671 	340 	1753
f 1869 	1672 	1541
f 1869 	1543 	1672
f 1674 	334 	1671
f 1680 	1662 	1679
f 1662 	1680 	1681
f 1683 	1684 	1685
f 1678 	1545 	1684
f 1678 	1684 	1683
f 1679 	1699 	1680
f 1697 	1699 	1679
f 1688 	1686 	1687
f 1680 	1699 	1681
f 1688 	1685 	1686
f 1684 	1686 	1685
f 1686 	1689 	1690
f 1686 	1690 	1687
f 1686 	1691 	1689
f 1662 	825 	1692
f 827 	1696 	1692
f 1691 	1399 	1689
f 1689 	1399 	1690
f 827 	1004 	1696
f 1696 	1697 	1692
f 1662 	1692 	1679
f 1695 	1690 	1399
f 1679 	1692 	1697
f 1693 	1399 	1691
f 1399 	1693 	1694
f 1694 	1406 	1399
f 1547 	1551 	1667
f 1704 	1698 	1696
f 1667 	1669 	1695
f 1698 	1699 	1697
f 1004 	1707 	1696
f 1697 	1696 	1698
f 1708 	1706 	1696
f 273 	1609 	1608
f 1700 	1724 	1610
f 1704 	1717 	1698
f 1700 	497 	509
f 1700 	1610 	497
f 703 	1702 	1700
f 703 	1701 	1702
f 66 	948 	65
f 1708 	1696 	1707
f 512 	1703 	1705
f 1704 	1696 	1706
f 512 	1705 	709
f 1711 	1701 	709
f 1705 	1711 	709
f 1701 	1712 	1702
f 1699 	1698 	1717
f 1706 	1717 	1704
f 1004 	1709 	1707
f 1713 	1714 	65
f 1709 	65 	1710
f 711 	1718 	1703
f 1703 	1719 	1705
f 1707 	1717 	1708
f 1707 	1709 	1717
f 1708 	1717 	1706
f 1710 	1717 	1709
f 1711 	1712 	1701
f 1710 	65 	1714
f 1713 	948 	953
f 1714 	1713 	953
f 1715 	384 	1606
f 1716 	710 	1715
f 1714 	953 	1710
f 710 	1716 	711
f 1716 	1718 	711
f 1699 	1717 	1989
f 1719 	1703 	1718
f 1717 	1710 	953
f 953 	1001 	1717
f 1327 	1720 	1721
f 1723 	1313 	1312
f 281 	1716 	1715
f 1312 	1722 	1723
f 283 	1719 	1718
f 2249 	1776 	1723
f 1700 	1702 	1724
f 1314 	1313 	1776
f 1776 	1119 	1314
f 274 	1610 	1724
f 1720 	1778 	1721
f 289 	1702 	1712
f 1712 	410 	289
f 1777 	1784 	1721
f 1511 	2002 	2007
f 2007 	1595 	1511
f 2114 	1602 	1601
f 1255 	1725 	315
f 1725 	1255 	1542
f 730 	315 	1725
f 1542 	1546 	1725
f 1726 	1604 	1603
f 1728 	1729 	1727
f 2117 	1605 	1604
f 1518 	1727 	1730
f 1727 	1747 	1730
f 1749 	1748 	1730
f 1731 	1732 	1730
f 1608 	1610 	273
f 1610 	274 	273
f 575 	212 	1609
f 1747 	1749 	1730
f 1609 	273 	575
f 1513 	1518 	1730
f 274 	1724 	276
f 1513 	1730 	1732
f 1705 	1719 	1733
f 1733 	1711 	1705
f 1711 	279 	1712
f 279 	1711 	1733
f 1734 	1732 	1731
f 279 	410 	1712
f 280 	1715 	1606
f 280 	281 	1715
f 1732 	1735 	1513
f 282 	1716 	281
f 1716 	282 	1718
f 283 	1718 	282
f 1719 	412 	1733
f 412 	1719 	283
f 289 	1724 	1702
f 289 	276 	1724
f 1732 	1736 	1735
f 1737 	1513 	1735
f 1525 	1513 	1737
f 1736 	1734 	1739
f 1734 	1736 	1732
f 1741 	1542 	1740
f 1740 	1742 	1741
f 1742 	1743 	1741
f 1741 	1743 	1744
f 1515 	1544 	1744
f 1745 	1744 	1743
f 1744 	1745 	1746
f 1744 	1727 	1515
f 1746 	1728 	1727
f 1746 	1727 	1744
f 1737 	1534 	1525
f 1357 	1334 	1356
f 1728 	1357 	1729
f 1743 	1742 	1334
f 1740 	1346 	1334
f 1357 	1728 	1334
f 1740 	1334 	1742
f 1743 	1334 	1745
f 1745 	1334 	1746
f 1746 	1334 	1728
f 1729 	1747 	1727
f 1731 	1748 	1358
f 1731 	1358 	1359
f 1731 	1730 	1748
f 1361 	1734 	1382
f 1359 	1362 	1731
f 1734 	1731 	1362
f 1361 	1739 	1734
f 1738 	1739 	1361
f 1750 	1384 	1385
f 1750 	1385 	1364
f 1384 	1750 	1387
f 1738 	1387 	1750
f 1387 	1738 	1361
f 1729 	1357 	1747
f 1747 	1357 	1749
f 1748 	1749 	1357
f 1358 	1748 	1357
f 1682 	353 	1677
f 1751 	336 	1682
f 337 	1751 	1752
f 337 	1752 	340
f 1753 	340 	1752
f 1674 	1671 	1658
f 1671 	1753 	1658
f 1674 	1658 	1659
f 1915 	1682 	1677
f 1915 	1751 	1682
f 1755 	1760 	44
f 1754 	1755 	44
f 517 	1754 	44
f 521 	518 	44
f 517 	2144 	1754
f 1760 	1756 	44
f 1175 	1755 	1754
f 1756 	488 	1757
f 1757 	1758 	44
f 1762 	44 	1761
f 1759 	1761 	44
f 1758 	1759 	44
f 1990 	1758 	1757
f 1990 	1002 	1758
f 1759 	1758 	1002
f 1756 	1757 	44
f 1756 	1760 	488
f 1755 	1175 	1760
f 525 	526 	44
f 521 	44 	526
f 44 	45 	525
f 45 	1762 	1763
f 1762 	1761 	1005
f 1002 	1005 	1761
f 1768 	1769 	45
f 1763 	1764 	45
f 1761 	1759 	1002
f 538 	45 	534
f 538 	535 	45
f 530 	45 	532
f 1765 	1766 	45
f 1768 	45 	1764
f 1763 	1762 	1005
f 1764 	1763 	1007
f 1771 	45 	1769
f 534 	45 	1766
f 536 	1766 	1767
f 1765 	1767 	1766
f 534 	1766 	536
f 1770 	1769 	1768
f 1770 	1768 	1007
f 1768 	1764 	1007
f 1765 	45 	1771
f 1771 	1767 	1765
f 1771 	1770 	1767
f 1770 	1771 	1769
f 2028 	536 	1767
f 2028 	1767 	2029
f 1490 	1773 	1491
f 1772 	1773 	1490
f 1773 	1774 	1491
f 1774 	1497 	1491
f 1850 	1494 	1493
f 1773 	1772 	1852
f 1852 	1859 	1773
f 1451 	1496 	1775
f 1722 	1786 	1723
f 2014 	1487 	1486
f 1487 	2014 	1488
f 132 	1488 	2014
f 132 	134 	1488
f 1778 	1787 	1777
f 1779 	1787 	1778
f 1787 	1784 	1777
f 1792 	1930 	1049
f 1779 	1780 	1787
f 1777 	1721 	1778
f 1053 	1794 	1792
f 1795 	1053 	1056
f 1778 	1720 	1788
f 1780 	1779 	1788
f 1778 	1788 	1779
f 1721 	1783 	1722
f 1782 	1722 	1783
f 1781 	1722 	1782
f 1783 	1721 	1784
f 1781 	1787 	1786
f 1236 	1237 	1842
f 1786 	1722 	1781
f 1237 	1846 	1842
f 1720 	1556 	1788
f 1814 	1816 	1787
f 1790 	1791 	1787
f 1780 	1789 	1787
f 1140 	1138 	1787
f 1790 	1787 	1789
f 1789 	1788 	1790
f 1788 	1789 	1780
f 1391 	1402 	1933
f 1391 	1933 	1934
f 1798 	1787 	1797
f 332 	333 	1787
f 1792 	1794 	1793
f 1799 	1797 	1788
f 1791 	1797 	1787
f 105 	124 	1793
f 1794 	105 	1793
f 1790 	1788 	1791
f 478 	479 	1787
f 1795 	1794 	1053
f 1794 	109 	105
f 1795 	109 	1794
f 1795 	113 	109
f 1056 	1183 	1796
f 1166 	1167 	1787
f 1838 	1787 	1798
f 1799 	1556 	1331
f 1788 	1556 	1799
f 1564 	1799 	1331
f 1799 	1564 	1836
f 1787 	81 	82
f 1836 	1798 	1799
f 1528 	1787 	1833
f 1833 	1834 	1528
f 1514 	1528 	1834
f 2066 	2067 	1657
f 1657 	2067 	1071
f 1662 	1668 	1800
f 1809 	1800 	1668
f 1586 	1905 	1593
f 1593 	1905 	1635
f 1650 	1891 	1651
f 1647 	1648 	1872
f 1808 	1810 	1649
f 1820 	1651 	1819
f 1803 	1649 	1819
f 1627 	1626 	1642
f 1642 	1626 	1641
f 1807 	1808 	1649
f 1806 	1800 	1809
f 1810 	1819 	1649
f 1800 	1806 	1811
f 1808 	1807 	1812
f 1800 	1811 	1802
f 1670 	1813 	1668
f 1809 	1668 	1813
f 1827 	1787 	1817
f 1808 	1812 	1810
f 1803 	1819 	1651
f 1818 	1816 	1805
f 1814 	1804 	1805
f 1805 	1804 	1801
f 1802 	1811 	1979
f 1816 	1814 	1805
f 1835 	1920 	1805
f 1819 	1810 	1820
f 1812 	1820 	1810
f 1809 	1813 	1806
f 1806 	1813 	1811
f 1805 	1920 	1818
f 1813 	1979 	1811
f 41 	197 	1633
f 1813 	1670 	1699
f 1641 	25 	1640
f 1670 	1681 	1699
f 1817 	1815 	1818
f 1816 	1818 	1815
f 1824 	1787 	1823
f 1821 	1644 	1830
f 1638 	1821 	1830
f 1826 	1638 	1830
f 1807 	1638 	1826
f 1826 	1812 	1807
f 1638 	23 	1821
f 1639 	23 	1638
f 51 	1585 	197
f 1295 	1297 	1504
f 1791 	1788 	1797
f 1644 	38 	1643
f 1643 	39 	1634
f 50 	51 	197
f 1827 	1818 	1822
f 1822 	1828 	1823
f 36 	38 	1821
f 1821 	38 	1644
f 38 	39 	1643
f 1585 	1587 	197
f 1830 	1644 	1829
f 1817 	1818 	1827
f 1828 	1822 	1818
f 1826 	1830 	1829
f 1826 	1829 	1812
f 36 	1821 	26
f 1828 	1818 	1299
f 1812 	1829 	1820
f 1825 	1824 	1828
f 1823 	1828 	1824
f 1832 	1787 	1825
f 1504 	1290 	1295
f 1969 	1787 	1838
f 1291 	1834 	1828
f 1828 	1832 	1825
f 1832 	1828 	1833
f 1834 	1833 	1828
f 1977 	1787 	1969
f 1183 	1837 	1796
f 1291 	1290 	1834
f 1796 	1795 	1056
f 94 	1835 	1805
f 1796 	113 	1795
f 1672 	1673 	1695
f 117 	1796 	1837
f 1837 	121 	117
f 1797 	1799 	1798
f 1667 	1695 	1547
f 1669 	1672 	1695
f 1695 	1673 	1675
f 1838 	1798 	1836
f 1676 	1678 	1695
f 1678 	1683 	1695
f 1683 	1685 	1695
f 1675 	1676 	1695
f 1775 	1496 	1893
f 1685 	1688 	1695
f 121 	1837 	1839
f 1893 	1895 	1775
f 1695 	1688 	1687
f 1695 	1687 	1690
f 1839 	1190 	1843
f 1839 	1843 	122
f 122 	121 	1839
f 1845 	1497 	1774
f 1547 	1841 	1660
f 1236 	1842 	1190
f 1497 	1845 	1840
f 1695 	1841 	1547
f 1845 	1856 	1840
f 1660 	1841 	1844
f 1190 	1842 	1843
f 1660 	1844 	1664
f 1843 	1842 	1848
f 1664 	1844 	356
f 1860 	1845 	1774
f 1844 	360 	356
f 1664 	356 	1665
f 1665 	357 	355
f 1665 	356 	357
f 1853 	1695 	1399
f 1492 	1847 	1849
f 1846 	1848 	1842
f 358 	1841 	1695
f 1695 	1853 	358
f 175 	1843 	1848
f 1850 	1493 	1849
f 1850 	1851 	1494
f 1841 	359 	1844
f 1494 	1851 	1772
f 360 	1844 	359
f 175 	122 	1843
f 1851 	1852 	1772
f 1399 	1509 	1853
f 1774 	1773 	1859
f 1846 	1854 	401
f 358 	359 	1841
f 1509 	924 	363
f 1509 	363 	1853
f 1526 	2134 	1533
f 1846 	401 	1848
f 401 	895 	1848
f 1386 	1393 	1857
f 1857 	1237 	1386
f 1857 	1846 	1237
f 1859 	1860 	1774
f 1393 	1861 	1857
f 1858 	1862 	1863
f 1845 	1906 	1856
f 1860 	1906 	1845
f 2104 	1862 	1858
f 1393 	1934 	1861
f 1857 	1861 	1854
f 1857 	1854 	1846
f 1661 	1858 	1863
f 1865 	1862 	2105
f 1862 	1866 	1863
f 1862 	1865 	1866
f 1541 	1863 	1866
f 1865 	1867 	1866
f 1868 	1866 	1867
f 1866 	1868 	1541
f 1868 	1869 	1541
f 1864 	1870 	1865
f 1870 	1867 	1865
f 1646 	1647 	1872
f 1645 	1646 	1872
f 1630 	1645 	1873
f 1872 	1873 	1645
f 1629 	1581 	1885
f 1630 	1873 	1631
f 1625 	1629 	1884
f 1881 	1877 	1882
f 1879 	1831 	1913
f 1878 	1879 	1913
f 2025 	1624 	1884
f 1881 	1631 	1873
f 1882 	1581 	1881
f 1883 	1581 	1882
f 1873 	1877 	1881
f 1872 	1878 	1873
f 1878 	1877 	1873
f 1874 	1879 	1875
f 1875 	1879 	1878
f 1872 	1875 	1878
f 1874 	1876 	1879
f 1948 	2025 	1880
f 1884 	1629 	1885
f 1885 	1581 	1883
f 1880 	1884 	1885
f 1883 	1880 	1885
f 1651 	1891 	1803
f 1879 	1888 	1831
f 1889 	1876 	1803
f 1831 	1888 	1886
f 1874 	1803 	1876
f 1889 	1803 	1892
f 1876 	1889 	1888
f 1879 	1876 	1888
f 52 	1905 	1586
f 1892 	1803 	1891
f 1889 	1892 	1888
f 1840 	1893 	1496
f 1896 	1650 	1894
f 1891 	1650 	1896
f 1895 	1890 	1775
f 1897 	1887 	1886
f 1840 	1856 	1893
f 1886 	1888 	1897
f 1616 	1617 	1910
f 1887 	1897 	1898
f 1891 	1896 	1897
f 1896 	1894 	1897
f 1010 	1900 	1770
f 1010 	1899 	1900
f 1615 	1616 	1910
f 1614 	1615 	1910
f 1900 	2029 	1770
f 53 	1904 	52
f 1902 	1899 	1498
f 1902 	1903 	1899
f 1902 	1890 	1903
f 1775 	1890 	1902
f 1899 	1903 	1900
f 1888 	1892 	1897
f 1891 	1897 	1892
f 1898 	1897 	1894
f 1910 	1908 	1614
f 1905 	52 	1904
f 1907 	2013 	1856
f 1901 	1898 	1904
f 1905 	1904 	1898
f 1894 	1635 	1905
f 1906 	1907 	1856
f 1905 	1898 	1894
f 1909 	1901 	1908
f 1904 	1908 	1901
f 1904 	53 	1908
f 1594 	1614 	1908
f 1859 	1852 	1915
f 1908 	1910 	1909
f 1859 	1915 	1860
f 1910 	2080 	1909
f 1831 	1886 	1911
f 1912 	1942 	1877
f 1914 	1877 	1942
f 1877 	1878 	1912
f 1912 	1878 	1913
f 1914 	1882 	1877
f 1880 	1883 	1914
f 1941 	1916 	1914
f 1917 	1294 	1293
f 1293 	1296 	1917
f 1915 	1677 	343
f 1915 	1752 	1751
f 1915 	1753 	1752
f 1915 	1658 	1753
f 1915 	1659 	1658
f 1915 	1654 	1659
f 1655 	1654 	1915
f 1915 	1439 	1438
f 1915 	1440 	1439
f 1915 	1847 	1443
f 1915 	1849 	1847
f 1915 	1850 	1849
f 1915 	1851 	1850
f 1915 	1852 	1851
f 1915 	1906 	1860
f 1915 	1907 	1906
f 1915 	1919 	1907
f 1915 	1918 	1919
f 2017 	1918 	1915
f 1915 	2018 	2017
f 2018 	1915 	2019
f 1915 	2020 	2019
f 2020 	1915 	2021
f 1915 	725 	2021
f 1915 	341 	728
f 1915 	343 	341
f 2013 	1907 	1919
f 1835 	1500 	1920
f 1916 	1880 	1914
f 1296 	1956 	1917
f 1920 	1299 	1818
f 1903 	1890 	1921
f 1299 	1300 	1828
f 1922 	718 	717
f 1922 	1924 	718
f 1828 	1300 	1291
f 97 	1499 	1835
f 1835 	1499 	1500
f 1923 	1921 	1890
f 1500 	1308 	1920
f 1890 	1895 	1923
f 1920 	1308 	1299
f 1926 	96 	2062
f 96 	1927 	97
f 96 	1926 	1927
f 97 	1927 	1499
f 403 	1793 	402
f 403 	140 	1793
f 141 	1931 	140
f 144 	1931 	141
f 143 	1931 	144
f 404 	402 	1793
f 404 	1793 	405
f 1929 	146 	145
f 145 	148 	1929
f 1943 	1929 	148
f 1943 	148 	147
f 1929 	149 	146
f 150 	149 	1929
f 1930 	1929 	1943
f 240 	1931 	241
f 240 	150 	1931
f 1929 	1931 	150
f 1930 	1931 	1929
f 241 	1931 	142
f 143 	142 	1931
f 1793 	140 	1931
f 1792 	1931 	1930
f 1931 	1792 	1793
f 599 	595 	1854
f 1861 	599 	1854
f 1861 	1932 	599
f 1964 	600 	1932
f 603 	606 	1932
f 1964 	1934 	1933
f 1934 	1932 	1861
f 1934 	1964 	1932
f 1401 	1935 	1936
f 1935 	1966 	1936
f 1937 	1938 	242
f 243 	242 	1938
f 243 	1938 	244
f 1926 	1928 	1939
f 247 	246 	1940
f 245 	1940 	246
f 724 	715 	1941
f 715 	1916 	1941
f 1926 	1939 	1927
f 1941 	726 	724
f 1501 	1499 	1927
f 245 	244 	1938
f 1940 	245 	1938
f 1927 	1939 	1501
f 248 	247 	1940
f 248 	1940 	1943
f 726 	1942 	1652
f 1928 	1944 	1939
f 1941 	1942 	726
f 1942 	1912 	1652
f 248 	1943 	249
f 1928 	2041 	1944
f 1939 	1944 	1503
f 1943 	147 	249
f 1944 	1370 	1503
f 1652 	1912 	1922
f 1937 	1403 	1938
f 1922 	1913 	1924
f 1913 	1922 	1912
f 1937 	1448 	1403
f 2041 	1366 	1944
f 1924 	1831 	1911
f 1831 	1924 	1913
f 1370 	1944 	1365
f 1405 	1940 	1938
f 1940 	1405 	1240
f 1957 	1958 	1787
f 1945 	1787 	1958
f 1941 	1914 	1942
f 1940 	1240 	1943
f 1946 	1955 	1787
f 1945 	1946 	1787
f 1930 	1943 	1240
f 1623 	2025 	1622
f 1787 	1955 	1951
f 1952 	1953 	1787
f 1049 	1930 	1240
f 1621 	1622 	1947
f 250 	1937 	251
f 1948 	1294 	1917
f 252 	251 	1937
f 2026 	2037 	1622
f 85 	93 	94
f 85 	94 	1958
f 242 	252 	1937
f 250 	253 	1937
f 1946 	1945 	94
f 1294 	1948 	1916
f 1625 	1884 	1624
f 1958 	94 	1945
f 254 	257 	1950
f 1952 	1787 	1951
f 1880 	1916 	1948
f 1882 	1914 	1883
f 1951 	1805 	1952
f 1952 	1805 	1953
f 1953 	1805 	1801
f 1947 	1622 	2037
f 368 	1621 	1947
f 1805 	1951 	94
f 1951 	1955 	94
f 1946 	94 	1955
f 1471 	1950 	1949
f 1950 	1245 	1448
f 2037 	2031 	1947
f 1871 	1867 	1870
f 1867 	1871 	1868
f 1871 	1869 	1868
f 1871 	1543 	1869
f 1871 	1545 	1543
f 1871 	1684 	1545
f 1871 	1686 	1684
f 1871 	1691 	1686
f 1871 	1693 	1691
f 1871 	1694 	1693
f 1694 	1871 	1406
f 1871 	1388 	1406
f 1871 	1363 	1388
f 1871 	1364 	1363
f 1871 	1750 	1364
f 1871 	1738 	1750
f 1871 	1739 	1738
f 1735 	1736 	1871
f 1957 	1787 	89
f 1871 	1737 	1735
f 1958 	1957 	85
f 89 	85 	1957
f 1739 	1871 	1736
f 1950 	1471 	1245
f 255 	254 	1959
f 255 	1959 	256
f 253 	256 	1937
f 1959 	1937 	256
f 2003 	261 	262
f 769 	1787 	768
f 1960 	1787 	769
f 2003 	262 	263
f 1961 	1963 	1787
f 2003 	1949 	261
f 258 	261 	1949
f 259 	258 	1949
f 72 	71 	1787
f 259 	1949 	260
f 1959 	254 	1950
f 257 	260 	1950
f 1949 	1950 	260
f 2094 	2044 	769
f 1959 	1950 	1448
f 1960 	769 	2044
f 1959 	1448 	1937
f 1935 	1962 	1997
f 1966 	1935 	1997
f 2044 	2045 	1961
f 1988 	1933 	1936
f 1964 	1933 	1988
f 1967 	1970 	1787
f 71 	73 	1787
f 1963 	1968 	1965
f 1968 	1967 	1965
f 1977 	1978 	1787
f 1838 	1836 	1969
f 1977 	1969 	1836
f 1972 	1973 	1787
f 1836 	1976 	1977
f 1970 	1967 	1971
f 1968 	1971 	1967
f 1970 	1972 	1787
f 1976 	1836 	1975
f 1800 	1802 	1836
f 1973 	72 	1787
f 1970 	1971 	1972
f 1973 	1972 	70
f 1971 	70 	1972
f 1984 	1980 	1787
f 328 	332 	1787
f 328 	1787 	1981
f 70 	72 	1973
f 1975 	1836 	1802
f 76 	81 	1787
f 1787 	73 	74
f 1981 	1787 	1980
f 1968 	2045 	2050
f 76 	1787 	75
f 1974 	1787 	1978
f 1978 	1977 	1976
f 1979 	1975 	1802
f 1974 	1976 	1979
f 1976 	1975 	1979
f 1978 	1976 	1974
f 1980 	1982 	1981
f 328 	1981 	1982
f 1983 	1787 	1974
f 1974 	1979 	1983
f 1982 	1984 	1979
f 1983 	1979 	1984
f 1984 	1982 	1980
f 1979 	1985 	1982
f 1979 	1813 	1985
f 1986 	486 	1985
f 1699 	1989 	1986
f 484 	1982 	1985
f 1813 	1699 	1986
f 1985 	1813 	1986
f 1948 	1917 	1987
f 1936 	1966 	1988
f 1966 	615 	1988
f 1966 	614 	615
f 1985 	486 	484
f 1986 	1990 	486
f 1989 	1990 	1986
f 1990 	488 	486
f 1966 	1997 	614
f 1001 	1989 	1717
f 1001 	1002 	1989
f 1989 	1002 	1990
f 1964 	1988 	616
f 1988 	615 	616
f 1964 	616 	600
f 138 	654 	1993
f 1993 	135 	138
f 1992 	1994 	345
f 1995 	1962 	135
f 1994 	1298 	1991
f 1993 	1995 	135
f 1115 	1996 	1992
f 1997 	1962 	1995
f 1993 	631 	1995
f 1995 	633 	613
f 1992 	1996 	1998
f 1992 	1998 	1994
f 1993 	654 	630
f 632 	1995 	631
f 1302 	1301 	1998
f 1995 	613 	1997
f 580 	581 	1996
f 1997 	613 	614
f 1488 	134 	1999
f 1962 	1999 	134
f 1999 	1962 	1935
f 584 	591 	2001
f 2003 	1479 	1949
f 1996 	2000 	1998
f 1996 	584 	2000
f 1302 	1998 	2000
f 2000 	584 	2001
f 2005 	1481 	1479
f 2001 	1303 	2000
f 1482 	1480 	2009
f 2002 	2001 	591
f 263 	264 	2003
f 264 	265 	2003
f 2004 	266 	267
f 2004 	267 	268
f 669 	2006 	2002
f 268 	269 	2004
f 2004 	2005 	266
f 270 	266 	2005
f 2003 	265 	2005
f 2003 	2005 	1479
f 2006 	2007 	2002
f 2009 	2004 	385
f 269 	385 	2004
f 2006 	2010 	2007
f 1480 	2005 	2004
f 2009 	1480 	2004
f 386 	387 	2009
f 2011 	2009 	389
f 386 	2009 	385
f 2010 	2006 	2008
f 2010 	1601 	2007
f 2012 	2010 	2008
f 389 	391 	2011
f 387 	389 	2009
f 391 	392 	2011
f 2007 	1601 	1595
f 1482 	2009 	2011
f 690 	691 	2008
f 686 	2012 	2008
f 392 	393 	2011
f 1484 	1482 	2011
f 128 	129 	1486
f 1893 	1856 	2013
f 2013 	1895 	1893
f 1484 	128 	1486
f 1925 	1923 	1895
f 2014 	1486 	129
f 2013 	1925 	1895
f 1918 	1925 	1919
f 2015 	395 	396
f 1919 	1925 	2013
f 396 	397 	2015
f 2015 	128 	395
f 393 	394 	128
f 1918 	2024 	1925
f 128 	2011 	393
f 1484 	2011 	128
f 130 	2015 	399
f 397 	398 	2015
f 2017 	2018 	2016
f 399 	400 	130
f 2015 	129 	128
f 719 	2019 	721
f 2015 	130 	129
f 2019 	719 	2018
f 722 	2020 	2021
f 727 	725 	1915
f 727 	1915 	728
f 1921 	1923 	2023
f 1954 	1947 	2031
f 2023 	2022 	1921
f 1954 	369 	1947
f 2022 	731 	729
f 2023 	731 	2022
f 1987 	1917 	1956
f 1923 	1925 	2024
f 2024 	2023 	1923
f 2026 	1622 	2025
f 2023 	2016 	731
f 1884 	1880 	2025
f 2024 	2016 	2023
f 2016 	719 	731
f 1948 	1987 	2026
f 1948 	2026 	2025
f 1918 	2017 	2024
f 2027 	1956 	1298
f 2024 	2017 	2016
f 2027 	1298 	1301
f 2030 	1954 	2031
f 2029 	1767 	1770
f 2029 	2033 	2035
f 2032 	2034 	1954
f 2032 	1954 	2030
f 368 	1947 	369
f 1956 	2027 	2032
f 2027 	2034 	2032
f 2029 	2035 	2028
f 2035 	757 	2028
f 2033 	2029 	1900
f 2034 	292 	1954
f 1900 	1903 	2033
f 2033 	2022 	2035
f 1921 	2022 	2033
f 2035 	2022 	729
f 2035 	729 	757
f 2032 	2030 	1956
f 1987 	1956 	2030
f 2031 	1987 	2030
f 1921 	2033 	1903
f 1987 	2037 	2026
f 1987 	2031 	2037
f 1926 	2062 	2036
f 2038 	2027 	1301
f 1926 	2036 	1928
f 2036 	2039 	1928
f 1301 	1302 	2038
f 292 	293 	1954
f 292 	2034 	2027
f 292 	2027 	2038
f 1510 	2038 	1302
f 2039 	2040 	2041
f 2039 	2041 	1928
f 2042 	723 	1911
f 2162 	1366 	2041
f 1064 	2043 	1065
f 1911 	1886 	2042
f 1963 	1961 	2045
f 2045 	1968 	1963
f 2042 	1887 	2043
f 2042 	1886 	1887
f 1871 	1536 	1535
f 2047 	2043 	1887
f 1887 	1898 	2047
f 2094 	2046 	2044
f 2044 	2046 	2048
f 2063 	2047 	2049
f 2125 	1540 	1871
f 2044 	2048 	2045
f 2125 	1871 	2126
f 2045 	2048 	2050
f 1968 	2050 	2051
f 2053 	70 	2052
f 2056 	2051 	2050
f 2051 	2057 	2052
f 2051 	2056 	2057
f 2052 	2058 	2053
f 2048 	2077 	2050
f 2077 	2056 	2050
f 1901 	2049 	2047
f 1901 	2047 	1898
f 2052 	2057 	2058
f 2049 	1901 	2059
f 2053 	2060 	79
f 2053 	2058 	2060
f 2057 	2061 	2058
f 2042 	1064 	723
f 2057 	2082 	2061
f 2058 	2061 	2062
f 2042 	2043 	1064
f 2058 	2062 	2060
f 2060 	96 	93
f 2062 	96 	2060
f 1065 	2043 	2063
f 2064 	1068 	1066
f 2061 	2082 	2065
f 2064 	1066 	2063
f 2064 	1657 	1068
f 2047 	2063 	2043
f 2061 	2036 	2062
f 2065 	2036 	2061
f 2049 	2064 	2063
f 2066 	1657 	2064
f 2049 	2066 	2064
f 2065 	2039 	2036
f 2066 	2070 	2067
f 2068 	2039 	2065
f 1071 	2067 	1076
f 2059 	2066 	2049
f 2069 	102 	2071
f 2069 	139 	102
f 2059 	2070 	2066
f 1307 	2067 	2070
f 2068 	2040 	2039
f 2068 	2071 	2040
f 2070 	2072 	1307
f 2069 	1029 	139
f 2072 	1310 	1307
f 2072 	1311 	1310
f 2076 	2085 	2073
f 1617 	500 	2073
f 2059 	1901 	1909
f 2075 	2048 	2046
f 1617 	2073 	2080
f 2075 	2046 	2074
f 2048 	2075 	2077
f 1617 	1589 	500
f 2076 	2073 	499
f 2059 	1909 	2078
f 500 	499 	2073
f 1909 	2081 	2078
f 2059 	2078 	2070
f 2074 	2086 	2075
f 2078 	2072 	2070
f 2079 	2056 	2077
f 2056 	2079 	2082
f 2081 	1909 	2080
f 2080 	2073 	2085
f 2079 	2084 	2082
f 2056 	2082 	2057
f 499 	489 	2076
f 2079 	2090 	2084
f 2083 	2078 	2081
f 10 	2076 	489
f 2082 	2084 	2065
f 2085 	2081 	2080
f 2085 	2089 	2081
f 2084 	2068 	2065
f 2078 	2083 	2072
f 2083 	1311 	2072
f 2074 	1020 	2086
f 1020 	1022 	2086
f 2075 	2086 	2087
f 2086 	1023 	2087
f 2081 	2088 	2083
f 2075 	2087 	2077
f 2087 	2079 	2077
f 2085 	2076 	2089
f 2076 	11 	2089
f 2086 	1022 	1023
f 2088 	2081 	2089
f 2087 	1023 	2090
f 2088 	2089 	11
f 2087 	2090 	2079
f 2088 	1315 	2083
f 12 	2088 	11
f 12 	1316 	2088
f 2088 	1316 	1315
f 2083 	1315 	1311
f 1023 	1027 	2090
f 1027 	2091 	2090
f 2090 	2091 	2084
f 2091 	2068 	2084
f 2091 	2071 	2068
f 1027 	2069 	2091
f 1027 	1029 	2069
f 2091 	2069 	2071
f 765 	2092 	766
f 775 	777 	2095
f 2097 	949 	2096
f 765 	2098 	2099
f 2099 	2092 	765
f 2092 	2100 	2093
f 2092 	2099 	2100
f 2094 	2101 	2046
f 772 	2135 	2136
f 2136 	2095 	772
f 2095 	2136 	2137
f 1870 	1864 	2055
f 1871 	2055 	2054
f 1870 	2055 	1871
f 1871 	1534 	1737
f 2098 	765 	954
f 1534 	1871 	1535
f 2097 	2098 	954
f 1537 	1536 	1871
f 2093 	2101 	2094
f 2093 	2100 	2101
f 2096 	2095 	2137
f 2134 	1333 	2102
f 2103 	1855 	2102
f 2103 	1858 	1855
f 1858 	2103 	2104
f 2105 	1862 	2104
f 2105 	1864 	1865
f 2107 	2105 	2104
f 2107 	2108 	2105
f 2108 	2106 	1864
f 2108 	1864 	2105
f 2010 	2012 	2114
f 2113 	2012 	686
f 1968 	2051 	1971
f 686 	802 	2113
f 2012 	2119 	2114
f 2113 	2119 	2012
f 802 	806 	2113
f 89 	1787 	84
f 2113 	2120 	2119
f 1601 	2010 	2114
f 1971 	2051 	2052
f 1971 	2052 	70
f 2115 	1602 	2114
f 2115 	1726 	1602
f 84 	1787 	83
f 2115 	2122 	1726
f 73 	71 	2053
f 71 	72 	2053
f 2116 	1604 	1726
f 72 	70 	2053
f 2116 	2117 	1604
f 1606 	2118 	280
f 2119 	2115 	2114
f 806 	2120 	2113
f 2121 	2115 	2119
f 2120 	2121 	2119
f 2121 	2122 	2115
f 2122 	2116 	1726
f 2120 	859 	2121
f 2122 	861 	2116
f 2116 	59 	2117
f 806 	867 	2120
f 2120 	865 	859
f 2116 	861 	59
f 59 	60 	2117
f 2117 	60 	2118
f 436 	280 	2118
f 436 	2118 	60
f 2121 	860 	2122
f 860 	2121 	859
f 2122 	860 	861
f 1871 	2112 	2111
f 1871 	2123 	2112
f 2109 	2124 	2110
f 2109 	2123 	2124
f 2054 	2110 	2124
f 2054 	2106 	2110
f 2055 	1864 	2106
f 2106 	2054 	2055
f 1537 	1871 	1540
f 2128 	1871 	2111
f 2123 	1871 	2124
f 1871 	2054 	2124
f 660 	1540 	2125
f 2125 	662 	660
f 2126 	1871 	2127
f 1871 	2128 	2127
f 2130 	459 	317
f 2130 	2129 	459
f 2130 	2103 	2129
f 2129 	2103 	2102
f 2107 	2130 	317
f 2107 	2104 	2130
f 2130 	2104 	2103
f 317 	319 	2107
f 2131 	467 	321
f 2131 	319 	467
f 319 	2131 	2108
f 2106 	2108 	2131
f 2131 	2110 	2106
f 2108 	2107 	319
f 2131 	321 	2110
f 469 	323 	2132
f 469 	2132 	516
f 2133 	516 	2132
f 2109 	321 	324
f 2133 	2109 	324
f 2109 	2110 	321
f 325 	662 	2126
f 325 	2127 	326
f 2128 	323 	326
f 2128 	326 	2127
f 323 	2128 	2111
f 323 	2111 	2132
f 2132 	2111 	2112
f 2133 	2132 	2112
f 2133 	2112 	2123
f 2133 	2123 	2109
f 2126 	662 	2125
f 325 	2126 	2127
f 2074 	2046 	2101
f 2096 	2137 	2138
f 2096 	2138 	2097
f 2135 	2140 	2136
f 2140 	2135 	2139
f 2139 	1160 	2142
f 2139 	2142 	2141
f 2139 	2141 	2140
f 2142 	1160 	1170
f 1170 	2143 	2142
f 2143 	2157 	2142
f 1174 	1175 	2144
f 1175 	1754 	2144
f 2144 	1173 	1174
f 1173 	2145 	2143
f 2144 	2145 	1173
f 524 	2145 	2144
f 2145 	524 	540
f 2099 	2098 	2147
f 2099 	2147 	2148
f 2099 	2148 	2100
f 2146 	2098 	2097
f 2097 	2138 	2146
f 2146 	2147 	2098
f 2147 	1032 	2148
f 2149 	2101 	2100
f 2100 	2148 	2149
f 2101 	2149 	2074
f 2153 	2146 	2138
f 2154 	2147 	2146
f 2146 	2153 	2154
f 2149 	1020 	2074
f 1033 	1020 	2149
f 2136 	2140 	2150
f 2137 	2136 	2150
f 2137 	2151 	2138
f 2137 	2150 	2151
f 2151 	2153 	2138
f 2140 	2141 	2152
f 2152 	2150 	2140
f 2156 	2152 	2141
f 1032 	2147 	2154
f 2148 	1032 	1033
f 2149 	2148 	1033
f 2150 	2155 	2151
f 2152 	2155 	2150
f 2151 	1034 	2153
f 2151 	2155 	1034
f 2153 	1034 	1035
f 2154 	2153 	1035
f 2154 	1036 	1032
f 2154 	1035 	1036
f 2155 	1039 	1034
f 2141 	2157 	2156
f 2155 	2152 	1038
f 2152 	2156 	1038
f 1038 	1039 	2155
f 2156 	1042 	1038
f 2141 	2142 	2157
f 2145 	2158 	2143
f 2143 	2158 	2157
f 2159 	2156 	2157
f 2158 	2159 	2157
f 2159 	1042 	2156
f 2145 	540 	2158
f 2159 	2175 	1042
f 2071 	102 	2160
f 2160 	2040 	2071
f 2040 	2161 	2041
f 2040 	2160 	2161
f 1366 	2162 	1571
f 2162 	1367 	1571
f 2161 	2162 	2041
f 2161 	1367 	2162
f 2163 	2160 	102
f 102 	126 	2163
f 2160 	2163 	2164
f 2163 	2166 	2164
f 2163 	2165 	2166
f 2160 	2164 	2161
f 1407 	1367 	2161
f 1408 	1407 	2164
f 2161 	2164 	1407
f 126 	2165 	2163
f 1412 	1411 	2166
f 2164 	2166 	1411
f 1417 	1412 	2166
f 2164 	1411 	1408
f 2165 	178 	2167
f 178 	320 	2167
f 2134 	2102 	1855
f 2165 	2167 	100
f 1855 	2172 	2169
f 2169 	2170 	1855
f 2134 	1855 	2170
f 2134 	2170 	2168
f 2165 	100 	2166
f 2173 	2172 	1855
f 1855 	1858 	2173
f 2174 	2173 	1858
f 1863 	1539 	1661
f 2166 	100 	2171
f 1415 	2171 	100
f 2170 	1527 	2168
f 1527 	2170 	1660
f 2166 	2171 	1417
f 322 	2167 	320
f 2169 	1660 	2170
f 100 	2167 	1444
f 322 	1444 	2167
f 1858 	1661 	2174
f 2169 	2172 	1660
f 2172 	2173 	1660
f 2173 	2174 	1660
f 2175 	2176 	1042
f 1042 	2176 	1043
f 866 	1043 	2176
f 541 	542 	2177
f 2175 	880 	2176
f 2177 	880 	2175
f 2176 	881 	866
f 542 	790 	2177
f 2178 	2179 	2177
f 2177 	2179 	880
f 2178 	2181 	2179
f 2180 	2181 	2178
f 2179 	1334 	1141
f 2181 	1334 	2179
f 714 	1352 	2180
f 1352 	1354 	2180
f 2180 	1354 	2181
f 1354 	1356 	2181
f 1334 	2181 	1356
f 165 	167 	2183
f 2187 	2188 	2183
f 2196 	170 	2184
f 2184 	20 	2185
f 2183 	2186 	2182
f 2182 	2186 	2185
f 2186 	2201 	2185
f 2186 	2183 	2188
f 2183 	167 	2187
f 2187 	2190 	2188
f 2189 	2190 	2187
f 2190 	2211 	2188
f 2191 	2192 	2189
f 2189 	2192 	2190
f 2191 	179 	181
f 2191 	2193 	2192
f 2192 	2193 	2222
f 202 	2223 	2193
f 208 	2 	2204
f 2195 	205 	2194
f 2197 	3 	2196
f 3 	2197 	2194
f 2197 	2196 	2199
f 2199 	2205 	2197
f 2198 	2199 	2196
f 2198 	2196 	2184
f 2184 	2185 	2198
f 2198 	2200 	2199
f 2201 	2200 	2198
f 2185 	2201 	2198
f 2210 	2200 	2201
f 2197 	2202 	2194
f 2194 	2202 	2195
f 2202 	2203 	2195
f 2205 	2202 	2197
f 2202 	2206 	2203
f 2205 	2206 	2202
f 2204 	2203 	2230
f 2199 	2207 	2205
f 2200 	2207 	2199
f 2205 	2207 	2208
f 2205 	2208 	2206
f 2206 	2208 	2231
f 2201 	2209 	2210
f 2186 	2209 	2201
f 2186 	2188 	2209
f 2211 	2212 	2209
f 2211 	2213 	2212
f 2209 	2212 	2210
f 2209 	2188 	2211
f 2211 	2214 	2213
f 2213 	2219 	2212
f 2190 	2192 	2214
f 2211 	2190 	2214
f 2192 	2222 	2214
f 2200 	2215 	2207
f 2210 	2215 	2200
f 2215 	2216 	2207
f 2215 	2218 	2216
f 2217 	2218 	2215
f 2207 	2216 	2208
f 2212 	2217 	2210
f 2212 	2219 	2217
f 2215 	2210 	2217
f 2219 	2220 	2217
f 2217 	2220 	2218
f 2221 	2213 	2214
f 2214 	2222 	2221
f 2222 	2223 	2224
f 2223 	271 	2224
f 2221 	2222 	2224
f 2224 	2227 	2221
f 2193 	2223 	2222
f 2223 	272 	271
f 271 	275 	2224
f 2224 	275 	2227
f 2221 	2225 	2213
f 2225 	2219 	2213
f 2219 	2226 	2220
f 2225 	2226 	2219
f 2221 	2227 	2225
f 2228 	2226 	2225
f 1786 	1787 	1785
f 1787 	1963 	1965
f 1965 	1967 	1787
f 74 	75 	1787
f 82 	83 	1787
f 1168 	1162 	1787
f 1163 	1158 	1787
f 960 	1787 	959
f 774 	1787 	773
f 946 	947 	1787
f 2240 	2241 	1787
f 2243 	1787 	2242
f 2242 	1787 	2241
f 1127 	1787 	1126
f 1123 	1787 	1128
f 2227 	2228 	2225
f 2228 	306 	2226
f 277 	278 	2228
f 2228 	278 	306
f 2226 	306 	2239
f 275 	277 	2227
f 2227 	277 	2228
f 2229 	4 	2204
f 2232 	6 	2229
f 7 	6 	2232
f 2232 	2234 	7
f 2234 	8 	7
f 2230 	2203 	2206
f 2230 	2229 	2204
f 2232 	2229 	2230
f 2206 	2231 	2230
f 2230 	2231 	2232
f 2233 	2234 	2231
f 2231 	2234 	2232
f 2233 	2231 	2208
f 2233 	2208 	2216
f 2233 	2235 	2236
f 2233 	2236 	2234
f 2216 	2218 	2235
f 2235 	2233 	2216
f 8 	2234 	2236
f 2237 	2235 	2218
f 2218 	2220 	2237
f 2235 	2238 	2236
f 2237 	2238 	2235
f 2236 	2238 	300
f 2220 	2226 	2239
f 2220 	2239 	2237
f 2238 	302 	300
f 2238 	2237 	9
f 2237 	2239 	9
f 9 	302 	2238
f 306 	303 	2239
f 2239 	303 	9
f 2158 	540 	1
f 165 	2182 	15
f 20 	15 	2182
f 2182 	2185 	20
f 165 	2183 	2182
f 168 	2184 	170
f 2184 	168 	20
f 2187 	167 	176
f 176 	177 	2189
f 2189 	2187 	176
f 2191 	2189 	177
f 177 	179 	2191
f 2191 	181 	2193
f 181 	202 	2193
f 202 	272 	2223
f 2204 	2 	2203
f 2204 	4 	208
f 205 	2195 	207
f 2195 	2 	207
f 3 	170 	2196
f 2195 	2203 	2
f 1127 	1128 	1787
f 2244 	1787 	1123
f 1787 	2245 	2240
f 2242 	1119 	1776
f 2241 	1119 	2242
f 2240 	1119 	2241
f 1126 	1787 	1138
f 2244 	2245 	1787
f 1123 	1120 	2244
f 1119 	2240 	2245
f 2243 	2247 	1787
f 1787 	1783 	1784
f 1787 	1983 	1984
f 1787 	1782 	1783
f 1782 	1787 	1781
f 1785 	1787 	2246
f 1786 	1785 	1723
f 2246 	1723 	1785
f 2248 	1787 	2247
f 2246 	1787 	2249
f 2248 	2249 	1787
f 2246 	2249 	1723
f 2249 	2248 	1776
f 2247 	1776 	2248
f 2243 	1776 	2247
f 2242 	1776 	2243
f 1139 	1140 	1787
f 1815 	1787 	1816
f 1823 	1787 	1822
f 1824 	1825 	1787
f 1139 	1787 	1505
f 1953 	1801 	1787
f 1804 	1814 	1787
f 1804 	1787 	1801
f 1815 	1817 	1787
f 1787 	1827 	1822
f 333 	335 	1787
f 474 	475 	1787
# 4494 faces

 #end of obj_0

