# Object Export From Tinkercad Server 2015

mtllib obj.mtl

o obj_0
v -40.994 		-35 		18.768
v -41.906 		-35 		19.128
v -42.85 		-35 		19.398
v -43.815 		-35 		19.573
v -44.793 		-35 		19.654
v -45.775 		-35 		19.637
v -46.75 		-35 		19.525
v -47.709 		-35 		19.318
v -40.291 		-35 		9.221
v -40.291 		-35 		12.685
v -4.827 		-31.848 		27.758
v -42.532 		-35 		0
v -41.598 		-35 		0.3
v -40.698 		-35 		0.69
v -19.585 		-41.63 		24.741
v -47.709 		-33 		19.318
v -46.75 		-33 		19.525
v -45.775 		-33 		19.637
v -44.793 		-33 		19.654
v -43.815 		-33 		19.573
v -42.85 		-33 		19.398
v -41.906 		-33 		19.128
v -40.994 		-33 		18.768
v -14.1423 		-24.2285 		19.9514
v -14.1423 		-24.2284 		19.9523
v -40.291 		-33 		12.685
v -40.291 		-33 		9.221
v -42.532 		-33 		0
v -15.3369 		-31.4971 		13.3534
v -15.3373 		-31.5004 		13.3531
v -40.698 		-33 		0.69
v -41.598 		-33 		0.3
v -14.1419 		-24.2394 		19.7895
v -14.1423 		-24.2286 		19.9491
v -14.324 		-43.94 		20.741
v -14.1418 		-24.2525 		19.5916
v -15.3176 		-31.44 		13.3669
v -15.3505 		-31.6221 		13.3439
v -16.092 		-40.883 		9.152
v -14.1423 		-24.2284 		19.953
v -14.1421 		-24.2416 		20.1511
v -14.1418 		-24.2525 		20.3138
v -14.1418 		-24.2525 		20.3142
v -14.1418 		-24.2525 		20.3144
v -3.791 		-30.25 		27.118
v -40.291 		-32.586 		12.367
v -40.291 		-32.068 		11.471
v -40.291 		-32 		10.953
v -40.291 		-32.068 		10.435
v -40.291 		-32.268 		9.953
v -40.291 		-32.586 		9.539
v -3.791 		-30.565 		27.589
v -40.291 		-32.268 		11.953
v -40.291 		-35.932 		11.471
v -40.291 		-35.732 		11.953
v -40.291 		-35.414 		12.367
v -40.291 		-35.414 		9.539
v -4.335 		-30.565 		26.936
v -40.291 		-35.932 		10.435
v -40.291 		-36 		10.953
v -40.291 		-35.732 		9.953
v -4.335 		-30.853 		27.368
v -16.136 		-40.698 		9.214
v -16.022 		-41.041 		9.052
v -37.822 		-35 		16.495
v -38.527 		-35 		17.177
v -39.296 		-35 		17.787
v -40.121 		-35 		18.319
v -19.585 		-40.37 		24.741
v -14.1419 		-24.2526 		20.3149
v -40.121 		-33 		18.319
v -39.296 		-33 		17.787
v -38.527 		-33 		17.177
v -14.1418 		-24.2856 		20.48
v -15.902 		-40.955 		9.03
v -37.822 		-33 		16.495
v -15.791 		-37.565 		22.589
v -15.791 		-37.938 		23.015
v -37.187 		-33 		15.747
v -36.629 		-33 		14.94
v -36.3666 		-33.5836 		14.4681
v -36.336 		-33.0727 		14.413
v -16.378 		-37.335 		22.765
v -16.232 		-40.942 		9.18
v -13.9335 		-33.9214 		14.336
v -13.808 		-33.9416 		14.4238
v -14.1419 		-43.7472 		20.316
v -14.1419 		-43.7474 		20.3149
v -14.1418 		-43.7153 		20.4755
v -16.151 		-41.125 		9.065
v -14.1418 		-43.7474 		20.3144
v -16.378 		-37.734 		23.219
v -36.3915 		-34 		14.5128
v -14.1418 		-43.7144 		20.48
v -16.997 		-37.168 		22.893
v -14.1423 		-43.7716 		19.9537
v -14.1423 		-43.7716 		19.953
v -23.9244 		-24.9453 		12.946
v -14.1423 		-43.7714 		19.9569
v -14.1423 		-43.7715 		19.9547
v -14.1419 		-43.7606 		20.1165
v -24.1195 		-25.0789 		13.0944
v -36.3225 		-33 		14.3887
v -24.1541 		-25.059 		12.958
v -14.142 		-24.6907 		18.432
v -14.1418 		-24.6016 		18.5656
v -14.1418 		-24.6011 		18.5664
v -14.1418 		-24.6005 		18.5673
v -14.1418 		-24.6004 		18.5675
v -39.84 		-33 		1.167
v -14.1423 		-24.4397 		18.8915
v -14.1423 		-24.4393 		18.8921
v -14.1423 		-24.4442 		18.8823
v -14.1422 		-24.5121 		18.7454
v -23.264 		-24.418 		8.242
v -36.992 		-33 		3.834
v -37.602 		-33 		3.065
v -38.285 		-33 		2.36
v -39.033 		-33 		1.725
v -23.107 		-24.509 		8.699
v -14.324 		-24.188 		18.788
v -14.1421 		-43.7584 		19.7549
v -14.1418 		-43.7475 		19.5923
v -14.1418 		-24.3761 		19.0802
v -14.1416 		-24.3241 		19.2349
v -14.1418 		-43.7475 		19.5918
v -14.1418 		-43.7475 		19.5916
v -14.1416 		-24.3238 		19.2358
v -14.324 		-24.06 		19.165
v -14.1723 		-24.3234 		19.0944
v -36.012 		-33 		5.532
v -36.46 		-33 		4.659
v -14.1423 		-24.4393 		18.8921
v -35.651 		-33 		6.445
v -14.1418 		-24.2847 		19.4305
v -14.1418 		-24.2796 		19.456
v -14.1417 		-24.3236 		19.2362
v -38.1402 		-33 		8.2975
v -35.634 		-33 		7.2218
v -4.827 		-30.938 		26.721
v -4.827 		-31.195 		27.105
v -15.931 		-41.163 		8.922
v -35.4504 		-33 		7.1483
v -35.463 		-33.3753 		7.1041
v -35.4841 		-34 		7.0302
v -4.827 		-31.5 		27.453
v -14.324 		-24.585 		18.1
v -5.258 		-31.585 		26.806
v -16.378 		-41 		9.199
v -5.258 		-31.848 		27.105
v -15.3912 		-32 		13.3154
v -15.3568 		-32.3178 		13.3395
v -15.3411 		-32.464 		13.3505
v -15.3861 		-31.952 		13.319
v -14.142 		-24.784 		18.2924
v -14.142 		-24.6914 		18.431
v -14.324 		-24.364 		18.431
v -37.187 		-35 		15.747
v -36.629 		-35 		14.94
v -14.755 		-24.5 		17.453
v -4.335 		-32.017 		28.388
v -38.1402 		-35 		13.6085
v -36.3225 		-35 		14.3887
v -4.335 		-32.482 		28.618
v -36.336 		-34.9273 		14.413
v -15.1778 		-32.9715 		13.4648
v -15.175 		-32.976 		13.4667
v -14.755 		-24.195 		17.801
v -15.178 		-32.9709 		13.4646
v -4.827 		-32.232 		28.015
v -15.3369 		-32.5029 		13.3534
v -15.2362 		-32.7994 		13.4239
v -16.529 		-41.056 		9.211
v -15.3369 		-32.5027 		13.3534
v -4.3704 		-32.5 		28.5914
v -36.361 		-34.5085 		14.458
v -16.684 		-41.109 		9.215
v -5.258 		-32.147 		27.368
v -5.258 		-32.478 		27.589
v -16.997 		-37.585 		23.368
v -16.839 		-41.159 		9.213
v -39.84 		-35 		1.167
v -39.033 		-35 		1.725
v -38.285 		-35 		2.36
v -37.602 		-35 		3.065
v -36.992 		-35 		3.834
v -36.46 		-35 		4.659
v -36.012 		-35 		5.532
v -35.651 		-35 		6.445
v -35.4504 		-35 		7.1483
v -35.634 		-35 		7.2218
v -22.027 		-24.302 		9.243
v -16.94 		-40.5 		9.358
v -16.915 		-40.159 		9.321
v -35.4708 		-34.3932 		7.0766
v -14.2114 		-33.8764 		14.1414
v -14.2112 		-33.8764 		14.1415
v -13.9506 		-33.9186 		14.324
v -17.102 		-40.5 		9.361
v -14.2114 		-33.8764 		14.1414
v -14.2991 		-33.8321 		14.08
v -16.915 		-40.841 		9.321
v -15.791 		-44.062 		23.015
v -17.075 		-40.866 		9.322
v -14.1419 		-43.7474 		19.5911
v -14.1418 		-43.7204 		19.456
v -14.32 		-33.8216 		14.0654
v -16.997 		-38.06 		23.785
v -15.791 		-44.435 		22.589
v -14.1419 		-25.7615 		17.4806
v -14.1418 		-25.6153 		17.553
v -14.1418 		-25.6145 		17.5534
v -17.638 		-37.067 		22.971
v -17.638 		-44.018 		23.886
v -17.638 		-37.495 		23.458
v -14.142 		-25.808 		17.4575
v -14.142 		-25.3141 		17.7539
v -14.142 		-25.3133 		17.7544
v -17.638 		-37.982 		23.886
v -14.1418 		-25.4496 		17.6635
v -14.142 		-25.3171 		17.7519
v -14.1419 		-25.313 		17.7547
v -14.324 		-25.147 		17.538
v -14.1418 		-25.6143 		17.5535
v -16.378 		-44.266 		23.219
v -14.1423 		-25.0408 		17.9928
v -14.1423 		-25.0403 		17.9933
v -16.378 		-44.665 		22.765
v -14.1423 		-25.0438 		17.9902
v -14.1424 		-25.1632 		17.8856
v -14.755 		-37.938 		21.721
v -14.1418 		-43.7086 		19.3969
v -14.1417 		-43.6766 		19.2374
v -16.997 		-44.415 		23.368
v -14.1417 		-43.6765 		19.2369
v -14.1417 		-43.6764 		19.2362
v -15.247 		-37.565 		21.936
v -14.324 		-24.848 		17.801
v -16.997 		-44.832 		22.893
v -14.1416 		-43.6762 		19.2358
v -15.247 		-37.853 		22.368
v -14.324 		-43.94 		19.165
v -15.791 		-36.999 		21.61
v -16.046 		-41.266 		8.914
v -22.027 		-24.152 		10.953
v -15.791 		-37.25 		22.118
v -14.1423 		-43.5609 		18.8928
v -14.1423 		-43.5607 		18.8921
v -14.1418 		-24.9098 		18.1427
v -14.1419 		-24.8027 		18.2649
v -14.1422 		-43.5632 		18.8997
v -14.1419 		-24.8021 		18.2655
v -14.142 		-43.613 		19.0477
v -14.1423 		-43.5607 		18.8921
v -14.1419 		-24.8017 		18.266
v -14.324 		-43.812 		18.788
v -15.924 		-41.354 		8.74
v -17.638 		-44.505 		23.458
v -16.287 		-41.207 		9.069
v -17.638 		-44.933 		22.971
v -14.1419 		-43.4724 		18.7145
v -14.1418 		-43.4 		18.5683
v -14.5956 		-33.6826 		13.8724
v -14.3525 		-33.8052 		14.0426
v -14.755 		-37.734 		21.306
v -16.168 		-41.366 		8.899
v -14.1418 		-43.3996 		18.5675
v -14.6647 		-33.6178 		13.824
v -15.247 		-37.168 		20.98
v -15.247 		-37.335 		21.471
v -14.1418 		-43.3995 		18.5673
v -14.1418 		-43.3092 		18.432
v -14.755 		-44.062 		21.721
v -16.296 		-41.462 		8.878
v -15.247 		-44.147 		22.368
v -15.791 		-36.817 		21.074
v -14.832 		-33.461 		13.7069
v -14.8032 		-33.488 		13.7271
v -16.378 		-36.732 		21.721
v -16.378 		-36.999 		22.263
v -16.428 		-41.286 		9.066
v -14.7104 		-33.575 		13.7921
v -14.7183 		-33.5676 		13.7865
v -16.573 		-41.361 		9.057
v -16.997 		-36.538 		21.801
v -16.997 		-36.817 		22.368
v -16.428 		-41.554 		8.85
v -15.247 		-44.435 		21.936
v -17.638 		-36.42 		21.85
v -15.791 		-44.75 		22.118
v -14.9251 		-33.3736 		13.6417
v -14.923 		-33.3756 		13.6432
v -17.638 		-36.707 		22.432
v -15.0304 		-33.2063 		13.568
v -15.0183 		-33.2255 		13.5764
v -16.719 		-41.432 		9.042
v -15.791 		-45.001 		21.61
v -16.562 		-41.642 		8.818
v -14.755 		-44.266 		21.306
v -14.755 		-44.415 		20.868
v -16.865 		-41.5 		9.022
v -15.247 		-44.665 		21.471
v -15.247 		-44.832 		20.98
v -14.142 		-43.1991 		18.2671
v -14.142 		-43.1986 		18.2663
v -14.1419 		-43.216 		18.2924
v -14.142 		-43.2011 		18.2701
v -14.1419 		-43.1983 		18.266
v -15.791 		-45.183 		21.074
v -16.697 		-41.725 		8.782
v -15.791 		-45.293 		20.518
v -14.1423 		-42.9602 		17.9938
v -14.1423 		-42.9597 		17.9933
v -22.991 		-24.576 		9.171
v -14.1423 		-42.9628 		17.9968
v -14.1424 		-43.0674 		18.1162
v -22.9988 		-24.5896 		9.171
v -23.2094 		-24.746 		8.804
v -22.9865 		-24.5786 		9.1993
v -16.829 		-41.802 		8.744
v -14.324 		-43.152 		17.801
v -16.378 		-45.001 		22.263
v -16.378 		-36.538 		21.149
v -16.378 		-45.268 		21.721
v -16.997 		-36.335 		21.203
v -17.7653 		-26.0361 		8.7254
v -17.7861 		-26.064 		8.7551
v -17.7503 		-26.0161 		8.704
v -17.403 		-26.275 		8.919
v -23.0146 		-24.5624 		9.2887
v -16.03 		-41.466 		8.702
v -17.517 		-26.232 		8.893
v -15.881 		-41.5 		8.49
v -16.997 		-45.183 		22.368
v -17.638 		-36.212 		21.236
v -16.997 		-45.462 		21.801
v -23.6031 		-25.0054 		8.242
v -23.2697 		-24.7908 		8.699
v -16.142 		-41.573 		8.658
v -17.638 		-45.293 		22.432
v -17.62 		-26.193 		8.868
v -17.638 		-45.58 		21.85
v -15.978 		-41.611 		8.422
v -14.1418 		-42.8103 		17.8628
v -14.1419 		-42.6881 		17.7557
v -14.1419 		-42.6875 		17.7551
v -14.1419 		-42.687 		17.7547
v -14.324 		-42.853 		17.538
v -16.26 		-41.676 		8.61
v -17.709 		-26.161 		8.845
v -16.378 		-45.462 		21.149
v -23.1869 		-24.4626 		10.953
v -23.1518 		-24.4831 		10.613
v -16.378 		-45.58 		20.556
v -14.142 		-42.6868 		17.7545
v -14.142 		-42.6867 		17.7544
v -14.142 		-42.522 		17.6444
v -14.1418 		-42.3874 		17.5546
v -14.1418 		-42.3866 		17.5541
v -17.784 		-26.134 		8.825
v -16.997 		-45.665 		21.203
v -14.1418 		-42.3857 		17.5535
v -23.1254 		-24.4983 		10.3584
v -14.1418 		-42.3855 		17.5534
v -16.997 		-45.788 		20.583
v -17.8269 		-26.1187 		8.8134
v -17.904 		-26.2933 		8.9235
v -15.247 		-39.482 		23.618
v -17.291 		-26.707 		9.18
v -3.791 		-29.999 		26.61
v -15.247 		-39.973 		23.785
v -4.335 		-30.168 		25.98
v -23.1038 		-24.5108 		10.1505
v -14.1422 		-42.2076 		17.4651
v -14.1422 		-42.192 		17.4573
v -23.0547 		-24.5393 		9.6743
v -4.335 		-30.335 		26.471
v -14.142 		-24.8015 		18.2662
v -14.142 		-24.8014 		18.2663
v -17.279 		-26.324 		8.947
v -4.827 		-30.585 		25.868
v -4.827 		-30.734 		26.306
v -15.247 		-24.585 		16.806
v -14.324 		-43.636 		18.431
v -15.247 		-24.195 		17.148
v -5.258 		-31.06 		25.741
v -14.1418 		-43.2895 		18.4026
v -14.324 		-43.415 		18.1
v -5.258 		-31.188 		26.118
v -15.791 		-24.364 		16.518
v -5.258 		-31.364 		26.475
v -23.155 		-24.481 		12.067
v -17.431 		-26.669 		9.163
v -14.755 		-43.805 		17.801
v -23.2494 		-24.5832 		12.1377
v -14.755 		-43.5 		17.453
v -14.324 		-25.478 		17.317
v -17.561 		-26.634 		9.145
v -14.755 		-25.647 		16.687
v -14.755 		-25.232 		16.891
v -4.335 		-30.033 		24.953
v -17.681 		-26.603 		9.126
v -14.324 		-42.522 		17.317
v -4.335 		-30.067 		25.471
v -14.755 		-24.848 		17.148
v -4.827 		-30.464 		24.953
v -14.755 		-43.152 		17.148
v -23.094 		-24.5162 		11.8479
v -23.2033 		-24.5646 		12.067
v -4.827 		-30.495 		25.414
v -15.791 		-38.835 		23.703
v -14.755 		-42.768 		16.891
v -15.791 		-39.343 		23.954
v -17.788 		-26.576 		9.108
v -14.755 		-42.353 		16.687
v -5.258 		-30.956 		24.953
v -23.1742 		-24.4699 		11.0744
v -5.258 		-30.982 		25.35
v -23.1228 		-24.4995 		11.5697
v -15.791 		-39.879 		24.136
v -15.247 		-42.983 		16.518
v -17.882 		-26.553 		9.091
v -24.0074 		-25.1435 		8.3694
v -24.1446 		-25.0646 		8.9096
v -16.079 		-41.718 		8.351
v -17.638 		-45.788 		21.236
v -24.26 		-24.9979 		9.3655
v -15.247 		-43.805 		17.148
v -17.638 		-45.915 		20.6
v -15.247 		-43.415 		16.806
v -25.291 		-25.471 		9.449
v -15.247 		-25.017 		16.518
v -16.184 		-41.819 		8.278
v -15.791 		-43.636 		16.518
v -16.291 		-41.914 		8.203
v -24.36 		-24.9402 		10.5594
v -5.621 		-32.232 		26.721
v -24.3915 		-24.9218 		10.9378
v -24.3928 		-24.921 		10.953
v -5.621 		-32.478 		26.936
v -24.2611 		-24.9973 		9.3783
v -24.2953 		-24.9777 		9.7869
v -24.3078 		-24.9704 		9.9375
v -21.827 		-43.805 		17.801
v -21.827 		-24.5 		17.453
v -24.3279 		-24.9587 		10.1779
v -16.38 		-41.774 		8.557
v -21.827 		-43.5 		17.453
v -25.291 		-25.34 		10.953
v -21.827 		-24.195 		17.801
v -16.501 		-41.866 		8.503
v -18.291 		-44.044 		23.92
v -20.791 		-43.636 		16.518
v -24.3426 		-24.95 		11.5542
v -24.324 		-24.9608 		11.7763
v -18.944 		-44.018 		23.886
v -24.2834 		-24.9838 		12.2555
v -21.335 		-43.805 		17.148
v -21.335 		-43.415 		16.806
v -20.791 		-24.364 		16.518
v -24.3603 		-24.9397 		11.3416
v -21.335 		-42.983 		16.518
v -21.335 		-24.585 		16.806
v -17.197 		-26 		8.626
v -18.291 		-44.536 		23.489
v -21.827 		-43.152 		17.148
v -14.755 		-38.848 		22.758
v -23.711 		-25.862 		15.651
v -21.827 		-42.768 		16.891
v -18.291 		-44.967 		22.997
v -15.247 		-38.195 		22.758
v -21.827 		-42.353 		16.687
v -15.247 		-38.585 		23.1
v -25.291 		-25.862 		13.915
v -16.621 		-41.952 		8.447
v -15.247 		-39.017 		23.388
v -25.291 		-26.5 		15.283
v -15.791 		-38.364 		23.388
v -16.739 		-42.033 		8.391
v -5.621 		-31.521 		24.627
v -5.621 		-31.5 		24.953
v -5.621 		-31.521 		25.279
v -5.621 		-31.585 		25.6
v -14.324 		-39.478 		22.589
v -17.304 		-25.947 		8.589
v -5.621 		-31.69 		25.91
v -16.851 		-42.106 		8.336
v -26.719 		-27.366 		14.783
v -14.324 		-39.835 		22.765
v -5.621 		-31.835 		26.203
v -14.1418 		-40.1272 		22.5769
v -14.1418 		-40.144 		22.5825
v -26.719 		-28.132 		15.877
v -14.1422 		-39.9818 		22.528
v -14.755 		-39.232 		23.015
v -17.4 		-25.9 		8.554
v -14.755 		-39.647 		23.219
v -16.993 		-41.207 		9.206
v -14.755 		-40.085 		23.368
v -17.484 		-25.86 		8.524
v -27.1177 		-27.6365 		14.4231
v -27.105 		-27.7003 		14.59
v -17.145 		-41.252 		9.195
v -5.621 		-32.017 		26.475
v -5.91 		-32.232 		25.685
v -17.554 		-25.827 		8.498
v -17.008 		-41.563 		8.999
v -5.91 		-32.343 		25.91
v -27.1965 		-28.4979 		15.57
v -27.1323 		-27.9397 		14.8843
v -27.1049 		-27.7003 		14.5902
v -5.91 		-32.482 		26.118
v -16.378 		-38.188 		23.618
v -16.378 		-38.69 		23.954
v -27.0585 		-28.8432 		16.1098
v -27.0972 		-28.7459 		15.958
v -17.147 		-41.622 		8.974
v -17.5948 		-25.808 		8.4819
v -17.5948 		-25.808 		8.482
v -17.6213 		-25.8435 		8.5198
v -16.997 		-38.585 		24.136
v -26.719 		-26.802 		13.573
v -5.91 		-32.103 		25.203
v -17.638 		-38.521 		24.246
v -16.958 		-41.874 		8.704
v -17.231 		-27.111 		9.318
v -5.91 		-32.152 		25.448
v -17.638 		-39.103 		24.533
v -17.382 		-27.089 		9.31
v -27.0581 		-26.9555 		12.8406
v -27.196 		-27.2503 		13.4096
v -27.0972 		-26.9474 		12.6603
v -27.118 		-26.9431 		12.5641
v -17.081 		-41.94 		8.665
v -5.91 		-32.103 		24.703
v -16.378 		-39.232 		24.221
v -27.1669 		-27.3949 		13.789
v -5.91 		-32.087 		24.953
v -17.526 		-27.07 		9.299
v -21.6006 		-42.192 		16.4228
v -21.5465 		-42.2249 		16.384
v -16.958 		-42.173 		8.283
v -1.291 		-29.17 		23.659
v -22.258 		-38.06 		20.741
v -17.66 		-27.052 		9.287
v -1.291 		-29.043 		24.3
v -26.719 		-26.34 		10.953
v -22.027 		-34 		20.801
v -22.027 		-35.71 		20.651
v -26.719 		-26.456 		12.283
v -17.783 		-27.036 		9.273
v -22.258 		-37.982 		20.35
v -15.539 		-35.962 		8.255
v -1.291 		-29.381 		23.04
v -17.894 		-27.022 		9.259
v -27.1043 		-26.7253 		10.953
v -27.1173 		-26.7537 		10.7762
v -22.027 		-37.368 		20.207
v -22.258 		-37.956 		19.953
v -22 		-37.6691 		20.0693
v -22.027 		-37.6988 		20.0529
v -27.1965 		-26.9265 		12.2001
v -27.1317 		-26.7855 		11.3269
v -18.944 		-44.505 		23.458
v -15.58 		-36.5 		8.313
v -15.539 		-37.038 		8.255
v -18.944 		-44.933 		22.971
v -17.26 		-27.5 		9.36
v -19.585 		-44.415 		23.368
v -26.719 		-26.802 		8.333
v -19.585 		-44.832 		22.893
v -23.711 		-35.632 		20.207
v -23.711 		-34 		20.35
v -23.711 		-37.214 		19.783
v -1.291 		-29.67 		22.453
v -22.2107 		-37.9054 		19.9024
v -22.258 		-37.9619 		19.8622
v -22.2584 		-37.9626 		19.8617
v -22.1515 		-37.8344 		19.953
v -22.3436 		-38.096 		19.7745
v -17.413 		-27.5 		9.354
v -20.791 		-44.062 		23.015
v -15.889 		-36.5 		8.202
v -17.558 		-27.5 		9.346
v -26.719 		-26.456 		9.623
v -20.204 		-44.266 		23.219
v -20.204 		-44.665 		22.765
v -16.378 		-39.804 		24.415
v -20.791 		-44.435 		22.589
v -27.1962 		-27.2505 		8.4964
v -16.739 		-38.967 		8.391
v -17.694 		-27.5 		9.335
v -16.997 		-39.152 		24.415
v -27.058 		-26.9554 		9.0654
v -27.1963 		-26.9264 		9.7059
v -27.097 		-27.0386 		8.9054
v -27.1177 		-27.0829 		8.8198
v -17.819 		-27.5 		9.323
v -25.291 		-35.504 		19.482
v -18.291 		-45.33 		22.453
v -27.167 		-26.8618 		10.1067
v -25.291 		-34 		19.613
v -16.851 		-38.894 		8.336
v -25.291 		-36.962 		19.091
v -18.291 		-45.619 		21.866
v -18.944 		-45.293 		22.432
v -18.944 		-45.58 		21.85
v -16.958 		-38.827 		8.283
v -19.585 		-45.183 		22.368
v -19.585 		-45.462 		21.801
v -17.056 		-38.767 		8.234
v -26.719 		-35.33 		18.497
v -26.719 		-34 		18.613
v -1.291 		-30.033 		21.909
v -17.96 		-26.534 		9.077
v -28.0947 		-37.2512 		16.9879
v -18.291 		-45.83 		21.247
v -26.719 		-36.62 		18.151
v -18.291 		-45.957 		20.606
v -1.291 		-31.5 		20.623
v -1.291 		-30.956 		20.986
v -18.944 		-45.788 		21.236
v -1.291 		-30.464 		21.417
v -18.005 		-26.5222 		9.0677
v -18.0054 		-26.523 		9.0682
v -17.9577 		-26.415 		9.0002
v -18.944 		-45.915 		20.6
v -21.335 		-24.195 		17.148
v -15.476 		-40.123 		8.65
v -26.719 		-37.83 		17.587
v -18.0786 		-26.832 		9.1728
v -17.99 		-27.01 		9.246
v -15.433 		-40.052 		8.488
v -18.071 		-27 		9.235
v -27.1965 		-35.2471 		18.0265
v -27.1317 		-34.3739 		18.1675
v -27.1043 		-34 		18.2277
v -21.335 		-25.017 		16.518
v -27.0581 		-35.8876 		17.9975
v -27.196 		-36.4566 		17.7027
v -1.291 		-32.087 		20.334
v -27.0972 		-35.7073 		18.0056
v -27.118 		-35.6111 		18.0099
v -19.585 		-45.665 		21.203
v -19.585 		-45.788 		20.583
v -27.1177 		-37.4701 		17.3165
v -27.1669 		-36.8359 		17.5581
v -27.105 		-37.637 		17.2527
v -1.944 		-29.212 		23.67
v -15.372 		-40.134 		8.4
v -1.944 		-29.085 		24.306
v -18.1088 		-26.9594 		9.216
v -18.1171 		-26.9942 		9.2278
v -15.38 		-40.045 		8.286
v -18.1436 		-27.344 		9.2656
v -17.93 		-27.5 		9.311
v -21.335 		-44.147 		22.368
v -2.585 		-29.335 		23.703
v -15.457 		-39.943 		8.395
v -18.027 		-27.5 		9.299
v -21.827 		-44.062 		21.721
v -18.108 		-27.5 		9.289
v -2.585 		-29.212 		24.323
v -15.247 		-41.518 		23.886
v -15.247 		-41 		23.92
v -15.492 		-39.837 		8.295
v -15.247 		-42.027 		23.785
v -3.204 		-29.538 		23.757
v -3.204 		-29.42 		24.35
v -20.204 		-45.001 		22.263
v -15.247 		-40.482 		23.886
v -20.204 		-45.268 		21.721
v -18.1554 		-27.5 		9.2824
v -18.1284 		-27.856 		9.2439
v -18.1553 		-27.4994 		9.2824
v -21.827 		-25.647 		16.687
v -20.791 		-44.75 		22.118
v -18.145 		-27.3628 		9.2677
v -21.827 		-25.232 		16.891
v -20.791 		-45.001 		21.61
v -15.791 		-41.565 		24.246
v -15.791 		-41 		24.283
v -21.827 		-24.848 		17.148
v -18.0863 		-26.8646 		9.1838
v -15.791 		-42.121 		24.136
v -21.335 		-44.435 		21.936
v -17.231 		-27.889 		9.318
v -1.944 		-29.42 		23.056
v -15.791 		-40.435 		24.246
v -17.382 		-27.911 		9.31
v -2.585 		-29.817 		22.538
v -20.204 		-45.462 		21.149
v -2.585 		-29.538 		23.105
v -20.204 		-45.58 		20.556
v -21.5919 		-25.8028 		16.4165
v -21.6004 		-25.808 		16.4227
v -21.5466 		-25.7752 		16.384
v -20.791 		-45.183 		21.074
v -3.204 		-29.732 		23.185
v -20.791 		-45.293 		20.518
v -14.1423 		-41 		22.7246
v -14.1421 		-41.168 		22.7134
v -21.335 		-44.665 		21.471
v -21.335 		-44.832 		20.98
v -3.791 		-29.817 		23.832
v -15.441 		-40.387 		8.718
v -15.459 		-40.374 		8.744
v -14.324 		-41 		22.997
v -14.1423 		-40.9993 		22.7246
v -15.479 		-40.369 		8.772
v -3.791 		-29.707 		24.388
v -14.1423 		-40.9983 		22.7245
v -15.498 		-40.374 		8.799
v -15.5 		-40.239 		8.757
v -1.944 		-29.707 		22.474
v -21.827 		-44.266 		21.306
v -21.827 		-44.415 		20.868
v -14.1416 		-40.2819 		22.6289
v -14.1418 		-29.6239 		20.8258
v -14.1416 		-29.6759 		20.6711
v -14.1416 		-40.2828 		22.6292
v -14.1416 		-29.6762 		20.6702
v -3.204 		-29.999 		22.643
v -14.324 		-40.212 		22.893
v -25.793 		-24.113 		5.822
v -25.421 		-24.327 		6.06
v -25.072 		-24.529 		6.339
v -14.1421 		-29.5811 		20.953
v -14.1419 		-40.637 		22.7002
v -14.1419 		-40.6381 		22.7005
v -24.748 		-24.716 		6.657
v -14.1418 		-40.4775 		22.6683
v -24.452 		-24.887 		7.009
v -14.1418 		-40.6386 		22.7005
v -4.335 		-30.168 		23.926
v -14.324 		-40.603 		22.971
v -23.952 		-24.021 		7.009
v -4.335 		-30.067 		24.435
v -23.688 		-24.173 		7.394
v -14.1417 		-29.6764 		20.6698
v -14.1418 		-29.7144 		20.48
v -4.827 		-30.734 		23.6
v -15.472 		-40.5 		8.777
v -23.458 		-24.306 		7.806
v -4.827 		-30.585 		24.038
v -27.1323 		-37.9313 		17.0133
v -27.1049 		-37.6372 		17.2527
v -4.827 		-30.495 		24.492
v -22.621 		-38.585 		20.6
v -22.621 		-38.69 		20.91
v -22.027 		-25.471 		6.029
v -5.258 		-31.188 		23.788
v -22.91 		-39.232 		20.685
v -24.188 		-25.039 		7.394
v -22.91 		-39.343 		20.91
v -5.258 		-31.06 		24.165
v -5.258 		-30.982 		24.556
v -23.121 		-39.879 		20.6
v -23.121 		-39.973 		20.741
v -22.027 		-24.746 		7.585
v -23.121 		-40.085 		20.868
v -14.1419 		-29.7472 		20.316
v -14.1419 		-29.7474 		20.3149
v -14.1418 		-29.7153 		20.4755
v -15.498 		-40.626 		8.799
v -15.479 		-40.631 		8.772
v -3.791 		-30.25 		22.788
v -14.1418 		-29.7474 		20.3144
v -14.1417 		-40.2832 		22.6294
v -15.459 		-40.626 		8.744
v -3.791 		-29.999 		23.296
v -15.441 		-40.613 		8.718
v -23.958 		-25.172 		7.806
v -4.335 		-30.853 		22.538
v -17.526 		-27.93 		9.299
v -4.335 		-30.565 		22.97
v -17.66 		-27.948 		9.287
v -4.335 		-30.335 		23.435
v -23.711 		-25.17 		7.739
v -15.5 		-40.761 		8.757
v -17.783 		-27.964 		9.273
v -4.827 		-31.195 		22.801
v -4.827 		-30.938 		23.185
v -17.894 		-27.978 		9.259
v -23.711 		-25.0677 		8.1208
v -5.258 		-31.848 		22.801
v -23.248 		-41 		20.606
v -23.248 		-41.085 		20.6
v -14.1423 		-40.9961 		22.7244
v -14.1419 		-40.8365 		22.7136
v -17.291 		-28.293 		9.18
v -15.318 		-40.601 		8.424
v -15.31 		-40.5 		8.413
v -14.324 		-44.018 		20.35
v -23.8974 		-25.2055 		7.9408
v -14.324 		-44.044 		19.953
v -23.8993 		-25.2059 		7.9428
v -5.258 		-31.585 		23.1
v -14.755 		-41 		23.489
v -17.431 		-28.331 		9.163
v -15.318 		-40.399 		8.424
v -5.258 		-31.364 		23.431
v -17.561 		-28.366 		9.145
v -15.34 		-40.305 		8.456
v -14.755 		-40.539 		23.458
v -23.8985 		-25.2063 		7.9397
v -15.295 		-40.634 		8.29
v -5.258 		-32.147 		22.538
v -15.285 		-40.5 		8.276
v -22.027 		-26.456 		4.623
v -14.1421 		-41.1981 		22.7114
v -14.1418 		-41.3608 		22.7005
v -15.295 		-40.366 		8.29
v -14.1418 		-41.3612 		22.7005
v -14.1418 		-41.3614 		22.7005
v -23.711 		-26.802 		4.913
v -23.711 		-25.862 		6.255
v -15.324 		-40.241 		8.333
v -1.944 		-30.067 		21.935
v -14.324 		-41.397 		22.971
v -17.279 		-28.676 		8.947
v -2.585 		-30.585 		21.538
v -25.291 		-28.433 		4.319
v -25.291 		-27.366 		5.386
v -14.1419 		-41.3619 		22.7005
v -2.585 		-30.168 		22.013
v -14.1418 		-41.5561 		22.6616
v -14.1417 		-41.7156 		22.6296
v -25.291 		-26.5 		6.623
v -14.1417 		-41.7161 		22.6295
v -14.1417 		-41.7168 		22.6294
v -14.1416 		-41.7172 		22.6292
v -25.291 		-25.862 		7.991
v -14.324 		-41.788 		22.893
v -3.204 		-30.734 		21.687
v -3.204 		-30.335 		22.141
v -14.324 		-44.018 		19.556
v -14.142 		-41.9053 		22.566
v -14.1422 		-42.0182 		22.528
v -14.324 		-42.165 		22.765
v -17.681 		-28.397 		9.126
v -15.322 		-40.179 		8.202
v -1.944 		-31.521 		20.66
v -17.788 		-28.424 		9.108
v -1.944 		-30.982 		21.02
v -14.755 		-41.461 		23.458
v -17.882 		-28.447 		9.091
v -14.755 		-41.915 		23.368
v -1.944 		-30.495 		21.448
v -15.37 		-40.369 		8.572
v -15.394 		-40.315 		8.606
v -2.585 		-31.585 		20.77
v -15.425 		-40.274 		8.65
v -2.585 		-31.06 		21.121
v -15.461 		-40.248 		8.702
v -16.378 		-41.603 		24.533
v -14.755 		-44.505 		20.414
v -17.403 		-28.725 		8.919
v -16.378 		-41 		24.572
v -14.755 		-44.536 		19.953
v -3.204 		-31.69 		20.952
v -15.376 		-40.224 		8.507
v -17.517 		-28.768 		8.893
v -14.755 		-44.505 		19.492
v -15.422 		-40.162 		8.573
v -3.204 		-31.188 		21.288
v -16.378 		-40.397 		24.533
v -15.247 		-44.933 		20.471
v -17.62 		-28.807 		8.868
v -22.027 		-29.076 		2.424
v -3.791 		-31.835 		21.203
v -22.027 		-27.67 		3.409
v -3.791 		-31.364 		21.518
v -15.247 		-44.967 		19.953
v -3.791 		-30.938 		21.891
v -14.142 		-38.8014 		21.6397
v -14.142 		-38.8008 		21.6389
v -14.1418 		-38.7109 		21.504
v -3.791 		-30.565 		22.317
v -14.1423 		-29.7716 		19.9537
v -14.1423 		-29.7716 		19.953
v -14.1423 		-29.7714 		19.9569
v -14.1423 		-29.7715 		19.9547
v -23.248 		-40.674 		20.518
v -15.426 		-40.592 		8.696
v -14.1419 		-29.7606 		20.1165
v -4.335 		-31.585 		21.806
v -15.414 		-40.565 		8.679
v -15.791 		-45.33 		19.953
v -23.248 		-40.75 		20.556
v -15.406 		-40.534 		8.668
v -4.335 		-31.195 		22.148
v -15.404 		-40.5 		8.665
v -23.248 		-40.831 		20.583
v -15.406 		-40.466 		8.668
v -15.414 		-40.435 		8.679
v -23.248 		-40.915 		20.6
v -15.426 		-40.408 		8.696
v -14.755 		-44.415 		19.038
v -4.827 		-31.848 		22.148
v -14.1421 		-29.7584 		19.7549
v -14.1418 		-29.7475 		19.5923
v -4.827 		-31.5 		22.453
v -14.755 		-44.266 		18.6
v -14.1418 		-29.7475 		19.5918
v -14.1418 		-29.7474 		19.5916
v -15.247 		-44.933 		19.435
v -15.247 		-44.832 		18.926
v -23.121 		-41.915 		20.868
v -17.709 		-28.839 		8.845
v -14.142 		-38.7989 		21.6359
v -14.1419 		-38.8017 		21.64
v -14.1419 		-29.7474 		19.5911
v -15.247 		-44.665 		18.435
v -14.1418 		-29.7204 		19.456
v -14.324 		-38.585 		21.806
v -2.585 		-32.152 		20.491
v -3.204 		-32.232 		20.685
v -14.1423 		-39.0398 		21.9122
v -14.1423 		-39.0403 		21.9127
v -14.1424 		-38.9325 		21.7898
v -15.791 		-45.293 		19.388
v -15.791 		-45.183 		18.832
v -14.324 		-38.848 		22.105
v -4.335 		-32.017 		21.518
v -14.142 		-39.12 		21.9824
v -15.37 		-40.631 		8.572
v -4.827 		-32.232 		21.891
v -15.355 		-40.568 		8.55
v -23.711 		-29.302 		2.815
v -14.755 		-38.195 		22.105
v -23.711 		-27.96 		3.755
v -5.258 		-32.478 		22.317
v -15.35 		-40.5 		8.543
v -25.291 		-29.67 		3.453
v -14.755 		-38.5 		22.453
v -15.355 		-40.432 		8.55
v -3.791 		-32.343 		20.952
v -26.719 		-29.076 		5.085
v -4.335 		-32.482 		21.288
v -23.121 		-42.027 		20.741
v -17.784 		-28.866 		8.825
v -17.904 		-28.7066 		8.9235
v -17.8816 		-28.7573 		8.8915
v -23.121 		-42.121 		20.6
v -26.719 		-28.132 		6.029
v -1.944 		-32.103 		20.373
v -23.248 		-41.169 		20.583
v -17.8747 		-28.7729 		8.8817
v -26.719 		-27.366 		7.123
v -17.8275 		-28.88 		8.8142
v -17.8275 		-28.88 		8.8142
v -23.248 		-41.25 		20.556
v -23.248 		-41.326 		20.518
v -15.34 		-40.695 		8.456
v -15.324 		-40.759 		8.333
v -5.621 		-31.835 		23.703
v -16.378 		-45.619 		19.953
v -5.621 		-31.69 		23.996
v -5.621 		-31.585 		24.306
v -16.997 		-45.83 		19.953
v -27.1965 		-29.383 		5.4509
v -15.322 		-40.821 		8.202
v -27.1967 		-28.498 		6.3361
v -27.0585 		-28.8432 		5.7962
v -17.638 		-45.957 		19.953
v -27.0972 		-28.995 		5.6989
v -5.91 		-32.232 		24.221
v -27.105 		-27.7003 		7.316
v -27.1049 		-27.7003 		7.3158
v -22.621 		-38.521 		19.627
v -27.1181 		-27.8134 		7.1771
v -14.1418 		-29.7086 		19.3969
v -27.1673 		-28.2415 		6.6512
v -14.1417 		-29.6766 		19.2374
v -14.1417 		-29.6765 		19.2369
v -14.1417 		-29.6764 		19.2362
v -22.621 		-38.5 		19.953
v -14.1416 		-29.6762 		19.2358
v -27.1322 		-27.5652 		7.6703
v -22.621 		-38.521 		20.279
v -22.027 		-34 		1.105
v -22.027 		-32.29 		1.255
v -14.1423 		-29.5609 		18.8928
v -14.1423 		-29.5607 		18.8921
v -14.1422 		-29.5632 		18.8997
v -22.91 		-39.103 		19.703
v -14.142 		-29.613 		19.0477
v -22.027 		-30.632 		1.699
v -14.1423 		-29.5607 		18.8921
v -14.1419 		-29.5595 		18.8902
v -23.711 		-32.368 		1.699
v -14.324 		-29.812 		18.788
v -22.91 		-39.087 		19.953
v -17.8269 		-28.8813 		8.8134
v -23.711 		-34 		1.556
v -23.711 		-30.786 		2.123
v -17.7503 		-28.9837 		8.704
v -22.91 		-39.103 		20.203
v -17.197 		-29 		8.626
v -5.91 		-32.152 		24.458
v -25.291 		-32.496 		2.424
v -25.291 		-34 		2.293
v -25.291 		-31.038 		2.815
v -17.304 		-29.053 		8.589
v -14.1419 		-29.4724 		18.7145
v -14.1418 		-29.4 		18.5683
v -22.91 		-39.152 		19.458
v -14.1418 		-29.3996 		18.5675
v -22.91 		-39.152 		20.448
v -14.1418 		-29.3995 		18.5673
v -14.1418 		-29.3092 		18.432
v -17.392 		-29.3386 		8.1923
v -17.3918 		-29.3388 		8.192
v -17.4 		-29.1 		8.554
v -26.719 		-30.17 		4.319
v -15.461 		-40.752 		8.702
v -23.121 		-39.717 		20.122
v -15.425 		-40.726 		8.65
v -17.484 		-29.14 		8.524
v -23.121 		-39.75 		20.288
v -15.394 		-40.685 		8.606
v -23.121 		-39.804 		20.448
v -16.378 		-45.58 		19.35
v -15.476 		-40.877 		8.65
v -15.422 		-40.838 		8.573
v -27.196 		-31.5434 		4.2033
v -16.378 		-45.462 		18.757
v -15.376 		-40.776 		8.507
v -27.1177 		-30.5299 		4.5895
v -27.1669 		-31.164 		4.348
v -27.105 		-30.363 		4.6533
v -16.997 		-45.788 		19.323
v -23.121 		-39.804 		19.458
v -16.997 		-45.665 		18.703
v -27.1323 		-30.0687 		4.8927
v -27.1049 		-30.3628 		4.6533
v -23.121 		-39.75 		19.618
v -26.719 		-32.67 		3.409
v -26.719 		-34 		3.293
v -17.638 		-45.915 		19.306
v -14.1418 		-39.1897 		22.0432
v -14.1419 		-39.3119 		22.1503
v -14.1419 		-39.3125 		22.1509
v -23.121 		-39.717 		19.784
v -14.1419 		-39.313 		22.1513
v -17.638 		-45.788 		18.67
v -23.121 		-39.706 		19.953
v -14.324 		-39.147 		22.368
v -26.719 		-31.38 		3.755
v -14.1422 		-25.9076 		17.408
v -14.142 		-39.3133 		22.1516
v -14.142 		-39.3132 		22.1515
v -14.1421 		-26.832 		17.1926
v -14.1421 		-26.8019 		17.1946
v -14.1418 		-26.6392 		17.2055
v -14.142 		-39.478 		22.2616
v -14.755 		-44.062 		18.185
v -14.1418 		-39.6126 		22.3514
v -14.1418 		-39.6134 		22.3519
v -14.1418 		-26.6388 		17.2056
v -14.1418 		-26.6386 		17.2056
v -14.1418 		-39.6143 		22.3525
v -27.1965 		-32.7529 		3.8795
v -27.1317 		-33.6261 		3.7386
v -27.1043 		-34 		3.6783
v -14.324 		-26.603 		16.935
v -27.0581 		-32.1124 		3.9085
v -27.0972 		-32.2927 		3.9004
v -27.118 		-32.3889 		3.8961
v -17.554 		-29.173 		8.498
v -14.1419 		-26.6381 		17.2056
v -17.5949 		-29.1919 		8.482
v -17.5948 		-29.192 		8.482
v -14.1418 		-26.4439 		17.2444
v -14.1417 		-26.2844 		17.2764
v -14.1417 		-26.2839 		17.2765
v -14.1417 		-26.2832 		17.2766
v -17.3972 		-29.3349 		8.1997
v -17.3921 		-29.3386 		8.1924
v -15.433 		-40.948 		8.488
v -14.1416 		-26.2828 		17.2768
v -14.324 		-26.212 		17.013
v -17.6578 		-29.1075 		8.5719
v -23.121 		-40.085 		19.038
v -11.631 		-34.0567 		15.948
v -11.6293 		-34 		15.9493
v -11.631 		-34 		15.953
v -17.99 		-27.99 		9.246
v -23.121 		-39.973 		19.165
v -5.91 		-32.482 		23.788
v -18.071 		-28 		9.235
v -5.91 		-32.343 		23.996
v -11.6647 		-34.8764 		15.9244
v -23.121 		-39.879 		19.306
v -11.7765 		-35.781 		15.8462
v -11.6701 		-34.92 		15.9207
v -14.1418 		-39.6145 		22.3526
v -11.9743 		-36.7451 		15.7077
v -11.8203 		-35.9947 		15.8155
v -12.1449 		-37.3387 		15.5883
v -12.2804 		-37.8101 		15.4934
v -18.1275 		-27.8676 		9.2427
v -5.621 		-32.478 		22.97
v -18.1171 		-28.0058 		9.2278
v -5.621 		-32.232 		23.185
v -18.1088 		-28.0406 		9.216
v -14.1423 		-25.9398 		17.3921
v -14.1423 		-25.9391 		17.3923
v -12.4709 		-34.9499 		15.36
v -12.4242 		-35.024 		15.3927
v -17.96 		-28.466 		9.077
v -14.1423 		-39.9385 		22.5133
v -14.1422 		-25.9467 		17.3898
v -14.1423 		-39.9391 		22.5137
v -14.142 		-26.0947 		17.34
v -23.248 		-40.353 		20.038
v -14.1423 		-25.9391 		17.3923
v -14.1423 		-39.9293 		22.5088
v -14.324 		-25.835 		17.141
v -15.372 		-40.866 		8.4
v -12.649 		-34.661 		15.121
v -14.1422 		-39.7924 		22.4409
v -15.247 		-44.147 		17.538
v -15.457 		-41.057 		8.395
v -15.38 		-40.955 		8.286
v -14.1423 		-39.9391 		22.5137
v -15.791 		-44.062 		16.891
v -14.755 		-26.539 		16.448
v -12.669 		-34.634 		15.196
v -14.755 		-26.085 		16.538
v -15.492 		-41.163 		8.295
v -12.6748 		-34.6264 		15.2173
v -12.784 		-34.5238 		15.1408
v -12.5822 		-34.7732 		15.282
v -15.247 		-44.435 		17.97
v -12.601 		-34.732 		14.929
v -15.791 		-45.001 		18.296
v -15.791 		-44.75 		17.788
v -14.1418 		-27.856 		17.3235
v -14.1416 		-27.7181 		17.2771
v -14.1416 		-27.7172 		17.2768
v -18.0054 		-28.477 		9.0682
v -18.0055 		-28.4764 		9.0684
v -18.0352 		-28.3513 		9.1109
v -12.626 		-34.693 		15.032
v -14.324 		-27.788 		17.013
v -15.598 		-26.761 		8.446
v -14.1419 		-27.363 		17.2058
v -14.1419 		-27.3619 		17.2056
v -14.1418 		-27.5225 		17.2377
v -13.921 		-35.334 		8.36
v -14.1418 		-27.3614 		17.2056
v -15.712 		-26.735 		8.609
v -14.1423 		-38.4391 		21.0132
v -14.1423 		-38.4393 		21.0139
v -14.324 		-27.397 		16.935
v -15.791 		-44.435 		17.317
v -23.248 		-40.37 		20.122
v -14.071 		-35.676 		8.575
v -14.1417 		-27.7168 		17.2766
v -23.248 		-40.397 		20.203
v -15.825 		-26.761 		8.771
v -23.248 		-40.435 		20.279
v -12.495 		-34.937 		14.42
v -14.1423 		-27.0007 		17.1814
v -14.1423 		-27 		17.1814
v -14.1423 		-27.0039 		17.1816
v -14.1423 		-27.0016 		17.1815
v -23.248 		-40.482 		20.35
v -14.1419 		-27.1635 		17.1924
v -15.661 		-26.646 		8.365
v -14.324 		-27 		16.909
v -12.52 		-34.878 		14.559
v -14.258 		-35.25 		8.227
v -23.248 		-40.539 		20.414
v -15.792 		-26.615 		8.552
v -23.248 		-40.603 		20.471
v -14.419 		-35.616 		8.457
v -14.52 		-36.042 		8.602
v -12.547 		-34.824 		14.691
v -14.763 		-35.56 		8.334
v -15.733 		-26.534 		8.278
v -12.575 		-34.775 		14.815
v -14.755 		-27 		16.417
v -14.1422 		-38.4368 		21.0063
v -14.1422 		-38.4189 		20.953
v -14.1423 		-38.4393 		21.0139
v -14.871 		-36.014 		8.488
v -16.378 		-45.268 		18.185
v -14.324 		-38.188 		21.118
v -15.099 		-35.508 		8.209
v -15.212 		-35.987 		8.372
v -14.1419 		-38.5276 		21.1915
v -14.1418 		-38.6 		21.3377
v -14.1418 		-38.6004 		21.3385
v -12.97 		-34.36 		14.896
v -14.324 		-38.364 		21.475
v -12.996 		-34.327 		14.966
v -14.1418 		-38.7105 		21.5034
v -14.1418 		-38.6005 		21.3387
v -12.881 		-34.4327 		15.0729
v -12.8322 		-34.4786 		15.107
v -12.9901 		-34.3305 		14.9965
v -13.841 		-36.5 		8.85
v -13.812 		-36.894 		8.808
v -13.0059 		-34.3165 		14.9854
v -13.0041 		-34.3174 		14.9867
v -15.728 		-27.305 		9.01
v -13.812 		-36.106 		8.808
v -13.2022 		-34.2174 		14.848
v -16.378 		-45.001 		17.643
v -5.621 		-32.017 		23.431
v -13.211 		-34.327 		14.37
v -14.198 		-36.5 		8.755
v -14.166 		-36.927 		8.709
v -12.868 		-34.5 		14.609
v -16.997 		-45.462 		18.105
v -13.26 		-34.267 		14.468
v -16.997 		-45.183 		17.538
v -8.603 		-34.574 		32.985
v -14.166 		-36.073 		8.709
v -8.573 		-34 		33.095
v -17.638 		-45.58 		18.056
v -12.905 		-34.447 		14.716
v -17.638 		-45.293 		17.474
v -14.52 		-36.958 		8.602
v -8.603 		-33.426 		32.985
v -14.555 		-36.5 		8.651
v -14.1423 		-42.0609 		22.5137
v -14.1423 		-42.0602 		22.5139
v -14.1422 		-42.0533 		22.5162
v -12.94 		-34.4 		14.812
v -14.1423 		-42.0609 		22.5137
v -16.378 		-44.665 		17.141
v -1.291 		-32.706 		29.783
v -14.142 		-42.192 		22.4485
v -16.378 		-44.266 		16.687
v -1.291 		-33.347 		29.91
v -16.997 		-44.832 		17.013
v -16.997 		-44.415 		16.538
v -13.296 		-34.1699 		14.7823
v -13.2893 		-34.1733 		14.787
v -17.638 		-44.933 		16.935
v -13.2466 		-34.1949 		14.8169
v -14.908 		-36.5 		8.541
v -14.871 		-36.986 		8.488
v -13.345 		-34.171 		14.634
v -17.638 		-44.505 		16.448
v -13.378 		-34.134 		14.699
v -1.291 		-34 		29.953
v -15.212 		-37.013 		8.372
v -1.291 		-34.653 		29.91
v -13.3879 		-34.1234 		14.718
v -13.3882 		-34.1234 		14.7178
v -15.251 		-36.5 		8.427
v -13.3498 		-34.1427 		14.7446
v -23.248 		-40.539 		19.492
v -18.291 		-46 		19.953
v -18.291 		-37.033 		22.997
v -14.1418 		-28.8103 		17.8628
v -14.1419 		-28.6881 		17.7557
v -14.1419 		-28.6875 		17.7551
v -18.291 		-45.957 		19.3
v -13.3885 		-34.1233 		14.7176
v -18.291 		-37.464 		23.489
v -13.3887 		-34.1233 		14.7174
v -14.1419 		-28.687 		17.7547
v -18.291 		-45.83 		18.659
v -18.291 		-37.956 		23.92
v -14.324 		-28.853 		17.538
v -13.5678 		-34.0944 		14.592
v -18.944 		-45.957 		19.953
v -14.142 		-28.88 		17.9236
v -23.248 		-40.482 		19.556
v -18.944 		-45.915 		19.306
v -13.305 		-34.215 		14.557
v -14.142 		-28.6868 		17.7545
v -14.142 		-28.6867 		17.7544
v -23.248 		-40.435 		19.627
v -18.944 		-45.788 		18.67
v -14.071 		-37.324 		8.575
v -14.142 		-28.522 		17.6444
v -14.1418 		-28.3874 		17.5546
v -14.1418 		-28.3866 		17.5541
v -14.1418 		-28.3857 		17.5535
v -23.248 		-40.397 		19.703
v -13.746 		-34.106 		14.353
v -13.921 		-37.666 		8.36
v -14.1418 		-28.3855 		17.5534
v -19.585 		-45.83 		19.953
v -13.788 		-34.068 		14.412
v -14.419 		-37.384 		8.457
v -23.248 		-40.37 		19.784
v -19.585 		-45.788 		19.323
v -14.258 		-37.75 		8.227
v -18.944 		-37.067 		22.971
v -19.585 		-45.665 		18.703
v -18.944 		-37.495 		23.458
v -14.1422 		-28.2076 		17.4651
v -14.1422 		-28.0925 		17.408
v -18.944 		-37.982 		23.886
v -14.763 		-37.44 		8.334
v -19.585 		-37.168 		22.893
v -19.585 		-37.585 		23.368
v -19.585 		-38.06 		23.785
v -15.099 		-37.492 		8.209
v -13.808 		-34.0584 		14.4238
v -13.8 		-34.0571 		14.4294
v -13.6483 		-34.0815 		14.5356
v -1.291 		-35.294 		29.783
v -12.79 		-34.626 		14.37
v -23.248 		-40.353 		19.868
v -23.248 		-40.347 		19.953
v -12.829 		-34.56 		14.493
v -20.204 		-45.619 		19.953
v -20.791 		-45.33 		19.953
v -21.335 		-44.933 		20.471
v -21.335 		-44.967 		19.953
v -1.944 		-32.717 		29.741
v -2.585 		-32.75 		29.618
v -21.827 		-44.505 		20.414
v -12.248 		-35.51 		15.402
v -12.417 		-35.034 		15.372
v -17.8269 		-39.1187 		8.8134
v -17.7653 		-39.0361 		8.7254
v -21.827 		-44.536 		19.953
v -17.7503 		-39.0161 		8.704
v -12.259 		-35.5 		15.483
v -17.8275 		-39.12 		8.8142
v -1.944 		-33.353 		29.868
v -21.827 		-44.505 		19.492
v -1.944 		-34 		29.91
v -2.585 		-33.37 		29.741
v -2.585 		-34 		29.783
v -3.204 		-34 		29.572
v -3.2359 		-34 		29.5563
v -1.944 		-34.647 		29.868
v -15.792 		-27.134 		9
v -1.944 		-35.283 		29.741
v -15.839 		-27.241 		9.067
v -12.4216 		-35.0281 		15.3945
v -12.4214 		-35.0285 		15.3947
v -17.392 		-38.6615 		8.1923
v -17.3918 		-38.6613 		8.192
v -14.324 		-29.636 		18.431
v -12.3636 		-35.1991 		15.4351
v -14.142 		-29.1986 		18.2663
v -14.142 		-29.1991 		18.2671
v -14.1418 		-29.2895 		18.4026
v -12.2626 		-35.4971 		15.5059
v -14.142 		-29.2011 		18.2701
v -12.2584 		-35.536 		15.5088
v -14.1419 		-29.1983 		18.266
v -12.195 		-36 		15.439
v -14.324 		-29.415 		18.1
v -12.205 		-36 		15.52
v -14.1423 		-28.9602 		17.9938
v -14.1423 		-28.9597 		17.9933
v -14.1424 		-29.0674 		18.1162
v -14.324 		-29.152 		17.801
v -17.5948 		-38.808 		8.482
v -17.5946 		-38.8079 		8.4816
v -20.204 		-37.335 		22.765
v -17.6213 		-38.8435 		8.5198
v -15.658 		-27 		8.809
v -12.2465 		-35.6459 		15.5171
v -17.5219 		-38.7555 		8.3778
v -12.2083 		-36 		15.5439
v -12.2135 		-36.048 		15.5402
v -15.73 		-27.052 		8.912
v -12.2083 		-35.9997 		15.5438
v -12.2428 		-35.6798 		15.5197
v -15.737 		-26.879 		8.794
v -23.291 		-41 		19.953
v -15.825 		-26.943 		8.921
v -14.324 		-28.522 		17.317
v -12.349 		-35.134 		14.973
v -14.1423 		-28.0615 		17.3927
v -14.1423 		-28.0609 		17.3923
v -14.1423 		-28.0707 		17.3972
v -12.368 		-35.103 		15.093
v -14.324 		-28.165 		17.141
v -12.221 		-35.536 		15.195
v -17.904 		-39.2933 		8.9235
v -14.1418 		-27.8728 		17.3291
v -15.539 		-27.248 		8.812
v -14.1423 		-28.0609 		17.3923
v -12.386 		-35.076 		15.2
v -15.575 		-27.274 		8.864
v -12.235 		-35.522 		15.306
v -18.1171 		-39.9942 		9.2278
v -18.1088 		-39.9594 		9.216
v -18.1284 		-40.144 		9.244
v -15.534 		-27.11 		8.733
v -15.592 		-27.123 		8.816
v -12.403 		-35.053 		15.294
v -13.863 		-29.076 		16.821
v -18.0054 		-39.523 		9.0682
v -18.005 		-39.5222 		9.0677
v -17.9577 		-39.415 		9.0002
v -18.0863 		-39.8646 		9.1838
v -12.148 		-36 		14.97
v -12.195 		-35.57 		14.938
v -17.8816 		-41.7573 		8.8915
v -17.904 		-41.7066 		8.9235
v -2.585 		-34.63 		29.741
v -15.606 		-27.315 		8.908
v -17.8269 		-41.8813 		8.8134
v -17.8275 		-41.88 		8.8142
v -17.8747 		-41.7729 		8.8817
v -2.585 		-35.25 		29.618
v -17.786 		-41.936 		8.755
v -15.646 		-27.162 		8.893
v -12.159 		-36 		15.106
v -12.207 		-35.552 		15.072
v -15.692 		-27.224 		8.959
v -3.204 		-34.603 		29.533
v -3.204 		-35.196 		29.415
v -17.7503 		-41.9837 		8.704
v -12.171 		-36 		15.231
v -3.241 		-34.0356 		29.5515
v -3.2877 		-34.3576 		29.5076
v -3.3189 		-34.5736 		29.4783
v -3.3189 		-34.574 		29.4782
v -17.5948 		-42.192 		8.482
v -17.5949 		-42.1919 		8.482
v -17.5948 		-42.192 		8.4819
v -20.204 		-37.734 		23.219
v -17.6578 		-42.1075 		8.5719
v -15.644 		-27.568 		8.964
v -12.183 		-36 		15.342
v -15.649 		-27.5 		8.971
v -15.644 		-27.432 		8.964
v -20.791 		-37.565 		22.589
v -20.791 		-37.938 		23.015
v -12.288 		-35.293 		14.405
v -3.2359 		-33.9995 		29.5563
v -15.758 		-27.5 		9.053
v -18.1436 		-40.656 		9.2656
v -18.1554 		-40.5 		9.2824
v -12.299 		-35.248 		14.557
v -18.1553 		-40.4994 		9.2824
v -18.145 		-40.3628 		9.2677
v -18.291 		-36.381 		21.866
v -18.291 		-36.67 		22.453
v -18.944 		-36.42 		21.85
v -12.314 		-35.207 		14.703
v -15.75 		-27.399 		9.042
v -18.944 		-36.707 		22.432
v -18.1171 		-41.0058 		9.2278
v -18.1275 		-40.8676 		9.2427
v -3.3308 		-34.5948 		29.471
v -18.1088 		-41.0406 		9.216
v -12.331 		-35.169 		14.843
v -3.4355 		-34.8073 		29.3764
v -3.4703 		-34.8779 		29.3449
v -3.5604 		-35.061 		29.2634
v -19.585 		-36.538 		21.801
v -18.0786 		-41.168 		9.1729
v -19.585 		-36.817 		22.368
v -18.0054 		-41.477 		9.0682
v -18.0055 		-41.4764 		9.0684
v -18.0352 		-41.3513 		9.1109
v -15.75 		-27.601 		9.042
v -14.755 		-27.461 		16.448
v -12.136 		-36 		14.352
v -17.187 		-34 		12.0581
v -20.204 		-45.58 		19.35
v -12.133 		-36 		14.514
v -20.204 		-45.462 		18.757
v -15.247 		-42.518 		16.288
v -12.172 		-35.634 		14.487
v -18.291 		-36.17 		21.247
v -15.791 		-43.165 		16.203
v -14.779 		-27.856 		16.5048
v -14.8681 		-27.6473 		16.384
v -20.791 		-45.293 		19.388
v -15.791 		-42.657 		15.952
v -20.791 		-45.183 		18.832
v -14.5578 		-28.6554 		17.086
v -14.5575 		-28.6571 		17.0874
v -18.944 		-36.212 		21.236
v -14.5415 		-28.7705 		17.185
v -14.5416 		-28.7702 		17.1848
v -15.728 		-27.695 		9.01
v -14.6134 		-28.4085 		16.894
v -14.6374 		-28.3017 		16.8108
v -14.7538 		-27.9157 		16.5397
v -14.7541 		-27.9147 		16.539
v -19.585 		-36.335 		21.203
v -14.755 		-27.9123 		16.5375
v -15.839 		-27.759 		9.067
v -21.335 		-44.933 		19.435
v -16.378 		-42.768 		15.685
v -21.335 		-44.832 		18.926
v -21.335 		-44.665 		18.435
v -21.827 		-44.415 		19.038
v -16.378 		-43.812 		16.288
v -16.378 		-43.31 		15.952
v -21.827 		-44.266 		18.6
v -15.554 		-27.5 		8.879
v -15.551 		-27.534 		8.875
v -15.544 		-27.565 		8.864
v -15.532 		-27.592 		8.847
v -12.134 		-36 		14.672
v -14.6769 		-29.885 		18.0806
v -14.6429 		-29.761 		17.9648
v -14.6219 		-29.6845 		17.8934
v -14.5646 		-29.3487 		17.6094
v -14.5641 		-29.3459 		17.6071
v -14.5846 		-29.4664 		17.7088
v -14.5681 		-29.3693 		17.6269
v -12.176 		-35.611 		14.643
v -15.532 		-27.408 		8.847
v -14.5497 		-29.152 		17.459
v -14.5446 		-29.0853 		17.408
v -15.544 		-27.435 		8.864
v -15.551 		-27.466 		8.875
v -14.541 		-28.8102 		17.2123
v -14.54 		-28.88 		17.2603
v -14.5383 		-29.0017 		17.3441
v -18.291 		-45.619 		18.04
v -12.14 		-36 		14.825
v -18.291 		-45.33 		17.453
v -12.184 		-35.589 		14.794
v -18.944 		-45.58 		18.056
v -18.944 		-45.293 		17.474
v -16.997 		-43.94 		16.121
v -16.997 		-43.415 		15.77
v -20.204 		-36.732 		21.721
v -20.204 		-36.999 		22.263
v -12.248 		-36.49 		15.402
v -12.259 		-36.5 		15.483
v -14.6838 		-29.904 		18.0947
v -20.791 		-36.999 		21.61
v -17.638 		-43.479 		15.66
v -21.827 		-25.946 		16.5853
v -21.8271 		-25.946 		16.5854
v -21.9303 		-26.0251 		16.6825
v -22 		-26.0785 		16.7482
v -20.791 		-37.25 		22.118
v -15.291 		-42.28 		13.3855
v -12.2283 		-36.185 		15.5298
v -12.2626 		-36.5029 		15.5059
v -21.335 		-37.565 		21.936
v -12.2819 		-36.56 		15.4923
v -14.324 		-29.94 		20.741
v -15.516 		-27.387 		8.825
v -21.335 		-37.853 		22.368
v -12.417 		-36.966 		15.372
v -14.755 		-30.415 		20.868
v -12.4214 		-36.9715 		15.3947
v -12.4213 		-36.9712 		15.3947
v -12.3205 		-36.6741 		15.4653
v -12.4709 		-37.05 		15.36
v -12.195 		-36.43 		14.938
v -23.248 		-41.397 		20.471
v -23.248 		-41.461 		20.414
v -12.207 		-36.448 		15.072
v -16.378 		-42.196 		15.491
v -14.324 		-30.018 		20.35
v -23.248 		-41.518 		20.35
v -19.585 		-45.462 		18.105
v -14.324 		-30.044 		19.953
v -23.248 		-41.565 		20.279
v -16.997 		-42.848 		15.491
v -14.324 		-30.018 		19.556
v -16.7862 		-42.2316 		15.3571
v -16.7898 		-42.2337 		15.3566
v -12.221 		-36.464 		15.195
v -23.248 		-41.603 		20.203
v -16.871 		-42.2813 		15.3437
v -16.722 		-42.192 		15.3715
v -14.755 		-30.505 		20.414
v -17.638 		-42.897 		15.373
v -23.248 		-41.63 		20.122
v -14.755 		-30.536 		19.953
v -15.629 		-27.369 		8.942
v -12.235 		-36.478 		15.306
v -23.248 		-41.647 		20.038
v -14.755 		-30.505 		19.492
v -16.871 		-42.83 		14.167
v -12.349 		-36.866 		14.973
v -15.247 		-30.933 		20.471
v -23.248 		-41.653 		19.953
v -12.368 		-36.897 		15.093
v -15.247 		-30.967 		19.953
v -16.8714 		-42.2815 		15.3436
v -15.516 		-27.613 		8.825
v -23.248 		-41.647 		19.868
v -12.386 		-36.924 		15.2
v -23.248 		-41.63 		19.784
v -14.324 		-29.94 		19.165
v -12.403 		-36.947 		15.294
v -15.575 		-27.726 		8.864
v -23.248 		-41.603 		19.703
v -14.755 		-30.415 		19.038
v -19.585 		-45.183 		17.538
v -15.539 		-27.752 		8.812
v -23.248 		-41.565 		19.627
v -23.248 		-41.518 		19.556
v -12.4848 		-37.072 		15.3503
v -23.248 		-41.461 		19.492
v -12.172 		-36.366 		14.487
v -13.863 		-30.17 		17.587
v -15.629 		-27.631 		8.942
v -12.288 		-36.707 		14.405
v -16.871 		-43.254 		12.585
v -15.791 		-31.293 		20.518
v -15.606 		-27.685 		8.908
v -16.4797 		-43.0744 		12.5533
v -12.176 		-36.389 		14.643
v -20.204 		-36.538 		21.149
v -16.931 		-42.3052 		15.3303
v -15.692 		-27.776 		8.959
v -16.997 		-42.3315 		15.3157
v -17.638 		-42.5486 		15.255
v -17.4204 		-42.4748 		15.2757
v -20.791 		-36.817 		21.074
v -12.299 		-36.752 		14.557
v -17.6393 		-42.5489 		15.255
v -17.3362 		-42.4463 		15.2836
v -17.904 		-42.6238 		15.2618
v -15.646 		-27.838 		8.893
v -12.495 		-37.063 		14.42
v -21.335 		-37.168 		20.98
v -18.291 		-44.967 		16.909
v -12.184 		-36.411 		14.794
v -21.335 		-37.335 		21.471
v -18.291 		-44.536 		16.417
v -18.944 		-44.933 		16.935
v -12.314 		-36.793 		14.703
v -15.505 		-27 		8.59
v -18.944 		-44.505 		16.448
v -15.582 		-26.982 		8.7
v -19.585 		-44.832 		17.013
v -18.291 		-38.5 		24.283
v -19.585 		-44.415 		16.538
v -15.546 		-26.879 		8.522
v -18.291 		-39.087 		24.572
v -15.641 		-26.857 		8.658
v -3.568 		-35.0671 		29.2584
v -3.204 		-32.804 		29.415
v -18.944 		-38.521 		24.246
v -12.331 		-36.831 		14.843
v -18.944 		-39.103 		24.533
v -3.568 		-32.9328 		29.2583
v -3.5604 		-32.939 		29.2633
v -19.585 		-38.585 		24.136
v -12.649 		-37.339 		15.121
v -3.204 		-33.397 		29.533
v -12.5061 		-37.1058 		15.3354
v -18.291 		-42.913 		15.334
v -12.669 		-37.366 		15.196
v -3.4138 		-33.2363 		29.3958
v -3.3307 		-33.4052 		29.471
v -12.5146 		-37.1193 		15.3294
v -16.697 		-26.275 		8.782
v -3.3189 		-33.426 		29.4782
v -12.6349 		-37.3103 		15.2452
v -23.248 		-40.603 		19.435
v -16.829 		-26.198 		8.744
v -12.6748 		-37.3736 		15.2173
v -12.6744 		-37.3729 		15.2175
v -12.784 		-37.4759 		15.1408
v -18.291 		-43.5 		15.623
v -12.601 		-37.268 		14.929
v -19.585 		-39.152 		24.415
v -3.5421 		-32.976 		29.2798
v -3.4804 		-33.1011 		29.3354
v -12.626 		-37.307 		15.032
v -18.944 		-43.479 		15.66
v -15.924 		-26.646 		8.74
v -19.585 		-43.94 		16.121
v -3.2675 		-33.781 		29.5266
v -19.585 		-43.415 		15.77
v -16.046 		-26.734 		8.914
v -20.204 		-38.188 		23.618
v -12.52 		-37.122 		14.559
v -3.3077 		-33.5035 		29.4888
v -20.204 		-38.69 		23.954
v -20.204 		-39.232 		24.221
v -20.204 		-43.812 		16.288
v -16.168 		-26.634 		8.899
v -20.204 		-43.31 		15.952
v -20.204 		-39.804 		24.415
v -20.791 		-43.165 		16.203
v -16.287 		-26.793 		9.069
v -12.547 		-37.176 		14.691
v -5.333 		-32.614 		28.911
v -12.575 		-37.225 		14.815
v -4.927 		-32.5 		29.317
v -23.248 		-41.085 		19.306
v -16.296 		-26.538 		8.878
v -23.248 		-41 		19.3
v -23.248 		-40.915 		19.306
v -4.0074 		-32.5937 		28.8868
v -3.9281 		-32.6139 		28.9495
v -3.9278 		-32.614 		28.9497
v -4.1079 		-32.568 		28.8073
v -17.9269 		-42.6302 		15.2624
v -4.521 		-32.614 		29.723
v -12.97 		-37.64 		14.896
v -18.291 		-42.7328 		15.2726
v -18.944 		-42.897 		15.373
v -23.248 		-40.831 		19.323
v -12.996 		-37.673 		14.966
v -23.248 		-40.75 		19.35
v -18.555 		-42.7926 		15.3112
v -18.4423 		-42.767 		15.2948
v -12.7945 		-37.4857 		15.1334
v -23.248 		-40.674 		19.388
v -13.0041 		-37.6826 		14.9867
v -13.147 		-37.755 		14.8866
v -13.2022 		-37.7828 		14.848
v -12.79 		-37.374 		14.37
v -16.428 		-26.714 		9.066
v -12.829 		-37.44 		14.493
v -3.6599 		-32.8587 		29.1971
v -3.6563 		-32.8618 		29.2
v -3.723 		-32.804 		29.1459
v -3.7145 		-32.8113 		29.1527
v -3.791 		-32.7449 		29.0905
v -18.555 		-43.254 		14.321
v -16.428 		-26.446 		8.85
v -4.177 		-32.939 		30.067
v -23.121 		-41 		18.659
v -16.573 		-26.639 		9.057
v -23.121 		-40.831 		18.67
v -12.868 		-37.5 		14.609
v -23.121 		-40.665 		18.703
v -3.947 		-33.426 		30.297
v -23.121 		-40.505 		18.757
v -18.5568 		-42.7927 		15.3113
v -3.866 		-34 		30.378
v -16.562 		-26.358 		8.818
v -23.121 		-40.353 		18.832
v -3.947 		-34.574 		30.297
v -12.905 		-37.553 		14.716
v -16.719 		-26.568 		9.042
v -20.791 		-38.835 		23.703
v -18.555 		-43.698 		12.663
v -4.177 		-35.061 		30.067
v -20.791 		-39.343 		23.954
v -20.791 		-39.879 		24.136
v -13.211 		-37.673 		14.37
v -21.335 		-44.147 		17.538
v -21.827 		-44.062 		18.185
v -13.26 		-37.733 		14.468
v -3.802 		-35.2657 		29.0791
v -3.9278 		-35.386 		28.9497
v -3.9278 		-35.386 		28.9496
v -16.865 		-26.5 		9.022
v -4.521 		-35.386 		29.723
v -21.335 		-39.482 		23.618
v -21.335 		-39.973 		23.785
v -3.655 		-35.1372 		29.2009
v -3.6563 		-35.1382 		29.2001
v -3.791 		-35.2552 		29.0904
v -12.94 		-37.6 		14.812
v -3.7919 		-35.256 		29.0896
v -16.079 		-26.282 		8.351
v -20.791 		-44.062 		16.891
v -20.791 		-38.364 		23.388
v -23.121 		-40.212 		18.926
v -16.184 		-26.181 		8.278
v -4.2759 		-35.4749 		28.6743
v -4.2788 		-35.4756 		28.672
v -4.2076 		-35.4574 		28.7283
v -4.927 		-35.5 		29.317
v -20.204 		-45.268 		18.185
v -16.291 		-26.086 		8.203
v -20.204 		-45.001 		17.643
v -13.296 		-37.8302 		14.7823
v -13.345 		-37.829 		14.634
v -21.335 		-38.195 		22.758
v -13.378 		-37.866 		14.699
v -21.335 		-38.585 		23.1
v -20.204 		-44.665 		17.141
v -5.333 		-35.386 		28.911
v -13.3879 		-37.8766 		14.718
v -13.3878 		-37.8766 		14.718
v -21.335 		-39.017 		23.388
v -13.3882 		-37.8766 		14.7178
v -20.204 		-44.266 		16.687
v -16.38 		-26.226 		8.557
v -20.791 		-45.001 		18.296
v -16.501 		-26.134 		8.503
v -13.5392 		-37.9009 		14.612
v -20.791 		-44.75 		17.788
v -13.5678 		-37.9055 		14.592
v -5.4549 		-33.6401 		27.6784
v -5.4552 		-33.6416 		27.6783
v -5.4152 		-33.426 		27.6961
v -5.4842 		-33.8504 		27.6482
v -5.4575 		-33.6582 		27.6759
v -20.791 		-44.435 		17.317
v -5.4844 		-33.852 		27.648
v -13.305 		-37.785 		14.557
v -16.621 		-26.048 		8.447
v -20.204 		-41 		24.572
v -20.204 		-40.397 		24.533
v -21.335 		-44.435 		17.97
v -13.746 		-37.894 		14.353
v -16.739 		-25.967 		8.391
v -20.791 		-41 		24.283
v -13.788 		-37.932 		14.412
v -5.505 		-34 		27.6268
v -13.6852 		-37.9244 		14.5098
v -20.791 		-40.435 		24.246
v -13.8 		-37.9429 		14.4294
v -13.863 		-31.38 		18.151
v -13.808 		-37.9416 		14.4238
v -21.335 		-41 		23.92
v -16.851 		-25.894 		8.336
v -22.258 		-44.018 		20.35
v -21.335 		-40.482 		23.886
v -22.258 		-44.044 		19.953
v -22.258 		-44.018 		19.556
v -20.204 		-41.603 		24.533
v -15.881 		-26.5 		8.49
v -16.03 		-26.534 		8.702
v -20.791 		-41.565 		24.246
v -15.978 		-26.389 		8.422
v -20.791 		-42.121 		24.136
v -16.142 		-26.427 		8.658
v -21.335 		-41.518 		23.886
v -16.26 		-26.324 		8.61
v -22.91 		-42.165 		18.435
v -18.944 		-42.8143 		15.345
v -18.952 		-42.8143 		15.3467
v -19.585 		-42.848 		15.491
v -21.335 		-42.027 		23.785
v -5.258 		-32.835 		27.765
v -19.026 		-42.8143 		15.3621
v -19.1253 		-42.8141 		15.3829
v -23.121 		-42.121 		19.306
v -5.1909 		-32.976 		27.8935
v -5.1698 		-32.939 		27.9063
v -23.121 		-42.027 		19.165
v -23.121 		-41.915 		19.038
v -5.258 		-33.0936 		27.8528
v -5.2582 		-33.094 		27.8526
v -5.2793 		-33.1366 		27.8337
v -17.638 		-44.018 		16.02
v -23.248 		-41.397 		19.435
v -13.863 		-32.67 		18.497
v -23.248 		-41.326 		19.388
v -23.248 		-41.25 		19.35
v -16.958 		-26.126 		8.704
v -23.248 		-41.169 		19.323
v -18.291 		-44.044 		15.986
v -18.944 		-44.018 		16.02
v -13.863 		-34 		18.613
v -16.993 		-26.793 		9.206
v -17.008 		-26.437 		8.999
v -23.121 		-41.788 		18.926
v -17.145 		-26.748 		9.195
v -23.121 		-41.647 		18.832
v -23.121 		-41.495 		18.757
v -24.047 		-44.034 		13.724
v -14.755 		-30.266 		18.6
v -23.121 		-41.335 		18.703
v -17.147 		-26.378 		8.974
v -15.247 		-30.933 		19.435
v -24.353 		-44.21 		14.065
v -23.121 		-41.169 		18.67
v -20.291 		-43.397 		14.373
v -17.081 		-26.06 		8.665
v -19.585 		-42.8133 		15.4792
v -19.952 		-42.7909 		15.6027
v -19.62 		-42.8112 		15.491
v -16.958 		-25.827 		8.283
v -16.378 		-31.58 		20.556
v -20.1092 		-42.7812 		15.6558
v -20.0942 		-42.7822 		15.6506
v -24.686 		-44.403 		14.37
v -20.1968 		-42.7755 		15.686
v -20.204 		-42.775 		15.6885
v -25.043 		-44.609 		14.636
v -20.291 		-42.7637 		15.7306
v -25.421 		-44.827 		14.86
v -25.816 		-45.055 		15.041
v -5.3306 		-33.2402 		27.7879
v -5.3306 		-33.2402 		27.788
v -5.4002 		-33.393 		27.7124
v -13.465 		-42.449 		21.841
v -26.316 		-44.189 		15.041
v -13.465 		-42.683 		21.636
v -20.291 		-43.659 		13.541
v -5.0828 		-32.8605 		27.9842
v -20.291 		-43.848 		12.689
v -20.291 		-43.5481 		13.8087
v -20.291 		-43.6969 		13.253
v -13.791 		-42.299 		22.203
v -13.791 		-42.582 		22.014
v -26.724 		-44.425 		15.175
v -26.224 		-45.291 		15.175
v -26.643 		-45.533 		15.263
v -13.791 		-42.837 		21.79
v -27.143 		-44.666 		15.263
v -20.791 		-42.657 		15.952
v -4.827 		-32.6307 		28.211
v -4.8056 		-32.614 		28.2236
v -13.791 		-43.061 		21.535
v -27.566 		-44.911 		15.303
v -4.8272 		-32.6308 		28.2108
v -27.066 		-45.777 		15.303
v -20.791 		-42.6171 		15.9385
v -20.7763 		-42.6227 		15.9327
v -20.7741 		-42.6235 		15.9319
v -4.8636 		-32.6628 		28.1804
v -4.8639 		-32.6631 		28.1801
v -21.335 		-42.518 		16.288
v -27.991 		-45.156 		15.295
v -27.491 		-46.022 		15.295
v -20.8501 		-42.5885 		15.9704
v -27.913 		-46.266 		15.239
v -4.957 		-32.7471 		28.0968
v -21.335 		-42.3537 		16.2321
v -28.413 		-45.4 		15.239
v -21.4893 		-42.2598 		16.3429
v -28.828 		-45.64 		15.136
v -13.465 		-42.888 		21.402
v -13.465 		-43.061 		21.143
v -4.8001 		-32.6126 		28.2282
v -4.7327 		-32.5949 		28.2853
v -4.5476 		-32.5464 		28.4422
v -4.4529 		-32.5215 		28.5224
v -4.4039 		-32.5088 		28.5634
v -16.282 		-27.271 		9.252
v -4.4037 		-32.5087 		28.5635
v -28.328 		-46.506 		15.136
v -22.91 		-41.957 		18.296
v -22.91 		-41.732 		18.185
v -4.335 		-32.51 		28.6275
v -4.3536 		-32.5048 		28.6086
v -13.791 		-43.25 		21.252
v -4.335 		-35.49 		28.6275
v -4.3351 		-35.49 		28.6275
v -4.3704 		-35.5 		28.5914
v -12.644 		-34.946 		13.84
v -4.642 		-35.4289 		28.3622
v -4.8056 		-35.386 		28.2237
v -16.435 		-27.241 		9.281
v -15.791 		-31.33 		19.953
v -16.997 		-42.25 		24.618
v -17.638 		-42.283 		24.741
v -18.291 		-42.294 		24.783
v -18.944 		-42.283 		24.741
v -19.585 		-42.25 		24.618
v -22.91 		-39.232 		19.221
v -20.4166 		-42.7278 		15.7817
v -20.4557 		-42.7164 		15.7981
v -15.247 		-42.518 		23.618
v -15.791 		-42.657 		23.954
v -4.4528 		-35.4785 		28.5225
v -15.791 		-43.165 		23.703
v -15.291 		-31.038 		19.091
v -20.4121 		-43.6122 		13.5285
v -20.4107 		-43.6115 		13.5315
v -4.827 		-35.3693 		28.211
v -4.864 		-35.3368 		28.18
v -4.8647 		-35.3363 		28.1794
v -4.9168 		-35.2892 		28.1328
v -4.8399 		-35.358 		28.2002
v -14.324 		-42.522 		22.589
v -16.871 		-43.2808 		12.2793
v -18.0074 		-43.6549 		11.4836
v -14.755 		-42.353 		23.219
v -18.555 		-43.8351 		11.1003
v -18.3053 		-43.6534 		9.4966
v -18.555 		-43.7515 		9.8532
v -18.555 		-43.698 		9.243
v -14.755 		-42.768 		23.015
v -18.1412 		-43.5889 		9.2622
v -17.6326 		-43.254 		8.5359
v -14.755 		-43.152 		22.758
v -20.291 		-44 		10.953
v -15.247 		-30.8397 		18.9646
v -15.2313 		-30.8215 		18.9441
v -18.7654 		-43.8664 		10.953
v -15.247 		-30.8397 		18.9647
v -20.291 		-43.848 		9.217
v -15.2218 		-30.8107 		18.9317
v -19.008 		-43.848 		10.5
v -5.258 		-35.165 		27.765
v -5.1342 		-35.0932 		27.9382
v -14.9469 		-30.4229 		18.5393
v -14.9449 		-30.42 		18.5363
v -5.0318 		-35.1856 		28.0299
v -19.141 		-43.8763 		10.69
v -15.0462 		-30.563 		18.6811
v -5.1695 		-35.0613 		27.9067
v -15.247 		-42.983 		23.388
v -5.1698 		-35.061 		27.9063
v -20.291 		-43.6969 		8.653
v -20.291 		-43.659 		8.365
v -14.8824 		-30.3098 		18.4369
v -14.8793 		-30.3044 		18.432
v -15.291 		-30.88 		19.0173
v -22.91 		-41 		18.04
v -15.247 		-43.415 		23.1
v -15.247 		-43.805 		22.758
v -14.7393 		-30.0529 		18.2069
v -14.7338 		-30.041 		18.1971
v -14.755 		-30.0864 		18.2346
v -15.791 		-43.636 		23.388
v -20.412 		-43.6122 		8.3775
v -20.4107 		-43.6131 		8.3805
v -22.621 		-41.957 		17.643
v -5.258 		-34.9062 		27.8529
v -5.1909 		-35.024 		27.8935
v -22.621 		-41.647 		17.538
v -5.3305 		-34.7598 		27.7881
v -5.3659 		-34.6822 		27.7497
v -16.378 		-42.196 		24.415
v -5.3056 		-34.8102 		27.8104
v -5.3291 		-34.7626 		27.7894
v -16.593 		-27.212 		9.302
v -12.676 		-34.858 		13.974
v -16.378 		-42.768 		24.221
v -12.712 		-34.775 		14.109
v -16.997 		-42.848 		24.415
v -12.472 		-35 		14.277
v -16.754 		-27.185 		9.315
v -12.75 		-34.698 		14.241
v -17.638 		-42.897 		24.533
v -5.4152 		-34.574 		27.6961
v -16.378 		-43.31 		23.954
v -16.378 		-43.812 		23.618
v -13.103 		-34.467 		14.151
v -5.4733 		-34.2288 		27.6596
v -5.4777 		-34.1973 		27.6551
v -13.158 		-34.394 		14.263
v -5.4845 		-34.148 		27.648
v -16.997 		-43.415 		24.136
v -16.997 		-43.94 		23.785
v -22.91 		-41.495 		18.105
v -17.638 		-43.479 		24.246
v -22.91 		-41.25 		18.056
v -5.4552 		-34.3584 		27.6781
v -13.439 		-34.413 		13.915
v -5.4265 		-34.5131 		27.691
v -13.51 		-34.337 		14.016
v -13.578 		-34.268 		14.113
v -13.64 		-34.206 		14.202
v -13.697 		-34.152 		14.282
v -16.997 		-31.788 		20.583
v -27.6953 		-44.9857 		10.752
v -27.7333 		-45.0076 		10.752
v -27.7717 		-45.0298 		10.752
v -27.8111 		-45.0525 		10.752
v -3.204 		-32.804 		20.491
v -16.151 		-27.5 		9.236
v -27.811 		-45.0527 		10.752
v -17.3972 		-42.3349 		8.1997
v -17.3921 		-42.3386 		8.1924
v -16.282 		-27.729 		9.252
v -27.8029 		-45.048 		10.752
v -16.3 		-27.5 		9.277
v -17.3918 		-42.3388 		8.192
v -17.056 		-42.233 		8.234
v -15.291 		-32.496 		19.482
v -3.204 		-35.196 		20.491
v -16.435 		-27.759 		9.281
v -16.455 		-27.5 		9.309
v -12.991 		-34.634 		13.913
v -16.593 		-27.788 		9.302
v -16.615 		-27.5 		9.333
v -13.047 		-34.548 		14.033
v -13.366 		-34.496 		13.81
v -22.91 		-40.75 		18.056
v -13.776 		-34.467 		13.679
v -16.777 		-27.5 		9.349
v -16.754 		-27.815 		9.315
v -15.291 		-34 		19.613
v -5.258 		-34 		21.909
v -4.827 		-34.915 		21.538
v -12.969 		-38.022 		7.604
v -13.072 		-34.889 		13.39
v -5.258 		-34.788 		22.013
v -13.497 		-38.092 		7.755
v -12.836 		-34.927 		13.554
v -5.258 		-34.397 		21.935
v -13.143 		-34.782 		13.491
v -12.884 		-34.824 		13.672
v -15.902 		-27.045 		9.03
v -13.008 		-38.092 		7.056
v -13.216 		-34.681 		13.596
v -16.022 		-26.959 		9.052
v -13.034 		-38.031 		6.479
v -4.827 		-35.353 		21.687
v -12.937 		-34.726 		13.792
v -5.258 		-35.165 		22.141
v -16.151 		-26.875 		9.065
v -13.291 		-34.586 		13.703
v -16.232 		-27.058 		9.18
v -14.1419 		-42.2385 		22.4254
v -14.1418 		-42.3847 		22.353
v -14.1418 		-42.3855 		22.3526
v -3.791 		-35.121 		20.77
v -13.769 		-38.031 		5.175
v -13.496 		-34.726 		13.4
v -14.142 		-42.6859 		22.1522
v -14.142 		-42.6867 		22.1516
v -14.1418 		-42.5504 		22.2425
v -14.142 		-42.6829 		22.1541
v -14.1419 		-42.687 		22.1513
v -13.252 		-38.148 		7.405
v -14.324 		-42.853 		22.368
v -13.591 		-34.634 		13.493
v -4.335 		-35.027 		21.121
v -15.4458 		-31.0133 		19.1588
v -15.4457 		-31.0132 		19.1587
v -13.803 		-38.208 		7.578
v -16.378 		-31.619 		19.953
v -13.541 		-38.268 		7.203
v -13.685 		-34.548 		13.587
v -4.827 		-34.461 		21.448
v -22.621 		-41.326 		17.474
v -13.279 		-38.208 		6.828
v -22.258 		-42.165 		17.141
v -13.004 		-35 		13.293
v -13.551 		-38.316 		6.602
v -22.258 		-41.788 		17.013
v -13.307 		-34.927 		13.225
v -13.291 		-38.128 		6.231
v -17.638 		-31.915 		20.6
v -5.258 		-32.835 		22.141
v -13.545 		-38.218 		5.99
v -22.027 		-41.9008 		16.7737
v -22 		-41.9215 		16.7482
v -13.641 		-34.946 		13.142
v -13.401 		-34.824 		13.31
v -22.5597 		-38.4432 		19.549
v -22.621 		-38.5501 		19.4812
v -13.791 		-38.3 		5.759
v -22.621 		-38.5501 		19.4811
v -15.784 		-31.2888 		19.3952
v -15.7753 		-31.2826 		19.3894
v -22.5105 		-38.3573 		19.6036
v -22.5091 		-38.3548 		19.6051
v -13.756 		-34.858 		13.218
v -15.791 		-31.2938 		19.3999
v -22.4026 		-38.1883 		19.7141
v -15.4767 		-31.0385 		19.1804
v -22.6392 		-38.5926 		19.456
v -15.856 		-31.3285 		19.4405
v -5.258 		-33.603 		21.935
v -16.126 		-31.4727 		19.6089
v -15.8809 		-31.3418 		19.456
v -16.378 		-31.6069 		19.766
v -16.6992 		-31.7285 		19.953
v -16.7084 		-31.7313 		19.9582
v -16.871 		-31.7808 		20.0496
v -11.363 		-36.042 		8.169
v -22.7126 		-38.7647 		19.3542
v -22.7367 		-38.8288 		19.3172
v -5.258 		-33.212 		22.013
v -22.6845 		-38.6988 		19.3932
v -16.4949 		-31.6509 		19.834
v -11.46 		-35.932 		7.966
v -12.428 		-35.214 		13.84
v -11.556 		-35.804 		8.102
v -12.283 		-35.444 		13.941
v -16.871 		-32.368 		20.207
v -11.589 		-35.824 		7.744
v -12.437 		-35.139 		13.985
v -11.703 		-35.671 		7.906
v -4.827 		-34 		21.417
v -4.827 		-33.539 		21.448
v -23.711 		-38.698 		19.091
v -12.279 		-35.391 		14.096
v -12.452 		-35.068 		14.131
v -12.281 		-35.341 		14.251
v -4.335 		-34.518 		21.02
v -11.502 		-36.022 		7.619
v -16.8715 		-31.7809 		20.0498
v -11.645 		-35.947 		7.361
v -11.746 		-35.718 		7.505
v -4.827 		-33.085 		21.538
v -12.185 		-36 		13.867
v -12.213 		-35.741 		13.847
v -22.91 		-39.343 		18.996
v -4.827 		-32.647 		21.687
v -12.969 		-34.978 		7.604
v -12.161 		-36 		14.027
v -12.192 		-35.712 		14.005
v -22.9409 		-39.8907 		18.5068
v -22.9409 		-39.8903 		18.507
v -13.252 		-34.852 		7.405
v -22.94 		-39.9978 		18.432
v -14.1418 		-42.3857 		22.3525
v -13.497 		-34.908 		7.755
v -22.9401 		-39.8707 		18.521
v -4.335 		-34 		20.986
v -4.335 		-33.482 		21.02
v -22.9327 		-39.6941 		18.6471
v -13.541 		-34.732 		7.203
v -22.9314 		-39.6801 		18.6574
v -14.1423 		-42.9592 		21.9132
v -13.803 		-34.792 		7.578
v -12.145 		-36 		14.189
v -14.1423 		-42.9597 		21.9127
v -22.916 		-39.5132 		18.7793
v -4.335 		-32.973 		21.121
v -14.1423 		-42.9562 		21.9158
v -14.1424 		-42.8368 		22.0205
v -12.179 		-35.685 		14.166
v -14.324 		-43.152 		22.105
v -22.9393 		-40.086 		18.3704
v -22.9359 		-40.144 		18.3309
v -22.9395 		-40.0666 		18.384
v -11.835 		-35.576 		8.095
v -12.173 		-35.659 		14.327
v -22.91 		-40.505 		18.105
v -11.877 		-35.542 		7.693
v -14.1418 		-43.0902 		21.7633
v -14.1419 		-43.1979 		21.6405
v -14.1419 		-43.1983 		21.64
v -12.03 		-35.432 		7.911
v -12.195 		-35.394 		8.146
v -22.9342 		-40.1738 		18.3106
v -23.711 		-40.04 		18.151
v -14.142 		-43.1985 		21.6398
v -14.142 		-43.1986 		21.6397
v -12.595 		-35.134 		13.58
v -14.142 		-43.216 		21.6136
v -12.425 		-35.293 		13.699
v -12.25 		-35.293 		7.712
v -12.435 		-35.25 		7.977
v -12.295 		-35.5 		13.79
v -12.616 		-35.038 		13.708
v -14.324 		-43.415 		21.806
v -3.791 		-32.879 		20.77
v -14.142 		-43.2892 		21.504
v -15.96 		-27.179 		9.114
v -12.695 		-35.111 		7.796
v -15.997 		-27.334 		9.167
v -14.755 		-43.5 		22.453
v -14.755 		-43.805 		22.105
v -16.092 		-27.117 		9.152
v -11.928 		-35.616 		7.253
v -12.077 		-35.417 		7.465
v -12.572 		-35.337 		13.343
v -12.442 		-35.459 		13.434
v -16.136 		-27.302 		9.214
v -12.296 		-35.297 		7.227
v -3.791 		-34 		20.623
v -12.754 		-35.146 		13.336
v -3.791 		-33.435 		20.66
v -12.488 		-35.158 		7.501
v -12.58 		-35.234 		13.458
v -12.743 		-35.03 		7.281
v -12.429 		-35.375 		13.563
v -12.901 		-35.158 		8.09
v -27.7026 		-44.9899 		10.496
v -15.931 		-26.837 		8.922
v -27.7484 		-45.0164 		10.496
v -13.194 		-35.03 		7.926
v -27.7517 		-45.0183 		10.496
v -27.7188 		-44.9992 		10.496
v -27.7517 		-45.0182 		10.496
v -27.7352 		-45.0087 		10.496
v -13.725 		-35.072 		8.08
v -12.258 		-36 		13.563
v -16.378 		-27 		9.199
v -12.217 		-36 		13.712
v -12.242 		-35.771 		13.694
v -16.529 		-26.944 		9.211
v -13.008 		-34.908 		7.056
v -14.142 		-43.3086 		21.475
v -14.1418 		-43.3984 		21.3404
v -14.1418 		-43.3989 		21.3397
v -14.1418 		-43.3995 		21.3387
v -13.034 		-34.969 		6.479
v -14.1418 		-43.3996 		21.3385
v -13.279 		-34.792 		6.828
v -14.324 		-43.636 		21.475
v -27.7302 		-45.0058 		10.368
v -27.734 		-45.008 		10.368
v -27.734 		-45.008 		10.4196
v -16.684 		-26.891 		9.215
v -14.1423 		-43.5603 		21.0145
v -14.1423 		-43.5607 		21.0139
v -27.7339 		-45.008 		10.4193
v -27.7339 		-45.008 		10.368
v -27.722 		-45.0011 		10.368
v -14.1423 		-43.5558 		21.0237
v -13.291 		-34.872 		6.231
v -14.1422 		-43.4879 		21.1606
v -27.722 		-45.0011 		10.368
v -16.839 		-26.841 		9.213
v -13.551 		-34.684 		6.602
v -12.309 		-36 		13.422
v -16.871 		-34 		20.35
v -12.464 		-35.545 		13.314
v -12.38 		-35.679 		13.372
v -16.8906 		-31.787 		20.0567
v -16.997 		-31.8205 		20.0951
v -12.327 		-35.834 		13.409
v -17.638 		-31.9343 		20.3025
v -17.3706 		-31.8865 		20.2159
v -17.6426 		-31.9345 		20.3039
v -17.8705 		-31.9453 		20.3696
v -14.324 		-43.812 		21.118
v -15.878 		-27.5 		9.124
v -15.868 		-27.634 		9.109
v -11.814 		-35.875 		7.091
v -12.342 		-35.617 		13.504
v -14.1423 		-43.5607 		21.0139
v -14.1421 		-43.5811 		20.953
v -12.005 		-35.806 		6.81
v -12.28 		-35.802 		13.548
v -15.868 		-27.366 		9.109
v -12.131 		-35.518 		6.991
v -12.213 		-35.739 		6.524
v -12.314 		-35.558 		13.644
v -15.997 		-27.666 		9.167
v -12.351 		-35.424 		6.722
v -18.291 		-42.913 		24.572
v -27.708 		-44.993 		10.306
v -16.01 		-27.5 		9.185
v -27.7072 		-44.9926 		10.3043
v -15.96 		-27.821 		9.114
v -12.532 		-35.182 		6.98
v -27.7073 		-44.9926 		10.3048
v -18.944 		-42.897 		24.533
v -12.434 		-35.676 		6.236
v -19.585 		-42.848 		24.415
v -12.584 		-35.334 		6.45
v -12.685 		-35.5 		13.07
v -12.78 		-35.072 		6.73
v -12.7 		-35.379 		13.149
v -16.136 		-27.698 		9.214
v -12.824 		-35.25 		6.179
v -11.254 		-36.5 		8.014
v -16.915 		-27.159 		9.321
v -17.075 		-27.134 		9.322
v -11.267 		-36.333 		8.032
v -11.304 		-36.176 		8.085
v -11.325 		-36.5 		7.773
v -11.341 		-36.292 		7.796
v -11.387 		-36.098 		7.862
v -16.94 		-27.5 		9.358
v -16.915 		-27.841 		9.321
v -17.904 		-31.9468 		20.3793
v -17.102 		-27.5 		9.361
v -12.573 		-35.443 		13.237
v -12.723 		-35.261 		13.237
v -11.363 		-36.958 		8.169
v -11.304 		-36.824 		8.085
v -11.267 		-36.667 		8.032
v -15.592 		-27.877 		8.816
v -12.601 		-35.662 		13.058
v -15.534 		-27.89 		8.733
v -12.535 		-35.724 		13.104
v -11.46 		-37.068 		7.966
v -18.555 		-31.943 		20.5581
v -12.582 		-35.552 		13.142
v -18.4442 		-31.952 		20.5299
v -11.387 		-36.902 		7.862
v -12.494 		-35.634 		13.204
v -15.792 		-27.866 		9
v -11.341 		-36.708 		7.796
v -18.291 		-31.957 		20.606
v -15.73 		-27.948 		8.912
v -12.427 		-35.741 		13.251
v -18.291 		-31.9646 		20.4909
v -18.2532 		-31.9628 		20.48
v -18.3828 		-31.957 		20.5142
v -15.658 		-28 		8.809
v -18.1852 		-31.9597 		20.4604
v -27.7067 		-44.9922 		10.302
v -18.555 		-32.29 		20.651
v -12.523 		-36 		13.061
v -11.502 		-36.978 		7.619
v -12.53 		-35.932 		13.056
v -11.447 		-36.748 		7.541
v -12.441 		-36 		13.17
v -11.428 		-36.5 		7.514
v -15.825 		-28.057 		8.921
v -18.5554 		-31.9429 		20.5581
v -11.447 		-36.252 		7.541
v -12.484 		-35.805 		13.14
v -15.737 		-28.121 		8.794
v -12.452 		-35.899 		13.162
v -11.645 		-37.053 		7.361
v -15.825 		-28.239 		8.771
v -11.582 		-36.786 		7.271
v -3.791 		-34.565 		20.66
v -18.291 		-43.5 		24.283
v -11.56 		-36.5 		7.24
v -18.944 		-43.479 		24.246
v -11.582 		-36.214 		7.271
v -1.291 		-34 		19.953
v -1.291 		-33.347 		19.996
v -1.291 		-32.706 		20.123
v -19.585 		-43.415 		24.136
v -19.585 		-43.94 		23.785
v -15.582 		-28.018 		8.7
v -15.505 		-28 		8.59
v -1.944 		-33.353 		20.038
v -11.556 		-37.196 		8.102
v -1.944 		-34 		19.996
v -1.944 		-32.717 		20.165
v -20.204 		-42.196 		24.415
v -11.703 		-37.329 		7.906
v -15.641 		-28.143 		8.658
v -2.585 		-34 		20.123
v -2.585 		-33.37 		20.165
v -20.204 		-42.768 		24.221
v -2.585 		-32.75 		20.288
v -11.589 		-37.176 		7.744
v -20.204 		-43.31 		23.954
v -3.204 		-33.397 		20.373
v -11.746 		-37.282 		7.505
v -3.204 		-34 		20.334
v -20.204 		-43.812 		23.618
v -11.743 		-36.824 		6.988
v -20.791 		-42.657 		23.954
v -11.718 		-36.5 		6.953
v -20.791 		-43.165 		23.703
v -1.291 		-35.294 		20.123
v -11.743 		-36.176 		6.988
v -1.291 		-34.653 		19.996
v -21.335 		-42.518 		23.618
v -11.835 		-37.424 		8.095
v -22.8096 		-39.0437 		19.1429
v -1.944 		-35.283 		20.165
v -22.8099 		-39.0449 		19.1419
v -22.8302 		-39.12 		19.0827
v -22.7708 		-38.9295 		19.2355
v -1.944 		-34.647 		20.038
v -12.195 		-37.606 		8.146
v -22.8789 		-39.3079 		18.9352
v -22.91 		-39.463 		18.8164
v -12.03 		-37.568 		7.911
v -22.9101 		-39.464 		18.8157
v -22.8732 		-39.2795 		18.957
v -22.8728 		-39.2777 		18.9583
v -11.877 		-37.458 		7.693
v -21.335 		-42.983 		23.388
v -2.585 		-35.25 		20.288
v -22.8312 		-39.1237 		19.0798
v -22.914 		-39.4914 		18.7952
v -22.914 		-39.4914 		18.7952
v -2.585 		-34.63 		20.165
v -12.435 		-37.75 		7.977
v -22.9137 		-39.4889 		18.7971
v -12.25 		-37.707 		7.712
v -3.204 		-34.603 		20.373
v -20.791 		-43.636 		23.388
v -21.335 		-43.415 		23.1
v -12.695 		-37.889 		7.796
v -6.791 		-32.5 		30.747
v -21.335 		-43.805 		22.758
v -18.4493 		-33.9243 		20.7661
v -18.4538 		-33.902 		20.7653
v -18.4342 		-34 		20.7687
v -15.546 		-28.121 		8.522
v -18.96 		-32.939 		20.898
v -12.077 		-37.583 		7.465
v -22.621 		-41.1406 		17.4621
v -22.6055 		-41.168 		17.4405
v -22.6213 		-41.14 		17.4626
v -18.5495 		-33.426 		20.7492
v -11.928 		-37.384 		7.253
v -22.6831 		-41 		17.5792
v -15.712 		-28.265 		8.609
v -22.792 		-40.7196 		17.8184
v -22.7923 		-40.719 		17.8189
v -22.7146 		-40.919 		17.6483
v -6.504 		-32.614 		31.244
v -22.8511 		-40.5395 		17.9763
v -22.8694 		-40.4836 		18.0253
v -22.91 		-40.3292 		18.1644
v -6.261 		-32.939 		31.666
v -22.9196 		-40.2788 		18.2111
v -22.9196 		-40.2788 		18.2111
v -12.488 		-37.842 		7.501
v -22.9205 		-40.2722 		18.2173
v -18.555 		-33.4188 		20.75
v -22.5819 		-41.2094 		17.408
v -27.2073 		-45.8586 		10.3048
v -27.2072 		-45.8586 		10.3043
v -27.2075 		-45.8587 		10.3056
v -12.296 		-37.703 		7.227
v -27.208 		-45.859 		10.306
v -22.5026 		-41.3491 		17.2982
v -22.5014 		-41.3511 		17.2967
v -6.098 		-33.426 		31.947
v -22.4323 		-41.4606 		17.2133
v -22.4322 		-41.4607 		17.2132
v -27.2206 		-45.8663 		10.3618
v -15.598 		-28.239 		8.446
v -27.2076 		-45.8587 		10.3057
v -23.711 		-41.198 		16.993
v -27.2083 		-45.8591 		10.3087
v -27.2075 		-45.8587 		10.3054
v -27.2074 		-45.8587 		10.3051
v -15.661 		-28.354 		8.365
v -27.2075 		-45.8587 		10.3055
v -21.827 		-30.415 		20.868
v -27.2077 		-45.8588 		10.3064
v -27.2078 		-45.8589 		10.3069
v -27.2078 		-45.8589 		10.3068
v -27.2079 		-45.8589 		10.3071
v -27.2079 		-45.859 		10.3074
v -27.2087 		-45.8594 		10.3107
v -12.743 		-37.97 		7.281
v -6.041 		-34 		32.046
v -27.2077 		-45.8588 		10.3064
v -6.098 		-34.574 		31.947
v -13.17 		-25.709 		21.636
v -15.792 		-28.385 		8.552
v -6.261 		-35.061 		31.666
v -27.2076 		-45.8588 		10.3058
v -27.2076 		-45.8587 		10.3057
v -15.733 		-28.466 		8.278
v -27.2076 		-45.8588 		10.306
v -12.37 		-36 		13.29
v -6.504 		-35.386 		31.244
v -12.911 		-25.551 		21.065
v -12.911 		-25.709 		21.244
v -6.791 		-35.5 		30.747
v -12.385 		-35.866 		13.28
v -13.17 		-25.163 		21.014
v -27.2077 		-45.8588 		10.3065
v -27.2078 		-45.8589 		10.3067
v -13.17 		-25.317 		21.244
v -9.11 		-32.614 		31.092
v -27.208 		-45.859 		10.3074
v -27.2081 		-45.859 		10.3079
v -27.2084 		-45.8592 		10.3093
v -27.2086 		-45.8593 		10.3102
v -13.17 		-25.5 		21.453
v -12.737 		-35.739 		12.912
v -15.902 		-27.955 		9.03
v -12.682 		-35.748 		12.951
v -27.208 		-45.859 		10.3077
v -12.901 		-37.842 		8.09
v -16.092 		-27.883 		9.152
v -13.194 		-37.97 		7.926
v -12.63 		-35.774 		12.987
v -12.761 		-35.61 		12.946
v -13.725 		-37.928 		8.08
v -16.022 		-28.041 		9.052
v -12.678 		-35.623 		13.004
v -27.2078 		-45.8589 		10.3066
v -27.2078 		-45.8589 		10.3067
v -27.2078 		-45.8589 		10.3067
v -8.962 		-32.5 		31.646
v -16.232 		-27.942 		9.18
v -8.813 		-32.614 		32.201
v -16.151 		-28.125 		9.065
v -8.687 		-32.939 		32.671
v -12.615 		-36 		12.966
v -12.619 		-36.034 		12.963
v -18.944 		-31.915 		20.6
v -12.669 		-35.887 		12.928
v -12.647 		-35.908 		12.944
v -12.63 		-35.935 		12.956
v -12.619 		-35.966 		12.963
v -18.944 		-31.9159 		20.586
v -19.585 		-31.783 		20.6084
v -19.5609 		-31.788 		20.6075
v -19.5852 		-31.7829 		20.6084
v -19.1671 		-31.8708 		20.5941
v -18.9574 		-31.9132 		20.5865
v -16.287 		-28.207 		9.069
v -22.096 		-41.8357 		16.8345
v -22.258 		-41.6738 		16.9902
v -8.687 		-35.061 		32.671
v -19.7272 		-31.734 		20.6081
v -22.2886 		-41.6363 		17.0294
v -8.813 		-35.386 		32.201
v -20.291 		-31.5223 		20.6265
v -20.291 		-31.5269 		20.6036
v -8.962 		-35.5 		31.646
v -12.586 		-35.815 		13.018
v -12.552 		-35.869 		13.041
v -27.2077 		-45.8588 		10.3064
v -11.925 		-36.859 		6.697
v -9.11 		-35.386 		31.092
v -11.898 		-36.5 		6.658
v -20.3466 		-31.4994 		20.6013
v -7.484 		-33.426 		29.547
v -11.925 		-36.141 		6.697
v -27.2076 		-45.8588 		10.3059
v -27.2076 		-45.8588 		10.3058
v -7.541 		-34 		29.448
v -27.2076 		-45.8588 		10.3059
v -27.2077 		-45.8588 		10.3064
v -27.2078 		-45.8589 		10.3067
v -7.321 		-32.939 		29.829
v -12.125 		-36.894 		6.4
v -27.2081 		-45.8591 		10.3081
v -7.078 		-32.614 		30.25
v -20.291 		-32.264 		20.801
v -12.776 		-35.887 		12.853
v -12.096 		-36.5 		6.357
v -12.75 		-35.874 		12.871
v -12.722 		-35.869 		12.891
v -12.695 		-35.874 		12.91
v -19.952 		-31.6566 		20.6077
v -20.1549 		-31.5867 		20.6073
v -20.204 		-31.5698 		20.6072
v -13.17 		-26.723 		22.056
v -12.717 		-36 		12.884
v -20.291 		-31.5269 		20.6036
v -7.078 		-35.386 		30.25
v -20.291 		-31.7 		20.6499
v -7.321 		-35.061 		29.829
v -12.911 		-26.087 		21.535
v -15.931 		-28.163 		8.922
v -12.911 		-26.301 		21.64
v -20.3466 		-31.4994 		20.6013
v -7.484 		-34.574 		29.547
v -25.291 		-38.33 		18.453
v -16.046 		-28.266 		8.914
v -25.291 		-39.567 		17.587
v -13.17 		-25.939 		21.79
v -25.291 		-40.634 		16.52
v -13.17 		-26.188 		21.913
v -15.924 		-28.354 		8.74
v -9.236 		-35.061 		30.622
v -16.168 		-28.366 		8.899
v -9.32 		-34.574 		30.308
v -26.719 		-38.924 		16.821
v -12.911 		-26.527 		21.717
v -9.35 		-34 		30.197
v -12.911 		-26.762 		21.764
v -18.5901 		-33.3692 		20.7487
v -18.8936 		-32.939 		20.7376
v -27.1965 		-38.617 		16.4551
v -13.17 		-26.451 		22.002
v -18.9326 		-32.915 		20.7389
v -9.32 		-33.426 		30.308
v -19.4232 		-32.614 		20.7555
v -19.43 		-32.614 		20.772
v -27.2072 		-45.8585 		10.304
v -16.378 		-28 		9.199
v -19.0909 		-32.8179 		20.7442
v -27.2072 		-45.8585 		10.304
v -27.2072 		-45.8585 		10.3041
v -19.4276 		-32.6132 		20.7558
v -9.236 		-32.939 		30.622
v -19.4771 		-32.6043 		20.7594
v -19.9645 		-32.5083 		20.7938
v -20.0068 		-32.5 		20.7967
v -22.91 		-42.657 		20.91
v -20.291 		-32.5556 		20.8265
v -22.91 		-42.768 		20.685
v -13.17 		-27 		22.074
v -13.17 		-27.277 		22.056
v -16.529 		-28.056 		9.211
v -12.792 		-35.034 		13.442
v -16.428 		-28.286 		9.066
v -12.885 		-35.235 		13.124
v -12.911 		-27.238 		21.764
v -22.258 		-43.94 		20.741
v -16.684 		-28.109 		9.215
v -12.911 		-27 		21.779
v -12.911 		-27.473 		21.717
v -13.129 		-35.146 		13.073
v -27.2067 		-45.8582 		10.302
v -12.942 		-35.115 		13.204
v -12.911 		-27.699 		21.64
v -16.573 		-28.361 		9.057
v -13.216 		-35.034 		13.145
v -13.17 		-27.549 		22.002
v -13.17 		-27.812 		21.913
v -22.621 		-43.31 		20.91
v -22.621 		-43.415 		20.6
v -21.335 		-30.933 		20.471
v -12.904 		-35.5 		12.917
v -21.827 		-30.505 		20.414
v -12.794 		-35.482 		12.994
v -21.827 		-30.5211 		20.1745
v -21.7072 		-30.6223 		20.2333
v -21.7071 		-30.6224 		20.2334
v -12.693 		-25.939 		21.014
v -13.099 		-35.443 		12.869
v -12.693 		-26.087 		21.143
v -22 		-30.3307 		20.0692
v -21.8648 		-30.4795 		20.1515
v -22.91 		-42.848 		20.448
v -22.91 		-42.897 		20.203
v -6.121 		-34 		26.247
v -12.972 		-35.379 		12.958
v -12.693 		-26.25 		21.252
v -12.836 		-35.357 		13.053
v -22.91 		-42.913 		19.953
v -22.91 		-42.897 		19.703
v -22.91 		-42.848 		19.458
v -13.199 		-35.337 		12.904
v -12.519 		-26.561 		21.014
v -6.248 		-33.915 		25.6
v -12.519 		-26.703 		21.062
v -6.248 		-34 		25.606
v -13.048 		-35.261 		13.01
v -6.248 		-33.37 		25.122
v -12.693 		-26.426 		21.339
v -6.248 		-33.397 		25.203
v -12.693 		-26.612 		21.402
v -6.248 		-33.435 		25.279
v -12.693 		-26.804 		21.44
v -23.121 		-42.196 		20.448
v -6.248 		-33.482 		25.35
v -23.121 		-42.25 		20.288
v -23.121 		-42.283 		20.122
v -23.121 		-42.294 		19.953
v -20.791 		-31.293 		20.518
v -13.329 		-35.459 		12.813
v -6.248 		-33.539 		25.414
v -20.6489 		-31.3625 		20.5272
v -20.3863 		-31.4831 		20.5832
v -23.121 		-42.283 		19.784
v -20.791 		-31.2944 		20.4961
v -6.248 		-33.603 		25.471
v -13.454 		-35.375 		12.846
v -16.839 		-28.159 		9.213
v -20.8193 		-31.2761 		20.4887
v -20.852 		-31.2548 		20.48
v -6.248 		-33.674 		25.518
v -21.335 		-30.9408 		20.3523
v -13.304 		-35.234 		12.951
v -20.9267 		-31.2062 		20.4602
v -21.4969 		-30.8024 		20.3005
v -6.248 		-33.75 		25.556
v -13.714 		-35.5 		12.797
v -13.583 		-35.293 		12.888
v -6.248 		-33.831 		25.583
v -13.414 		-35.134 		13.007
v -12.911 		-25.888 		21.402
v -16.296 		-28.462 		8.878
v -13.715 		-35.214 		12.939
v -13.527 		-35.038 		13.071
v -6.248 		-33.435 		24.627
v -6.248 		-33.397 		24.703
v -12.519 		-27 		21.101
v -12.519 		-27.15 		21.091
v -6.248 		-33.37 		24.784
v -12.519 		-27.297 		21.062
v -6.248 		-33.353 		24.868
v -16.428 		-28.554 		8.85
v -12.519 		-26.85 		21.091
v -6.248 		-33.347 		24.953
v -12.693 		-27.196 		21.44
v -6.248 		-33.353 		25.038
v -16.719 		-28.432 		9.042
v -12.693 		-27 		21.453
v -16.562 		-28.642 		8.818
v -12.844 		-35.774 		12.837
v -24.248 		-44.15 		6.657
v -12.792 		-35.748 		12.873
v -12.921 		-35.662 		12.834
v -6.291 		-34 		24.953
v -16.865 		-28.5 		9.022
v -12.844 		-35.623 		12.888
v -25.682 		-44.978 		5.626
v -26.087 		-45.212 		5.476
v -25.293 		-44.753 		5.822
v -24.921 		-44.539 		6.06
v -16.697 		-28.725 		8.782
v -24.572 		-44.337 		6.339
v -12.519 		-27.439 		21.014
v -13.006 		-35.552 		12.845
v -12.693 		-27.388 		21.402
v -12.693 		-27.574 		21.339
v -16.829 		-28.802 		8.744
v -12.693 		-27.75 		21.252
v -26.587 		-44.346 		5.476
v -26.182 		-44.112 		5.626
v -5.621 		-34.647 		27.368
v -12.826 		-36.034 		12.818
v 3.039 		-35.522 		26.936
v -12.829 		-36 		12.816
v -5.621 		-34.957 		27.263
v -12.826 		-35.966 		12.818
v 3.039 		-35.768 		26.721
v -12.815 		-35.935 		12.826
v -5.91 		-34.25 		26.85
v -12.798 		-35.908 		12.838
v 2.676 		-35.522 		27.589
v 2.676 		-35.853 		27.368
v -16.03 		-28.466 		8.702
v -5.91 		-34.495 		26.801
v -15.881 		-28.5 		8.49
v -5.91 		-34.732 		26.721
v -23.121 		-42.25 		19.618
v -12.888 		-35.815 		12.806
v -23.121 		-42.196 		19.458
v 2.676 		-36.152 		27.105
v 2.676 		-36.415 		26.806
v -5.621 		-35.25 		27.118
v -12.987 		-35.724 		12.788
v -13.161 		-35.741 		12.736
v 3.328 		-35.518 		26.118
v 3.328 		-35.657 		25.91
v -13.094 		-35.634 		12.784
v -12.911 		-27.913 		21.535
v 3.328 		-35.768 		25.685
v -5.91 		-34.957 		26.61
v -13.17 		-28.061 		21.79
v -13.292 		-35.679 		12.734
v -6.121 		-34.169 		26.236
v -13.17 		-28.291 		21.636
v -22.621 		-43.479 		20.279
v -13.208 		-35.545 		12.792
v -6.121 		-34.335 		26.203
v -22.621 		-43.5 		19.953
v 3.039 		-35.983 		26.475
v -6.121 		-34.495 		26.149
v -12.125 		-36.106 		6.4
v -22.621 		-43.479 		19.627
v -12.951 		-36 		12.762
v 3.328 		-35.848 		25.448
v -12.944 		-35.932 		12.767
v 3.328 		-35.897 		25.203
v -16.142 		-28.573 		8.658
v -12.922 		-35.869 		12.782
v -15.978 		-28.611 		8.422
v -11.814 		-37.125 		7.091
v -13.081 		-36 		12.722
v -6.121 		-34.647 		26.074
v -12.131 		-37.482 		6.991
v -6.121 		-34.788 		25.98
v -13.07 		-35.899 		12.73
v 3.328 		-35.913 		24.953
v -12.005 		-37.194 		6.81
v -6.121 		-34.915 		25.868
v -16.26 		-28.676 		8.61
v 3.328 		-35.897 		24.703
v -13.038 		-35.805 		12.752
v -16.079 		-28.718 		8.351
v -13.218 		-36 		12.697
v -6.248 		-34.085 		25.6
v -12.532 		-37.818 		6.98
v -13.204 		-35.866 		12.707
v -12.351 		-37.576 		6.722
v 3.039 		-36.165 		26.203
v -12.78 		-37.928 		6.73
v 3.039 		-36.31 		25.91
v -16.184 		-28.819 		8.278
v 3.039 		-36.415 		25.6
v -13.428 		-35.617 		12.744
v 2.676 		-36.636 		26.475
v 2.676 		-36.812 		26.118
v -12.213 		-37.261 		6.524
v -13.642 		-35.771 		12.714
v 2.676 		-36.94 		25.741
v -16.38 		-28.774 		8.557
v -13.569 		-35.558 		12.765
v -12.584 		-37.666 		6.45
v -5.91 		-35.165 		26.471
v -12.434 		-37.324 		6.236
v -16.501 		-28.866 		8.503
v -5.91 		-35.353 		26.306
v -13.795 		-35.741 		12.739
v 3.039 		-36.479 		25.279
v 3.039 		-36.5 		24.953
v -6.121 		-35.027 		25.741
v 3.039 		-36.479 		24.627
v -12.824 		-37.75 		6.179
v -6.121 		-35.121 		25.6
v -16.291 		-28.914 		8.203
v -13.363 		-36 		12.684
v 2.676 		-37.018 		25.35
v 2.676 		-37.044 		24.953
v -13.545 		-34.782 		5.99
v -13.345 		-35.834 		12.697
v -16.621 		-28.952 		8.447
v -13.791 		-34.7 		5.759
v -6.248 		-34.169 		25.583
v -13.512 		-36 		12.685
v -6.248 		-34.25 		25.556
v -13.491 		-35.802 		12.7
v -13.769 		-34.969 		5.175
v -6.248 		-34.326 		25.518
v -13.666 		-36 		12.697
v -6.248 		-34.397 		25.471
v -22.621 		-43.165 		18.703
v 1.209 		-35.657 		28.954
v -6.248 		-34.461 		25.414
v -22.91 		-42.768 		19.221
v 0.622 		-35.768 		29.221
v -22.91 		-42.657 		18.996
v -22.91 		-42.518 		18.788
v -12.562 		-36.042 		5.804
v -12.663 		-35.616 		5.949
v -12.213 		-36.259 		13.847
v 0.003 		-35.848 		29.415
v -12.192 		-36.288 		14.005
v -0.638 		-35.897 		29.533
v -12.283 		-36.556 		13.941
v -17.075 		-27.866 		9.322
v -12.179 		-36.315 		14.166
v -12.788 		-36.014 		5.514
v -6.248 		-34.518 		25.35
v -12.896 		-35.56 		5.667
v -13.067 		-35.171 		5.912
v -6.248 		-34.565 		25.279
v -20.5826 		-32.614 		20.8061
v -6.248 		-34.603 		25.203
v -20.5053 		-32.5985 		20.8115
v -20.7599 		-32.7329 		20.801
v -13.015 		-35.987 		5.233
v -12.693 		-27.913 		21.143
v -6.248 		-34.63 		25.122
v -16.993 		-28.207 		9.206
v -21.3943 		-33.426 		20.8061
v -13.128 		-35.508 		5.395
v -21.3288 		-33.3285 		20.8033
v -12.693 		-28.061 		21.014
v -21.2744 		-33.2474 		20.801
v -1.291 		-35.913 		29.572
v -21.4871 		-33.8728 		20.8371
v -17.145 		-28.252 		9.195
v -13.309 		-35.098 		5.653
v -21.5135 		-34 		20.846
v -22.91 		-42.353 		18.6
v -13.355 		-35.461 		5.136
v -20.9844 		-32.8834 		20.7945
v -21.0674 		-32.939 		20.7921
v -13.544 		-35.03 		5.406
v -12.911 		-28.112 		21.402
v -12.911 		-28.291 		21.244
v -22.258 		-24.06 		20.741
v -22.621 		-24.585 		20.6
v -12.911 		-28.449 		21.065
v -22.621 		-24.69 		20.91
v -22.258 		-43.94 		19.165
v -13.236 		-35.962 		4.966
v -22.258 		-43.812 		18.788
v -13.447 		-35.94 		4.716
v -13.17 		-28.5 		21.453
v -13.571 		-35.417 		4.893
v -13.17 		-28.683 		21.244
v -13.645 		-35.92 		4.486
v -6.248 		-34.647 		25.038
v -22.621 		-43.415 		19.306
v -22.91 		-25.232 		20.685
v -6.248 		-34.653 		24.953
v -13.774 		-35.379 		4.67
v -13.17 		-28.837 		21.014
v -22.621 		-43.31 		18.996
v -22.91 		-25.343 		20.91
v -6.248 		-34.647 		24.868
v -6.248 		-34.63 		24.784
v -6.248 		-34.603 		24.703
v -22.258 		-43.636 		18.431
v -22.621 		-24.521 		19.627
v -12.339 		-36.927 		6.101
v -22.258 		-43.415 		18.1
v -6.248 		-34.565 		24.627
v -12.307 		-36.5 		6.055
v -22.621 		-24.5 		19.953
v -12.339 		-36.073 		6.101
v -22.621 		-24.521 		20.279
v -13.465 		-25.317 		21.636
v -12.562 		-36.958 		5.804
v -17.008 		-28.563 		8.999
v -13.465 		-25.551 		21.841
v -12.527 		-36.5 		5.755
v -6.121 		-35.196 		25.448
v -17.147 		-28.622 		8.974
v -6.121 		-35.25 		25.288
v -13.791 		-24.939 		21.535
v -22.91 		-25.152 		19.458
v -16.958 		-28.874 		8.704
v -22.91 		-25.103 		19.703
v -13.791 		-25.163 		21.79
v -6.121 		-35.283 		25.122
v -22.91 		-25.087 		19.953
v -12.752 		-36.5 		5.461
v -22.91 		-25.103 		20.203
v -22.91 		-25.152 		20.448
v -22.258 		-43.152 		17.801
v -12.788 		-36.986 		5.514
v -22.258 		-42.853 		17.538
v -13.791 		-24.75 		21.252
v -13.015 		-37.013 		5.233
v -6.121 		-35.294 		24.953
v -12.976 		-36.5 		5.177
v -22.621 		-42.983 		18.431
v -6.121 		-35.283 		24.784
v -22.621 		-42.768 		18.185
v -13.465 		-24.939 		21.143
v -13.465 		-25.112 		21.402
v -22.621 		-42.522 		17.97
v -6.121 		-35.25 		24.618
v -22.621 		-42.25 		17.788
v 1.209 		-36.165 		28.703
v 0.622 		-36.31 		28.954
v -12.663 		-37.384 		5.949
v 0.003 		-36.415 		29.136
v -5.677 		-35.061 		28.567
v 0.003 		-36.94 		28.785
v -13.067 		-37.829 		5.912
v -0.638 		-36.479 		29.246
v -22.258 		-42.522 		17.317
v -12.896 		-37.44 		5.667
v -0.638 		-37.018 		28.886
v -13.791 		-25.418 		22.014
v -13.309 		-37.902 		5.653
v -5.91 		-33.268 		26.721
v -13.128 		-37.492 		5.395
v -12.631 		-29.2389 		15.2479
v -12.631 		-29.868 		15.877
v -5.91 		-33.505 		26.801
v -13.6666 		-27.4607 		14.5228
v -23.121 		-25.804 		19.458
v -13.5317 		-27.653 		14.6173
v -12.7523 		-28.9831 		15.163
v -13.1486 		-28.3065 		14.8855
v -5.91 		-33.75 		26.85
v -13.544 		-37.97 		5.406
v -23.121 		-25.75 		19.618
v -5.91 		-34 		26.866
v -13.355 		-37.539 		5.136
v -23.121 		-25.717 		19.784
v -11.6293 		-33.9986 		15.9492
v -23.121 		-25.706 		19.953
v -23.121 		-25.717 		20.122
v -13.791 		-25.701 		22.203
v -17.081 		-28.94 		8.665
v -23.121 		-25.75 		20.288
v -13.236 		-37.038 		4.966
v -23.121 		-25.804 		20.448
v -6.121 		-32.879 		25.6
v -6.121 		-32.973 		25.741
v -16.997 		-25.75 		24.618
v -13.195 		-36.5 		4.908
v -1.291 		-36.5 		29.283
v -17.638 		-25.717 		24.741
v -1.291 		-37.044 		28.92
v -18.291 		-25.706 		24.783
v -13.447 		-37.06 		4.716
v -16.739 		-29.033 		8.391
v -13.405 		-36.5 		4.655
v -18.944 		-25.717 		24.741
v 2.245 		-35.768 		28.015
v -19.585 		-25.75 		24.618
v -13.601 		-36.5 		4.424
v -16.851 		-29.106 		8.336
v -11.631 		-33.9433 		15.948
v -12.2804 		-30.1899 		15.4934
v -11.9743 		-31.2549 		15.7077
v -5.91 		-33.043 		26.61
v -12.109 		-30.786 		15.6134
v -13.78 		-36.5 		4.216
v -11.9069 		-31.5833 		15.7549
v -15.247 		-25.482 		23.618
v 1.753 		-35.518 		28.618
v -11.7765 		-32.219 		15.8462
v -15.791 		-24.835 		23.703
v -11.7584 		-32.3657 		15.8589
v 1.753 		-35.983 		28.388
v -11.6647 		-33.1236 		15.9244
v -15.791 		-25.343 		23.954
v -11.6632 		-33.16 		15.9255
v -6.121 		-33.505 		26.149
v -13.571 		-37.583 		4.893
v -6.121 		-33.665 		26.203
v -12.649 		-30.661 		15.121
v 2.245 		-36.152 		27.758
v -6.121 		-33.831 		26.236
v -13.774 		-37.621 		4.67
v -15.247 		-24.195 		22.758
v -13.645 		-37.08 		4.486
v 1.753 		-36.415 		28.1
v -15.247 		-24.585 		23.1
v 1.753 		-36.805 		27.758
v -12.669 		-30.634 		15.196
v -15.791 		-24.364 		23.388
v -12.6748 		-30.6264 		15.2173
v -14.4363 		-38.0307 		3.9713
v -15.291 		-36.962 		2.815
v -12.5822 		-30.7732 		15.282
v -14.1517 		-36.6891 		3.5649
v -12.4847 		-30.928 		15.3503
v 1.209 		-36.636 		28.388
v -14.324 		-25.478 		22.589
v 1.209 		-37.062 		28.015
v -6.121 		-33.085 		25.868
v -12.173 		-36.341 		14.327
v -6.121 		-33.212 		25.98
v -14.755 		-24.848 		22.758
v -6.121 		-33.353 		26.074
v 0.622 		-36.812 		28.618
v -14.755 		-25.232 		23.015
v 0.622 		-37.266 		28.219
v -14.755 		-25.647 		23.219
v -12.428 		-36.786 		13.84
v -16.958 		-29.173 		8.283
v 0.622 		-37.665 		27.765
v -12.279 		-36.609 		14.096
v -15.247 		-25.017 		23.388
v -12.437 		-36.861 		13.985
v -17.056 		-29.233 		8.234
v -12.644 		-37.054 		13.84
v -12.281 		-36.659 		14.251
v -16.378 		-24.188 		23.618
v 2.245 		-36.5 		27.453
v -12.452 		-36.932 		14.131
v -16.378 		-24.69 		23.954
v -6.121 		-32.717 		25.122
v -16.997 		-24.06 		23.785
v -6.121 		-32.75 		25.288
v -6.121 		-32.804 		25.448
v -16.997 		-24.585 		24.136
v -12.472 		-37 		14.277
v -12.601 		-30.732 		14.929
v -15.58 		-31.5 		8.313
v -6.121 		-32.75 		24.618
v -6.121 		-32.717 		24.784
v -12.242 		-36.229 		13.694
v -15.539 		-30.962 		8.255
v -22.258 		-24.188 		18.788
v -12.626 		-30.693 		15.032
v -6.121 		-32.706 		24.953
v -22.258 		-24.06 		19.165
v -12.327 		-36.166 		13.409
v 2.245 		-36.805 		27.105
v -12.38 		-36.321 		13.372
v 2.245 		-37.062 		26.721
v -15.889 		-31.5 		8.202
v 1.753 		-37.147 		27.368
v -12.464 		-36.455 		13.314
v 1.753 		-37.435 		26.936
v -12.28 		-36.198 		13.548
v -15.539 		-32.038 		8.255
v -12.342 		-36.383 		13.504
v 1.209 		-37.435 		27.589
v -12.52 		-30.878 		14.559
v 1.209 		-37.75 		27.118
v -12.442 		-36.541 		13.434
v -12.547 		-30.824 		14.691
v 0.622 		-38.001 		27.263
v -15.5 		-27.239 		8.757
v -12.575 		-30.775 		14.815
v -12.314 		-36.442 		13.644
v -12.295 		-36.5 		13.79
v -5.621 		-34.326 		27.432
v 0.003 		-37.415 		28.368
v -12.97 		-30.36 		14.896
v 0.003 		-37.832 		27.893
v -15.441 		-27.387 		8.718
v -15.459 		-27.374 		8.744
v -12.572 		-36.663 		13.343
v -15.479 		-27.369 		8.772
v -5.907 		-34.574 		28.337
v -12.996 		-30.327 		14.966
v -15.498 		-27.374 		8.799
v -12.429 		-36.625 		13.563
v -5.621 		-32.75 		27.118
v -12.58 		-36.766 		13.458
v -0.638 		-37.505 		28.458
v -12.881 		-30.4327 		15.0729
v -12.8322 		-30.4786 		15.107
v -12.9901 		-30.3305 		14.9965
v -0.638 		-37.933 		27.971
v -12.754 		-36.854 		13.336
v -13.0059 		-30.3165 		14.9854
v -13.0041 		-30.3174 		14.9867
v -12.425 		-36.707 		13.699
v -12.595 		-36.866 		13.58
v -5.621 		-33.043 		27.263
v -15.472 		-27.5 		8.777
v -1.291 		-37.536 		28.489
v -5.621 		-33.353 		27.368
v -13.2022 		-30.2174 		14.848
v -12.616 		-36.962 		13.708
v -13.211 		-30.327 		14.37
v -1.291 		-37.967 		27.997
v -5.621 		-33.674 		27.432
v -22.621 		-24.69 		18.996
v -14.3331 		-37.5443 		3.8239
v -14.1182 		-36.4205 		3.5171
v -15.291 		-35.504 		2.424
v -5.621 		-34 		27.453
v -22.621 		-24.585 		19.306
v -13.9841 		-35.3447 		3.3255
v -17.638 		-24.521 		24.246
v -13.979 		-35.2219 		3.3183
v -15.291 		-34 		2.293
v -13.929 		-34 		3.2468
v -12.53 		-36.068 		13.056
v -16.871 		-37.214 		2.123
v -12.452 		-36.101 		13.162
v -12.484 		-36.195 		13.14
v -16.871 		-35.632 		1.699
v -12.535 		-36.276 		13.104
v -22.621 		-24.835 		18.703
v -16.871 		-34 		1.556
v -22.91 		-25.647 		18.6
v -5.91 		-32.647 		26.306
v -22.91 		-25.482 		18.788
v -5.91 		-32.835 		26.471
v -22.91 		-25.343 		18.996
v -15.525 		-34.969 		7.683
v -15.498 		-27.626 		8.799
v -22.91 		-25.232 		19.221
v -15.479 		-27.631 		8.772
v -15.459 		-27.626 		8.744
v -15.53 		-34.558 		7.179
v -15.441 		-27.613 		8.718
v -15.5 		-27.761 		8.757
v 2.245 		-37.266 		26.306
v -15.797 		-34.915 		7.559
v 2.245 		-37.415 		25.868
v -5.988 		-34 		28.256
v 1.753 		-37.665 		26.471
v -5.907 		-33.426 		28.337
v 1.753 		-37.832 		25.98
v -5.677 		-32.939 		28.567
v -22.258 		-24.585 		18.1
v 1.209 		-38.001 		26.61
v -22.258 		-24.364 		18.431
v -6.121 		-32.973 		24.165
v -15.34 		-27.305 		8.456
v -6.121 		-32.879 		24.306
v -15.722 		-35.417 		7.965
v -15.324 		-27.241 		8.333
v -22.258 		-25.147 		17.538
v -6.121 		-32.804 		24.458
v -22.258 		-24.848 		17.801
v -15.846 		-35.94 		8.142
v 2.245 		-37.505 		25.414
v -22.621 		-25.75 		17.788
v 2.245 		-37.536 		24.953
v -22.621 		-25.478 		17.97
v -15.322 		-27.179 		8.202
v -22.621 		-25.232 		18.185
v -22.621 		-25.017 		18.431
v 1.753 		-37.933 		25.471
v 1.753 		-37.967 		24.953
v -5.91 		-32.647 		23.6
v -15.433 		-27.052 		8.488
v -15.767 		-34.5 		7.054
v -12.385 		-36.134 		13.28
v -22.258 		-25.478 		17.317
v -12.427 		-36.259 		13.251
v -6.248 		-34 		24.3
v -6.248 		-33.915 		24.306
v -6.248 		-33.831 		24.323
v -23.121 		-25.879 		20.6
v -6.248 		-33.75 		24.35
v -15.647 		-34.213 		6.476
v -23.121 		-25.973 		20.741
v -15.394 		-27.315 		8.606
v -6.248 		-33.674 		24.388
v -15.425 		-27.274 		8.65
v -23.121 		-26.085 		20.868
v 0.622 		-38.268 		26.721
v -6.248 		-33.603 		24.435
v -15.815 		-34.167 		6.374
v 0.003 		-38.183 		27.368
v -15.461 		-27.248 		8.702
v -6.248 		-33.539 		24.492
v 0.003 		-38.462 		26.801
v -6.248 		-33.482 		24.556
v -15.376 		-27.224 		8.507
v -0.638 		-38.293 		27.432
v -15.422 		-27.162 		8.573
v -0.638 		-38.58 		26.85
v -23.248 		-26.674 		20.518
v -15.476 		-27.123 		8.65
v -23.248 		-26.75 		20.556
v -16.042 		-34.867 		7.446
v -1.291 		-38.33 		27.453
v -23.248 		-26.831 		20.583
v -1.291 		-38.619 		26.866
v -16.256 		-34.826 		7.346
v -6.121 		-34 		23.659
v -23.248 		-27 		20.606
v -6.121 		-33.831 		23.67
v -23.248 		-27.085 		20.6
v 1.209 		-38.183 		26.074
v -6.121 		-33.665 		23.703
v -6.121 		-33.505 		23.757
v 1.209 		-38.293 		25.518
v -23.248 		-27.169 		20.583
v -16.378 		-25.232 		24.221
v -15.372 		-27.134 		8.4
v -23.248 		-27.25 		20.556
v -6.121 		-33.353 		23.832
v -16.378 		-25.804 		24.415
v -15.38 		-27.045 		8.286
v -23.248 		-27.326 		20.518
v -6.121 		-33.212 		23.926
v -16.997 		-25.152 		24.415
v -12.601 		-36.338 		13.058
v -23.248 		-26.915 		20.6
v -15.457 		-26.943 		8.395
v -6.121 		-33.085 		24.038
v -12.494 		-36.366 		13.204
v -16.436 		-34.792 		7.261
v -12.582 		-36.448 		13.142
v -17.638 		-25.103 		24.533
v -12.685 		-36.5 		13.07
v -16.6747 		-34.7759 		7.168
v -12.573 		-36.557 		13.237
v -14.1418 		-24.7109 		21.504
v -16.579 		-34.766 		7.192
v -14.1419 		-24.784 		21.6136
v -14.324 		-24.585 		21.806
v -5.621 		-32.75 		22.788
v -16.7837 		-35.024 		7.3235
v -14.755 		-24.195 		22.105
v -12.63 		-36.065 		12.956
v -12.647 		-36.092 		12.944
v -14.755 		-24.5 		22.453
v -16.001 		-35.379 		7.851
v -5.91 		-32.835 		23.435
v -22.91 		-28.657 		20.91
v -16.13 		-35.92 		8.034
v -12.669 		-36.113 		12.928
v -22.91 		-28.768 		20.685
v -12.552 		-36.131 		13.041
v -16.252 		-35.345 		7.746
v -12.586 		-36.185 		13.018
v -16.385 		-35.902 		7.935
v -5.621 		-33.353 		22.538
v -5.621 		-33.043 		22.643
v -12.63 		-36.226 		12.987
v -5.91 		-33.75 		23.056
v -23.121 		-27.915 		20.868
v -5.91 		-34 		23.04
v -23.121 		-28.027 		20.741
v -12.682 		-36.252 		12.951
v -5.91 		-33.505 		23.105
v -23.121 		-28.121 		20.6
v -5.91 		-33.268 		23.185
v -15.492 		-26.837 		8.295
v -5.91 		-33.043 		23.296
v -12.695 		-36.126 		12.91
v -5.621 		-33.674 		22.474
v -12.722 		-36.131 		12.891
v -14.142 		-24.8008 		21.6389
v -14.142 		-24.8014 		21.6397
v -13.26 		-30.267 		14.468
v -5.621 		-34 		22.453
v -12.75 		-36.126 		12.871
v -14.142 		-24.7989 		21.6359
v -15.34 		-27.695 		8.456
v -12.776 		-36.113 		12.853
v -23.248 		-26.353 		20.038
v -14.1419 		-24.8017 		21.64
v -12.737 		-36.261 		12.912
v -23.248 		-26.37 		20.122
v -14.1423 		-25.0398 		21.9122
v -14.1423 		-25.0403 		21.9127
v -14.1423 		-25.0372 		21.9092
v -6.248 		-34.518 		24.556
v -23.248 		-26.397 		20.203
v -14.1424 		-24.9325 		21.7898
v -12.94 		-30.4 		14.812
v -6.248 		-34.461 		24.492
v -23.248 		-26.435 		20.279
v -14.324 		-24.848 		22.105
v -23.248 		-26.482 		20.35
v -6.248 		-34.397 		24.435
v -14.1418 		-25.1897 		22.0432
v -14.1419 		-25.3119 		22.1503
v -14.1419 		-25.3125 		22.1509
v -15.318 		-27.601 		8.424
v -6.248 		-34.326 		24.388
v -23.248 		-26.539 		20.414
v -14.1419 		-25.313 		22.1513
v -12.678 		-36.377 		13.004
v -15.31 		-27.5 		8.413
v -23.248 		-26.603 		20.471
v -6.248 		-34.25 		24.35
v -14.324 		-25.147 		22.368
v -12.761 		-36.39 		12.946
v -6.248 		-34.169 		24.323
v -15.318 		-27.399 		8.424
v -6.248 		-34.085 		24.306
v -14.142 		-25.3132 		22.1515
v -14.142 		-25.3133 		22.1516
v -15.324 		-27.759 		8.333
v -14.142 		-25.478 		22.2616
v -14.1418 		-25.6126 		22.3514
v -14.1418 		-25.6133 		22.3519
v -14.1418 		-25.6143 		22.3525
v -14.1418 		-25.6145 		22.3526
v -23.248 		-26.539 		19.492
v -15.295 		-27.634 		8.29
v -23.248 		-26.482 		19.556
v -12.7 		-36.621 		13.149
v -16.607 		-35.887 		7.847
v -6.121 		-34.915 		24.038
v -23.248 		-26.435 		19.627
v -6.121 		-34.788 		23.926
v -23.248 		-26.397 		19.703
v -14.1422 		-25.7924 		22.4409
v -14.1422 		-25.808 		22.4487
v -12.723 		-36.739 		13.237
v -6.121 		-34.647 		23.832
v -16.794 		-35.875 		7.773
v -23.248 		-26.37 		19.784
v -6.121 		-34.495 		23.757
v -23.248 		-26.353 		19.868
v -23.248 		-26.347 		19.953
v -6.121 		-34.335 		23.703
v 1.209 		-38.33 		24.953
v -6.121 		-34.169 		23.67
v -12.792 		-36.966 		13.442
v 0.622 		-38.462 		26.149
v -15.285 		-27.5 		8.276
v 0.622 		-38.58 		25.556
v -15.295 		-27.366 		8.29
v 0.622 		-38.619 		24.953
v -15.322 		-27.821 		8.202
v -12.798 		-36.092 		12.838
v -12.815 		-36.065 		12.826
v 0.003 		-38.665 		26.203
v -12.792 		-36.252 		12.873
v -14.1423 		-24.4393 		21.0139
v 0.003 		-38.788 		25.583
v -14.1423 		-24.4391 		21.0132
v -12.844 		-36.226 		12.837
v -12.888 		-36.185 		12.806
v -14.1422 		-24.4368 		21.0063
v -14.1422 		-24.4189 		20.953
v 0.003 		-38.83 		24.953
v -14.1423 		-24.4393 		21.0139
v -14.324 		-24.188 		21.118
v -0.638 		-38.788 		26.236
v -14.1419 		-24.5276 		21.1915
v -14.1418 		-24.6 		21.3377
v -14.1418 		-24.6004 		21.3385
v -0.638 		-38.915 		25.6
v -15.426 		-27.592 		8.696
v -14.324 		-24.364 		21.475
v -15.414 		-27.565 		8.679
v -12.844 		-36.377 		12.888
v -0.638 		-38.957 		24.953
v -15.406 		-27.534 		8.668
v -15.404 		-27.5 		8.665
v -12.921 		-36.338 		12.834
v -15.406 		-27.466 		8.668
v -14.1418 		-24.7105 		21.5034
v -12.794 		-36.518 		12.994
v -15.414 		-27.435 		8.679
v -1.291 		-38.83 		26.247
v -15.426 		-27.408 		8.696
v -14.1418 		-24.6005 		21.3387
v -12.904 		-36.5 		12.917
v -1.291 		-38.957 		25.606
v -23.248 		-27.397 		20.471
v -1.291 		-39 		24.953
v -23.248 		-27.461 		20.414
v -13.006 		-36.448 		12.845
v -23.248 		-27.518 		20.35
v -23.248 		-27.565 		20.279
v -18.291 		-24.5 		24.283
v -23.248 		-27.603 		20.203
v -23.248 		-27.63 		20.122
v -13.099 		-36.557 		12.869
v -18.944 		-24.521 		24.246
v -1.944 		-35.897 		29.533
v -23.248 		-27.647 		20.038
v -19.585 		-24.06 		23.785
v -2.585 		-35.848 		29.415
v -19.585 		-24.585 		24.136
v -3.204 		-35.768 		29.221
v -12.922 		-36.131 		12.782
v -12.944 		-36.068 		12.767
v -12.987 		-36.276 		12.788
v -18.291 		-25.087 		24.572
v -13.038 		-36.195 		12.752
v -16.472 		-35.316 		7.654
v -18.944 		-25.103 		24.533
v -13.07 		-36.101 		12.73
v -3.791 		-35.657 		28.954
v -16.656 		-35.293 		7.575
v -15.355 		-27.568 		8.55
v -19.585 		-25.152 		24.415
v -13.161 		-36.259 		12.736
v -15.35 		-27.5 		8.543
v -13.204 		-36.134 		12.707
v -15.355 		-27.432 		8.55
v -20.204 		-24.188 		23.618
v -15.37 		-27.369 		8.572
v -20.204 		-24.69 		23.954
v -20.204 		-25.232 		24.221
v -13.094 		-36.366 		12.784
v -20.204 		-25.804 		24.415
v -13.208 		-36.455 		12.792
v -5.91 		-35.353 		23.6
v -13.292 		-36.321 		12.734
v -20.791 		-24.835 		23.703
v -6.121 		-35.196 		24.458
v -20.791 		-25.343 		23.954
v -23.291 		-27 		19.953
v -15.461 		-27.752 		8.702
v -13.345 		-36.166 		12.697
v -6.121 		-35.121 		24.306
v -15.425 		-27.726 		8.65
v -13.329 		-36.541 		12.813
v -15.394 		-27.685 		8.606
v -21.335 		-25.482 		23.618
v -6.121 		-35.027 		24.165
v -13.428 		-36.383 		12.744
v -15.37 		-27.631 		8.572
v -13.491 		-36.198 		12.7
v -15.422 		-27.838 		8.573
v -20.791 		-24.364 		23.388
v -15.376 		-27.776 		8.507
v -21.335 		-24.195 		22.758
v -21.335 		-24.585 		23.1
v -13.569 		-36.442 		12.765
v -13.642 		-36.229 		12.714
v -21.335 		-25.017 		23.388
v -5.621 		-34.957 		22.643
v -16.802 		-35.274 		7.512
v -13.296 		-30.1699 		14.7823
v -13.2893 		-30.1733 		14.787
v -5.621 		-34.647 		22.538
v -13.714 		-36.5 		12.797
v -13.2466 		-30.1949 		14.8169
v -13.795 		-36.259 		12.739
v -12.79 		-30.626 		14.37
v -5.91 		-34.957 		23.296
v -12.829 		-30.56 		14.493
v -5.91 		-34.732 		23.185
v -13.791 		-27 		22.551
v -13.791 		-27.339 		22.529
v -5.91 		-34.495 		23.105
v -5.91 		-34.25 		23.056
v -16.8465 		-35.1673 		7.4133
v -13.791 		-26.661 		22.529
v -12.868 		-30.5 		14.609
v -16.88 		-35.2432 		7.4611
v -16.943 		-35.865 		7.712
v -16.8887 		-35.263 		7.4735
v -16.8889 		-35.2634 		7.4738
v -17.0044 		-35.7488 		7.6388
v -17.0307 		-35.8593 		7.6763
v -12.885 		-36.765 		13.124
v -17.0307 		-35.8596 		7.6763
v -12.942 		-36.885 		13.204
v -17.0379 		-35.956 		7.6867
v -13.465 		-26.089 		22.152
v -17.0449 		-36.048 		7.6965
v -13.129 		-36.854 		13.073
v -12.905 		-30.447 		14.716
v -13.465 		-26.384 		22.252
v -15.975 		-34.45 		6.944
v -13.465 		-26.689 		22.313
v -13.004 		-37 		13.293
v -16.149 		-34.409 		6.851
v -5.621 		-35.25 		22.788
v -13.216 		-36.966 		13.145
v -5.91 		-35.165 		23.435
v -16.3162 		-34.319 		6.656
v -16.3695 		-34.3575 		6.732
v -16.288 		-34.377 		6.776
v -16.3707 		-34.3591 		6.7338
v -13.345 		-30.171 		14.634
v -13.791 		-26.006 		22.353
v -13.378 		-30.134 		14.699
v -16.3713 		-34.3599 		6.7346
v -13.791 		-26.328 		22.463
v -16.4851 		-34.512 		6.8972
v -12.836 		-36.643 		13.053
v -1.944 		-36.479 		29.246
v -13.3879 		-30.1234 		14.718
v -13.3882 		-30.1234 		14.7178
v -12.972 		-36.621 		12.958
v -13.3498 		-30.1427 		14.7446
v -1.944 		-37.018 		28.886
v -16.6093 		-34.6779 		7.0745
v -16.6636 		-34.7505 		7.1521
v -13.3885 		-30.1233 		14.7176
v -13.048 		-36.739 		13.01
v -13.3887 		-30.1233 		14.7174
v -16.6642 		-34.752 		7.153
v -13.465 		-25.81 		22.014
v -13.199 		-36.663 		12.904
v -16.6645 		-34.7526 		7.1534
v -2.585 		-36.415 		29.136
v -13.5678 		-30.0944 		14.592
v -2.585 		-36.94 		28.785
v -13.305 		-30.215 		14.557
v -13.465 		-27.311 		22.313
v -15.9577 		-34.0946 		6.144
v -15.9617 		-34.0955 		6.1497
v -16.0275 		-34.1107 		6.2437
v -15.948 		-34.132 		6.292
v -3.204 		-36.31 		28.954
v -13.465 		-27 		22.333
v -16.0278 		-34.1109 		6.2441
v -13.465 		-27.616 		22.252
v -13.746 		-30.106 		14.353
v -16.0286 		-34.1115 		6.2452
v -13.304 		-36.766 		12.951
v -16.307 		-34.3123 		6.6429
v -13.788 		-30.068 		14.412
v -16.0983 		-34.1617 		6.3447
v -13.454 		-36.625 		12.846
v -3.791 		-36.165 		28.703
v -5.621 		-34.326 		22.474
v -15.846 		-37.06 		8.142
v -13.414 		-36.866 		13.007
v -4.335 		-35.518 		28.618
v -13.791 		-27.672 		22.463
v -13.583 		-36.707 		12.888
v -15.791 		-23.565 		22.589
v -4.335 		-35.983 		28.388
v -15.722 		-37.583 		7.965
v -4.827 		-35.768 		28.015
v -15.791 		-23.938 		23.015
v -13.808 		-30.0584 		14.4238
v -13.8 		-30.0571 		14.4294
v -15.525 		-38.031 		7.683
v -13.6483 		-30.0815 		14.5356
v -13.527 		-36.962 		13.071
v -13.715 		-36.786 		12.939
v -12.417 		-31.034 		15.372
v -13.465 		-27.911 		22.152
v -16.378 		-23.335 		22.765
v -5.258 		-35.522 		27.589
v -5.258 		-35.853 		27.368
v -13.791 		-27.994 		22.353
v -16.378 		-23.734 		23.219
v -13.791 		-28.299 		22.203
v -13.641 		-37.054 		13.142
v -15.797 		-38.085 		7.559
v -16.997 		-23.168 		22.893
v -12.4216 		-31.0281 		15.3945
v -12.4214 		-31.0285 		15.3947
v -16.997 		-23.585 		23.368
v -12.4709 		-30.9499 		15.36
v -12.3636 		-31.1991 		15.4351
v -12.282 		-31.44 		15.4923
v -1.944 		-37.505 		28.458
v -12.248 		-31.51 		15.402
v -13.465 		-28.19 		22.014
v -1.944 		-37.933 		27.971
v -12.259 		-31.5 		15.483
v -17.638 		-23.067 		22.971
v -13.465 		-28.449 		21.841
v -2.585 		-37.415 		28.368
v -17.638 		-23.495 		23.458
v -12.676 		-37.142 		13.974
v -13.465 		-28.683 		21.636
v -2.585 		-37.832 		27.893
v -13.791 		-28.582 		22.014
v -12.712 		-37.225 		14.109
v -3.204 		-36.812 		28.618
v -16.173 		-36.5 		8.097
v -13.791 		-28.837 		21.79
v -12.2627 		-31.4968 		15.5058
v -12.2626 		-31.4971 		15.5059
v -12.75 		-37.302 		14.241
v -3.204 		-37.266 		28.219
v -12.2465 		-31.6459 		15.5171
v -3.204 		-37.665 		27.765
v -12.2428 		-31.6798 		15.5197
v -12.2135 		-31.952 		15.5402
v -13.791 		-29.061 		21.535
v -12.991 		-37.366 		13.913
v -12.349 		-31.134 		14.973
v -16.43 		-36.5 		8
v -13.047 		-37.452 		14.033
v -12.368 		-31.103 		15.093
v -3.204 		-38.001 		27.263
v -13.103 		-37.533 		14.151
v -13.465 		-28.888 		21.402
v -3.791 		-36.636 		28.388
v -13.465 		-29.061 		21.143
v -16.654 		-36.5 		7.914
v -3.791 		-37.062 		28.015
v -13.158 		-37.606 		14.263
v -12.386 		-31.076 		15.2
v -13.791 		-29.25 		21.252
v -4.335 		-36.415 		28.1
v -16.841 		-36.5 		7.84
v -4.335 		-36.805 		27.758
v -13.439 		-37.587 		13.915
v -12.403 		-31.053 		15.294
v -16.997 		-27 		24.783
v -16.997 		-27.63 		24.741
v -13.51 		-37.663 		14.016
v -4.827 		-36.152 		27.758
v -16.997 		-28.25 		24.618
v -16.991 		-36.5 		7.781
v -16.997 		-26.37 		24.741
v -13.578 		-37.732 		14.113
v -17.0397 		-37.0214 		7.6892
v -17.0359 		-37.072 		7.6837
v -17.0789 		-36.5 		7.7452
v -17.0788 		-36.4986 		7.745
v -17.638 		-27.647 		24.868
v -4.827 		-36.5 		27.453
v -17.638 		-27 		24.91
v -12.195 		-31.57 		14.938
v -17.638 		-28.283 		24.741
v -13.64 		-37.794 		14.202
v -17.0699 		-36.3816 		7.7323
v -4.827 		-36.805 		27.105
v -16.13 		-37.08 		8.034
v -17.638 		-26.353 		24.868
v -4.827 		-37.062 		26.721
v -12.207 		-31.552 		15.072
v -13.697 		-37.848 		14.282
v -16.001 		-37.621 		7.851
v -5.258 		-36.152 		27.105
v -5.258 		-36.415 		26.806
v -12.221 		-31.536 		15.195
v -16.385 		-37.098 		7.935
v -16.252 		-37.655 		7.746
v -12.836 		-37.073 		13.554
v -17.638 		-23.982 		23.886
v -13.072 		-37.111 		13.39
v -18.291 		-27 		24.953
v -18.291 		-27.653 		24.91
v -3.791 		-37.435 		27.589
v -16.607 		-37.113 		7.847
v -12.884 		-37.176 		13.672
v -16.794 		-37.125 		7.773
v -18.291 		-26.347 		24.91
v -13.143 		-37.218 		13.491
v -12.235 		-31.522 		15.306
v -3.791 		-37.75 		27.118
v -18.944 		-27.647 		24.868
v -18.944 		-27 		24.91
v -4.335 		-37.147 		27.368
v -12.288 		-31.293 		14.405
v -18.944 		-26.353 		24.868
v -4.335 		-37.435 		26.936
v -12.495 		-30.937 		14.42
v -19.585 		-27 		24.783
v -19.585 		-27.63 		24.741
v -12.299 		-31.248 		14.557
v -12.937 		-37.274 		13.792
v -19.585 		-26.37 		24.741
v -13.216 		-37.319 		13.596
v -13.291 		-37.414 		13.703
v -12.314 		-31.207 		14.703
v -23.248 		-27.653 		19.953
v -18.291 		-28.294 		24.783
v -15.476 		-27.877 		8.65
v -23.248 		-27.647 		19.868
v -12.331 		-31.169 		14.843
v -15.433 		-27.948 		8.488
v -13.496 		-37.274 		13.4
v -18.944 		-28.283 		24.741
v -23.248 		-27.63 		19.784
v -13.591 		-37.366 		13.493
v -23.248 		-27.603 		19.703
v -19.585 		-28.25 		24.618
v -23.248 		-27.565 		19.627
v -13.366 		-37.504 		13.81
v -23.248 		-27.518 		19.556
v -12.172 		-31.634 		14.487
v -13.685 		-37.452 		13.587
v -23.248 		-27.461 		19.492
v -15.247 		-27.518 		23.886
v -15.247 		-27 		23.92
v -15.372 		-27.866 		8.4
v -15.457 		-28.057 		8.395
v -12.176 		-31.611 		14.643
v -15.247 		-25.973 		23.785
v -13.776 		-37.533 		13.679
v -15.38 		-27.955 		8.286
v -15.247 		-26.482 		23.886
v -12.184 		-31.589 		14.794
v -22.91 		-25.835 		18.435
v -15.791 		-27.565 		24.246
v -15.791 		-27 		24.283
v -15.492 		-28.163 		8.295
v -15.791 		-25.879 		24.136
v -13.307 		-37.073 		13.225
v -13.401 		-37.176 		13.31
v -15.791 		-26.435 		24.246
v -12.195 		-32 		15.439
v -23.121 		-26.085 		19.038
v -12.205 		-32 		15.52
v -23.121 		-25.973 		19.165
v -13.756 		-37.142 		13.218
v -23.121 		-25.879 		19.306
v -12.631 		-38.132 		15.877
v -23.248 		-26.831 		19.323
v -13.921 		-30.334 		8.36
v -12.631 		-38.7611 		15.2479
v -23.248 		-26.75 		19.35
v -12.7523 		-39.0169 		15.163
v -12.2083 		-32 		15.5439
v -12.2283 		-32.185 		15.5298
v -12.2083 		-31.9997 		15.5438
v -14.071 		-30.676 		8.575
v -12.989 		-39.4209 		14.9972
v -23.248 		-26.674 		19.388
v -12.2584 		-32.464 		15.5088
v -13.5317 		-40.347 		14.6173
v -12.248 		-32.49 		15.402
v -23.248 		-26.603 		19.435
v -12.259 		-32.5 		15.483
v -11.425 		-36.029 		8.53
v -14.324 		-25.835 		22.765
v -11.498 		-36.012 		8.634
v -11.57 		-36.029 		8.737
v -12.417 		-32.966 		15.372
v -14.258 		-30.25 		8.227
v -11.44 		-35.94 		8.279
v -14.419 		-30.616 		8.457
v -12.2626 		-32.5029 		15.5059
v -12.4214 		-32.9715 		15.3947
v -12.4213 		-32.9712 		15.3947
v -12.3205 		-32.6741 		15.4653
v -11.53 		-35.875 		8.407
v -16.472 		-37.684 		7.654
v -12.4242 		-32.976 		15.3927
v -12.148 		-32 		14.97
v -12.195 		-32.43 		14.938
v -11.626 		-35.853 		8.544
v -5.258 		-36.636 		26.475
v -23.121 		-26.831 		18.67
v -11.722 		-35.875 		8.681
v -5.258 		-36.812 		26.118
v -23.121 		-26.665 		18.703
v -23.121 		-26.505 		18.757
v -5.258 		-36.94 		25.741
v -16.656 		-37.707 		7.575
v -16.802 		-37.726 		7.512
v -11.667 		-35.724 		8.261
v -23.121 		-26.353 		18.832
v -12.207 		-32.448 		15.072
v -14.1418 		-26.1272 		22.5769
v -14.1416 		-26.2819 		22.6289
v -14.1416 		-26.2828 		22.6292
v -23.121 		-26.212 		18.926
v -12.159 		-32 		15.106
v -3.791 		-38.001 		26.61
v -14.324 		-26.212 		22.893
v -4.335 		-37.665 		26.471
v -14.1422 		-25.9818 		22.528
v -4.335 		-37.832 		25.98
v -4.827 		-37.266 		26.306
v -14.1419 		-26.637 		22.7002
v -14.1419 		-26.6381 		22.7005
v -14.1418 		-26.4775 		22.6683
v -4.827 		-37.415 		25.868
v -14.1418 		-26.6386 		22.7005
v -14.324 		-26.603 		22.971
v -12.171 		-32 		15.231
v -12.221 		-32.464 		15.195
v -14.1417 		-26.2832 		22.6294
v -16.88 		-37.7568 		7.4611
v -16.7311 		-38.096 		7.2486
v -4.335 		-37.933 		25.471
v -4.335 		-37.967 		24.953
v -14.1419 		-26.832 		22.7133
v -16.943 		-37.135 		7.712
v -17.0307 		-37.1407 		7.6763
v -12.183 		-32 		15.342
v -17.0305 		-37.1412 		7.6761
v -17.0152 		-37.2058 		7.6542
v -16.9154 		-37.6248 		7.5117
v -14.755 		-26.085 		23.368
v -4.827 		-37.505 		25.414
v -16.8889 		-37.7366 		7.4738
v -4.827 		-37.536 		24.953
v -23.248 		-27.397 		19.435
v -14.755 		-26.539 		23.458
v -23.248 		-27.326 		19.388
v -5.258 		-37.018 		25.35
v -23.248 		-27.25 		19.35
v -12.349 		-32.866 		14.973
v -5.258 		-37.044 		24.953
v -15.5992 		-34.04 		5.632
v -15.66 		-34.0259 		5.7189
v -15.584 		-34.048 		5.772
v -15.6602 		-34.026 		5.7192
v -23.248 		-27.169 		19.323
v -14.1423 		-27 		22.7246
v -14.1421 		-27.1981 		22.7114
v -14.1418 		-27.3608 		22.7005
v -12.368 		-32.897 		15.093
v -23.248 		-27.085 		19.306
v -14.1418 		-27.3612 		22.7005
v -14.1418 		-27.3614 		22.7005
v -15.661 		-34.0262 		5.7203
v -23.248 		-27 		19.3
v -12.235 		-32.478 		15.306
v -23.248 		-26.915 		19.306
v -12.386 		-32.924 		15.2
v -14.324 		-27 		22.997
v -14.324 		-27.397 		22.971
v -14.1423 		-26.9993 		22.7246
v -15.5974 		-34.0404 		5.6295
v -14.1423 		-26.9983 		22.7245
v -1.944 		-38.293 		27.432
v -15.5934 		-34.0413 		5.6238
v -1.944 		-38.58 		26.85
v -12.403 		-32.947 		15.294
v -14.048 		-38.031 		7.927
v -2.585 		-38.183 		27.368
v -14.1419 		-27.3619 		22.7005
v -14.1418 		-27.5561 		22.6616
v -14.1417 		-27.7156 		22.6296
v -23.121 		-27.647 		18.832
v -2.585 		-38.462 		26.801
v -14.1417 		-27.7161 		22.6295
v -14.1417 		-27.7168 		22.6294
v -14.1416 		-27.7172 		22.6292
v -23.121 		-27.495 		18.757
v -14.324 		-27.788 		22.893
v -3.204 		-38.268 		26.721
v -23.121 		-27.335 		18.703
v -14.1419 		-27.856 		22.5826
v -23.121 		-27.169 		18.67
v -23.121 		-27 		18.659
v -1.944 		-38.788 		26.236
v -14.1423 		-26.9961 		22.7244
v -14.1419 		-26.8365 		22.7136
v -1.944 		-38.915 		25.6
v -15.247 		-23.565 		21.936
v -2.585 		-38.665 		26.203
v -15.791 		-22.999 		21.61
v -15.791 		-23.25 		22.118
v -12.136 		-32 		14.352
v -13.978 		-38.085 		4.962
v -12.172 		-32.366 		14.487
v -14.755 		-27 		23.489
v -14.755 		-27.461 		23.458
v -12.133 		-32 		14.514
v -14.763 		-30.56 		8.334
v -14.755 		-23.585 		20.868
v -12.359 		-35.432 		8.38
v -12.621 		-35.293 		8.242
v -14.755 		-23.734 		21.306
v -12.134 		-32 		14.672
v -12.176 		-32.389 		14.643
v -15.099 		-30.508 		8.209
v -15.247 		-23.168 		20.98
v -16.378 		-27.603 		24.533
v -16.378 		-27 		24.572
v -15.247 		-23.335 		21.471
v -11.811 		-35.94 		8.809
v -16.378 		-26.397 		24.533
v -11.888 		-36.042 		8.919
v -15.791 		-22.707 		20.518
v -12.184 		-32.411 		14.794
v -12.017 		-35.804 		8.761
v -13.841 		-31.5 		8.85
v -15.791 		-22.817 		21.074
v -13.812 		-31.894 		8.808
v -12.14 		-32 		14.825
v -12.112 		-35.932 		8.897
v -15.247 		-28.027 		23.785
v -13.812 		-31.106 		8.808
v -15.247 		-28.518 		23.618
v -15.791 		-28.121 		24.136
v -14.755 		-23.938 		21.721
v -15.791 		-28.657 		23.954
v -15.791 		-29.165 		23.703
v -14.198 		-31.5 		8.755
v -14.166 		-31.927 		8.709
v -11.786 		-35.696 		8.432
v -15.247 		-23.853 		22.368
v -12.288 		-32.707 		14.405
v -11.906 		-35.724 		8.602
v -14.142 		-27.9053 		22.566
v -14.1422 		-28.0182 		22.528
v -14.324 		-28.165 		22.765
v -12.299 		-32.752 		14.557
v -14.166 		-31.073 		8.709
v -14.324 		-28.522 		22.589
v -11.977 		-35.543 		8.298
v -14.755 		-27.915 		23.368
v -12.119 		-35.576 		8.501
v -12.251 		-35.671 		8.69
v -14.755 		-28.353 		23.219
v -14.555 		-31.5 		8.651
v -12.314 		-32.793 		14.703
v -14.755 		-28.768 		23.015
v -16.378 		-22.732 		21.721
v -14.52 		-31.042 		8.602
v -16.378 		-22.999 		22.263
v -12.365 		-35.824 		8.852
v -12.331 		-32.831 		14.843
v -12.452 		-36.022 		8.977
v -16.997 		-22.538 		21.801
v -12.512 		-35.542 		8.599
v -16.997 		-22.817 		22.368
v -12.643 		-35.718 		8.786
v -14.755 		-29.152 		22.758
v -12.4709 		-33.05 		15.36
v -17.638 		-22.42 		21.85
v -12.744 		-35.947 		8.93
v -15.247 		-28.983 		23.388
v -17.638 		-22.707 		22.432
v -12.649 		-33.339 		15.121
v -15.247 		-29.415 		23.1
v -14.908 		-31.5 		8.541
v -12.5061 		-33.1058 		15.3354
v -15.247 		-29.805 		22.758
v -12.669 		-33.366 		15.196
v -12.5146 		-33.1193 		15.3294
v -15.791 		-29.636 		23.388
v -12.794 		-35.417 		8.489
v -16.378 		-22.42 		20.556
v -12.6349 		-33.3103 		15.2452
v -13.093 		-35.297 		8.365
v -16.378 		-22.538 		21.149
v -12.6748 		-33.3736 		15.2173
v -12.6744 		-33.3729 		15.2175
v -13.258 		-35.518 		8.6
v -12.784 		-33.4759 		15.1408
v -16.378 		-28.196 		24.415
v -16.997 		-22.212 		20.583
v -12.601 		-33.268 		14.929
v -14.871 		-31.014 		8.488
v -13.405 		-35.182 		8.227
v -16.378 		-28.768 		24.221
v -13.586 		-35.424 		8.485
v -16.997 		-22.335 		21.203
v -16.378 		-29.31 		23.954
v -14.5893 		-38.096 		4.1899
v -14.5858 		-38.088 		4.1849
v -14.5629 		-38.0358 		4.1521
v -16.378 		-29.812 		23.618
v -17.638 		-22.085 		20.6
v -12.626 		-33.307 		15.032
v -14.5472 		-38 		4.1297
v -17.638 		-22.212 		21.236
v -14.048 		-34.969 		7.927
v -12.942 		-35.616 		8.701
v -16.997 		-28.848 		24.415
v -13.056 		-35.875 		8.864
v -16.997 		-29.415 		24.136
v -14.109 		-34.684 		7.399
v -17.638 		-28.897 		24.533
v -18.291 		-23.033 		22.997
v -13.385 		-35.806 		8.781
v -14.369 		-34.872 		7.771
v -12.495 		-33.063 		14.42
v -18.291 		-23.464 		23.489
v -17.638 		-29.479 		24.246
v -13.725 		-35.739 		8.683
v -12.52 		-33.122 		14.559
v -18.944 		-23.067 		22.971
v -14.408 		-34.584 		7.223
v -18.944 		-23.495 		23.458
v -14.682 		-34.782 		7.615
v -11.453 		-36.185 		8.768
v -12.547 		-33.176 		14.691
v -11.498 		-36.217 		8.833
v -11.537 		-36.269 		8.888
v -12.575 		-33.225 		14.815
v -19.585 		-23.168 		22.893
v -3.204 		-38.462 		26.149
v -19.585 		-23.585 		23.368
v -1.944 		-38.957 		24.953
v -14.984 		-34.7 		7.462
v -12.97 		-33.64 		14.896
v -2.585 		-38.788 		25.583
v -18.291 		-23.956 		23.92
v -2.585 		-38.83 		24.953
v -12.996 		-33.673 		14.966
v -15.268 		-34.625 		7.315
v -14.1423 		-25.9385 		22.5133
v -14.1423 		-25.9391 		22.5137
v -18.944 		-23.982 		23.886
v -14.1423 		-25.9293 		22.5088
v -12.7945 		-33.4857 		15.1334
v -13.0041 		-33.6826 		14.9867
v -3.204 		-38.58 		25.556
v -13.147 		-33.755 		14.8866
v -13.2022 		-33.7828 		14.848
v -12.79 		-33.374 		14.37
v -14.1423 		-25.9391 		22.5137
v -3.204 		-38.619 		24.953
v -12.829 		-33.44 		14.493
v -20.204 		-23.335 		22.765
v -15.251 		-31.5 		8.427
v -20.204 		-23.734 		23.219
v -15.212 		-30.987 		8.372
v -14.592 		-35.171 		8.09
v -3.791 		-38.183 		26.074
v -20.791 		-23.565 		22.589
v -3.791 		-38.293 		25.518
v -14.918 		-35.098 		7.951
v -3.791 		-38.33 		24.953
v -15.23 		-35.03 		7.814
v -20.791 		-23.938 		23.015
v -14.071 		-32.324 		8.575
v -15.42 		-35.461 		8.085
v -13.921 		-32.666 		8.36
v -5.621 		-35.522 		26.936
v -14.52 		-31.958 		8.602
v -14.1423 		-28.0602 		22.5139
v -5.621 		-35.768 		26.721
v -14.1423 		-28.0609 		22.5137
v -14.1422 		-28.0533 		22.5162
v -14.1423 		-28.0609 		22.5137
v -18.291 		-22.381 		21.866
v -14.419 		-32.384 		8.457
v -18.291 		-22.67 		22.453
v -14.1419 		-28.2385 		22.4254
v -14.1418 		-28.3847 		22.353
v -5.621 		-35.983 		26.475
v -14.1418 		-28.3855 		22.3526
v -14.258 		-32.75 		8.227
v -5.91 		-35.518 		26.118
v -5.91 		-35.657 		25.91
v -14.142 		-28.6859 		22.1522
v -14.142 		-28.6867 		22.1516
v -14.1418 		-28.5504 		22.2425
v -14.142 		-28.6829 		22.1541
v -12.868 		-33.5 		14.609
v -14.1419 		-28.687 		22.1513
v -14.324 		-28.853 		22.368
v -5.91 		-35.768 		25.685
v -14.763 		-32.44 		8.334
v -13.211 		-33.673 		14.37
v -23.121 		-28.196 		20.448
v -14.1418 		-28.3857 		22.3525
v -18.944 		-22.42 		21.85
v -12.905 		-33.553 		14.716
v -18.944 		-22.707 		22.432
v -14.1424 		-28.8368 		22.0205
v -14.1423 		-28.88 		21.9826
v -13.26 		-33.733 		14.468
v -14.871 		-31.986 		8.488
v -5.91 		-35.848 		25.448
v -19.585 		-22.538 		21.801
v -15.212 		-32.013 		8.372
v -5.91 		-35.897 		25.203
v -19.585 		-22.817 		22.368
v -14.1423 		-28.9592 		21.9132
v -14.1423 		-28.9597 		21.9127
v -15.099 		-32.492 		8.209
v -14.1423 		-28.9562 		21.9158
v -12.94 		-33.6 		14.812
v -14.324 		-29.152 		22.105
v -14.1418 		-29.0902 		21.7633
v -14.1419 		-29.1979 		21.6405
v -14.1419 		-29.1983 		21.64
v -14.324 		-29.415 		21.806
v -5.91 		-35.913 		24.953
v -14.142 		-29.1985 		21.6398
v -14.142 		-29.1986 		21.6397
v -5.91 		-35.897 		24.703
v -14.142 		-29.2892 		21.504
v -14.755 		-29.5 		22.453
v -18.291 		-22.043 		20.606
v -14.755 		-29.805 		22.105
v -18.257 		-29.5 		9.4276
v -18.291 		-22.17 		21.247
v -5.621 		-36.165 		26.203
v -23.121 		-28.25 		20.288
v -13.296 		-33.8302 		14.7823
v -23.121 		-28.283 		20.122
v -13.345 		-33.829 		14.634
v -18.944 		-22.085 		20.6
v -13.378 		-33.866 		14.699
v -11.638 		-36.078 		8.834
v -18.944 		-22.212 		21.236
v -13.3879 		-33.8766 		14.718
v -13.3878 		-33.8766 		14.718
v -5.621 		-36.31 		25.91
v -13.3882 		-33.8766 		14.7178
v -5.621 		-36.415 		25.6
v -19.585 		-22.212 		20.583
v -19.585 		-22.335 		21.203
v -5.621 		-36.479 		25.279
v -13.5392 		-33.9009 		14.612
v -23.121 		-28.294 		19.953
v -5.621 		-36.5 		24.953
v -23.121 		-28.283 		19.784
v -13.305 		-33.785 		14.557
v -5.621 		-36.479 		24.627
v -20.204 		-22.732 		21.721
v -20.204 		-22.999 		22.263
v -13.746 		-33.894 		14.353
v -13.788 		-33.932 		14.412
v 3.328 		-35.848 		24.458
v -20.791 		-22.999 		21.61
v -13.6852 		-33.9244 		14.5098
v 3.328 		-35.768 		24.221
v -20.791 		-23.25 		22.118
v -22.621 		-26.353 		17.538
v -13.83 		-34.62 		7.001
v -22.621 		-26.043 		17.643
v -21.335 		-23.565 		21.936
v 3.328 		-35.657 		23.996
v -22.91 		-26.75 		18.056
v -13.819 		-34.584 		6.382
v 3.328 		-35.518 		23.788
v -11.695 		-36.155 		8.916
v -14.142 		-29.3086 		21.475
v -14.1418 		-29.3984 		21.3404
v -14.1418 		-29.3989 		21.3397
v -11.74 		-36.256 		8.98
v -14.1418 		-29.3995 		21.3387
v -22.91 		-26.505 		18.105
v -14.113 		-34.517 		6.802
v -14.1418 		-29.3996 		21.3385
v -20.204 		-22.42 		20.556
v -22.91 		-26.268 		18.185
v -14.324 		-29.636 		21.475
v -22.91 		-26.043 		18.296
v -20.204 		-22.538 		21.149
v -14.1423 		-29.5603 		21.0145
v -14.1423 		-29.5607 		21.0139
v -14.1423 		-29.5558 		21.0237
v -14.079 		-34.492 		6.17
v -20.791 		-22.707 		20.518
v -14.1422 		-29.4879 		21.1606
v -14.387 		-34.421 		6.61
v -14.324 		-29.812 		21.118
v -20.791 		-22.817 		21.074
v -14.696 		-34.492 		7.051
v -11.442 		-36.5 		8.872
v -11.439 		-36.542 		8.868
v -14.1423 		-29.5607 		21.0139
v -22.91 		-27 		18.04
v -11.415 		-36.384 		8.833
v -11.429 		-36.418 		8.854
v -11.439 		-36.458 		8.868
v -14.647 		-34.335 		6.429
v -15.791 		-30.062 		23.015
v -22.258 		-26.212 		17.013
v -15.791 		-30.435 		22.589
v -22.258 		-25.835 		17.141
v -22.027 		-26.0991 		16.7736
v -11.329 		-36.5 		8.752
v -16.378 		-30.266 		23.219
v -16.378 		-30.665 		22.765
v -16.997 		-29.94 		23.785
v -16.997 		-30.415 		23.368
v -16.997 		-30.832 		22.893
v -14.968 		-34.409 		6.888
v -11.324 		-36.342 		8.704
v -11.348 		-36.336 		8.738
v -11.372 		-36.342 		8.773
v -22.0277 		-26.0998 		16.7742
v -11.395 		-36.358 		8.805
v -15.22 		-34.334 		6.736
v -17.638 		-30.018 		23.886
v -17.638 		-30.505 		23.458
v -17.638 		-30.933 		22.971
v -22.621 		-29.31 		20.91
v -14.887 		-34.258 		6.26
v -22.621 		-29.415 		20.6
v -11.592 		-36.5 		8.966
v -15.448 		-34.269 		6.598
v -11.567 		-36.337 		8.93
v -11.585 		-36.416 		8.957
v -14.755 		-30.062 		21.721
v -15.247 		-30.147 		22.368
v -15.247 		-30.435 		21.936
v -14.592 		-37.829 		8.09
v -13.8 		-33.9429 		14.4294
v -11.217 		-36.5 		8.432
v -23.121 		-27.788 		18.926
v -11.224 		-36.416 		8.441
v -11.243 		-36.337 		8.467
v -14.918 		-37.902 		7.951
v -11.218 		-36.5 		8.234
v -11.227 		-36.374 		8.248
v -15.42 		-37.539 		8.085
v -22.91 		-28.848 		20.448
v -15.23 		-37.97 		7.814
v -11.272 		-36.269 		8.51
v -11.311 		-36.217 		8.565
v -11.356 		-36.185 		8.63
v -11.405 		-36.174 		8.699
v -15.791 		-30.75 		22.118
v -14.026 		-34.625 		5.542
v -15.791 		-31.001 		21.61
v -13.252 		-29.852 		7.405
v -13.279 		-29.792 		6.828
v -14.325 		-34.409 		5.97
v -13.541 		-29.732 		7.203
v -13.803 		-29.792 		7.578
v -11.258 		-36.542 		8.609
v -11.254 		-36.5 		8.604
v -14.755 		-30.266 		21.306
v -13.291 		-29.872 		6.231
v -11.258 		-36.458 		8.609
v -14.244 		-34.558 		5.342
v -11.267 		-36.418 		8.622
v -11.282 		-36.384 		8.644
v -13.551 		-29.684 		6.602
v -11.301 		-36.358 		8.671
v -15.247 		-30.665 		21.471
v -15.247 		-30.832 		20.98
v -14.555 		-34.334 		5.785
v -15.791 		-31.183 		21.074
v -14.443 		-34.5 		5.162
v -13.545 		-29.782 		5.99
v -13.791 		-29.7 		5.759
v -14.762 		-34.269 		5.618
v -16.378 		-31.001 		22.263
v -11.255 		-36.256 		8.288
v -16.378 		-31.268 		21.721
v -11.3 		-36.155 		8.351
v -11.556 		-30.804 		8.102
v -11.358 		-36.078 		8.434
v -11.589 		-30.824 		7.744
v -23.121 		-28.25 		19.618
v -11.703 		-30.671 		7.906
v -23.121 		-28.196 		19.458
v -15.105 		-34.19 		6.108
v 3.039 		-35.983 		23.431
v 3.039 		-35.768 		23.185
v -15.296 		-34.133 		5.974
v -15.456 		-34.085 		5.862
v -11.746 		-30.718 		7.505
v 3.039 		-35.522 		22.97
v -21.335 		-23.168 		20.98
v 2.676 		-35.853 		22.538
v -21.335 		-23.335 		21.471
v -21.827 		-23.585 		20.868
v -11.267 		-31.333 		8.032
v 3.039 		-36.415 		24.306
v -11.304 		-31.176 		8.085
v -21.827 		-23.734 		21.306
v 3.039 		-36.31 		23.996
v -11.363 		-31.042 		8.169
v -11.341 		-31.292 		7.796
v 3.039 		-36.165 		23.703
v -14.944 		-34.213 		5.472
v -11.387 		-31.098 		7.862
v 2.676 		-37.018 		24.556
v -15.098 		-34.167 		5.35
v -11.46 		-30.932 		7.966
v -21.335 		-23.853 		22.368
v 2.676 		-36.94 		24.165
v -21.827 		-23.938 		21.721
v -15.22 		-34.132 		5.252
v -15.2406 		-34.1485 		5.12
v -15.2929 		-34.1107 		5.1946
v -15.2932 		-34.1106 		5.1951
v 2.676 		-36.812 		23.788
v -13.978 		-34.915 		4.962
v -11.304 		-31.824 		8.085
v -14.168 		-34.867 		4.77
v -14.755 		-23.495 		19.492
v -11.267 		-31.667 		8.032
v 2.676 		-36.636 		23.431
v 2.676 		-36.415 		23.1
v -14.755 		-23.464 		19.953
v -11.254 		-31.5 		8.014
v 2.676 		-36.152 		22.801
v -14.755 		-23.495 		20.414
v -11.387 		-31.902 		7.862
v -14.617 		-34.45 		5.005
v -15.247 		-23.033 		19.953
v -11.341 		-31.708 		7.796
v -15.247 		-23.067 		20.471
v -14.764 		-34.409 		4.873
v 2.676 		-35.522 		22.317
v -11.325 		-31.5 		7.773
v -22.621 		-29.479 		20.279
v 2.245 		-37.505 		24.492
v -22.91 		-28.897 		20.203
v 2.245 		-37.415 		24.038
v -11.447 		-31.748 		7.541
v 2.245 		-37.266 		23.6
v -22.91 		-28.913 		19.953
v -11.428 		-31.5 		7.514
v -14.336 		-34.826 		4.603
v -22.91 		-28.897 		19.703
v 1.753 		-37.933 		24.435
v -11.447 		-31.252 		7.541
v -14.477 		-34.792 		4.463
v 1.753 		-37.832 		23.926
v -11.502 		-31.022 		7.619
v -11.582 		-31.786 		7.271
v -14.59 		-34.766 		4.352
v -11.56 		-31.5 		7.24
v -14.6152 		-34.8448 		4.2269
v -14.6567 		-34.7505 		4.2861
v -14.5365 		-35.024 		4.1144
v -14.6572 		-34.7499 		4.2867
v -11.582 		-31.214 		7.271
v 2.245 		-37.062 		23.185
v -14.832 		-34.5164 		4.5364
v -11.645 		-30.947 		7.361
v 2.245 		-36.805 		22.801
v -14.881 		-34.377 		4.768
v -14.8963 		-34.4304 		4.6282
v -14.9509 		-34.3575 		4.7062
v -14.9513 		-34.3572 		4.7068
v -16.997 		-31.183 		22.368
v -16.997 		-31.462 		21.801
v -15.2317 		-34.1549 		5.1073
v 1.753 		-37.665 		23.435
v -17.638 		-31.293 		22.432
v 1.753 		-37.435 		22.97
v -17.638 		-31.58 		21.85
v -12.676 		-30.858 		13.974
v -13.825 		-35.902 		4.28
v -11.743 		-31.824 		6.988
v -12.712 		-30.775 		14.109
v -11.718 		-31.5 		6.953
v 1.753 		-37.147 		22.538
v -13.958 		-35.345 		4.469
v -15.791 		-22.67 		19.953
v -12.75 		-30.698 		14.241
v -11.743 		-31.176 		6.988
v -13.984 		-35.887 		4.101
v -16.378 		-31.462 		21.149
v -14.12 		-35.316 		4.295
v -14.755 		-23.734 		18.6
v -14.755 		-23.585 		19.038
v -16.997 		-31.665 		21.203
v -12.991 		-30.634 		13.913
v -11.835 		-30.576 		8.095
v -15.247 		-23.335 		18.435
v -17.638 		-31.788 		21.236
v -14.257 		-35.293 		4.149
v -11.877 		-30.542 		7.693
v -13.047 		-30.548 		14.033
v -15.247 		-23.168 		18.926
v -12.03 		-30.432 		7.911
v -13.103 		-30.467 		14.151
v -15.247 		-23.067 		19.435
v -12.195 		-30.394 		8.146
v -20.204 		-26.397 		24.533
v -15.791 		-22.817 		18.832
v -20.791 		-25.879 		24.136
v -13.158 		-30.394 		14.263
v -15.791 		-22.707 		19.388
v -12.25 		-30.293 		7.712
v -20.791 		-26.435 		24.246
v -14.5236 		-35.0534 		4.096
v -12.435 		-30.25 		7.977
v -21.335 		-25.973 		23.785
v -21.335 		-26.482 		23.886
v -13.439 		-30.413 		13.915
v -12.695 		-30.111 		7.796
v -14.324 		-23.982 		19.556
v -13.51 		-30.337 		14.016
v -14.324 		-23.956 		19.953
v -14.324 		-23.982 		20.35
v -23.121 		-28.121 		19.306
v -13.578 		-30.268 		14.113
v -13.958 		-37.655 		4.469
v -23.121 		-28.027 		19.165
v -23.121 		-27.915 		19.038
v -13.825 		-37.098 		4.28
v -13.64 		-30.206 		14.202
v -20.204 		-27.603 		24.533
v -20.204 		-27 		24.572
v -13.697 		-30.152 		14.282
v -20.791 		-27 		24.283
v -20.791 		-27.565 		24.246
v -14.12 		-37.684 		4.295
v -16.378 		-22.538 		18.757
v -13.984 		-37.113 		4.101
v -16.378 		-22.42 		19.35
v -22.621 		-26.674 		17.474
v -21.335 		-27 		23.92
v -21.335 		-27.518 		23.886
v -16.378 		-22.381 		19.953
v -13.072 		-30.889 		13.39
v -22.91 		-27.25 		18.056
v -12.836 		-30.927 		13.554
v -14.257 		-37.707 		4.149
v -13.143 		-30.782 		13.491
v -16.997 		-22.335 		18.703
v -12.884 		-30.824 		13.672
v -16.997 		-22.212 		19.323
v -16.997 		-22.17 		19.953
v -13.216 		-30.681 		13.596
v -12.937 		-30.726 		13.792
v -17.638 		-22.212 		18.67
v -14.5236 		-37.9463 		4.096
v -17.638 		-22.085 		19.306
v -13.291 		-30.586 		13.703
v -14.119 		-35.875 		3.951
v -22.91 		-28.848 		19.458
v -14.226 		-35.865 		3.832
v -18.291 		-28.913 		24.572
v -11.429 		-36.582 		8.854
v -22.621 		-29.5 		19.953
v -11.415 		-36.616 		8.833
v -18.291 		-29.5 		24.283
v -11.395 		-36.642 		8.805
v -13.496 		-30.726 		13.4
v -14.366 		-35.274 		4.033
v -11.372 		-36.658 		8.773
v -11.348 		-36.664 		8.738
v -11.324 		-36.658 		8.704
v -18.944 		-28.897 		24.533
v -18.944 		-29.479 		24.246
v -13.591 		-30.634 		13.493
v -22.91 		-28.768 		19.221
v 1.209 		-38.001 		23.296
v -11.498 		-36.783 		8.833
v -14.2895 		-35.8605 		3.7617
v 1.209 		-37.75 		22.788
v -14.2896 		-35.8593 		3.7619
v -14.2808 		-35.976 		3.7493
v -13.685 		-30.548 		13.587
v -14.2754 		-36.048 		3.7416
v -19.585 		-28.848 		24.415
v -11.453 		-36.815 		8.768
v -14.4056 		-35.3718 		3.9275
v -13.366 		-30.496 		13.81
v -14.4314 		-35.2634 		3.9643
v -19.585 		-29.415 		24.136
v -13.776 		-30.467 		13.679
v -13.938 		-36.5 		4.035
v 0.622 		-38.001 		22.643
v -14.071 		-36.5 		3.884
v -11.585 		-36.584 		8.957
v -14.178 		-36.5 		3.764
v -13.307 		-30.927 		13.225
v -11.567 		-36.663 		8.93
v -13.401 		-30.824 		13.31
v -11.537 		-36.731 		8.888
v -20.204 		-28.196 		24.415
v 2.245 		-35.768 		21.891
v -13.756 		-30.858 		13.218
v -20.204 		-28.768 		24.221
v -11.74 		-36.744 		8.98
v -20.791 		-28.121 		24.136
v -14.2845 		-37.072 		3.7545
v -14.2584 		-36.7251 		3.7173
v 1.753 		-35.983 		21.518
v -14.2504 		-36.6182 		3.7059
v -14.2415 		-36.5 		3.6932
v 1.753 		-35.518 		21.288
v -14.366 		-37.726 		4.033
v -12.428 		-31.214 		13.84
v -14.226 		-37.135 		3.832
v -11.695 		-36.845 		8.916
v 1.209 		-35.657 		20.952
v -12.644 		-30.946 		13.84
v -14.119 		-37.125 		3.951
v -11.638 		-36.922 		8.834
v -12.437 		-31.139 		13.985
v -11.57 		-36.971 		8.737
v -12.279 		-31.391 		14.096
v 0.622 		-35.768 		20.685
v -14.4315 		-37.7368 		3.9644
v -14.4314 		-37.7366 		3.9643
v -12.452 		-31.068 		14.131
v -14.3154 		-37.2491 		3.7986
v -14.3096 		-37.225 		3.7904
v 0.003 		-35.848 		20.491
v -11.243 		-36.663 		8.467
v -12.281 		-31.341 		14.251
v -11.224 		-36.584 		8.441
v 2.245 		-36.5 		22.453
v -11.227 		-36.626 		8.248
v 2.245 		-36.152 		22.148
v -12.472 		-31 		14.277
v 1.753 		-36.805 		22.148
v -14.2901 		-37.1427 		3.7625
v -14.2896 		-37.1407 		3.7619
v 1.753 		-36.415 		21.806
v -22.621 		-29.479 		19.627
v -11.928 		-30.616 		7.253
v -14.4724 		-37.8297 		4.0229
v -12.077 		-30.417 		7.465
v -12.213 		-31.741 		13.847
v 1.209 		-37.062 		21.891
v 1.209 		-36.636 		21.518
v -12.296 		-30.297 		7.227
v -12.488 		-30.158 		7.501
v -12.283 		-31.444 		13.941
v -22.193 		-26.2613 		16.9278
v -22.258 		-26.3262 		16.9902
v -22.2584 		-26.3267 		16.9907
v -12.192 		-31.712 		14.005
v -22.096 		-26.1643 		16.8345
v -12.743 		-30.03 		7.281
v -11.301 		-36.642 		8.671
v -11.282 		-36.616 		8.644
v 1.209 		-37.435 		22.317
v -11.267 		-36.582 		8.622
v -12.901 		-30.158 		8.09
v 0.622 		-37.665 		22.141
v -11.356 		-36.815 		8.63
v -12.969 		-29.978 		7.604
v 0.622 		-37.266 		21.687
v -12.179 		-31.685 		14.166
v -11.311 		-36.783 		8.565
v -13.194 		-30.03 		7.926
v -12.173 		-31.659 		14.327
v -11.272 		-36.731 		8.51
v 1.209 		-36.165 		21.203
v 0.622 		-36.812 		21.288
v 0.622 		-36.31 		20.952
v -13.497 		-29.908 		7.755
v -12.572 		-31.337 		13.343
v -13.725 		-30.072 		8.08
v -12.754 		-31.146 		13.336
v -12.58 		-31.234 		13.458
v -11.405 		-36.826 		8.699
v -11.498 		-36.988 		8.634
v 0.003 		-37.832 		22.013
v -11.814 		-30.875 		7.091
v -12.429 		-31.375 		13.563
v 0.003 		-37.415 		21.538
v -22.4028 		-26.5033 		17.1755
v -22.4322 		-26.5393 		17.2132
v -12.005 		-30.806 		6.81
v -23.711 		-26.802 		16.993
v -12.595 		-31.134 		13.58
v -12.131 		-30.518 		6.991
v -0.638 		-37.933 		21.935
v -12.425 		-31.293 		13.699
v -12.213 		-30.739 		6.524
v -12.351 		-30.424 		6.722
v -12.616 		-31.038 		13.708
v -12.532 		-30.182 		6.98
v -1.291 		-37.967 		21.909
v -11.425 		-36.971 		8.53
v -12.434 		-30.676 		6.236
v 0.003 		-36.94 		21.121
v -12.584 		-30.334 		6.45
v 0.003 		-36.415 		20.77
v -12.78 		-30.072 		6.73
v -12.242 		-31.771 		13.694
v -0.638 		-37.505 		21.448
v -0.638 		-37.018 		21.02
v -0.638 		-36.479 		20.66
v -17.638 		-22.043 		19.953
v -12.464 		-31.545 		13.314
v -1.291 		-37.536 		21.417
v -12.38 		-31.679 		13.372
v -12.327 		-31.834 		13.409
v -1.291 		-37.044 		20.986
v -22.582 		-26.7906 		17.408
v -22.6055 		-26.832 		17.4405
v -20.791 		-28.657 		23.954
v -22.621 		-26.8594 		17.4621
v -22.91 		-27.6708 		18.1644
v -22.91 		-27.495 		18.105
v -22.8774 		-27.5471 		18.0529
v -1.291 		-36.5 		20.623
v -22.9102 		-27.672 		18.1654
v -22.8694 		-27.5164 		18.0253
v -22.7924 		-27.2814 		17.8193
v -12.442 		-31.459 		13.434
v -22.7923 		-27.281 		17.8189
v -15.247 		-23.565 		17.97
v -22.8218 		-27.3711 		17.898
v -12.342 		-31.617 		13.504
v -22.7523 		-27.1779 		17.731
v -15.791 		-23.565 		17.317
v -22.6831 		-27 		17.5792
v -12.28 		-31.802 		13.548
v -22.6659 		-26.9611 		17.5468
v -15.791 		-23.25 		17.788
v -22.9196 		-27.7212 		18.2111
v -22.9196 		-27.7212 		18.2111
v -15.791 		-22.999 		18.296
v -22.9342 		-27.8259 		18.3103
v -22.9342 		-27.8262 		18.3106
v -22.9186 		-27.7158 		18.2061
v -12.314 		-31.558 		13.644
v -0.638 		-35.897 		20.373
v -22.5026 		-26.6508 		17.2982
v -22.5513 		-26.7366 		17.3656
v -12.295 		-31.5 		13.79
v -1.291 		-35.913 		20.334
v -14.755 		-23.938 		18.185
v -23.711 		-27.96 		18.151
v -12.7 		-31.379 		13.149
v -15.247 		-23.853 		17.538
v -12.723 		-31.261 		13.237
v 1.209 		-38.293 		24.388
v 1.209 		-38.183 		23.832
v 0.622 		-38.58 		24.35
v 0.622 		-38.462 		23.757
v 0.622 		-38.268 		23.185
v -12.601 		-31.662 		13.058
v -15.791 		-23.938 		16.891
v -12.685 		-31.5 		13.07
v -12.582 		-31.552 		13.142
v -11.358 		-36.922 		8.434
v 0.003 		-38.788 		24.323
v -12.494 		-31.634 		13.204
v -11.3 		-36.845 		8.351
v 0.003 		-38.665 		23.703
v -16.378 		-22.999 		17.643
v -11.255 		-36.744 		8.288
v -16.378 		-22.732 		18.185
v -11.44 		-37.06 		8.279
v -12.573 		-31.443 		13.237
v -0.638 		-38.915 		24.306
v -0.638 		-38.788 		23.67
v -16.997 		-22.817 		17.538
v -1.291 		-38.957 		24.3
v -16.997 		-22.538 		18.105
v -1.291 		-38.83 		23.659
v -11.722 		-37.125 		8.681
v -12.53 		-31.932 		13.056
v -12.535 		-31.724 		13.104
v -11.626 		-37.147 		8.544
v -17.638 		-22.707 		17.474
v -12.484 		-31.805 		13.14
v -11.53 		-37.125 		8.407
v -17.638 		-22.42 		18.056
v -12.452 		-31.899 		13.162
v -11.667 		-37.276 		8.261
v 0.003 		-38.462 		23.105
v 0.003 		-38.183 		22.538
v -0.638 		-38.58 		23.056
v -12.427 		-31.741 		13.251
v -16.378 		-23.734 		16.687
v -16.378 		-23.335 		17.141
v -12.385 		-31.866 		13.28
v -11.777 		-36.5 		9.033
v -11.768 		-36.374 		9.02
v -1.291 		-38.619 		23.04
v -16.997 		-23.585 		16.538
v -16.997 		-23.168 		17.013
v -11.997 		-36.5 		9.074
v -12.761 		-31.61 		12.946
v -17.638 		-23.495 		16.448
v -12.678 		-31.623 		13.004
v -21.335 		-28.027 		23.785
v -17.638 		-23.067 		16.935
v -21.335 		-28.518 		23.618
v -12.669 		-31.887 		12.928
v -12.647 		-31.908 		12.944
v -12.63 		-31.935 		12.956
v -12.682 		-31.748 		12.951
v -20.204 		-29.31 		23.954
v -12.63 		-31.774 		12.987
v -12.586 		-31.815 		13.018
v -12.552 		-31.869 		13.041
v -18.291 		-22 		19.953
v -20.204 		-29.812 		23.618
v -20.791 		-29.165 		23.703
v -18.944 		-22.043 		19.953
v -22.91 		-28.657 		18.996
v -22.8728 		-28.7223 		18.9583
v -22.8599 		-28.7701 		18.996
v -19.585 		-22.17 		19.953
v -22.8302 		-28.88 		19.0827
v -22.91 		-28.5369 		18.8163
v -22.914 		-28.5087 		18.7952
v -22.914 		-28.5086 		18.7952
v -22.9114 		-28.5271 		18.809
v -18.291 		-22.17 		18.659
v -22.9143 		-28.5058 		18.7931
v -22.9327 		-28.3059 		18.6471
v -22.9409 		-28.1099 		18.5071
v -18.291 		-22.043 		19.3
v -22.9409 		-28.1097 		18.507
v -22.9334 		-28.2905 		18.6361
v -22.9408 		-28.0895 		18.4929
v -18.944 		-22.212 		18.67
v -20.791 		-29.636 		23.388
v -22.94 		-28.0022 		18.432
v -18.944 		-22.085 		19.306
v -22.7583 		-29.1076 		19.2656
v -22.8096 		-28.9563 		19.1428
v -21.335 		-28.983 		23.388
v -22.7367 		-29.1712 		19.3172
v -21.335 		-29.415 		23.1
v -18.555 		-37.368 		1.699
v -22.9359 		-27.856 		18.3309
v -22.9393 		-27.914 		18.3704
v -19.585 		-22.335 		18.703
v -22.9382 		-27.8952 		18.3576
v -21.335 		-29.805 		22.758
v -18.555 		-35.71 		1.255
v -23.711 		-29.302 		19.091
v -19.585 		-22.212 		19.323
v -18.555 		-34 		1.105
v -20.291 		-37.42 		1.556
v -12.776 		-31.887 		12.853
v -20.291 		-36.588 		1.294
v -12.75 		-31.874 		12.871
v -12.722 		-31.869 		12.891
v -0.638 		-38.293 		22.474
v -20.291 		-35.736 		1.105
v -12.695 		-31.874 		12.91
v -20.291 		-36.3 		1.2561
v -20.291 		-36.8557 		1.4049
v -1.291 		-38.33 		22.453
v -12.737 		-31.739 		12.912
v -20.204 		-22.381 		19.953
v -11.947 		-36.176 		9.003
v -5.258 		-35.853 		22.538
v -18.291 		-30.044 		23.92
v -11.984 		-36.333 		9.056
v -18.291 		-30.536 		23.489
v -13.008 		-29.908 		7.056
v -18.291 		-30.967 		22.997
v -12.824 		-30.25 		6.179
v -12.247 		-36.5 		9.09
v -3.204 		-38.001 		22.643
v -13.034 		-29.969 		6.479
v -12.792 		-31.034 		13.442
v -18.944 		-30.018 		23.886
v -12.186 		-36.098 		9.002
v -4.335 		-37.933 		24.435
v -18.944 		-30.505 		23.458
v -12.232 		-36.292 		9.067
v -4.335 		-37.832 		23.926
v -18.944 		-30.933 		22.971
v -12.885 		-31.235 		13.124
v -19.585 		-29.94 		23.785
v -11.925 		-31.859 		6.697
v -19.585 		-30.415 		23.368
v -13.129 		-31.146 		13.073
v -4.827 		-37.505 		24.492
v -19.585 		-30.832 		22.893
v -11.898 		-31.5 		6.658
v -12.942 		-31.115 		13.204
v -4.827 		-37.415 		24.038
v -11.925 		-31.141 		6.697
v -12.526 		-36.5 		9.082
v -4.827 		-37.266 		23.6
v -12.507 		-36.252 		9.055
v -13.216 		-31.034 		13.145
v -5.258 		-37.018 		24.556
v -12.125 		-31.894 		6.4
v -13.004 		-31 		13.293
v -5.258 		-36.94 		24.165
v -12.096 		-31.5 		6.357
v -5.258 		-36.812 		23.788
v -20.291 		-34 		0.953
v -12.125 		-31.106 		6.4
v -11.768 		-36.626 		9.02
v -20.4121 		-36.5755 		1.3408
v -20.4107 		-36.5785 		1.3415
v -11.984 		-36.667 		9.056
v -12.972 		-31.379 		12.958
v -12.836 		-31.357 		13.053
v -11.947 		-36.824 		9.003
v -20.791 		-22.67 		19.953
v -11.888 		-36.958 		8.919
v -20.204 		-30.266 		23.219
v -13.199 		-31.337 		12.904
v -20.204 		-30.665 		22.765
v -11.811 		-37.06 		8.809
v -20.791 		-30.062 		23.015
v -13.048 		-31.261 		13.01
v -21.335 		-23.033 		19.953
v -20.791 		-30.435 		22.589
v -16.871 		-42.138 		6.255
v -16.1526 		-41.8479 		6.4223
v -12.232 		-36.708 		9.067
v -16.3988 		-42.138 		6.7739
v -21.335 		-23.067 		20.471
v -12.186 		-36.902 		9.002
v -12.112 		-37.068 		8.897
v -21.827 		-23.495 		19.492
v -21.827 		-23.464 		19.953
v -18.291 		-31.33 		22.453
v -21.827 		-23.495 		20.414
v -18.291 		-31.619 		21.866
v -13.454 		-31.375 		12.846
v -16.4974 		-42.1791 		6.7536
v -16.5058 		-42.192 		6.7721
v -16.4976 		-42.1793 		6.7538
v -16.498 		-42.1798 		6.7544
v -13.304 		-31.234 		12.951
v -16.5018 		-42.1842 		6.7599
v -16.5028 		-42.1855 		6.7614
v -16.5084 		-42.192 		6.7692
v -13.583 		-31.293 		12.888
v -18.944 		-31.293 		22.432
v -12.507 		-36.748 		9.055
v -18.944 		-31.58 		21.85
v -13.414 		-31.134 		13.007
v -12.452 		-36.978 		8.977
v -20.204 		-22.538 		18.757
v -19.585 		-31.183 		22.368
v -20.204 		-22.42 		19.35
v -13.715 		-31.214 		12.939
v -20.791 		-22.817 		18.832
v -19.585 		-31.462 		21.801
v -12.744 		-37.053 		8.93
v -20.791 		-22.707 		19.388
v -13.527 		-31.038 		13.071
v -12.829 		-36.5 		9.052
v -12.807 		-36.214 		9.021
v -18.291 		-31.83 		21.247
v -21.335 		-23.335 		18.435
v -21.335 		-23.168 		18.926
v -13.152 		-36.5 		9.001
v -21.335 		-23.067 		19.435
v -13.128 		-36.176 		8.966
v -13.641 		-30.946 		13.142
v -17.2465 		-38.5949 		7.9845
v -18.944 		-31.788 		21.236
v -17.3035 		-38.608 		8.0659
v -17.187 		-38.5812 		7.8995
v -21.827 		-23.734 		18.6
v -17.222 		-38.671 		8.149
v -17.287 		-38.634 		8.116
v -21.827 		-23.585 		19.038
v -19.585 		-31.665 		21.203
v -13.491 		-36.5 		8.933
v -13.464 		-36.141 		8.895
v -12.921 		-31.662 		12.834
v -12.844 		-31.623 		12.888
v -20.204 		-31.001 		22.263
v -11.363 		-31.958 		8.169
v -20.204 		-31.268 		21.721
v -11.556 		-32.196 		8.102
v -13.006 		-31.552 		12.845
v -20.791 		-30.75 		22.118
v -20.791 		-31.001 		21.61
v -11.46 		-32.068 		7.966
v -12.904 		-31.5 		12.917
v -12.807 		-36.786 		9.021
v -21.335 		-30.147 		22.368
v -13.128 		-36.824 		8.966
v -12.794 		-31.482 		12.994
v -21.335 		-30.435 		21.936
v -13.099 		-31.443 		12.869
v -13.464 		-36.859 		8.895
v -11.703 		-32.329 		7.906
v -11.589 		-32.176 		7.744
v -11.502 		-31.978 		7.619
v -11.746 		-32.282 		7.505
v -11.645 		-32.053 		7.361
v -12.815 		-31.935 		12.826
v -12.017 		-37.196 		8.761
v -22.5092 		-29.645 		19.6051
v -22.3437 		-29.904 		19.7746
v -12.798 		-31.908 		12.838
v -22.538 		-29.5948 		19.5733
v -11.906 		-37.276 		8.602
v -12.888 		-31.815 		12.806
v -12.844 		-31.774 		12.837
v -4.827 		-37.062 		23.185
v -11.786 		-37.304 		8.432
v -22.621 		-29.4499 		19.4813
v -4.827 		-36.805 		22.801
v -22.6392 		-29.4072 		19.456
v -12.792 		-31.748 		12.873
v -22.7126 		-29.2353 		19.3542
v -11.835 		-32.424 		8.095
v -12.251 		-37.329 		8.69
v -12.195 		-32.606 		8.146
v -21.335 		-30.665 		21.471
v -21.335 		-30.832 		20.98
v -5.258 		-36.636 		23.431
v -12.119 		-37.424 		8.501
v -12.03 		-32.568 		7.911
v -5.258 		-36.415 		23.1
v -11.877 		-32.458 		7.693
v -5.258 		-36.152 		22.801
v -11.977 		-37.457 		8.298
v -12.435 		-32.75 		7.977
v -13.094 		-31.634 		12.784
v -20.204 		-31.462 		21.149
v -12.25 		-32.707 		7.712
v -13.292 		-31.679 		12.734
v -20.791 		-31.183 		21.074
v -13.208 		-31.545 		12.792
v -3.791 		-38.001 		23.296
v -12.695 		-32.889 		7.796
v -3.791 		-37.75 		22.788
v -11.291 		-34 		33.453
v -11.291 		-34.574 		33.339
v -4.335 		-37.665 		23.435
v -12.944 		-31.932 		12.767
v -12.922 		-31.869 		12.782
v -11.291 		-35.061 		33.014
v -4.335 		-37.435 		22.97
v -13.07 		-31.899 		12.73
v -4.335 		-37.147 		22.538
v -12.077 		-32.583 		7.465
v -11.291 		-32.939 		33.014
v -13.038 		-31.805 		12.752
v -11.928 		-32.384 		7.253
v -12.987 		-31.724 		12.788
v -25.291 		-27.366 		16.52
v -25.291 		-28.433 		17.587
v -13.204 		-31.866 		12.707
v -11.291 		-33.426 		33.339
v -25.291 		-29.67 		18.453
v -13.161 		-31.741 		12.736
v -2.585 		-35.848 		20.491
v -3.204 		-35.768 		20.685
v -12.488 		-32.842 		7.501
v -13.979 		-34.574 		32.985
v -14.009 		-34 		33.095
v -12.365 		-37.176 		8.852
v -12.296 		-32.703 		7.227
v -12.643 		-37.282 		8.786
v -13.979 		-33.426 		32.985
v -12.512 		-37.458 		8.599
v -26.719 		-29.076 		16.821
v -27.1967 		-29.3831 		16.455
v -12.359 		-37.568 		8.38
v -27.1673 		-29.6982 		16.7115
v -11.291 		-32.939 		30.892
v -22.258 		-29.94 		20.741
v -12.743 		-32.97 		7.281
v -11.291 		-32.614 		31.379
v -22.258 		-30.018 		20.35
v -11.291 		-32.5 		31.953
v -22.258 		-30.044 		19.953
v -12.621 		-37.707 		8.242
v -12.901 		-32.842 		8.09
v -11.291 		-32.614 		32.527
v -4.335 		-35.983 		21.518
v -22.027 		-30.301 		20.0528
v -13.194 		-32.97 		7.926
v -4.827 		-35.768 		21.891
v -13.345 		-31.834 		12.697
v -11.291 		-35.386 		32.527
v -13.725 		-32.928 		8.08
v -22.027 		-30.632 		20.207
v -13.491 		-31.802 		12.7
v -22.0279 		-30.3 		20.0521
v -11.291 		-35.5 		31.953
v -13.428 		-31.617 		12.744
v -5.258 		-35.522 		22.317
v -13.329 		-31.459 		12.813
v -22.027 		-32.29 		20.651
v -11.291 		-35.386 		31.379
v -22.1515 		-30.1655 		19.953
v -22.258 		-30.0381 		19.8623
v -13.642 		-31.771 		12.714
v -11.291 		-35.061 		30.892
v -3.791 		-35.657 		20.952
v -12.969 		-33.022 		7.604
v -23.711 		-30.786 		19.783
v -13.497 		-33.092 		7.755
v -4.335 		-35.518 		21.288
v -13.569 		-31.558 		12.765
v -13.472 		-32.614 		31.092
v -13.252 		-33.148 		7.405
v -23.711 		-32.368 		20.207
v -1.944 		-37.933 		21.935
v -13.62 		-32.5 		31.646
v -13.803 		-33.208 		7.578
v -13.769 		-32.614 		32.201
v -25.291 		-31.038 		19.091
v -13.795 		-31.741 		12.739
v -2.585 		-37.832 		22.013
v -13.541 		-33.268 		7.203
v -25.291 		-32.496 		19.482
v -2.585 		-37.415 		21.538
v -13.714 		-31.5 		12.797
v -3.204 		-37.665 		22.141
v -17.3247 		-38.6129 		8.0962
v -17.3248 		-38.6129 		8.0964
v -3.204 		-37.266 		21.687
v -13.769 		-35.386 		32.201
v -12.213 		-32.259 		13.847
v -12.185 		-32 		13.867
v -1.944 		-37.505 		21.448
v -26.719 		-30.17 		17.587
v -18.291 		-22.67 		17.453
v -13.62 		-35.5 		31.646
v -1.944 		-37.018 		21.02
v -12.192 		-32.288 		14.005
v -12.161 		-32 		14.027
v -18.291 		-22.381 		18.04
v -1.944 		-36.479 		20.66
v -17.3398 		-38.6238 		8.1178
v -26.719 		-31.38 		18.151
v -12.145 		-32 		14.189
v -12.179 		-32.315 		14.166
v -18.944 		-22.707 		17.474
v -18.944 		-22.42 		18.056
v -13.056 		-37.125 		8.864
v -15.659 		-39.538 		7.967
v -12.942 		-37.384 		8.701
v -19.585 		-22.817 		17.538
v -15.813 		-39.427 		8.187
v -12.794 		-37.583 		8.489
v -19.585 		-22.538 		18.105
v -26.719 		-32.67 		18.497
v -12.173 		-32.341 		14.327
v -13.385 		-37.194 		8.781
v -15.73 		-39.446 		7.853
v -13.258 		-37.482 		8.6
v -13.093 		-37.703 		8.365
v -27.105 		-30.363 		17.2527
v -27.1049 		-30.3628 		17.2527
v -18.291 		-23.464 		16.417
v -13.725 		-37.261 		8.683
v -27.1181 		-30.2241 		17.1396
v -18.291 		-23.033 		16.909
v -15.806 		-39.358 		7.738
v -13.586 		-37.576 		8.485
v -12.283 		-32.556 		13.941
v -18.944 		-23.495 		16.448
v -27.1962 		-31.5434 		17.7025
v -27.1322 		-30.7173 		17.3878
v -13.405 		-37.818 		8.227
v -12.428 		-32.786 		13.84
v -18.944 		-23.067 		16.935
v -19.585 		-23.585 		16.538
v -27.058 		-32.1124 		17.9976
v -2.585 		-36.94 		21.121
v -12.279 		-32.609 		14.096
v -27.1963 		-32.7529 		18.0266
v -27.097 		-31.9524 		17.9144
v -12.437 		-32.861 		13.985
v -27.1177 		-31.8668 		17.8701
v -13.472 		-35.386 		31.092
v -27.1173 		-33.8232 		18.1993
v -27.167 		-33.1537 		18.0912
v -11.814 		-32.125 		7.091
v -12.281 		-32.659 		14.251
v -12.452 		-32.932 		14.131
v -15.539 		-39.734 		8.19
v -12.131 		-32.482 		6.991
v -13.17 		-38.951 		20.502
v -13.17 		-39.04 		20.765
v -15.595 		-39.634 		8.08
v -12.005 		-32.194 		6.81
v -15.247 		-42.027 		16.121
v -15.527 		-39.714 		7.779
v -12.532 		-32.818 		6.98
v -12.519 		-40.006 		20.527
v -12.351 		-32.576 		6.722
v -12.258 		-32 		13.563
v -12.519 		-40.089 		20.652
v -12.242 		-32.229 		13.694
v -19.585 		-23.168 		17.013
v -12.217 		-32 		13.712
v -12.693 		-39.614 		20.527
v -13.863 		-39.868 		15.877
v -12.693 		-39.701 		20.703
v -15.247 		-41.518 		16.02
v -12.693 		-39.81 		20.866
v -12.327 		-32.166 		13.409
v -20.204 		-23.734 		16.687
v -15.585 		-39.639 		7.646
v -20.204 		-23.335 		17.141
v -12.309 		-32 		13.422
v -12.38 		-32.321 		13.372
v -20.204 		-22.999 		17.643
v -20.204 		-22.732 		18.185
v -15.529 		-39.841 		7.342
v -12.464 		-32.455 		13.314
v -13.863 		-40.634 		14.783
v -15.649 		-39.568 		7.514
v -12.78 		-32.928 		6.73
v -12.911 		-39.313 		20.652
v -15.589 		-39.793 		7.2
v -12.911 		-39.418 		20.866
v -12.28 		-32.198 		13.548
v -15.717 		-39.5 		7.384
v -12.342 		-32.383 		13.504
v -12.213 		-32.261 		6.524
v -2.585 		-36.415 		20.77
v -12.584 		-32.666 		6.45
v -15.788 		-39.437 		7.257
v -12.434 		-32.324 		6.236
v -12.393 		-40.451 		20.502
v -13.863 		-40.8194 		14.3853
v -12.393 		-40.527 		20.569
v -12.314 		-32.442 		13.644
v -12.393 		-40.612 		20.625
v -3.204 		-36.812 		21.288
v -3.204 		-36.31 		20.952
v -12.519 		-40.188 		20.765
v -12.824 		-32.75 		6.179
v -11.291 		-34.574 		30.567
v -12.519 		-40.301 		20.864
v -12.295 		-32.5 		13.79
v -3.791 		-37.435 		22.317
v -11.291 		-34 		30.453
v -13.008 		-33.092 		7.056
v -12.519 		-40.426 		20.947
v -3.791 		-37.062 		21.891
v -12.425 		-32.707 		13.699
v -13.279 		-33.208 		6.828
v -11.291 		-33.426 		30.567
v -3.791 		-36.636 		21.518
v -13.034 		-33.031 		6.479
v -12.595 		-32.866 		13.58
v -13.346 		-35.061 		30.622
v -3.791 		-36.165 		21.203
v -13.262 		-34.574 		30.308
v -13.551 		-33.316 		6.602
v -12.616 		-32.962 		13.708
v -12.393 		-41.101 		20.723
v -13.232 		-34 		30.197
v -4.335 		-36.805 		22.148
v -12.393 		-41 		20.729
v -13.291 		-33.128 		6.231
v -4.335 		-36.415 		21.806
v -13.262 		-33.426 		30.308
v -12.393 		-40.703 		20.67
v -12.442 		-32.541 		13.434
v -13.346 		-32.939 		30.622
v -12.393 		-40.799 		20.703
v -12.572 		-32.663 		13.343
v -12.393 		-40.899 		20.723
v -4.827 		-36.5 		22.453
v -12.663 		-30.616 		5.949
v -15.791 		-32.5 		30.747
v -4.827 		-36.152 		22.148
v -12.896 		-30.56 		5.667
v -12.429 		-32.625 		13.563
v -13.067 		-30.171 		5.912
v -12.58 		-32.766 		13.458
v -12.754 		-32.854 		13.336
v -13.895 		-32.939 		32.671
v -13.128 		-30.508 		5.395
v -20.791 		-23.565 		17.317
v -1.944 		-35.897 		20.373
v -20.791 		-23.25 		17.788
v -13.309 		-30.098 		5.653
v -12.393 		-41.201 		20.703
v -20.791 		-22.999 		18.296
v -12.393 		-41.297 		20.67
v -13.355 		-30.461 		5.136
v -13.895 		-35.061 		32.671
v -12.523 		-32 		13.061
v -12.53 		-32.068 		13.056
v -12.393 		-41.388 		20.625
v -13.544 		-30.03 		5.406
v -21.335 		-23.565 		17.97
v -12.393 		-41.473 		20.569
v -12.441 		-32 		13.17
v -12.452 		-32.101 		13.162
v -14.8982 		-40.4233 		16.3431
v -14.898 		-40.4229 		16.3434
v -14.8842 		-40.3904 		16.3622
v -14.8681 		-40.3527 		16.384
v -15.791 		-35.5 		30.747
v -12.393 		-41.549 		20.502
v -15.791 		-42.121 		15.77
v -12.484 		-32.195 		13.14
v -13.769 		-29.969 		5.175
v -21.335 		-23.853 		17.538
v -21.827 		-23.938 		18.185
v -12.37 		-32 		13.29
v -12.385 		-32.134 		13.28
v -12.519 		-41.574 		20.947
v -16.541 		-34 		32.046
v -16.484 		-34.574 		31.947
v -1.944 		-38.915 		24.306
v -16.321 		-35.061 		31.666
v -1.944 		-38.788 		23.67
v -20.791 		-23.938 		16.891
v -16.078 		-35.386 		31.244
v -2.585 		-38.788 		24.323
v -2.585 		-38.665 		23.703
v -12.519 		-41.699 		20.864
v -16.078 		-32.614 		31.244
v -12.519 		-41.812 		20.765
v -3.204 		-38.58 		24.35
v -16.321 		-32.939 		31.666
v -12.519 		-41.911 		20.652
v -3.204 		-38.462 		23.757
v -16.484 		-33.426 		31.947
v -12.519 		-41.994 		20.527
v -22.258 		-23.982 		19.556
v -15.247 		-41 		15.986
v -22.258 		-23.956 		19.953
v -14.9525 		-40.5164 		16.2762
v -14.9523 		-40.5161 		16.2764
v -1.944 		-38.58 		23.056
v -15.0589 		-40.6801 		16.1718
v -12.693 		-42.19 		20.866
v -15.247 		-40.9689 		15.988
v -22.258 		-23.982 		20.35
v -15.098 		-33.426 		29.547
v -15.041 		-34 		29.448
v -12.339 		-31.927 		6.101
v -2.585 		-38.462 		23.105
v -12.307 		-31.5 		6.055
v -15.291 		-41.0271 		15.9584
v -15.2695 		-41 		15.971
v -2.585 		-38.183 		22.538
v -15.261 		-32.939 		29.829
v -15.2598 		-40.9867 		15.9783
v -3.204 		-38.268 		23.185
v -12.693 		-42.299 		20.703
v -12.339 		-31.073 		6.101
v -15.504 		-32.614 		30.25
v -12.693 		-42.386 		20.527
v -15.291 		-41.5 		15.283
v -12.527 		-31.5 		5.755
v -12.562 		-31.042 		5.804
v -15.504 		-35.386 		30.25
v -12.752 		-31.5 		5.461
v -15.2912 		-41.0274 		15.9583
v -12.911 		-42.582 		20.866
v -15.261 		-35.061 		29.829
v -12.911 		-42.687 		20.652
v -17.638 		-23.982 		16.02
v -15.098 		-34.574 		29.547
v -13.17 		-42.96 		20.765
v -12.535 		-32.276 		13.104
v -15.291 		-42.138 		13.915
v -14.7275 		-41.7671 		13.7801
v -13.17 		-43.049 		20.502
v -12.601 		-32.338 		13.058
v -17.249 		-32.614 		28.911
v -15.507 		-40.134 		7.084
v -12.427 		-32.259 		13.251
v -15.791 		-41.565 		15.66
v -17.655 		-32.5 		29.317
v -12.494 		-32.366 		13.204
v -15.565 		-40.111 		6.938
v -3.791 		-38.293 		24.388
v -15.791 		-41.5215 		15.6572
v -15.5223 		-41.2558 		15.8191
v -3.791 		-38.183 		23.832
v -12.582 		-32.448 		13.142
v -15.651 		-39.748 		7.061
v -15.7915 		-41.5219 		15.657
v -15.8453 		-41.5689 		15.6335
v -15.8449 		-41.5685 		15.6337
v -15.624 		-40.089 		6.799
v -15.856 		-41.5774 		15.6299
v -15.8147 		-41.5422 		15.6468
v -16.1439 		-41.8096 		15.5313
v -17.655 		-35.5 		29.317
v -15.715 		-39.707 		6.929
v -16.2306 		-41.8794 		15.5018
v -16.2301 		-41.879 		15.502
v -1.944 		-38.293 		22.474
v -17.249 		-35.386 		28.911
v -15.683 		-40.07 		6.668
v -15.778 		-39.669 		6.804
v -12.615 		-32 		12.966
v -12.619 		-32.034 		12.963
v -5.91 		-35.848 		24.458
v -12.63 		-32.065 		12.956
v -12.647 		-32.092 		12.944
v -5.91 		-35.768 		24.221
v -5.91 		-35.657 		23.996
v -5.91 		-35.518 		23.788
v -12.669 		-32.113 		12.928
v -15.84 		-39.634 		6.687
v -16.378 		-41.98 		15.448
v -12.619 		-31.966 		12.963
v -16.5191 		-42.067 		15.4167
v -18.061 		-32.614 		29.723
v -18.291 		-23.956 		15.986
v -18.944 		-23.982 		16.02
v -12.552 		-32.131 		13.041
v -18.405 		-32.939 		30.067
v -12.586 		-32.185 		13.018
v -15.741 		-40.052 		6.546
v -18.635 		-33.426 		30.297
v -15.796 		-40.036 		6.435
v -18.716 		-34 		30.378
v -24.686 		-23.597 		14.37
v -18.635 		-34.574 		30.297
v -15.847 		-40.022 		6.335
v -14.197 		-34.134 		14.126
v -18.405 		-35.061 		30.067
v -25.043 		-23.391 		14.636
v -18.061 		-35.386 		29.723
v -14.2114 		-34.1236 		14.1414
v -25.421 		-23.173 		14.86
v -14.2114 		-34.1236 		14.1414
v -25.816 		-22.945 		15.041
v -14.2055 		-34.1227 		14.1455
v -12.717 		-32 		12.884
v -16.175 		-39.048 		7.809
v -14.2114 		-34.1236 		14.1414
v -14.2027 		-34.1222 		14.1475
v -17.885 		-33.426 		26.76
v -16.675 		-33.426 		28.337
v -16.594 		-34 		28.256
v -17.786 		-34 		26.703
v -16.905 		-32.939 		28.567
v -24.047 		-23.966 		13.724
v -5.621 		-35.983 		23.431
v -14.2115 		-34.1237 		14.1413
v -5.621 		-35.768 		23.185
v -14.2991 		-34.1678 		14.08
v -14.0616 		-34.0994 		14.2463
v -5.621 		-35.522 		22.97
v -24.353 		-23.79 		14.065
v -13.945 		-34.327 		13.855
v -13.17 		-38.897 		20.23
v -12.788 		-31.014 		5.514
v -12.976 		-31.5 		5.177
v -14.02 		-34.267 		13.935
v -16.905 		-35.061 		28.567
v -17.885 		-34.574 		26.76
v -13.015 		-30.987 		5.233
v -13.17 		-38.897 		19.676
v -13.17 		-38.879 		19.953
v -28.328 		-21.494 		15.136
v -26.224 		-22.709 		15.175
v -26.724 		-23.575 		15.175
v -13.195 		-31.5 		4.908
v -5.621 		-36.415 		24.306
v -26.643 		-22.467 		15.263
v -27.143 		-23.334 		15.263
v -12.519 		-39.862 		20.103
v -5.621 		-36.31 		23.996
v -13.236 		-30.962 		4.966
v -12.519 		-39.891 		20.25
v -14.088 		-34.215 		14.008
v -5.621 		-36.165 		23.703
v -13.405 		-31.5 		4.655
v -27.566 		-23.089 		15.303
v -12.519 		-39.939 		20.392
v -27.066 		-22.223 		15.303
v -13.447 		-30.94 		4.716
v -27.991 		-22.844 		15.295
v -13.571 		-30.417 		4.893
v -27.491 		-21.978 		15.295
v -28.413 		-22.6 		15.239
v -27.913 		-21.734 		15.239
v -14.148 		-34.171 		14.072
v -13.601 		-31.5 		4.424
v -28.828 		-22.36 		15.136
v -13.645 		-30.92 		4.486
v 2.676 		-31.585 		26.806
v -12.693 		-39.513 		20.149
v -13.774 		-30.379 		4.67
v 2.676 		-31.848 		27.105
v -12.693 		-39.551 		20.341
v -13.78 		-31.5 		4.216
v 2.676 		-32.835 		27.765
v 2.676 		-33.212 		27.893
v -14.32 		-34.1784 		14.0654
v 2.676 		-33.603 		27.971
v 2.676 		-34 		27.997
v -14.579 		-34.327 		13.858
v -12.663 		-32.384 		5.949
v -12.562 		-31.958 		5.804
v -16.128 		-39.06 		7.302
v -16.675 		-34.574 		28.337
v -12.695 		-32.126 		12.91
v -12.722 		-32.131 		12.891
v -14.5956 		-34.3174 		13.8724
v -12.75 		-32.126 		12.871
v -14.5959 		-34.3176 		13.8722
v -12.776 		-32.113 		12.853
v -14.4546 		-34.2462 		13.9711
v -14.4139 		-34.2257 		13.9997
v -12.519 		-39.939 		19.514
v -14.5962 		-34.318 		13.872
v -12.519 		-39.891 		19.656
v -16.204 		-39 		7.207
v -14.6647 		-34.3822 		13.824
v -18.167 		-32.939 		26.923
v -12.63 		-32.226 		12.987
v -15.898 		-39.324 		8.093
v -12.519 		-39.862 		19.803
v -12.682 		-32.252 		12.951
v -12.737 		-32.261 		12.912
v -15.988 		-39.226 		7.998
v -18.588 		-32.614 		27.166
v -13.863 		-34.394 		13.77
v -12.519 		-39.852 		19.953
v -19.085 		-32.5 		27.453
v -12.693 		-39.551 		19.565
v 3.039 		-32.232 		26.721
v -12.693 		-39.513 		19.757
v 3.039 		-32.478 		26.936
v -19.582 		-32.614 		27.74
v -16.081 		-39.134 		7.903
v -12.693 		-39.5 		19.953
v 3.039 		-32.75 		27.118
v -12.678 		-32.377 		13.004
v -12.761 		-32.39 		12.946
v 2.676 		-32.147 		27.368
v 2.676 		-32.478 		27.589
v -15.885 		-39.275 		7.624
v -19.582 		-35.386 		27.74
v -12.911 		-39.236 		19.48
v -12.911 		-39.189 		19.715
v -15.967 		-39.198 		7.512
v -19.085 		-35.5 		27.453
v -12.911 		-39.174 		19.953
v -16.048 		-39.126 		7.405
v -12.911 		-39.189 		20.191
v 3.328 		-33.268 		26.721
v -18.588 		-35.386 		27.166
v 3.328 		-33.505 		26.801
v 3.328 		-33.75 		26.85
v -12.911 		-39.236 		20.426
v -18.167 		-35.061 		26.923
v -12.685 		-32.5 		13.07
v 3.328 		-34 		26.866
v -12.573 		-32.557 		13.237
v 3.039 		-33.043 		27.263
v -20.285 		-34.574 		28.146
v 3.039 		-33.353 		27.368
v -12.7 		-32.621 		13.149
v -20.384 		-34 		28.203
v 3.039 		-33.674 		27.432
v -20.004 		-35.061 		27.983
v -13.067 		-32.829 		5.912
v 3.039 		-34 		27.453
v -12.896 		-32.44 		5.667
v -13.17 		-39.04 		19.141
v -12.788 		-31.986 		5.514
v -16.3162 		-39.02 		6.656
v -20.004 		-32.939 		27.983
v -16.3311 		-39 		6.6773
v -13.17 		-38.951 		19.404
v -16.2424 		-39.1187 		6.5506
v -16.2423 		-39.119 		6.5505
v 3.039 		-31.585 		25.6
v 3.039 		-31.69 		25.91
v -16.2419 		-39.12 		6.5499
v -13.309 		-32.902 		5.653
v -20.285 		-33.426 		28.146
v -15.859 		-39.378 		7.135
v -13.128 		-32.492 		5.395
v 3.039 		-31.835 		26.203
v -15.93 		-39.324 		7.02
v 2.676 		-31.06 		25.741
v -12.519 		-40.089 		19.254
v 2.676 		-31.188 		26.118
v -12.723 		-32.739 		13.237
v -12.519 		-40.006 		19.379
v -15.998 		-39.275 		6.913
v -18.535 		-34 		24.894
v 2.676 		-31.364 		26.475
v -18.646 		-33.426 		24.924
v -12.693 		-40.087 		18.763
v -12.693 		-39.939 		18.892
v -18.96 		-32.939 		25.008
v -16.062 		-39.232 		6.815
v -12.792 		-32.966 		13.442
v -12.693 		-39.81 		19.04
v -13.015 		-32.013 		5.233
v -19.43 		-32.614 		25.134
v -16.121 		-39.193 		6.727
v -12.693 		-39.701 		19.203
v 3.039 		-31.521 		24.627
v -13.544 		-32.97 		5.406
v -12.693 		-39.614 		19.379
v 3.039 		-31.5 		24.953
v -13.355 		-32.539 		5.136
v 3.039 		-31.521 		25.279
v -19.43 		-35.386 		25.134
v -18.96 		-35.061 		25.008
v 2.676 		-30.956 		24.953
v -15.899 		-39.603 		6.581
v 2.676 		-30.982 		25.35
v -18.646 		-34.574 		24.924
v -15.952 		-39.576 		6.487
v -13.545 		-33.218 		5.99
v -19.984 		-32.5 		25.282
v -12.911 		-39.418 		19.04
v -20.539 		-32.614 		25.431
v -13.791 		-33.3 		5.759
v 3.539 		-32.879 		25.6
v 3.539 		-32.973 		25.741
v -21.009 		-32.939 		25.557
v -14.287 		-34.5 		13.616
v -13.769 		-33.031 		5.175
v 3.328 		-32.232 		25.685
v -21.323 		-33.426 		25.641
v 3.328 		-32.343 		25.91
v -13.236 		-32.038 		4.966
v -12.911 		-39.313 		19.254
v 3.328 		-32.482 		26.118
v -21.433 		-34 		25.671
v -13.571 		-32.583 		4.893
v 3.328 		-32.647 		26.306
v -21.323 		-34.574 		25.641
v -13.447 		-32.06 		4.716
v 3.328 		-32.835 		26.471
v -14.375 		-34.447 		13.687
v -21.009 		-35.061 		25.557
v -14.453 		-34.4 		13.752
v -12.911 		-39.888 		18.504
v -20.539 		-35.386 		25.431
v -13.774 		-32.621 		4.67
v -13.645 		-32.08 		4.486
v -12.911 		-39.709 		18.662
v 3.039 		-32.017 		26.475
v -19.984 		-35.5 		25.282
v -12.911 		-39.551 		18.841
v -14.522 		-34.36 		13.81
v -13.17 		-39.5 		18.453
v -18.905 		-33.426 		22.953
v -13.17 		-39.317 		18.662
v -18.791 		-34 		22.953
v -19.23 		-32.939 		22.953
v 3.666 		-33.915 		25.6
v 3.666 		-34 		25.606
v -16.537 		-25.768 		6.81
v -16.531 		-25.772 		6.817
v -13.17 		-39.163 		18.892
v -16.5279 		-25.774 		6.8207
v -16.5198 		-25.7865 		6.8029
v -14.8031 		-34.512 		13.7271
v -19.717 		-32.614 		22.953
v -16.5174 		-25.7902 		6.7975
v -16.5058 		-25.808 		6.7721
v -13.982 		-34.698 		13.379
v -16.528 		-25.7739 		6.8208
v -19.717 		-35.386 		22.953
v -12.911 		-40.087 		18.371
v -14.089 		-34.626 		13.46
v -16.5293 		-25.773 		6.8213
v -13.17 		-39.939 		18.116
v -19.23 		-35.061 		22.953
v -16.5509 		-25.7579 		6.83
v -16.536 		-25.7684 		6.8239
v -13.17 		-39.709 		18.27
v -16.5509 		-25.758 		6.8299
v 3.539 		-33.505 		26.149
v -16.5358 		-25.7686 		6.8238
v -16.5507 		-25.7582 		6.8296
v -18.905 		-34.574 		22.953
v -14.192 		-34.56 		13.54
v 3.539 		-33.665 		26.203
v -16.5492 		-25.7599 		6.8275
v -16.5084 		-25.808 		6.7693
v -16.5385 		-25.7726 		6.8122
v -16.871 		-25.3056 		7.4483
v 3.539 		-33.831 		26.236
v -16.4446 		-25.808 		6.8393
v -20.291 		-32.5 		22.953
v 3.539 		-34 		26.247
v -20.865 		-32.614 		22.953
v -12.393 		-40.283 		20.25
v -12.393 		-40.328 		20.341
v 3.328 		-33.043 		26.61
v -21.352 		-32.939 		22.953
v -12.393 		-40.384 		20.426
v -14.474 		-34.824 		13.342
v -18.555 		-25.471 		6.029
v -21.677 		-33.426 		22.953
v -14.581 		-34.775 		13.41
v -16 		-39.553 		6.404
v -21.791 		-34 		22.953
v -21.677 		-34.574 		22.953
v -16.173 		-39.161 		6.651
v -14.679 		-34.732 		13.474
v -21.352 		-35.061 		22.953
v -12.798 		-32.092 		12.838
v -12.815 		-32.065 		12.826
v -12.317 		-40.612 		20.004
v -12.317 		-40.622 		20.054
v -12.317 		-40.638 		20.103
v -20.865 		-35.386 		22.953
v -16.217 		-39.134 		6.587
v -18.555 		-24.746 		7.585
v -12.393 		-40.23 		20.054
v -16.137 		-39.3584 		6.4
v -16.1946 		-39.2275 		6.4823
v -12.393 		-40.25 		20.154
v -17.0623 		-25.1218 		7.7215
v -14.767 		-34.693 		13.533
v -20.291 		-25.34 		5.953
v -20.291 		-24.603 		7.533
v -16.041 		-39.534 		6.336
v -20.291 		-24.4519 		8.0973
v -16.0385 		-39.632 		6.2594
v -16.0644 		-39.523 		6.2964
v -16.0649 		-39.5219 		6.2971
v 3.539 		-33.085 		25.868
v 3.539 		-33.212 		25.98
v -12.317 		-40.723 		20.23
v -12.826 		-32.034 		12.818
v -14.832 		-34.5391 		13.7069
v -12.317 		-40.762 		20.264
v -14.8042 		-34.513 		13.7264
v -12.829 		-32 		12.816
v -12.317 		-40.804 		20.292
v -12.826 		-31.966 		12.818
v -12.317 		-40.85 		20.315
v -17.222 		-25.671 		8.149
v -15.892 		-40.01 		6.249
v -12.317 		-40.899 		20.331
v -17.287 		-25.634 		8.116
v -15.93 		-40 		6.178
v -14.11 		-35 		13.129
v -12.888 		-32.185 		12.806
v -13.87 		-34.775 		13.297
v 3.539 		-33.353 		26.074
v -14.237 		-34.937 		13.2
v -12.317 		-41 		20.345
v -12.317 		-41.051 		20.341
v -17.3247 		-25.6129 		8.0962
v -17.3248 		-25.6129 		8.0964
v -12.317 		-41.101 		20.331
v -12.317 		-41.15 		20.315
v -17.3398 		-25.6238 		8.1178
v -16.035 		-39.6469 		6.2543
v -17.2465 		-25.5949 		7.9845
v -15.9577 		-39.9724 		6.144
v -12.317 		-40.949 		20.341
v -17.2125 		-25.5871 		7.936
v -17.3918 		-25.6613 		8.192
v -14.359 		-34.878 		13.271
v -15.529 		-41.159 		7.342
v -17.187 		-25.5812 		7.8995
v -16.701 		-25.768 		7.916
v -16.79 		-25.706 		7.854
v -15.539 		-41.266 		8.19
v -16.87 		-25.652 		7.797
v -12.317 		-40.661 		20.149
v -15.595 		-41.366 		8.08
v -12.317 		-40.689 		20.191
v -15.813 		-41.573 		8.187
v -12.792 		-32.252 		12.873
v -16.523 		-25.767 		7.474
v -14.843 		-34.661 		13.585
v -15.659 		-41.462 		7.967
v -12.844 		-32.226 		12.837
v -12.844 		-32.377 		12.888
v -15.527 		-41.286 		7.779
v -12.921 		-32.338 		12.834
v -14.907 		-34.634 		13.629
v -15.0304 		-34.794 		13.568
v -14.9251 		-34.6264 		13.6417
v -14.9251 		-34.6263 		13.6417
v -15.73 		-41.554 		7.853
v -13.006 		-32.448 		12.845
v -16.854 		-25.588 		7.424
v -16.88 		-25.582 		7.4611
v -16.596 		-25.715 		7.406
v -15.806 		-41.642 		7.738
v -26.316 		-23.811 		15.041
v -12.922 		-32.131 		12.782
v -16.66 		-25.671 		7.346
v -12.944 		-32.068 		12.767
v -12.951 		-32 		12.762
v -16.714 		-25.634 		7.297
v -12.317 		-40.638 		19.803
v -12.317 		-40.622 		19.852
v -12.317 		-40.612 		19.902
v -12.317 		-40.608 		19.953
v -15.585 		-41.361 		7.646
v -13.038 		-32.195 		12.752
v -13.07 		-32.101 		12.73
v -12.393 		-40.25 		19.752
v -15.649 		-41.432 		7.514
v -12.393 		-40.23 		19.852
v -16.7447 		-25.6133 		7.2678
v -16.7449 		-25.6131 		7.2682
v -12.393 		-40.224 		19.953
v -13.081 		-32 		12.722
v -16.6747 		-25.6637 		7.168
v -17.145 		-25.715 		8.189
v -13.204 		-32.134 		12.707
v -15.717 		-41.5 		7.384
v -13.218 		-32 		12.697
v -15.589 		-41.207 		7.2
v -12.393 		-40.384 		19.48
v -16.941 		-25.606 		7.748
v -17 		-25.568 		7.706
v -15.788 		-41.563 		7.257
v -12.393 		-40.328 		19.565
v -12.987 		-32.276 		12.788
v -15.175 		-35.024 		13.4667
v -13.094 		-32.366 		12.784
v -15.0846 		-34.8803 		13.53
v -12.393 		-40.283 		19.656
v -13.161 		-32.259 		12.736
v -13.208 		-32.455 		12.792
v -20.291 		-35.5 		22.953
v -13.292 		-32.321 		12.734
v -13.86 		-35.444 		12.838
v -15.507 		-40.866 		7.084
v -18.646 		-33.426 		20.982
v -14.006 		-35.391 		12.886
v -18.535 		-34 		21.012
v -13.345 		-32.166 		12.697
v -15.565 		-40.889 		6.938
v -13.848 		-35.139 		12.997
v -13.363 		-32 		12.684
v -13.491 		-32.198 		12.7
v -12.317 		-40.689 		19.715
v -12.317 		-40.661 		19.757
v -15.535 		-40.5 		6.896
v -13.512 		-32 		12.685
v -14.152 		-35.341 		12.941
v -18.646 		-34.574 		20.982
v -13.98 		-35.068 		13.061
v -13.666 		-32 		12.697
v -15.624 		-40.911 		6.799
v -14.294 		-35.293 		13.001
v -15.593 		-40.5 		6.755
v -13.428 		-32.383 		12.744
v -15.683 		-40.93 		6.668
v 3.539 		-32.717 		25.122
v 3.539 		-32.75 		25.288
v -12.693 		-25.614 		20.527
v -12.291 		-41 		19.953
v 3.539 		-32.804 		25.448
v -12.693 		-25.701 		20.703
v -13.569 		-32.442 		12.765
v -13.642 		-32.229 		12.714
v -12.911 		-25.313 		20.652
v -15.651 		-40.5 		6.621
v -13.795 		-32.259 		12.739
v -12.911 		-25.418 		20.866
v -15.741 		-40.948 		6.546
v -13.17 		-24.951 		20.502
v -15.707 		-40.5 		6.497
v -13.17 		-25.04 		20.765
v -12.885 		-32.765 		13.124
v -15.796 		-40.964 		6.435
v -12.942 		-32.885 		13.204
v -15.761 		-40.5 		6.384
v -13.129 		-32.854 		13.073
v -12.519 		-26.006 		20.527
v -12.519 		-26.089 		20.652
v -15.847 		-40.978 		6.335
v -13.216 		-32.966 		13.145
v -12.519 		-26.188 		20.765
v -15.81 		-40.5 		6.284
v -12.519 		-26.301 		20.864
v -12.794 		-32.518 		12.994
v -12.693 		-25.81 		20.866
v -12.904 		-32.5 		12.917
v -15.855 		-40.5 		6.197
v -12.836 		-32.643 		13.053
v -12.972 		-32.621 		12.958
v -15.651 		-41.252 		7.061
v -14.433 		-35.248 		13.063
v -13.099 		-32.557 		12.869
v -14.565 		-35.207 		13.127
v -17.0333 		-25.5466 		7.68
v -17.0347 		-25.5463 		7.6821
v -13.048 		-32.739 		13.01
v -13.199 		-32.663 		12.904
v -15.715 		-41.293 		6.929
v -14.69 		-35.169 		13.19
v -16.9553 		-25.5647 		7.5686
v -15.778 		-41.331 		6.804
v -16.4745 		-25.808 		6.8821
v -16.4745 		-25.808 		6.8821
v -16.4838 		-25.8013 		6.8953
v -14.807 		-35.134 		13.252
v -16.6703 		-25.6669 		7.1617
v -15.84 		-41.366 		6.687
v 3.328 		-32.103 		25.203
v 3.328 		-32.152 		25.448
v -15.898 		-41.676 		8.093
v -13.823 		-36 		12.72
v -13.982 		-36 		12.752
v -12.317 		-40.899 		19.575
v -15.988 		-41.774 		7.998
v -12.317 		-40.85 		19.591
v 3.539 		-32.75 		24.618
v -12.317 		-40.804 		19.614
v -12.317 		-40.762 		19.642
v -12.317 		-40.723 		19.676
v -16.081 		-41.866 		7.903
v 3.539 		-32.717 		24.784
v 3.539 		-32.706 		24.953
v -16.175 		-41.952 		7.809
v 3.328 		-32.103 		24.703
v -12.317 		-41.15 		19.591
v -12.317 		-41.101 		19.575
v -12.317 		-41.051 		19.565
v 3.328 		-32.087 		24.953
v -12.317 		-41 		19.561
v -12.317 		-40.949 		19.565
v -16.267 		-42.033 		7.718
v 3.666 		-33.37 		25.122
v 3.666 		-33.397 		25.203
v 3.666 		-33.435 		25.279
v 3.666 		-33.482 		25.35
v -12.317 		-41.196 		20.292
v -12.317 		-41.238 		20.264
v -12.317 		-41.277 		20.23
v -13.951 		-35.712 		12.774
v -16.398 		-42.004 		8.128
v -16.503 		-42.087 		8.055
v -16.604 		-42.163 		7.984
v -16.871 		-25.862 		6.255
v -16.1526 		-26.1521 		6.4223
v -12.393 		-41.616 		20.426
v -16.5038 		-25.811 		6.7678
v -16.5 		-25.8169 		6.7595
v 3.666 		-33.539 		25.414
v -16.4972 		-25.8211 		6.7534
v -12.393 		-41.672 		20.341
v 3.666 		-33.603 		25.471
v -16.4973 		-25.8211 		6.7535
v 3.666 		-33.674 		25.518
v 3.666 		-33.75 		25.556
v 3.666 		-33.831 		25.583
v -12.393 		-26.451 		20.502
v -12.393 		-26.527 		20.569
v -12.393 		-26.612 		20.625
v -12.393 		-26.703 		20.67
v 3.666 		-33.435 		24.627
v 3.666 		-33.397 		24.703
v -12.317 		-41.311 		20.191
v -15.885 		-41.725 		7.624
v -12.393 		-26.799 		20.703
v 3.666 		-33.37 		24.784
v -12.317 		-41.339 		20.149
v 3.666 		-33.353 		24.868
v -12.317 		-41.362 		20.103
v 3.666 		-33.347 		24.953
v -12.317 		-41.378 		20.054
v -15.967 		-41.802 		7.512
v -14.14 		-36 		12.793
v 3.666 		-33.353 		25.038
v -12.317 		-41.388 		20.004
v -14.106 		-35.685 		12.816
v -12.519 		-26.426 		20.947
v -16.048 		-41.874 		7.405
v -14.296 		-36 		12.84
v -14.26 		-35.659 		12.865
v -16.358 		-42.106 		7.631
v -12.393 		-41.717 		20.25
v 3.709 		-34 		24.953
v -16.128 		-41.94 		7.302
v -12.393 		-41.75 		20.154
v -12.393 		-27.101 		20.723
v -12.393 		-41.77 		20.054
v -12.393 		-27 		20.729
v -12.393 		-27.201 		20.703
v -12.393 		-27.297 		20.67
v -12.519 		-42.061 		20.392
v -12.519 		-42.109 		20.25
v -16.204 		-42 		7.207
v -12.393 		-26.899 		20.723
v -12.519 		-42.138 		20.103
v -14.449 		-36 		12.892
v -14.41 		-35.634 		12.919
v -14.598 		-36 		12.947
v -12.317 		-41.392 		19.953
v -12.317 		-41.388 		19.902
v -12.393 		-27.388 		20.625
v -12.317 		-41.378 		19.852
v -14.556 		-35.611 		12.977
v -12.317 		-41.362 		19.803
v -12.393 		-27.473 		20.569
v -12.317 		-41.339 		19.757
v -12.317 		-41.311 		19.715
v -16.443 		-42.173 		7.549
v -12.393 		-27.549 		20.502
v 1.209 		-31.835 		28.703
v 0.622 		-31.69 		28.954
v -14.739 		-36 		13.005
v -12.519 		-27.574 		20.947
v -14.695 		-35.589 		13.036
v -12.519 		-27.699 		20.864
v 0.003 		-31.06 		28.785
v 0.003 		-31.585 		29.136
v -12.519 		-27.812 		20.765
v -12.317 		-41.277 		19.676
v -12.317 		-41.238 		19.642
v -12.317 		-41.196 		19.614
v -15.892 		-40.99 		6.249
v -14.826 		-35.57 		13.095
v -12.393 		-41.672 		19.565
v -0.638 		-30.982 		28.886
v -12.393 		-41.616 		19.48
v -0.638 		-31.521 		29.246
v -16.498 		-25.8203 		6.7544
v -16.4989 		-25.8191 		6.7558
v -16.5036 		-25.8137 		6.7624
v -15.93 		-41 		6.178
v -15.9911 		-41.168 		6.1917
v -15.983 		-41.134 		6.1801
v -15.9577 		-41.0276 		6.144
v 1.753 		-32.973 		28.785
v 1.753 		-33.482 		28.886
v -15.859 		-41.622 		7.135
v 1.753 		-34 		28.92
v -15.007 		-35.076 		13.364
v -15.93 		-41.676 		7.02
v 1.209 		-32.343 		28.954
v -12.393 		-41.776 		19.953
v 1.209 		-32.879 		29.136
v -12.393 		-41.77 		19.852
v -12.393 		-41.75 		19.752
v -17.222 		-29.329 		8.149
v -15.09 		-35.053 		13.412
v -17.287 		-29.366 		8.116
v 1.209 		-33.435 		29.246
v -12.393 		-41.717 		19.656
v 1.209 		-34 		29.283
v -12.519 		-42.148 		19.953
v 0.622 		-32.232 		29.221
v -12.519 		-42.138 		19.803
v -15.316 		-35.5 		13.342
v -15.998 		-41.725 		6.913
v 0.622 		-32.804 		29.415
v -17.3249 		-29.3871 		8.0964
v -17.3248 		-29.3871 		8.0964
v -12.519 		-42.109 		19.656
v -17.3254 		-29.3867 		8.0972
v -15.158 		-35.034 		13.453
v -12.519 		-42.061 		19.514
v -17.3035 		-29.392 		8.0659
v -16.275 		-42.053 		7.119
v 0.622 		-33.397 		29.533
v -15.3369 		-35.4971 		13.3534
v -15.3373 		-35.5004 		13.3531
v -15.2774 		-35.3216 		13.395
v -15.1778 		-35.0285 		13.4648
v 0.622 		-34 		29.572
v -15.1775 		-35.0279 		13.465
v -17.1902 		-29.418 		7.9042
v -16.062 		-41.768 		6.815
v -17.187 		-29.4187 		7.8995
v -15.539 		-26.734 		8.19
v -15.3411 		-35.536 		13.3504
v -15.595 		-26.634 		8.08
v -15.3912 		-36 		13.3154
v -15.3911 		-36.0014 		13.3155
v 0.003 		-32.152 		29.415
v -15.3711 		-35.8127 		13.3295
v -15.3505 		-35.6221 		13.3439
v 0.003 		-32.75 		29.618
v 0.003 		-33.37 		29.741
v -16.34 		-42.1 		7.041
v -15.386 		-36.048 		13.319
v -15.527 		-26.714 		7.779
v -16.121 		-41.807 		6.727
v -13.329 		-32.541 		12.813
v -15.059 		-35.536 		13.208
v -14.913 		-35.103 		13.311
v -13.304 		-32.766 		12.951
v -15.659 		-26.538 		7.967
v -12.393 		-40.612 		19.281
v -13.454 		-32.625 		12.846
v -12.393 		-40.527 		19.337
v -15.159 		-35.522 		13.259
v -13.414 		-32.866 		13.007
v -15.813 		-26.427 		8.187
v -13.583 		-32.707 		12.888
v -12.393 		-40.451 		19.404
v -13.714 		-32.5 		12.797
v -15.245 		-35.51 		13.304
v -12.519 		-40.426 		18.959
v -13.527 		-32.962 		13.071
v -15.73 		-26.446 		7.853
v -13.715 		-32.786 		12.939
v -12.519 		-40.301 		19.042
v -16.368 		-42.0494 		6.7299
v -16.3162 		-41.9801 		6.656
v -16.398 		-42.14 		6.972
v -12.519 		-40.188 		19.141
v -14.873 		-36 		13.063
v -16.446 		-42.173 		6.915
v -15.806 		-26.358 		7.738
v -14.997 		-36 		13.119
v -14.948 		-35.552 		13.153
v -15.11 		-36 		13.173
v -16.4745 		-42.192 		6.8821
v -12.644 		-33.054 		13.84
v -15.899 		-41.397 		6.581
v -15.585 		-26.639 		7.646
v -12.676 		-33.142 		13.974
v -15.952 		-41.424 		6.487
v -12.393 		-41.101 		19.183
v -15.649 		-26.568 		7.514
v -12.393 		-41 		19.177
v -15.21 		-36 		13.222
v -15.589 		-26.793 		7.2
v -12.472 		-33 		14.277
v -12.393 		-40.899 		19.183
v -15.717 		-26.5 		7.384
v 0.003 		-34 		29.783
v -12.393 		-40.799 		19.203
v -0.638 		-32.103 		29.533
v -16 		-41.447 		6.404
v -12.393 		-40.703 		19.236
v -0.638 		-32.717 		29.741
v -15.297 		-36 		13.267
v -0.638 		-33.353 		29.868
v -15.37 		-36 		13.304
v -16.1538 		-41.68 		6.424
v -16.137 		-41.6418 		6.4
v -0.638 		-34 		29.91
v -12.519 		-27.911 		20.652
v -12.519 		-27.994 		20.527
v -16.041 		-41.466 		6.336
v -16.1116 		-41.5843 		6.3638
v -16.0644 		-41.477 		6.2964
v -16.0642 		-41.4759 		6.2961
v -12.693 		-28.19 		20.866
v -12.693 		-28.299 		20.703
v 0.622 		-29.732 		26.721
v -12.693 		-28.386 		20.527
v 0.003 		-29.538 		26.801
v -12.519 		-40.561 		18.892
v -16.173 		-41.839 		6.651
v 0.003 		-29.817 		27.368
v -13.9335 		-37.9214 		14.336
v -12.693 		-40.612 		18.504
v -0.638 		-29.42 		26.85
v -12.693 		-40.426 		18.567
v -16.217 		-41.866 		6.587
v -0.638 		-29.707 		27.432
v -13.86 		-36.556 		12.838
v -12.693 		-40.25 		18.654
v -16.2424 		-41.8813 		6.5506
v -16.244 		-41.8833 		6.5528
v -12.911 		-28.582 		20.866
v -16.3044 		-41.9643 		6.6392
v -13.951 		-36.288 		12.774
v -12.712 		-33.225 		14.109
v -12.911 		-28.687 		20.652
v -15.53 		-38.442 		7.179
v 1.209 		-29.67 		24.953
v 1.209 		-29.707 		25.518
v 1.209 		-29.817 		26.074
v 0.622 		-29.381 		24.953
v -13.17 		-28.96 		20.765
v -12.519 		-41.15 		18.815
v -14.106 		-36.315 		12.816
v 0.622 		-29.42 		25.556
v -13.17 		-29.049 		20.502
v -12.519 		-41 		18.805
v 0.622 		-29.538 		26.149
v -12.519 		-40.85 		18.815
v -15.767 		-38.5 		7.054
v -12.519 		-40.703 		18.844
v -14.26 		-36.341 		12.865
v -12.75 		-33.302 		14.241
v -12.693 		-41 		18.453
v -12.693 		-25.551 		19.565
v -12.693 		-40.804 		18.466
v -15.647 		-38.787 		6.476
v -12.693 		-25.513 		19.757
v -12.693 		-25.5 		19.953
v -15.815 		-38.833 		6.374
v -12.693 		-25.513 		20.149
v -14.41 		-36.366 		12.919
v -12.693 		-25.551 		20.341
v 0.003 		-29.17 		24.953
v -14.556 		-36.389 		12.977
v -12.393 		-41.549 		19.404
v 0.003 		-29.212 		25.583
v -12.393 		-41.473 		19.337
v 0.003 		-29.335 		26.203
v -16.267 		-38.967 		7.718
v -14.695 		-36.411 		13.036
v -12.393 		-41.388 		19.281
v -0.638 		-29.043 		24.953
v -12.393 		-41.297 		19.236
v -0.638 		-29.085 		25.6
v -12.393 		-41.201 		19.203
v -14.826 		-36.43 		13.095
v -0.638 		-29.212 		26.236
v -16.398 		-38.996 		8.128
v -16.503 		-38.913 		8.055
v -12.911 		-25.189 		20.191
v -12.519 		-41.574 		18.959
v -12.911 		-25.236 		20.426
v -27.2072 		-22.1414 		10.3043
v -27.2073 		-22.1414 		10.3048
v -16.604 		-38.837 		7.984
v -27.208 		-22.141 		10.306
v -27.2075 		-22.1413 		10.3056
v 0.622 		-30.335 		27.765
v -27.2206 		-22.1337 		10.3618
v -27.2076 		-22.1413 		10.3057
v -15.788 		-26.437 		7.257
v 0.622 		-30.734 		28.219
v -27.2083 		-22.1409 		10.3087
v -27.2074 		-22.1413 		10.3051
v -27.2075 		-22.1413 		10.3054
v -27.2075 		-22.1413 		10.3055
v -12.519 		-41.994 		19.379
v -16.701 		-38.768 		7.916
v -27.2077 		-22.1412 		10.3064
v 2.245 		-31.848 		27.758
v -12.519 		-41.911 		19.254
v -27.2078 		-22.1411 		10.3068
v -27.2078 		-22.1411 		10.3069
v -27.2079 		-22.1411 		10.3071
v 1.753 		-31.195 		27.758
v -27.2087 		-22.1406 		10.3107
v -27.2079 		-22.141 		10.3074
v -12.519 		-41.812 		19.141
v 1.753 		-31.585 		28.1
v -16.79 		-38.706 		7.854
v -15.529 		-26.841 		7.342
v -12.519 		-41.699 		19.042
v -16.87 		-38.652 		7.797
v 1.209 		-30.938 		28.015
v -27.2077 		-22.1412 		10.3064
v 1.209 		-31.364 		28.388
v -12.693 		-42.19 		19.04
v -27.2076 		-22.1413 		10.3057
v -27.2076 		-22.1412 		10.3058
v -15.651 		-26.748 		7.061
v -27.2076 		-22.1412 		10.306
v -15.715 		-26.707 		6.929
v 0.622 		-31.188 		28.618
v -16.358 		-38.894 		7.631
v -12.519 		-41.439 		18.892
v -12.991 		-33.366 		13.913
v -13.17 		-24.897 		20.23
v -27.2078 		-22.1411 		10.3067
v -13.047 		-33.452 		14.033
v -27.2077 		-22.1411 		10.3065
v -12.519 		-41.297 		18.844
v -27.2086 		-22.1407 		10.3102
v -27.2084 		-22.1408 		10.3093
v -27.208 		-22.141 		10.3074
v -12.693 		-41.574 		18.567
v -12.911 		-25.236 		19.48
v -12.693 		-41.388 		18.504
v -12.911 		-25.189 		19.715
v -13.103 		-33.533 		14.151
v -12.693 		-41.196 		18.466
v -12.911 		-25.174 		19.953
v -27.208 		-22.141 		10.3077
v -13.439 		-33.587 		13.915
v -16.7672 		-38.608 		7.3001
v -16.88 		-38.582 		7.4611
v -16.443 		-38.827 		7.549
v -13.17 		-24.897 		19.676
v -13.158 		-33.606 		14.263
v -13.17 		-24.879 		19.953
v -12.693 		-42.061 		18.892
v -27.2078 		-22.1411 		10.3067
v -27.2078 		-22.1411 		10.3067
v -27.2078 		-22.1411 		10.3066
v -13.51 		-33.663 		14.016
v -16.523 		-38.767 		7.474
v -12.693 		-41.913 		18.763
v -12.693 		-41.75 		18.654
v -13.578 		-33.732 		14.113
v -12.693 		-25.701 		19.203
v -12.693 		-25.614 		19.379
v -13.64 		-33.794 		14.202
v -12.911 		-42.112 		18.504
v -15.778 		-26.669 		6.804
v -13.697 		-33.848 		14.282
v -27.2077 		-22.1412 		10.3064
v -15.84 		-26.634 		6.687
v -27.2076 		-22.1412 		10.3058
v -27.2076 		-22.1412 		10.3059
v -16.596 		-38.715 		7.406
v -27.2076 		-22.1412 		10.3059
v -27.2077 		-22.1412 		10.3064
v -27.2078 		-22.1411 		10.3067
v -12.836 		-33.073 		13.554
v -16.66 		-38.671 		7.346
v -12.911 		-41 		18.127
v -27.2081 		-22.1409 		10.3081
v -12.911 		-40.762 		18.142
v -13.072 		-33.111 		13.39
v -12.911 		-40.527 		18.189
v -16.714 		-38.634 		7.297
v -15.507 		-27.134 		7.084
v -12.884 		-33.176 		13.672
v -13.143 		-33.218 		13.491
v -12.911 		-40.301 		18.266
v -15.535 		-27.5 		6.896
v -27.2077 		-22.1412 		10.3064
v -27.2077 		-22.1412 		10.3062
v -15.565 		-27.111 		6.938
v -12.937 		-33.274 		13.792
v -13.216 		-33.319 		13.596
v -13.17 		-40.188 		17.993
v -15.593 		-27.5 		6.755
v -16.7447 		-38.6133 		7.2678
v -16.7449 		-38.6131 		7.2682
v -13.291 		-33.414 		13.703
v -16.6747 		-38.6637 		7.168
v -27.2072 		-22.1415 		10.304
v -27.2072 		-22.1415 		10.3041
v -27.2072 		-22.1415 		10.304
v -15.624 		-27.089 		6.799
v -16.941 		-38.606 		7.748
v -17 		-38.568 		7.706
v -13.496 		-33.274 		13.4
v -13.17 		-41 		17.832
v -13.591 		-33.366 		13.493
v -13.17 		-40.723 		17.85
v -17.0333 		-38.5466 		7.68
v -17.0347 		-38.5463 		7.6821
v -13.17 		-40.451 		17.904
v -15.683 		-27.07 		6.668
v -13.685 		-33.452 		13.587
v -17.145 		-38.715 		8.189
v 1.753 		-30.565 		26.936
v 1.753 		-30.853 		27.368
v 1.209 		-30.25 		27.118
v 1.209 		-30.565 		27.589
v -12.911 		-41.913 		18.371
v -12.911 		-25.418 		19.04
v 0.622 		-29.999 		27.263
v -12.911 		-25.313 		19.254
v -12.911 		-41.699 		18.266
v -12.911 		-41.473 		18.189
v -13.848 		-36.861 		12.997
v -12.911 		-41.238 		18.142
v -13.17 		-25.04 		19.141
v -14.006 		-36.609 		12.886
v -13.17 		-24.951 		19.404
v -13.17 		-42.061 		18.116
v -16.9553 		-38.5647 		7.5686
v -13.17 		-41.812 		17.993
v -13.366 		-33.504 		13.81
v -13.98 		-36.932 		13.061
v -16.042 		-38.133 		7.446
v -13.776 		-33.533 		13.679
v -16.256 		-38.174 		7.346
v -14.152 		-36.659 		12.941
v -12.911 		-25.709 		18.662
v -12.911 		-25.551 		18.841
v -13.004 		-33 		13.293
v -13.17 		-25.5 		18.453
v -14.11 		-37 		13.129
v -16.436 		-38.208 		7.261
v -13.307 		-33.073 		13.225
v -13.17 		-25.317 		18.662
v -13.401 		-33.176 		13.31
v -13.17 		-41.549 		17.904
v -13.17 		-25.163 		18.892
v -14.294 		-36.707 		13.001
v -13.641 		-33.054 		13.142
v -13.17 		-41.277 		17.85
v -16.705 		-38.1556 		7.2112
v -16.6747 		-38.2242 		7.168
v -16.579 		-38.234 		7.192
v -13.756 		-33.142 		13.218
v -16.7176 		-38.127 		7.2292
v -14.237 		-37.063 		13.2
v -13.17 		-25.709 		18.27
v -12.693 		-42.449 		20.341
v -12.693 		-42.487 		20.149
v -16.275 		-38.947 		7.119
v -12.393 		-26.23 		20.054
v -11.53 		-30.875 		8.407
v -12.393 		-26.25 		20.154
v -11.626 		-30.853 		8.544
v -16.34 		-38.9 		7.041
v -12.693 		-42.5 		19.953
v -11.722 		-30.875 		8.681
v -14.433 		-36.752 		13.063
v -11.667 		-30.724 		8.261
v -12.693 		-42.487 		19.757
v -15.651 		-27.5 		6.621
v -12.693 		-42.449 		19.565
v -15.707 		-27.5 		6.497
v -14.565 		-36.793 		13.127
v -15.741 		-27.052 		6.546
v 2.245 		-30.938 		26.721
v -16.368 		-38.9506 		6.7299
v 2.245 		-31.195 		27.105
v -15.975 		-38.55 		6.944
v -14.69 		-36.831 		13.19
v -15.761 		-27.5 		6.384
v 2.245 		-31.5 		27.453
v -15.796 		-27.036 		6.435
v -16.149 		-38.591 		6.851
v -16.288 		-38.623 		6.776
v -14.807 		-36.866 		13.252
v -15.81 		-27.5 		6.284
v -12.911 		-42.764 		20.426
v -16.368 		-38.6436 		6.7299
v -16.3678 		-38.6437 		6.7296
v -12.911 		-42.811 		20.191
v -15.847 		-27.022 		6.335
v -16.3162 		-38.6809 		6.656
v 0.003 		-30.168 		27.893
v -12.911 		-42.826 		19.953
v 0.003 		-30.585 		28.368
v -16.398 		-38.86 		6.972
v -12.911 		-42.811 		19.715
v -16.446 		-38.827 		6.915
v -12.393 		-26.283 		20.25
v -12.911 		-42.764 		19.48
v -0.638 		-30.067 		27.971
v -12.519 		-25.862 		20.103
v -27.2067 		-22.1417 		10.302
v -0.638 		-30.495 		28.458
v -12.519 		-25.891 		20.25
v -13.17 		-43.103 		20.23
v -12.519 		-25.939 		20.392
v -13.17 		-43.121 		19.953
v -16.4745 		-38.808 		6.882
v -16.4745 		-38.808 		6.8821
v -13.17 		-43.103 		19.676
v -16.4838 		-38.8013 		6.8953
v 2.245 		-32.232 		28.015
v -16.4124 		-38.8912 		6.7933
v -16.6703 		-38.6669 		7.1617
v 2.245 		-32.647 		28.219
v -16.6638 		-38.2491 		7.1524
v -16.6636 		-38.2495 		7.1521
v -16.4233 		-38.5706 		6.809
v -16.3695 		-38.6425 		6.732
v 2.245 		-33.085 		28.368
v -16.3682 		-38.6435 		6.7302
v 2.245 		-33.539 		28.458
v -16.6645 		-38.2474 		7.1534
v -15.855 		-27.5 		6.197
v 2.245 		-34 		28.489
v 1.753 		-32.017 		28.388
v 1.753 		-32.482 		28.618
v -12.693 		-42.386 		19.379
v -16.0892 		-38.8447 		6.3318
v -12.693 		-42.299 		19.203
v -16.0275 		-38.8893 		6.2437
v -15.948 		-38.868 		6.292
v -16.0267 		-38.8895 		6.2426
v -16.026 		-38.8896 		6.2416
v -12.317 		-26.723 		20.23
v -12.317 		-26.762 		20.264
v -15.9577 		-38.9054 		6.144
v -12.317 		-26.804 		20.292
v -12.911 		-42.687 		19.254
v -15.332 		-40.117 		8.066
v -12.911 		-42.582 		19.04
v -12.393 		-26.328 		20.341
v -27.7333 		-22.9924 		10.752
v -27.6953 		-23.0143 		10.752
v -27.7717 		-22.9702 		10.752
v -27.8111 		-22.9474 		10.752
v -12.393 		-26.384 		20.426
v -13.17 		-43.049 		19.404
v -15.401 		-39.959 		8.165
v -13.17 		-42.96 		19.141
v -27.811 		-22.9473 		10.752
v -27.8029 		-22.952 		10.752
v -15.353 		-40.058 		7.925
v -15.988 		-26.226 		7.998
v 2.245 		-30.585 		25.868
v -15.434 		-39.875 		8.04
v 2.245 		-30.734 		26.306
v -12.911 		-42.449 		18.841
v -15.385 		-40 		7.78
v 1.753 		-30.168 		25.98
v -12.911 		-42.291 		18.662
v -15.476 		-39.793 		7.911
v 1.753 		-30.335 		26.471
v -11.57 		-31.029 		8.737
v -13.17 		-42.837 		18.892
v -12.317 		-26.612 		20.004
v -12.317 		-26.622 		20.054
v -13.17 		-42.683 		18.662
v -11.638 		-31.078 		8.834
v -12.317 		-26.638 		20.103
v -12.317 		-26.661 		20.149
v -12.317 		-26.689 		20.191
v -13.17 		-42.5 		18.453
v -11.695 		-31.155 		8.916
v -15.426 		-39.944 		7.634
v -15.474 		-39.891 		7.488
v -11.324 		-31.342 		8.704
v -11.348 		-31.336 		8.738
v -11.372 		-31.342 		8.773
v -13.17 		-42.291 		18.27
v -15.316 		-36.5 		13.342
v -11.395 		-31.358 		8.805
v -12.393 		-26.283 		19.656
v -11.415 		-31.384 		8.833
v -15.3175 		-36.56 		13.367
v -15.3369 		-36.5029 		13.3534
v -15.3369 		-36.5027 		13.3534
v -11.429 		-31.418 		8.854
v -12.393 		-26.25 		19.752
v -15.3568 		-36.3178 		13.3395
v -12.393 		-26.23 		19.852
v -11.453 		-31.185 		8.768
v -13.465 		-38.701 		20.569
v -12.393 		-26.224 		19.953
v -11.498 		-31.217 		8.833
v -13.465 		-38.801 		20.864
v -15.2306 		-36.816 		13.4278
v -15.2362 		-36.7994 		13.4239
v -15.272 		-40.5 		8.131
v -12.519 		-25.939 		19.514
v -12.519 		-25.891 		19.656
v -15.285 		-40.334 		8.149
v -15.007 		-36.924 		13.364
v -13.791 		-38.49 		20.625
v -13.791 		-38.6 		20.947
v -12.519 		-25.862 		19.803
v -15.273 		-40.5 		7.982
v -11.537 		-31.269 		8.888
v -15.288 		-40.302 		8.003
v -15.09 		-36.947 		13.412
v -11.567 		-31.337 		8.93
v -16.081 		-26.134 		7.903
v -15.158 		-36.966 		13.453
v -11.585 		-31.416 		8.957
v -13.465 		-38.64 		20.264
v -15.1147 		-37.072 		13.509
v -15.1778 		-36.9715 		13.4648
v -15.178 		-36.9709 		13.4646
v -15.285 		-40.5 		7.828
v -11.74 		-31.256 		8.98
v -15.302 		-40.271 		7.852
v -13.791 		-38.424 		20.292
v -27.7026 		-23.0101 		10.496
v -16.175 		-26.048 		7.809
v -27.7484 		-22.9836 		10.496
v -12.519 		-25.852 		19.953
v -16.398 		-25.996 		8.128
v -27.7517 		-22.9817 		10.496
v -27.7517 		-22.9818 		10.496
v -27.7352 		-22.9913 		10.496
v -27.7188 		-23.0008 		10.496
v -16.267 		-25.967 		7.718
v -27.734 		-22.992 		10.4196
v -27.7339 		-22.992 		10.4193
v 1.209 		-29.999 		26.61
v -27.734 		-22.992 		10.368
v -27.7339 		-22.992 		10.368
v -16.503 		-25.913 		8.055
v -15.327 		-40.241 		7.699
v 2.245 		-30.464 		24.953
v 2.245 		-30.495 		25.414
v -16.604 		-25.837 		7.984
v 1.753 		-30.033 		24.953
v -27.7302 		-22.9942 		10.368
v -12.317 		-26.689 		19.715
v 1.753 		-30.067 		25.471
v -12.317 		-26.661 		19.757
v -12.317 		-26.638 		19.803
v -12.317 		-26.622 		19.852
v -15.285 		-40.666 		8.149
v -12.317 		-26.612 		19.902
v -12.317 		-26.608 		19.953
v -14.948 		-36.448 		13.153
v -15.332 		-40.883 		8.066
v 2.676 		-34.397 		27.971
v -15.288 		-40.698 		8.003
v -14.913 		-36.897 		13.311
v -15.898 		-26.324 		8.093
v 2.676 		-34.788 		27.893
v -15.059 		-36.464 		13.208
v 2.676 		-35.165 		27.765
v -27.722 		-22.9989 		10.368
v -12.317 		-26.804 		19.614
v -12.317 		-26.762 		19.642
v -27.722 		-22.9989 		10.368
v -12.317 		-26.723 		19.676
v -15.885 		-26.275 		7.624
v -15.302 		-40.729 		7.852
v -15.967 		-26.198 		7.512
v 3.328 		-34.25 		26.85
v 3.328 		-34.495 		26.801
v -12.393 		-26.384 		19.48
v -16.048 		-26.126 		7.405
v 3.328 		-34.732 		26.721
v -15.327 		-40.759 		7.699
v -12.393 		-26.328 		19.565
v -16.128 		-26.06 		7.302
v 3.039 		-34.326 		27.432
v 3.039 		-34.647 		27.368
v -16.358 		-25.894 		7.631
v 3.039 		-34.957 		27.263
v -15.159 		-36.478 		13.259
v -16.204 		-26 		7.207
v -15.401 		-41.041 		8.165
v -13.465 		-38.64 		19.642
v -15.245 		-36.49 		13.304
v -15.434 		-41.125 		8.04
v -13.465 		-38.62 		19.953
v -15.353 		-40.942 		7.925
v -13.791 		-38.424 		19.614
v -15.385 		-41 		7.78
v -16.443 		-25.827 		7.549
v -13.791 		-38.402 		19.953
v -11.224 		-31.416 		8.441
v -11.243 		-31.337 		8.467
v -11.227 		-31.374 		8.248
v -14.197 		-37.866 		14.126
v -15.308 		-40.5 		7.671
v -13.465 		-39.112 		18.504
v -15.34 		-40.5 		7.512
v -11.405 		-31.174 		8.699
v -13.465 		-38.939 		18.763
v -15.362 		-40.212 		7.543
v -13.465 		-38.801 		19.042
v -11.425 		-31.029 		8.53
v -13.465 		-38.701 		19.337
v -11.498 		-31.012 		8.634
v -27.708 		-23.007 		10.306
v -15.381 		-40.5 		7.354
v -27.7072 		-23.0074 		10.3043
v -27.7073 		-23.0074 		10.3048
v -13.791 		-38.75 		18.654
v -15.404 		-40.185 		7.388
v -15.998 		-26.275 		6.913
v -13.791 		-38.6 		18.959
v -15.428 		-40.5 		7.198
v -13.791 		-38.49 		19.281
v -16.062 		-26.232 		6.815
v -15.453 		-40.159 		7.234
v -11.267 		-31.418 		8.622
v -11.282 		-31.384 		8.644
v -16.275 		-25.947 		7.119
v -11.301 		-31.358 		8.671
v -16.121 		-26.193 		6.727
v -11.272 		-31.269 		8.51
v -16.34 		-25.9 		7.041
v -11.311 		-31.217 		8.565
v -11.356 		-31.185 		8.63
v -12.317 		-27 		20.345
v -12.317 		-27.051 		20.341
v -15.426 		-41.056 		7.634
v 3.039 		-35.25 		27.118
v -15.362 		-40.788 		7.543
v -12.317 		-26.85 		20.315
v -12.317 		-26.899 		20.331
v -12.317 		-26.949 		20.341
v -16.3162 		-26.02 		6.656
v -16.368 		-25.9506 		6.7299
v -15.474 		-41.109 		7.488
v -16.398 		-25.86 		6.972
v 3.666 		-34.085 		25.6
v -16.446 		-25.827 		6.915
v -15.404 		-40.815 		7.388
v -12.317 		-27.101 		20.331
v -12.317 		-27.15 		20.315
v -12.317 		-27.196 		20.292
v -12.317 		-27.238 		20.264
v -12.317 		-27.277 		20.23
v 3.539 		-34.169 		26.236
v -15.453 		-40.841 		7.234
v 3.539 		-34.335 		26.203
v -16.4745 		-25.808 		6.882
v -14.2114 		-37.8764 		14.1414
v -14.2112 		-37.8764 		14.1415
v -13.9506 		-37.9186 		14.324
v 3.539 		-34.495 		26.149
v -16.4124 		-25.8912 		6.7933
v -14.2114 		-37.8764 		14.1414
v -15.859 		-26.378 		7.135
v -14.2991 		-37.8321 		14.08
v -15.93 		-26.324 		7.02
v -13.945 		-37.673 		13.855
v 3.328 		-34.957 		26.61
v -14.02 		-37.733 		13.935
v -15.476 		-41.207 		7.911
v 3.539 		-34.647 		26.074
v -14.088 		-37.785 		14.008
v 3.539 		-34.788 		25.98
v -16.173 		-26.161 		6.651
v -15.48 		-40.5 		7.045
v 3.539 		-34.915 		25.868
v -14.148 		-37.829 		14.072
v -16.217 		-26.134 		6.587
v -16.1539 		-26.32 		6.4241
v -16.1946 		-26.2275 		6.4823
v -16.2424 		-26.1187 		6.5506
v -16.2425 		-26.1187 		6.5507
v -15.899 		-26.603 		6.581
v -14.32 		-37.8216 		14.0654
v -12.317 		-27.311 		20.191
v -12.317 		-27.339 		20.149
v -27.7067 		-23.0077 		10.302
v -15.952 		-26.576 		6.487
v -14.369 		-38.128 		7.771
v 3.539 		-35.027 		25.741
v 3.539 		-35.121 		25.6
v 3.328 		-35.165 		26.471
v -14.109 		-38.316 		7.399
v 3.328 		-35.353 		26.306
v -14.579 		-37.673 		13.858
v -16 		-26.553 		6.404
v -12.393 		-27.616 		20.426
v -14.682 		-38.218 		7.615
v -12.393 		-27.672 		20.341
v -14.3525 		-37.8052 		14.0426
v -14.5956 		-37.6826 		13.8724
v -14.408 		-38.416 		7.223
v -12.393 		-27.717 		20.25
v -16.137 		-26.3584 		6.4
v -14.6647 		-37.6178 		13.824
v 3.666 		-34.169 		25.583
v -13.982 		-37.302 		13.379
v 3.666 		-34.25 		25.556
v -16.041 		-26.534 		6.336
v 3.666 		-34.326 		25.518
v 3.666 		-34.397 		25.471
v -16.035 		-26.6469 		6.2543
v -16.0644 		-26.523 		6.2964
v -15.991 		-26.832 		6.1916
v 3.666 		-34.461 		25.414
v -16.0649 		-26.5219 		6.2971
v -14.089 		-37.374 		13.46
v -12.317 		-27.362 		20.103
v -12.317 		-27.378 		20.054
v -12.317 		-27.388 		20.004
v -14.984 		-38.3 		7.462
v -13.863 		-37.606 		13.77
v -15.892 		-27.01 		6.249
v -15.268 		-38.375 		7.315
v -14.192 		-37.44 		13.54
v -12.393 		-27.75 		20.154
v -15.93 		-27 		6.178
v -12.393 		-27.77 		20.054
v 3.666 		-34.518 		25.35
v 3.666 		-34.565 		25.279
v 3.666 		-34.603 		25.203
v 3.666 		-34.63 		25.122
v -13.83 		-38.38 		7.001
v -14.113 		-38.483 		6.802
v -13.819 		-38.416 		6.382
v -14.696 		-38.508 		7.051
v -15.9577 		-26.9724 		6.144
v -14.387 		-38.579 		6.61
v -15.539 		-28.266 		8.19
v -14.079 		-38.508 		6.17
v -12.291 		-27 		19.953
v -11.255 		-31.256 		8.288
v -11.3 		-31.155 		8.351
v -15.595 		-28.366 		8.08
v -11.358 		-31.078 		8.434
v -14.647 		-38.665 		6.429
v -15.527 		-28.286 		7.779
v -11.44 		-30.94 		8.279
v -14.968 		-38.591 		6.888
v -15.813 		-28.573 		8.187
v -11.442 		-31.5 		8.872
v -11.439 		-31.542 		8.868
v -15.22 		-38.666 		6.736
v -11.429 		-31.582 		8.854
v -11.415 		-31.616 		8.833
v -15.659 		-28.462 		7.967
v -14.887 		-38.742 		6.26
v -11.439 		-31.458 		8.868
v -14.287 		-37.5 		13.616
v -15.73 		-28.554 		7.853
v -15.448 		-38.731 		6.598
v -15.806 		-28.642 		7.738
v -11.329 		-31.5 		8.752
v -11.395 		-31.642 		8.805
v -11.372 		-31.658 		8.773
v -11.348 		-31.664 		8.738
v -26.087 		-22.788 		5.476
v -25.682 		-23.022 		5.626
v -11.324 		-31.658 		8.704
v -25.293 		-23.247 		5.822
v -24.921 		-23.461 		6.06
v -24.572 		-23.663 		6.339
v -15.585 		-28.361 		7.646
v -15.529 		-28.159 		7.342
v -15.589 		-28.207 		7.2
v -24.248 		-23.85 		6.657
v -26.182 		-23.888 		5.626
v -26.587 		-23.654 		5.476
v -11.592 		-31.5 		8.966
v -11.585 		-31.584 		8.957
v -15.649 		-28.432 		7.514
v -11.567 		-31.663 		8.93
v -15.717 		-28.5 		7.384
v -21.827 		-37.938 		21.721
v -15.788 		-28.563 		7.257
v -21.827 		-37.734 		21.306
v -11.537 		-31.731 		8.888
v -15.507 		-27.866 		7.084
v -11.498 		-31.783 		8.833
v -21.827 		-38.848 		22.758
v -15.651 		-28.252 		7.061
v -21.827 		-39.232 		23.015
v -11.453 		-31.815 		8.768
v -21.827 		-39.647 		23.219
v -15.565 		-27.889 		6.938
v -21.827 		-40.085 		23.368
v -14.375 		-37.553 		13.687
v -15.715 		-28.293 		6.929
v -13.465 		-39.317 		18.27
v -15.624 		-27.911 		6.799
v -21.827 		-41 		23.489
v -21.827 		-41.461 		23.458
v -21.827 		-41.915 		23.368
v -15.778 		-28.331 		6.804
v 3.666 		-34.647 		25.038
v 3.666 		-34.653 		24.953
v -21.827 		-40.539 		23.458
v -15.683 		-27.93 		6.668
v 3.666 		-34.647 		24.868
v 3.666 		-34.63 		24.784
v 3.666 		-34.603 		24.703
v 3.666 		-34.565 		24.627
v -13.465 		-42.19 		17.892
v -14.7008 		-37.584 		13.7988
v -14.7104 		-37.575 		13.7921
v -15.84 		-28.366 		6.687
v -14.7183 		-37.5676 		13.7865
v -14.832 		-37.461 		13.7069
v -21.827 		-38.195 		22.105
v -21.827 		-38.5 		22.453
v -14.474 		-37.176 		13.342
v -13.465 		-43.199 		20.864
v -14.581 		-37.225 		13.41
v -14.679 		-37.268 		13.474
v -13.465 		-43.299 		20.569
v -22.258 		-39.478 		22.589
v -13.791 		-43.4 		20.947
v -22.258 		-39.835 		22.765
v -14.767 		-37.307 		13.533
v -13.791 		-43.51 		20.625
v -11.74 		-31.744 		8.98
v -15.741 		-27.948 		6.546
v -22.258 		-41.397 		22.971
v -11.695 		-31.845 		8.916
v 3.539 		-35.196 		25.448
v -22.258 		-41 		22.997
v -22.258 		-41.788 		22.893
v 3.539 		-35.25 		25.288
v -15.796 		-27.964 		6.435
v -11.638 		-31.922 		8.834
v -22.258 		-42.165 		22.765
v 3.539 		-35.283 		25.122
v -22.258 		-40.212 		22.893
v -22.258 		-40.603 		22.971
v -13.465 		-43.36 		20.264
v -15.847 		-27.978 		6.335
v -13.465 		-43.38 		19.953
v -14.453 		-37.6 		13.752
v -13.465 		-43.36 		19.642
v -14.522 		-37.64 		13.81
v -15.898 		-28.676 		8.093
v -11.243 		-31.663 		8.467
v -13.791 		-43.576 		20.292
v -11.224 		-31.584 		8.441
v -15.988 		-28.774 		7.998
v -13.791 		-43.598 		19.953
v -11.217 		-31.5 		8.432
v -13.791 		-43.576 		19.614
v -16.081 		-28.866 		7.903
v -15.885 		-28.725 		7.624
v -13.87 		-37.225 		13.297
v -11.227 		-31.626 		8.248
v -15.967 		-28.802 		7.512
v -11.218 		-31.5 		8.234
v -16.048 		-28.874 		7.405
v -13.465 		-43.199 		19.042
v -11.301 		-31.642 		8.671
v -11.282 		-31.616 		8.644
v -14.359 		-37.122 		13.271
v -11.267 		-31.582 		8.622
v -11.258 		-31.542 		8.609
v -13.465 		-43.061 		18.763
v -11.254 		-31.5 		8.604
v -11.258 		-31.458 		8.609
v -13.465 		-42.888 		18.504
v -16.175 		-28.952 		7.809
v -14.843 		-37.339 		13.585
v -13.465 		-43.299 		19.337
v 3.539 		-35.294 		24.953
v 3.539 		-35.283 		24.784
v 3.539 		-35.25 		24.618
v -11.405 		-31.826 		8.699
v -16.128 		-28.94 		7.302
v -11.356 		-31.815 		8.63
v -16.204 		-29 		7.207
v -13.791 		-43.51 		19.281
v -11.311 		-31.783 		8.565
v 1.753 		-34.518 		28.886
v -13.791 		-43.4 		18.959
v 1.753 		-35.027 		28.785
v -13.791 		-43.25 		18.654
v -11.272 		-31.731 		8.51
v -15.859 		-28.622 		7.135
v 1.209 		-34.565 		29.246
v 1.209 		-35.121 		29.136
v -15.93 		-28.676 		7.02
v -13.465 		-42.683 		18.27
v 0.622 		-34.603 		29.533
v -13.465 		-42.449 		18.065
v 0.622 		-35.196 		29.415
v -15.998 		-28.725 		6.913
v -13.791 		-43.061 		18.371
v -11.358 		-31.922 		8.434
v -16.062 		-28.768 		6.815
v -11.3 		-31.845 		8.351
v -11.255 		-31.744 		8.288
v -14.907 		-37.366 		13.629
v -12.621 		-30.293 		8.242
v -16.121 		-28.807 		6.727
v -14.923 		-37.3756 		13.6432
v -14.9251 		-37.3736 		13.6417
v -15.0183 		-37.2255 		13.5764
v -12.631 		-34 		17.381
v -12.631 		-35.116 		17.283
v -11.786 		-30.696 		8.432
v -11.906 		-30.724 		8.602
v -13.791 		-38.939 		18.371
v -12.017 		-30.804 		8.761
v -11.977 		-30.543 		8.298
v -15.892 		-27.99 		6.249
v -13.465 		-39.551 		18.065
v -15.93 		-28 		6.178
v -16.0386 		-28.368 		6.2595
v -15.983 		-28.134 		6.1801
v -15.9577 		-28.0276 		6.144
v -13.791 		-39.163 		18.116
v -15.899 		-28.397 		6.581
v -15.952 		-28.424 		6.487
v -13.465 		-40.089 		17.754
v -13.465 		-39.81 		17.892
v -16 		-28.447 		6.404
v -12.317 		-27.339 		19.757
v -12.317 		-27.311 		19.715
v -13.791 		-39.418 		17.892
v -16.173 		-28.839 		6.651
v -13.465 		-41 		17.573
v -13.465 		-40.689 		17.593
v -16.217 		-28.866 		6.587
v -13.465 		-40.384 		17.654
v -12.119 		-30.576 		8.501
v -12.251 		-30.671 		8.69
v 0.003 		-34.63 		29.741
v -16.2419 		-28.88 		6.5498
v -16.137 		-28.6418 		6.4
v -0.638 		-34.647 		29.868
v -16.041 		-28.466 		6.336
v -12.317 		-27.051 		19.565
v -16.1116 		-28.5843 		6.3638
v -12.317 		-27 		19.561
v -16.0644 		-28.477 		6.2964
v -12.317 		-26.949 		19.565
v -16.0642 		-28.4759 		6.2961
v -12.317 		-26.899 		19.575
v -12.317 		-26.85 		19.591
v -22.258 		-38.585 		21.806
v 0.003 		-35.25 		29.618
v -22.258 		-38.848 		22.105
v -13.465 		-41.911 		17.754
v -13.465 		-41.616 		17.654
v -0.638 		-35.283 		29.741
v -13.465 		-41.311 		17.593
v -12.317 		-27.277 		19.676
v -12.317 		-27.238 		19.642
v -12.317 		-27.196 		19.614
v 2.245 		-34.461 		28.458
v -12.317 		-27.15 		19.591
v -12.317 		-27.101 		19.575
v -13.791 		-41.994 		17.553
v 2.245 		-34.915 		28.368
v -13.791 		-41.672 		17.443
v -16.3311 		-29 		6.6772
v -16.3162 		-28.9801 		6.656
v -22.258 		-39.147 		22.368
v -16.3044 		-28.9643 		6.6392
v -16.2424 		-28.8813 		6.5506
v -22.621 		-39.232 		21.721
v 2.245 		-35.353 		28.219
v -15.53 		-29.558 		7.179
v -22.621 		-39.478 		21.936
v -12.365 		-30.824 		8.852
v -22.621 		-39.75 		22.118
v -12.359 		-30.432 		8.38
v -22.621 		-40.043 		22.263
v -12.512 		-30.542 		8.599
v -12.643 		-30.718 		8.786
v -13.791 		-41.339 		17.377
v -22.91 		-40.043 		21.61
v 3.039 		-31.835 		23.703
v 3.039 		-31.69 		23.996
v -13.791 		-42.837 		18.116
v 3.039 		-31.585 		24.306
v -13.791 		-42.582 		17.892
v -15.767 		-29.5 		7.054
v -13.791 		-42.299 		17.703
v -12.794 		-30.417 		8.489
v -12.942 		-30.616 		8.701
v -13.056 		-30.875 		8.864
v 2.676 		-31.188 		23.788
v 2.676 		-31.06 		24.165
v -13.093 		-30.297 		8.365
v 2.676 		-30.982 		24.556
v -15.647 		-29.213 		6.476
v -13.258 		-30.518 		8.6
v -12.631 		-36.198 		16.993
v -13.791 		-40.006 		17.553
v -13.385 		-30.806 		8.781
v -13.791 		-39.701 		17.703
v -22.258 		-38.188 		21.118
v -15.815 		-29.167 		6.374
v -22.258 		-38.364 		21.475
v -13.405 		-30.182 		8.227
v -13.586 		-30.424 		8.485
v -13.725 		-30.739 		8.683
v -13.791 		-40.328 		17.443
v -22.621 		-38.835 		21.203
v -16.267 		-29.033 		7.718
v -13.791 		-41 		17.355
v -13.791 		-40.661 		17.377
v -11.768 		-31.374 		9.02
v -11.811 		-30.94 		8.809
v -16.398 		-29.004 		8.128
v -11.888 		-31.042 		8.919
v -15.291 		-39.567 		4.319
v -14.8467 		-39.3669 		4.5574
v -15.291 		-40.4399 		5.1919
v -14.6146 		-38.6114 		4.226
v -16.503 		-29.087 		8.055
v -12.631 		-37.214 		16.52
v -11.947 		-31.176 		9.003
v -16.871 		-41.198 		4.913
v -15.8611 		-41.391 		6.006
v -15.4034 		-40.6741 		5.3524
v -11.984 		-31.333 		9.056
v -16.604 		-29.163 		7.984
v -22.621 		-39.017 		21.475
v -14.324 		-38.06 		20.741
v 2.676 		-31.848 		22.801
v -12.112 		-30.932 		8.897
v -14.755 		-37.585 		20.868
v 2.676 		-31.585 		23.1
v -12.186 		-31.098 		9.002
v -16.701 		-29.232 		7.916
v 2.676 		-31.364 		23.431
v -12.232 		-31.292 		9.067
v -22.91 		-39.482 		21.118
v -16.79 		-29.294 		7.854
v -22.91 		-39.647 		21.306
v -15.791 		-36.707 		20.518
v -22.91 		-39.835 		21.471
v -16.87 		-29.348 		7.797
v -12.452 		-31.022 		8.977
v -12.507 		-31.252 		9.055
v -14.324 		-37.982 		19.556
v -14.324 		-37.956 		19.953
v -22.621 		-41 		22.453
v -22.621 		-40.353 		22.368
v -14.324 		-37.982 		20.35
v -22.621 		-40.674 		22.432
v -12.744 		-30.947 		8.93
v -16.358 		-29.106 		7.631
v -14.755 		-37.495 		19.492
v -14.755 		-37.464 		19.953
v -22.91 		-41 		21.866
v -22.91 		-40.268 		21.721
v -11.777 		-31.5 		9.033
v -11.768 		-31.626 		9.02
v 3.539 		-32.973 		24.165
v -14.755 		-37.495 		20.414
v 3.539 		-32.879 		24.306
v -22.91 		-40.505 		21.801
v -22.91 		-40.75 		21.85
v -15.247 		-37.033 		19.953
v -15.247 		-37.067 		20.471
v 3.539 		-32.804 		24.458
v 3.328 		-32.647 		23.6
v -16.443 		-29.173 		7.549
v -16.523 		-29.233 		7.474
v 3.328 		-32.482 		23.788
v -14.324 		-38.06 		19.165
v -12.317 		-27.392 		19.953
v -22.621 		-41.326 		22.432
v -12.317 		-27.388 		19.902
v -12.317 		-27.378 		19.852
v 3.328 		-32.343 		23.996
v -22.621 		-41.647 		22.368
v -12.317 		-27.362 		19.803
v -22.621 		-41.957 		22.263
v -12.393 		-27.776 		19.953
v 3.328 		-32.232 		24.221
v -22.91 		-41.25 		21.85
v -12.393 		-27.77 		19.852
v -13.863 		-35.33 		18.497
v -12.393 		-27.75 		19.752
v 3.328 		-32.152 		24.458
v -22.91 		-41.495 		21.801
v -22.91 		-41.732 		21.721
v -22.91 		-41.957 		21.61
v -16.596 		-29.285 		7.406
v 3.666 		-34 		24.3
v 3.666 		-33.915 		24.306
v 3.666 		-33.831 		24.323
v -16.66 		-29.329 		7.346
v -12.393 		-27.717 		19.656
v 3.666 		-33.75 		24.35
v -16.714 		-29.366 		7.297
v 3.666 		-33.674 		24.388
v -12.393 		-27.672 		19.565
v 3.666 		-33.603 		24.435
v -12.393 		-27.616 		19.48
v -14.755 		-37.585 		19.038
v -23.121 		-41 		21.247
v -16.7451 		-29.3869 		7.2685
v -16.7449 		-29.3869 		7.2682
v -16.7672 		-29.392 		7.3
v -16.6747 		-29.3363 		7.168
v -15.9422 		-40.1306 		6.1218
v -15.9525 		-39.9942 		6.1366
v -13.863 		-36.62 		18.151
v -15.9412 		-40.144 		6.1204
v -16.8248 		-29.4053 		7.3823
v -16.88 		-29.418 		7.4611
v 3.666 		-33.539 		24.492
v -23.121 		-40.353 		21.074
v 3.666 		-33.482 		24.556
v -23.121 		-40.505 		21.149
v -11.997 		-31.5 		9.074
v -11.984 		-31.667 		9.056
v -17.145 		-29.285 		8.189
v -23.121 		-40.665 		21.203
v -11.947 		-31.824 		9.003
v -23.121 		-40.831 		21.236
v -12.247 		-31.5 		9.09
v -12.232 		-31.708 		9.067
v -16.941 		-29.394 		7.748
v -15.892 		-40.5 		6.124
v -12.186 		-31.902 		9.002
v -17 		-29.432 		7.706
v -15.9528 		-41.0072 		6.1371
v -15.9525 		-41.0058 		6.1366
v -17.1139 		-29.4355 		7.7951
v -17.0347 		-29.4537 		7.6821
v -17.0333 		-29.4534 		7.68
v -23.121 		-40.212 		20.98
v -16.042 		-29.867 		7.446
v -12.507 		-31.748 		9.055
v -16.256 		-29.826 		7.346
v -12.526 		-31.5 		9.082
v 3.539 		-33.831 		23.67
v 3.539 		-34 		23.659
v 3.539 		-33.665 		23.703
v -16.436 		-29.792 		7.261
v 3.539 		-33.505 		23.757
v -22.91 		-42.165 		21.471
v -15.9249 		-40.6394 		6.0972
v 3.539 		-33.353 		23.832
v -15.9144 		-40.5 		6.0821
v -16.6747 		-29.7759 		7.168
v -16.6879 		-29.8058 		7.1868
v 3.539 		-33.212 		23.926
v -16.579 		-29.766 		7.192
v -12.807 		-31.214 		9.021
v 3.539 		-33.085 		24.038
v -15.7265 		-38.9587 		5.8138
v -15.66 		-38.9741 		5.7189
v -15.584 		-38.952 		5.772
v -13.128 		-31.176 		8.966
v -15.7573 		-38.9516 		5.8578
v -15.6596 		-38.974 		5.7183
v -16.275 		-29.053 		7.119
v -15.856 		-38.9289 		5.9988
v -15.6588 		-38.9738 		5.7172
v -13.464 		-31.141 		8.895
v -15.5992 		-38.96 		5.632
v -16.34 		-29.1 		7.041
v -15.503 		-38.9378 		5.4947
v -12.807 		-31.786 		9.021
v 3.328 		-32.835 		23.435
v -12.829 		-31.5 		9.052
v -13.128 		-31.824 		8.966
v -13.152 		-31.5 		9.001
v 3.039 		-32.75 		22.788
v -14.325 		-38.591 		5.97
v -13.464 		-31.859 		8.895
v 3.039 		-32.478 		22.97
v -14.026 		-38.375 		5.542
v -16.368 		-29.0494 		6.7299
v -15.975 		-29.45 		6.944
v 3.039 		-32.232 		23.185
v -13.863 		-37.83 		17.587
v -14.555 		-38.666 		5.785
v 3.039 		-32.017 		23.431
v -16.149 		-29.409 		6.851
v -14.244 		-38.442 		5.342
v -12.519 		-26.301 		19.042
v -16.3162 		-29.319 		6.656
v -16.368 		-29.3564 		6.7299
v -16.288 		-29.377 		6.776
v -23.121 		-41.169 		21.236
v 2.676 		-32.147 		22.538
v -12.519 		-26.188 		19.141
v -13.491 		-31.5 		8.933
v -14.762 		-38.731 		5.618
v -12.519 		-26.089 		19.254
v -12.519 		-26.006 		19.379
v -14.443 		-38.5 		5.162
v -16.398 		-29.14 		6.972
v -16.446 		-29.173 		6.915
v 3.328 		-33.75 		23.056
v -12.693 		-25.81 		19.04
v 3.328 		-34 		23.04
v 3.328 		-33.505 		23.105
v -11.57 		-31.971 		8.737
v 3.328 		-33.268 		23.185
v -12.393 		-26.799 		19.203
v 3.328 		-33.043 		23.296
v -16.5469 		-29.2441 		6.9854
v -15.105 		-38.81 		6.108
v -16.4745 		-29.192 		6.8821
v -12.393 		-26.703 		19.236
v -23.121 		-41.335 		21.203
v -16.3692 		-29.3572 		6.7316
v -16.3695 		-29.3575 		6.732
v -12.393 		-26.612 		19.281
v -16.3682 		-29.3565 		6.7302
v -23.121 		-41.495 		21.149
v -12.393 		-26.527 		19.337
v -16.6093 		-29.6779 		7.0745
v -16.6636 		-29.7505 		7.1521
v 3.039 		-33.353 		22.538
v -16.6642 		-29.7519 		7.153
v -12.393 		-26.451 		19.404
v -16.6645 		-29.7526 		7.1534
v 3.039 		-33.043 		22.643
v -16.378 		-36.42 		20.556
v -15.296 		-38.867 		5.974
v -15.456 		-38.915 		5.862
v -15.9577 		-29.0946 		6.144
v -15.9617 		-29.0955 		6.1497
v -16.0275 		-29.1107 		6.2437
v -15.948 		-29.132 		6.292
v -16.0278 		-29.1109 		6.2441
v -12.519 		-26.426 		18.959
v -16.0286 		-29.1115 		6.2452
v -16.307 		-29.3123 		6.6429
v -16.0983 		-29.1617 		6.3447
v -15.791 		-36.67 		19.953
v 3.039 		-34 		22.453
v 3.039 		-33.674 		22.474
v -15.476 		-26.793 		7.911
v 2.676 		-34 		21.909
v 2.676 		-33.603 		21.935
v -15.247 		-37.067 		19.435
v 2.676 		-33.212 		22.013
v -23.121 		-41.647 		21.074
v -14.944 		-38.787 		5.472
v -12.693 		-26.25 		18.654
v -15.098 		-38.833 		5.35
v -15.291 		-35.504 		19.482
v -12.693 		-26.087 		18.763
v -15.3586 		-38.9045 		5.2885
v -12.693 		-25.939 		18.892
v -15.2929 		-38.8893 		5.1946
v -15.22 		-38.868 		5.252
v -15.2928 		-38.8892 		5.1945
v -15.2921 		-38.8887 		5.1934
v -15.285 		-27.334 		8.149
v -15.2406 		-38.8516 		5.12
v -15.288 		-27.302 		8.003
v -12.519 		-26.703 		18.844
v -23.121 		-41.788 		20.98
v -12.519 		-26.561 		18.892
v -15.332 		-27.117 		8.066
v -14.168 		-38.133 		4.77
v -12.693 		-26.804 		18.466
v -14.617 		-38.55 		5.005
v -12.693 		-26.612 		18.504
v -15.302 		-27.271 		7.852
v -11.498 		-31.988 		8.634
v -14.764 		-38.591 		4.873
v -11.425 		-31.971 		8.53
v -11.722 		-32.125 		8.681
v -21.827 		-42.353 		23.219
v -21.827 		-42.768 		23.015
v -11.626 		-32.147 		8.544
v -21.827 		-43.152 		22.758
v -15.327 		-27.241 		7.699
v -14.336 		-38.174 		4.603
v -11.53 		-32.125 		8.407
v -14.477 		-38.208 		4.463
v -11.44 		-32.06 		8.279
v -14.59 		-38.234 		4.352
v -14.6574 		-38.2504 		4.2871
v -14.6567 		-38.2495 		4.2861
v -14.6564 		-38.2488 		4.2857
v -21.827 		-43.5 		22.453
v -11.667 		-32.276 		8.261
v -15.401 		-26.959 		8.165
v -21.827 		-43.805 		22.105
v -15.353 		-27.058 		7.925
v -14.7109 		-38.3218 		4.3634
v -14.832 		-38.4836 		4.5364
v -15.434 		-26.875 		8.04
v -16.997 		-36.212 		20.583
v -15.0144 		-38.6884 		4.7969
v -14.9509 		-38.6425 		4.7062
v -14.881 		-38.623 		4.768
v -15.0428 		-38.7089 		4.8375
v -14.9506 		-38.6421 		4.7058
v -11.888 		-31.958 		8.919
v -22.258 		-42.522 		22.589
v -15.385 		-27 		7.78
v -11.811 		-32.06 		8.809
v -14.755 		-37.734 		18.6
v -12.112 		-32.068 		8.897
v -22.258 		-42.853 		22.368
v -12.017 		-32.196 		8.761
v -17.197 		-39 		8.626
v 2.676 		-32.835 		22.141
v 2.676 		-32.478 		22.317
v -15.285 		-27.666 		8.149
v -15.272 		-27.5 		8.131
v -17.304 		-38.947 		8.589
v -11.906 		-32.276 		8.602
v -11.786 		-32.304 		8.432
v -15.291 		-36.962 		19.091
v 1.209 		-29.817 		23.832
v -12.251 		-32.329 		8.69
v 1.209 		-29.707 		24.388
v -15.288 		-27.698 		8.003
v -12.119 		-32.424 		8.501
v 0.622 		-29.732 		23.185
v -15.273 		-27.5 		7.982
v -12.693 		-26.426 		18.567
v 0.622 		-29.538 		23.757
v -22.258 		-43.152 		22.105
v -15.302 		-27.729 		7.852
v -17.4 		-38.9 		8.554
v -22.258 		-43.415 		21.806
v -15.285 		-27.5 		7.828
v 0.622 		-29.42 		24.35
v -22.621 		-42.25 		22.118
v -22.621 		-42.522 		21.936
v -15.327 		-27.759 		7.699
v -12.911 		-25.888 		18.504
v -22.621 		-42.768 		21.721
v 0.003 		-29.335 		23.703
v -14.9449 		-37.5801 		18.5363
v -14.9449 		-37.58 		18.5363
v -14.8793 		-37.6953 		18.432
v 0.003 		-29.212 		24.323
v -15.1926 		-37.2306 		18.8899
v -15.2218 		-37.1893 		18.9317
v -15.247 		-37.1603 		18.9646
v -15.291 		-37.12 		19.0173
v -0.638 		-29.212 		23.67
v -14.7338 		-37.959 		18.1971
v -14.725 		-37.9831 		18.1791
v -12.393 		-27.297 		19.236
v -14.6837 		-38.096 		18.0947
v -0.638 		-29.085 		24.306
v -14.755 		-37.9136 		18.2345
v -12.393 		-27.201 		19.203
v -14.8313 		-37.7796 		18.3558
v -22.621 		-42.983 		21.475
v -12.393 		-27.101 		19.183
v -15.362 		-27.212 		7.543
v -22.621 		-43.165 		21.203
v -12.393 		-27 		19.177
v -15.426 		-26.944 		7.634
v -22.91 		-42.353 		21.306
v -12.393 		-26.899 		19.183
v -22.91 		-42.518 		21.118
v -15.404 		-27.185 		7.388
v 0.003 		-29.817 		22.538
v -15.474 		-26.891 		7.488
v -17.484 		-38.86 		8.524
v -15.2922 		-37.119 		19.0184
v -15.453 		-27.159 		7.234
v -17.554 		-38.827 		8.498
v -22.258 		-43.636 		21.475
v -22.258 		-43.812 		21.118
v -12.393 		-27.549 		19.404
v -12.393 		-27.473 		19.337
v -11.977 		-32.457 		8.298
v -17.638 		-36.085 		20.6
v 0.003 		-29.538 		23.105
v -21.827 		-24.848 		22.758
v -15.308 		-27.5 		7.671
v -21.827 		-25.232 		23.015
v -15.362 		-27.788 		7.543
v -21.827 		-25.647 		23.219
v -16.378 		-36.381 		19.953
v -15.34 		-27.5 		7.512
v -12.452 		-31.978 		8.977
v -12.365 		-32.176 		8.852
v -17.231 		-40.111 		9.318
v -12.744 		-32.053 		8.93
v -12.643 		-32.282 		8.786
v -16.871 		-35.632 		20.207
v -17.382 		-40.089 		9.31
v -21.827 		-24.195 		22.105
v -12.512 		-32.458 		8.599
v -21.827 		-24.5 		22.453
v -15.404 		-27.815 		7.388
v -0.638 		-29.42 		23.056
v -15.381 		-27.5 		7.354
v -14.95 		-38.6413 		4.7049
v -22.258 		-25.478 		22.589
v -15.453 		-27.841 		7.234
v -0.638 		-29.707 		22.474
v -15.428 		-27.5 		7.198
v -12.359 		-32.568 		8.38
v -22.258 		-24.585 		21.806
v -22.258 		-24.848 		22.105
v -22.258 		-25.147 		22.368
v -12.393 		-27.388 		19.281
v -22.621 		-25.232 		21.721
v -17.526 		-40.07 		9.299
v -22.621 		-25.478 		21.936
v -15.48 		-27.5 		7.045
v -12.519 		-27.812 		19.141
v -22.621 		-25.75 		22.118
v -17.66 		-40.052 		9.287
v -12.519 		-27.699 		19.042
v -12.519 		-27.574 		18.959
v -22.258 		-24.188 		21.118
v 2.245 		-30.734 		23.6
v -15.401 		-28.041 		8.165
v 2.245 		-30.585 		24.038
v -22.258 		-24.364 		21.475
v -15.332 		-27.883 		8.066
v 2.245 		-30.495 		24.492
v -12.519 		-27.297 		18.844
v -15.434 		-28.125 		8.04
v -12.621 		-32.707 		8.242
v 1.753 		-30.168 		23.926
v -15.353 		-27.942 		7.925
v 1.753 		-30.067 		24.435
v -22.621 		-24.835 		21.203
v -22.621 		-25.017 		21.475
v -15.476 		-28.207 		7.911
v -22.91 		-25.482 		21.118
v -12.519 		-27.15 		18.815
v -15.385 		-28 		7.78
v -22.91 		-25.647 		21.306
v -12.519 		-27 		18.805
v -12.519 		-26.85 		18.815
v -17.783 		-40.036 		9.273
v -13.056 		-32.125 		8.864
v -17.894 		-40.022 		9.259
v -12.942 		-32.384 		8.701
v -21.827 		-27 		23.489
v -21.827 		-27.461 		23.458
v -12.794 		-32.583 		8.489
v -15.426 		-28.056 		7.634
v -21.827 		-26.085 		23.368
v -13.385 		-32.194 		8.781
v -21.827 		-26.539 		23.458
v -13.258 		-32.482 		8.6
v -13.093 		-32.703 		8.365
v -15.474 		-28.109 		7.488
v -15.291 		-38.33 		3.453
v -13.725 		-32.261 		8.683
v -17.279 		-39.324 		8.947
v -16.871 		-40.04 		3.755
v -16.871 		-38.698 		2.815
v -13.586 		-32.576 		8.485
v -13.405 		-32.818 		8.227
v -21.827 		-27.915 		23.368
v -21.827 		-28.353 		23.219
v -18.555 		-41.544 		4.623
v -21.827 		-28.768 		23.015
v -18.555 		-40.33 		3.409
v -18.555 		-38.924 		2.424
v -14.109 		-29.684 		7.399
v -20.291 		-41.66 		4.525
v -20.291 		-41.249 		4.114
v -20.291 		-41.071 		3.882
v -20.291 		-40.839 		3.704
v -14.369 		-29.872 		7.771
v -15.247 		-25.482 		16.288
v -21.827 		-29.152 		22.758
v -15.791 		-25.343 		15.952
v -14.408 		-29.584 		7.223
v -15.791 		-24.835 		16.203
v -14.682 		-29.782 		7.615
v -15.7744 		-36.7181 		19.3888
v -15.7752 		-36.7174 		19.3894
v -17.681 		-39.603 		9.126
v -15.446 		-36.9867 		19.1589
v -21.827 		-29.5 		22.453
v -15.791 		-36.7062 		19.4
v -15.7915 		-36.706 		19.4003
v -16.378 		-24.69 		15.952
v -15.8263 		-36.6874 		19.422
v -21.827 		-29.805 		22.105
v -15.856 		-36.6715 		19.4405
v -17.788 		-39.576 		9.108
v -16.378 		-24.188 		16.288
v -16.2002 		-36.488 		19.6552
v -14.984 		-29.7 		7.462
v -16.997 		-24.06 		16.121
v -21.827 		-30.062 		21.721
v -17.882 		-39.553 		9.091
v -15.268 		-29.625 		7.315
v -21.827 		-30.266 		21.306
v -13.83 		-29.62 		7.001
v -13.819 		-29.584 		6.382
v -16.997 		-24.585 		15.77
v -17.403 		-39.275 		8.919
v -22.258 		-27.397 		22.971
v -14.113 		-29.517 		6.802
v -22.258 		-27 		22.997
v -22.258 		-27.788 		22.893
v -17.517 		-39.232 		8.893
v -12.693 		-27.196 		18.466
v -22.258 		-25.835 		22.765
v -12.693 		-27 		18.453
v -14.079 		-29.492 		6.17
v -22.258 		-26.212 		22.893
v -14.387 		-29.421 		6.61
v 2.245 		-31.195 		22.801
v -22.258 		-26.603 		22.971
v 2.245 		-30.938 		23.185
v -14.696 		-29.492 		7.051
v -20.291 		-40.428 		3.293
v -20.291 		-39 		2.293
v 1.753 		-30.853 		22.538
v -12.519 		-27.439 		18.892
v -20.413 		-41.0365 		3.9165
v -20.4117 		-41.0388 		3.9187
v -14.647 		-29.335 		6.429
v 1.753 		-30.565 		22.97
v -12.693 		-27.75 		18.654
v 1.753 		-30.335 		23.435
v -12.693 		-27.574 		18.567
v 1.209 		-30.25 		22.788
v -12.693 		-27.388 		18.504
v 1.209 		-29.999 		23.296
v -22.258 		-28.165 		22.765
v -22.258 		-28.522 		22.589
v -16.378 		-36.3931 		19.7661
v -16.379 		-36.3927 		19.7667
v -16.6907 		-36.2747 		19.9481
v -16.6991 		-36.2715 		19.953
v -14.968 		-29.409 		6.888
v 0.622 		-29.999 		22.643
v -16.871 		-36.2194 		20.0496
v -15.22 		-29.334 		6.736
v -22.621 		-26.043 		22.263
v -22.621 		-26.353 		22.368
v -12.911 		-26.762 		18.142
v -16.535 		-42.2309 		6.8234
v -17.638 		-24.521 		15.66
v -16.5357 		-42.2314 		6.8237
v -16.531 		-42.228 		6.817
v -16.5502 		-42.2416 		6.8296
v -16.537 		-42.232 		6.81
v -14.887 		-29.258 		6.26
v -16.5509 		-42.2421 		6.8299
v -22.621 		-26.674 		22.432
v -16.5506 		-42.2417 		6.8294
v -16.5279 		-42.226 		6.8207
v -17.62 		-39.193 		8.868
v -16.378 		-25.232 		15.685
v -16.5277 		-42.2257 		6.8203
v -15.448 		-29.269 		6.598
v -22.91 		-26.043 		21.61
v -16.55 		-42.2411 		6.8287
v -22.91 		-26.268 		21.721
v -15.291 		-25.72 		13.3855
v -17.709 		-39.161 		8.845
v -15.3717 		-37.0506 		19.091
v -22.91 		-26.505 		21.801
v -16.6946 		-24.8123 		12.4028
v -16.871 		-24.746 		12.585
v -16.4797 		-24.9256 		12.5533
v -22.91 		-26.75 		21.85
v -16.997 		-25.152 		15.491
v -17.784 		-39.134 		8.825
v -17.638 		-25.103 		15.373
v -17.291 		-39.707 		9.18
v -16.5274 		-42.2252 		6.8196
v -16.5491 		-42.24 		6.8274
v -22.621 		-27.326 		22.432
v -15.8119 		-25.3718 		13.0208
v -16.871 		-25.17 		14.167
v -22.621 		-27 		22.453
v -22.621 		-27.647 		22.368
v -16.378 		-25.804 		15.491
v -16.997 		-36.1795 		20.0951
v -17.004 		-36.1782 		20.0973
v -16.7862 		-25.7684 		15.3571
v -17.431 		-39.669 		9.163
v -16.7846 		-25.7694 		15.3575
v -17.2043 		-36.1425 		20.1623
v -16.7219 		-25.808 		15.3714
v -22.91 		-27.25 		21.85
v -17.3425 		-36.118 		20.207
v -16.871 		-25.7187 		15.3437
v -22.91 		-27 		21.866
v -22.91 		-27.495 		21.801
v -17.561 		-39.634 		9.145
v -22.91 		-27.732 		21.721
v -17.638 		-36.0657 		20.3026
v -17.904 		-36.0534 		20.3793
v -16.997 		-25.6685 		15.3157
v -16.9981 		-25.6681 		15.3156
v -17.1186 		-25.6273 		15.3041
v -17.638 		-25.4513 		15.255
v -17.904 		-25.3763 		15.2623
v -16.5163 		-42.2082 		6.7952
v -22.91 		-25.835 		21.471
v -16.5175 		-42.21 		6.7977
v -16.5385 		-42.2274 		6.8122
v -16.871 		-42.6944 		7.4483
v 2.245 		-31.848 		22.148
v 2.245 		-31.5 		22.453
v -18.291 		-24.5 		15.623
v 1.753 		-31.585 		21.806
v -23.121 		-26.353 		21.074
v 1.753 		-31.195 		22.148
v -23.121 		-26.505 		21.149
v -19.585 		-24.06 		16.121
v -23.121 		-26.665 		21.203
v 1.209 		-31.364 		21.518
v -12.911 		-26.527 		18.189
v 1.209 		-30.938 		21.891
v -23.121 		-26.831 		21.236
v -18.291 		-36.043 		20.606
v 1.209 		-30.565 		22.317
v -12.911 		-26.301 		18.266
v -18.555 		-43.254 		7.585
v -17.0623 		-42.8782 		7.7215
v -16.99 		-42.8087 		7.6182
v -18.555 		-42.529 		6.029
v -12.911 		-26.087 		18.371
v 0.622 		-30.734 		21.687
v -20.291 		-43.5481 		8.0973
v -20.291 		-43.397 		7.533
v 0.622 		-30.335 		22.141
v -17.99 		-40.01 		9.246
v -13.17 		-26.188 		17.993
v -20.291 		-42.66 		5.953
v -18.071 		-40 		9.235
v -23.121 		-26.212 		20.98
v -13.17 		-25.939 		18.116
v -18.96 		-35.061 		20.898
v -18.5495 		-34.574 		20.7492
v -18.555 		-34.5812 		20.75
v -18.5347 		-34.4997 		20.7517
v -17.222 		-42.329 		8.149
v -18.555 		-35.71 		20.651
v -17.287 		-42.366 		8.116
v -13.17 		-26.723 		17.85
v -13.17 		-26.451 		17.904
v -23.121 		-27 		21.247
v -23.121 		-27.169 		21.236
v -17.3249 		-42.3871 		8.0964
v -17.3248 		-42.3871 		8.0964
v -17.3254 		-42.3867 		8.0972
v -23.121 		-27.335 		21.203
v -17.2125 		-42.4129 		7.936
v -23.121 		-27.495 		21.149
v -23.121 		-27.647 		21.074
v -17.96 		-39.534 		9.077
v -17.1902 		-42.418 		7.9042
v -17.187 		-42.4187 		7.8995
v -16.701 		-42.232 		7.916
v -16.79 		-42.294 		7.854
v 1.209 		-31.835 		21.203
v -12.911 		-27.699 		18.266
v -12.911 		-27.473 		18.189
v 0.622 		-31.69 		20.952
v -16.87 		-42.348 		7.797
v -12.911 		-27.238 		18.142
v 0.622 		-31.188 		21.288
v -18.291 		-36.0354 		20.491
v -18.253 		-36.0372 		20.48
v -18.2918 		-36.0355 		20.4912
v -12.911 		-27 		18.127
v -18.445 		-36.048 		20.5301
v -18.555 		-36.057 		20.5581
v -13.17 		-27.812 		17.993
v 0.003 		-30.585 		21.538
v -16.523 		-42.233 		7.474
v -18.1293 		-36.043 		20.4443
v -18.0211 		-36.048 		20.4131
v -23.121 		-27.788 		20.98
v -17.26 		-40.5 		9.36
v -21.827 		-37.585 		20.868
v -13.17 		-27.549 		17.904
v -16.88 		-42.418 		7.4611
v -16.854 		-42.4121 		7.424
v -22.258 		-28.853 		22.368
v 0.003 		-30.168 		22.013
v -13.17 		-27.277 		17.85
v -16.596 		-42.285 		7.406
v -22.621 		-27.957 		22.263
v -13.17 		-27 		17.832
v -22.621 		-28.25 		22.118
v -22.621 		-28.522 		21.936
v -22.621 		-28.768 		21.721
v -0.638 		-30.067 		21.935
v -16.66 		-42.329 		7.346
v -16.714 		-42.366 		7.297
v -22.91 		-27.957 		21.61
v -18.555 		-24.302 		12.663
v -19.477 		-35.3957 		20.7595
v -19.4232 		-35.386 		20.7556
v -19.43 		-35.386 		20.772
v -18.944 		-24.521 		15.66
v -19.4183 		-35.383 		20.7554
v -18.8936 		-35.061 		20.7376
v -18.8623 		-35.0167 		20.7388
v -19.585 		-24.585 		15.77
v 0.003 		-31.585 		20.77
v -16.7451 		-42.3869 		7.2685
v -16.7449 		-42.3869 		7.2682
v 0.003 		-31.06 		21.121
v -16.8248 		-42.4053 		7.3823
v -22.258 		-29.152 		22.105
v -16.6747 		-42.3363 		7.168
v -22.258 		-29.415 		21.806
v -0.638 		-31.521 		20.66
v -20.0068 		-35.5 		20.7968
v -20.0471 		-35.4921 		20.801
v -0.638 		-30.982 		21.02
v -20.291 		-35.736 		20.801
v -0.638 		-30.495 		21.448
v -18.291 		-25.087 		15.334
v -17.145 		-42.285 		8.189
v -22.91 		-28.165 		21.471
v -17.413 		-40.5 		9.354
v -22.91 		-28.353 		21.306
v -20.204 		-24.69 		15.952
v -17.558 		-40.5 		9.346
v -22.91 		-28.518 		21.118
v -20.204 		-24.188 		16.288
v -20.291 		-35.4444 		20.8265
v -20.0511 		-35.4913 		20.8014
v -18.944 		-36.085 		20.6
v -18.9288 		-36.083 		20.5849
v -17.694 		-40.5 		9.335
v -18.9341 		-36.0834 		20.5853
v -18.944 		-36.0841 		20.586
v -19.1672 		-36.1292 		20.5941
v -19.585 		-36.217 		20.6083
v -17.819 		-40.5 		9.323
v -19.6126 		-36.2266 		20.6083
v -19.952 		-36.3434 		20.6077
v -20.204 		-36.4302 		20.6072
v -12.519 		-28.061 		20.392
v -20.2061 		-36.4312 		20.6071
v -20.2594 		-36.4575 		20.6049
v -20.291 		-36.4731 		20.6036
v -20.291 		-36.4776 		20.6265
v -20.291 		-36.3 		20.6499
v -12.519 		-28.109 		20.25
v -22.258 		-29.636 		21.475
v -22.258 		-29.812 		21.118
v -12.519 		-28.138 		20.103
v -22.621 		-28.983 		21.475
v -22.621 		-29.165 		21.203
v -12.693 		-28.449 		20.341
v -17.231 		-40.889 		9.318
v -12.693 		-28.487 		20.149
v -17.382 		-40.911 		9.31
v -20.3466 		-36.5005 		20.6013
v -12.911 		-40.087 		21.535
v 2.245 		-33.085 		21.538
v -13.17 		-39.709 		21.636
v -13.17 		-39.939 		21.79
v 2.245 		-32.647 		21.687
v -18.555 		-24.746 		14.321
v 2.245 		-32.232 		21.891
v -17.526 		-40.93 		9.299
v -16.941 		-42.394 		7.748
v -12.519 		-28.148 		19.953
v -17 		-42.432 		7.706
v -12.519 		-28.138 		19.803
v -17.66 		-40.948 		9.287
v -17.9509 		-25.363 		15.2636
v -18.944 		-25.103 		15.373
v -12.519 		-28.109 		19.656
v -12.519 		-28.061 		19.514
v -12.693 		-39.939 		21.014
v -17.1139 		-42.4355 		7.7951
v -17.0347 		-42.4537 		7.6821
v -12.693 		-40.087 		21.143
v -17.0333 		-42.4534 		7.68
v -17.783 		-40.964 		9.273
v -12.693 		-28.5 		19.953
v -12.693 		-28.487 		19.757
v -17.894 		-40.978 		9.259
v -12.693 		-28.449 		19.565
v -12.911 		-39.551 		21.065
v -12.911 		-39.709 		21.244
v -20.791 		-24.835 		16.203
v -12.911 		-39.888 		21.402
v -18.0271 		-25.3416 		15.2657
v -18.291 		-25.2671 		15.2726
v -18.2938 		-25.2665 		15.273
v -13.17 		-39.163 		21.014
v -18.555 		-25.2073 		15.311
v -13.17 		-39.317 		21.244
v -13.17 		-39.5 		21.453
v -12.911 		-28.764 		20.426
v -12.911 		-28.811 		20.191
v -17.291 		-41.293 		9.18
v -12.911 		-28.826 		19.953
v -17.279 		-41.676 		8.947
v -12.911 		-28.811 		19.715
v -20.3467 		-36.5005 		20.6013
v -12.911 		-28.764 		19.48
v -17.431 		-41.331 		9.163
v -17.561 		-41.366 		9.145
v -17.681 		-41.397 		9.126
v -13.17 		-29.103 		20.23
v -17.788 		-41.424 		9.108
v -13.17 		-41 		22.074
v -13.17 		-40.723 		22.056
v -20.291 		-24.152 		12.689
v -13.17 		-29.121 		19.953
v -16.5469 		-42.2441 		6.9854
v -13.17 		-29.103 		19.676
v -16.4745 		-42.192 		6.8821
v -17.882 		-41.447 		9.091
v -12.911 		-41 		21.779
v -12.911 		-40.301 		21.64
v -12.911 		-40.527 		21.717
v -21.3942 		-34.574 		20.8061
v -21.4186 		-34.4567 		20.8142
v -12.911 		-40.762 		21.764
v -21.1871 		-34.8826 		20.7971
v -21.1233 		-34.9777 		20.7944
v -21.0674 		-35.061 		20.792
v -20.5826 		-35.386 		20.8061
v -20.647 		-35.3428 		20.8042
v -13.17 		-40.188 		21.913
v 1.753 		-32.017 		21.518
v -13.17 		-40.451 		22.002
v -14.8467 		-28.6331 		4.5574
v -21.6527 		-37.3313 		20.2507
v -14.6798 		-29.1765 		4.319
v 1.753 		-32.973 		21.121
v -21.7068 		-37.3776 		20.2334
v -15.291 		-28.433 		4.319
v -21.827 		-37.495 		20.414
v -15.291 		-27.5601 		5.1919
v -21.6073 		-37.2925 		20.2652
v 1.753 		-32.482 		21.288
v -16.871 		-26.802 		4.913
v -15.4034 		-27.3259 		5.3524
v -15.5121 		-27.1556 		5.5076
v 1.209 		-32.879 		20.77
v 1.209 		-32.343 		20.952
v -20.7725 		-36.6967 		20.5002
v -20.791 		-36.7056 		20.4961
v -20.791 		-36.707 		20.518
v -15.892 		-27.5 		6.124
v -20.7911 		-36.7056 		20.4961
v -20.6489 		-36.6375 		20.5272
v -20.4289 		-36.5364 		20.5742
v -15.9413 		-27.856 		6.1205
v 0.622 		-32.804 		20.491
v -15.9249 		-27.6394 		6.0972
v -15.9144 		-27.5 		6.0821
v -20.291 		-24.3031 		13.253
v -20.291 		-24.341 		13.541
v -20.291 		-24.4519 		13.8087
v 0.622 		-32.232 		20.685
v -15.9422 		-27.1306 		6.1218
v -15.9525 		-26.9942 		6.1366
v -13.17 		-41.277 		22.056
v -15.9525 		-28.0058 		6.1366
v -20.291 		-24.603 		14.373
v 2.245 		-34 		21.417
v 2.245 		-33.539 		21.448
v -12.911 		-41.238 		21.764
v 1.753 		-33.482 		21.02
v -12.911 		-41.473 		21.717
v 1.753 		-34 		20.986
v -15.5992 		-29.04 		5.632
v -15.66 		-29.0259 		5.7189
v -15.584 		-29.048 		5.772
v -18.8487 		-25.191 		15.3365
v -15.6602 		-29.026 		5.7192
v -12.911 		-41.699 		21.64
v -18.944 		-25.1858 		15.345
v -19.5455 		-25.1868 		15.4709
v -19.585 		-25.1869 		15.4792
v -19.585 		-25.152 		15.491
v -19.5852 		-25.1869 		15.4792
v 1.209 		-33.435 		20.66
v -12.911 		-41.913 		21.535
v -15.661 		-29.0262 		5.7203
v 1.209 		-34 		20.623
v -19.8996 		-25.2061 		15.585
v -19.952 		-25.2093 		15.6027
v -15.856 		-29.0711 		5.9988
v -20.0953 		-25.2179 		15.6509
v -13.17 		-41.549 		22.002
v -20.0726 		-25.2166 		15.6433
v -20.204 		-25.225 		15.6885
v -13.17 		-41.812 		21.913
v 0.003 		-32.152 		20.491
v -15.5974 		-29.0404 		5.6295
v -20.2057 		-25.2252 		15.6893
v -20.2127 		-25.2261 		15.6927
v -20.291 		-25.2363 		15.7306
v -15.5934 		-29.0413 		5.6238
v -15.503 		-29.0622 		5.4947
v -13.17 		-42.061 		21.79
v 0.622 		-33.397 		20.373
v 0.622 		-34 		20.334
v -14.026 		-29.625 		5.542
v 0.003 		-34 		20.123
v 0.003 		-33.37 		20.165
v 0.003 		-32.75 		20.288
v -14.325 		-29.409 		5.97
v -0.638 		-33.353 		20.038
v -0.638 		-34 		19.996
v -0.638 		-32.717 		20.165
v -14.244 		-29.558 		5.342
v -12.519 		-27.994 		19.379
v -12.519 		-40.561 		21.014
v -12.519 		-27.911 		19.254
v -12.693 		-40.25 		21.252
v -14.555 		-29.334 		5.785
v -20.2916 		-25.2364 		15.7308
v -12.693 		-40.426 		21.339
v -12.693 		-28.386 		19.379
v -12.693 		-28.299 		19.203
v -12.693 		-40.612 		21.402
v -23.711 		-42.138 		15.651
v -25.291 		-41.5 		15.283
v -12.693 		-28.19 		19.04
v -14.443 		-29.5 		5.162
v -25.291 		-42.138 		13.915
v -12.693 		-28.061 		18.892
v -14.762 		-29.269 		5.618
v -12.519 		-41 		21.101
v -12.519 		-41.15 		21.091
v -20.852 		-36.7452 		20.48
v -12.693 		-27.913 		18.763
v -12.519 		-40.703 		21.062
v -0.638 		-32.103 		20.373
v -21.2374 		-36.9958 		20.3781
v -21.335 		-37.0592 		20.3523
v -21.335 		-37.067 		20.471
v -12.519 		-40.85 		21.091
v -21.3351 		-37.0593 		20.3522
v -20.3863 		-36.5168 		20.5833
v -26.719 		-39.868 		15.877
v -12.693 		-41 		21.453
v -15.105 		-29.19 		6.108
v -26.719 		-40.634 		14.783
v 3.666 		-34.518 		24.556
v -12.693 		-40.804 		21.44
v -15.296 		-29.133 		5.974
v -15.456 		-29.085 		5.862
v -27.1967 		-39.502 		15.5699
v -27.0585 		-39.1568 		16.1098
v -17.403 		-41.725 		8.919
v -27.0972 		-39.005 		16.2071
v -27.105 		-40.2997 		14.59
v -27.1049 		-40.2997 		14.5902
v -17.517 		-41.768 		8.893
v -27.1181 		-40.1866 		14.7289
v -27.1673 		-39.7585 		15.2548
v -12.911 		-28.687 		19.254
v -12.911 		-28.582 		19.04
v -17.62 		-41.807 		8.868
v -14.944 		-29.213 		5.472
v -26.719 		-41.198 		13.573
v -15.098 		-29.167 		5.35
v -15.22 		-29.132 		5.252
v -15.2406 		-29.1485 		5.12
v -15.2929 		-29.1107 		5.1946
v -15.2932 		-29.1106 		5.1951
v -12.911 		-28.449 		18.841
v -12.911 		-28.291 		18.662
v -17.709 		-41.839 		8.845
v -21.827 		-37.4789 		20.1746
v -12.519 		-41.297 		21.062
v -21.8285 		-37.4805 		20.1737
v -27.1962 		-40.7495 		13.4096
v -27.1322 		-40.4348 		14.2357
v -14.168 		-29.867 		4.77
v 3.666 		-34.461 		24.492
v -21.9719 		-37.6381 		20.0865
v -12.519 		-41.439 		21.014
v 3.666 		-34.397 		24.435
v 3.666 		-34.326 		24.388
v -12.693 		-41.196 		21.44
v 3.666 		-34.25 		24.35
v -27.058 		-41.0446 		12.8406
v -17.784 		-41.866 		8.825
v 3.666 		-34.169 		24.323
v -27.097 		-40.9614 		13.0006
v 3.666 		-34.085 		24.306
v -27.1177 		-40.9171 		13.0862
v -12.693 		-41.388 		21.402
v -12.693 		-41.574 		21.339
v -14.617 		-29.45 		5.005
v -12.911 		-28.112 		18.504
v -14.764 		-29.409 		4.873
v -26.719 		-41.544 		12.283
v -26.719 		-41.66 		10.953
v -13.17 		-28.837 		18.892
v -12.693 		-41.75 		21.252
v -27.1963 		-41.0736 		12.2001
v -13.17 		-28.683 		18.662
v -27.1173 		-41.2463 		11.1298
v -12.693 		-41.913 		21.143
v -27.167 		-41.1382 		11.7993
v -27.1043 		-41.2747 		10.953
v -20.412 		-24.3878 		13.5285
v -13.17 		-28.5 		18.453
v -12.693 		-42.061 		21.014
v -14.336 		-29.826 		4.603
v -20.4107 		-24.3868 		13.5255
v -27.1317 		-41.2144 		10.5791
v -14.477 		-29.792 		4.463
v -14.1418 		-38.2856 		20.48
v -14.1418 		-38.2914 		20.5091
v -14.1417 		-38.3234 		20.6686
v -26.719 		-41.544 		9.623
v -14.1417 		-38.3235 		20.6691
v -14.1417 		-38.3236 		20.6698
v -14.59 		-29.766 		4.352
v -14.1416 		-38.3238 		20.6702
v -14.6152 		-29.8448 		4.2269
v -14.6567 		-29.7505 		4.2861
v -14.5892 		-29.904 		4.1897
v -14.6572 		-29.7499 		4.2867
v -14.832 		-29.5164 		4.5364
v -13.17 		-29.049 		19.404
v -13.17 		-28.96 		19.141
v -20.7553 		-25.371 		15.924
v -20.773 		-25.3761 		15.9314
v -20.7741 		-25.3764 		15.9319
v -14.881 		-29.377 		4.768
v -20.791 		-25.343 		15.952
v -14.8963 		-29.4304 		4.6282
v -20.4171 		-25.2723 		15.7819
v -20.4359 		-25.2778 		15.7898
v -26.719 		-41.198 		8.333
v -14.9509 		-29.3575 		4.7062
v -14.9513 		-29.3572 		4.7068
v -15.0912 		-29.2563 		4.9066
v -12.911 		-27.913 		18.371
v -21.335 		-25.482 		16.288
v -15.2317 		-29.1549 		5.1073
v -12.911 		-42.112 		21.402
v -13.17 		-28.291 		18.27
v -13.17 		-28.061 		18.116
v -27.1965 		-41.0735 		9.7059
v -27.0581 		-41.0445 		9.0654
v -14.142 		-38.387 		20.8583
v -27.196 		-40.7497 		8.4964
v -27.0972 		-41.0526 		9.2457
v -27.118 		-41.0569 		9.3419
v -13.17 		-42.291 		21.636
v -13.465 		-24.701 		20.569
v -13.791 		-24.49 		20.625
v -12.911 		-42.291 		21.244
v -12.911 		-42.449 		21.065
v -13.17 		-42.5 		21.453
v -13.17 		-42.683 		21.244
v -13.17 		-42.837 		21.014
v -25.186 		-43.537 		14.37
v -25.543 		-43.743 		14.636
v -13.791 		-41 		22.551
v -13.791 		-41.339 		22.529
v -25.921 		-43.961 		14.86
v -20.791 		-25.3829 		15.9385
v -20.7911 		-25.3829 		15.9385
v -21.1996 		-25.5808 		16.1591
v -21.335 		-25.6463 		16.2321
v -21.3354 		-25.6466 		16.2324
v 3.539 		-34.915 		24.038
v -13.791 		-40.661 		22.529
v 3.539 		-34.788 		23.926
v 3.539 		-34.647 		23.832
v -22.027 		-42.529 		15.877
v 3.539 		-34.495 		23.757
v -17.197 		-42 		8.626
v -16.871 		-24.7192 		12.2793
v -13.791 		-38.939 		21.535
v 3.539 		-34.335 		23.703
v -17.4145 		-24.8899 		8.2244
v -18.555 		-24.302 		9.243
v -18.1412 		-24.4111 		9.2622
v -18.555 		-24.2485 		9.8532
v 3.539 		-34.169 		23.67
v -17.6441 		-24.4648 		11.738
v -18.555 		-24.1649 		11.1003
v -23.772 		-43.875 		13.35
v -13.465 		-40.089 		22.152
v -17.304 		-42.053 		8.589
v -13.791 		-39.701 		22.203
v -20.291 		-24.341 		8.365
v -13.791 		-40.006 		22.353
v -20.291 		-24.152 		9.217
v -24.853 		-43.344 		14.065
v -20.291 		-24.3031 		8.653
v -20.291 		-24 		10.953
v 3.539 		-35.196 		24.458
v -19.141 		-24.1238 		10.69
v -18.7654 		-24.1336 		10.953
v 3.539 		-35.121 		24.306
v -18.6416 		-24.152 		11.0396
v -13.465 		-39.317 		21.636
v -20.4121 		-24.3878 		8.3775
v 3.539 		-35.027 		24.165
v -22.027 		-43.254 		14.321
v -20.4107 		-24.3885 		8.3745
v -13.465 		-39.551 		21.841
v -17.4 		-42.1 		8.554
v -13.465 		-39.81 		22.014
v -17.484 		-42.14 		8.524
v -13.791 		-39.163 		21.79
v -17.554 		-42.173 		8.498
v -23.531 		-43.736 		12.946
v -13.791 		-39.418 		22.014
v 3.328 		-35.353 		23.6
v -17.93 		-40.5 		9.311
v 3.328 		-34.957 		23.296
v -17.5219 		-25.7555 		8.3778
v -18.027 		-40.5 		9.299
v -13.791 		-24.6 		20.947
v -18.108 		-40.5 		9.289
v -17.056 		-25.767 		8.234
v -13.465 		-38.939 		21.143
v -13.465 		-39.112 		21.402
v -13.791 		-38.75 		21.252
v 3.328 		-34.732 		23.185
v 3.328 		-34.495 		23.105
v 3.328 		-34.25 		23.056
v -22.027 		-43.698 		12.663
v -17.99 		-40.99 		9.246
v 3.039 		-34.957 		22.643
v -18.071 		-41 		9.235
v 3.039 		-34.647 		22.538
v -13.465 		-41 		22.333
v -13.465 		-40.384 		22.252
v -13.465 		-24.801 		20.864
v -13.465 		-40.689 		22.313
v -23.324 		-43.617 		12.517
v -15.247 		-25.973 		16.121
v -13.465 		-24.64 		19.642
v -13.791 		-40.328 		22.463
v -24.547 		-43.168 		13.724
v -13.465 		-24.62 		19.953
v -13.465 		-24.64 		20.264
v -13.863 		-27.1806 		14.3853
v -15.291 		-29.67 		3.453
v -13.863 		-27.366 		14.783
v -16.871 		-29.302 		2.815
v -23.711 		-42.83 		14.167
v -16.871 		-27.96 		3.755
v -13.791 		-24.424 		19.614
v -23.5586 		-43.2942 		12.5921
v -23.6306 		-43.254 		12.6679
v -13.791 		-24.402 		19.953
v -13.465 		-41.311 		22.313
v -24.272 		-43.009 		13.35
v -13.791 		-24.424 		20.292
v -13.465 		-41.616 		22.252
v -18.555 		-29.076 		2.424
v 3.328 		-35.165 		23.435
v -18.555 		-27.67 		3.409
v -13.465 		-41.911 		22.152
v -18.555 		-26.456 		4.623
v -23.711 		-43.2091 		12.7527
v 3.039 		-35.25 		22.788
v -20.291 		-29 		2.293
v -20.291 		-27.572 		3.293
v -13.791 		-41.672 		22.463
v -23.4971 		-43.3172 		12.517
v -13.791 		-41.994 		22.353
v -13.465 		-24.701 		19.337
v -14.1419 		-38.2528 		19.59
v -14.1419 		-38.2526 		19.5911
v -23.9244 		-43.0547 		12.946
v -14.1418 		-38.2796 		19.456
v -24.1196 		-42.9211 		13.0945
v -14.1418 		-38.2525 		19.5916
v -24.1852 		-42.959 		12.8353
v -24.2597 		-43.0022 		12.5406
v -15.247 		-26.482 		16.02
v -13.465 		-24.801 		19.042
v -25.291 		-42.529 		12.457
v -13.465 		-42.19 		22.014
v -14.1423 		-38.2284 		19.9523
v -14.1423 		-38.2284 		19.953
v -14.1423 		-38.2286 		19.9491
v -14.1423 		-38.2285 		19.9514
v -13.465 		-25.112 		18.504
v -14.1419 		-38.2394 		19.7895
v -13.465 		-24.939 		18.763
v -13.863 		-28.132 		15.877
v -16.997 		-41 		24.783
v -16.997 		-41.63 		24.741
v -17.96 		-41.466 		9.077
v -16.997 		-39.75 		24.618
v -16.997 		-40.37 		24.741
v -13.791 		-24.75 		18.654
v -15.791 		-25.879 		15.77
v -13.791 		-24.6 		18.959
v -17.638 		-41.647 		24.868
v -15.534 		-40.11 		8.733
v -17.638 		-41 		24.91
v -14.7275 		-26.2329 		13.7801
v -15.291 		-25.862 		13.915
v -15.0037 		-25.9815 		13.5867
v -15.592 		-40.123 		8.816
v -17.638 		-39.717 		24.741
v -17.638 		-40.353 		24.868
v -15.658 		-40 		8.809
v -14.2911 		-26.7115 		14.0856
v -15.291 		-26.5 		15.283
v -13.791 		-24.49 		19.281
v -14.1421 		-38.2416 		20.1511
v -14.1418 		-38.2525 		20.3138
v 3.039 		-34.326 		22.474
v -20.291 		-27.161 		3.704
v -20.291 		-26.929 		3.882
v -20.291 		-26.751 		4.114
v -14.9509 		-27.4862 		16.2781
v -14.9523 		-27.4839 		16.2764
v -20.291 		-26.34 		4.525
v -14.8982 		-27.5767 		16.3431
v -14.1418 		-38.2525 		20.3142
v -14.1418 		-38.2526 		20.3144
v -15.029 		-27.366 		16.2013
v -15.247 		-27 		15.986
v 2.676 		-35.165 		22.141
v -18.291 		-39.706 		24.783
v 2.676 		-34.788 		22.013
v 2.676 		-34.397 		21.935
v -20.413 		-26.9635 		3.9165
v -20.4117 		-26.9657 		3.9142
v -14.1419 		-38.2526 		20.3149
v -18.944 		-39.717 		24.741
v -15.247 		-27.031 		15.988
v -15.2472 		-27.0307 		15.9879
v -15.2695 		-27 		15.971
v -22.027 		-43.848 		10.953
v -13.9841 		-32.6553 		3.3255
v -13.9319 		-33.9274 		3.2511
v -15.291 		-32.496 		2.424
v 2.245 		-35.353 		21.687
v -15.291 		-26.9728 		15.9584
v -14.1517 		-31.3108 		3.5649
v -15.291 		-31.038 		2.815
v -14.002 		-32.5111 		3.3512
v 2.245 		-34.915 		21.538
v -14.2304 		-30.94 		3.6773
v -19.585 		-39.75 		24.618
v -14.4363 		-29.9693 		3.9713
v -16.871 		-32.368 		1.699
v -16.871 		-30.786 		2.123
v -23.6045 		-43.7783 		10.1695
v -18.291 		-41 		24.953
v -18.291 		-41.653 		24.91
v -15.525 		-29.969 		7.683
v -16.2308 		-26.1205 		15.5019
v -16.2329 		-26.1191 		15.5011
v -16.378 		-26.02 		15.448
v -18.291 		-40.347 		24.91
v -15.722 		-30.417 		7.965
v -16.3796 		-26.019 		15.4477
v -16.6343 		-25.862 		15.391
v -18.944 		-41.647 		24.868
v -14.142 		-38.6907 		18.432
v -14.1418 		-38.6016 		18.5656
v -14.1418 		-38.6011 		18.5664
v -15.73 		-40.052 		8.912
v -14.1418 		-38.6005 		18.5673
v -18.944 		-41 		24.91
v -23.264 		-43.582 		8.242
v -14.1418 		-38.6004 		18.5675
v -15.792 		-40.134 		9
v -18.944 		-40.353 		24.868
v -15.797 		-29.915 		7.559
v -14.1423 		-38.4397 		18.8915
v -14.1423 		-38.4393 		18.8921
v -14.1423 		-38.4393 		18.8921
v -14.1423 		-38.4442 		18.8823
v -14.1422 		-38.512 		18.7454
v -19.585 		-41 		24.783
v -15.737 		-39.879 		8.794
v -14.324 		-38.188 		18.788
v -15.825 		-39.943 		8.921
v -13.465 		-25.551 		18.065
v -14.1418 		-38.3761 		19.0802
v -14.1416 		-38.3241 		19.2349
v -14.1416 		-38.3238 		19.2358
v -22.027 		-43.698 		9.243
v -13.465 		-25.317 		18.27
v -14.1723 		-38.3234 		19.0944
v -13.791 		-25.701 		17.703
v -13.791 		-25.418 		17.892
v -15.825 		-39.761 		8.771
v -13.791 		-25.163 		18.116
v 2.245 		-34.461 		21.448
v -13.791 		-24.939 		18.371
v 1.753 		-34.518 		21.02
v 1.209 		-34.565 		20.66
v -15.846 		-30.94 		8.142
v -23.107 		-43.491 		8.699
v -13.465 		-29.199 		20.864
v -13.465 		-29.299 		20.569
v -16.001 		-30.379 		7.851
v -13.791 		-29.4 		20.947
v 1.753 		-35.027 		21.121
v -13.791 		-29.51 		20.625
v -16.13 		-30.92 		8.034
v -23.155 		-43.519 		12.067
v -23.094 		-43.4838 		11.8478
v -23.2033 		-43.4353 		12.067
v 1.209 		-35.121 		20.77
v -15.791 		-26.435 		15.66
v -16.252 		-30.345 		7.746
v -15.6919 		-26.5766 		15.7169
v -15.791 		-26.4786 		15.6571
v -23.1742 		-43.5301 		11.0744
v -23.1869 		-43.5374 		10.953
v -15.845 		-26.4315 		15.6336
v -15.8444 		-26.432 		15.6339
v -16.385 		-30.902 		7.935
v -23.1228 		-43.5004 		11.5698
v -23.125 		-43.5017 		11.548
v -15.856 		-26.4226 		15.6298
v 0.622 		-35.196 		20.491
v -13.465 		-29.36 		20.264
v -16.607 		-30.887 		7.847
v 0.622 		-34.603 		20.373
v -15.792 		-39.615 		8.552
v -16.794 		-30.875 		7.773
v -13.791 		-29.576 		20.292
v -15.733 		-39.534 		8.278
v 0.003 		-35.25 		20.288
v -13.465 		-29.38 		19.953
v 0.003 		-34.63 		20.165
v -13.465 		-29.36 		19.642
v -14.1423 		-38.4393 		18.8921
v -13.791 		-29.598 		19.953
v -14.1418 		-38.2847 		19.4305
v -13.791 		-29.576 		19.614
v -14.1417 		-38.3236 		19.2362
v -16.472 		-30.316 		7.654
v -13.9335 		-30.0787 		14.336
v -16.656 		-30.293 		7.575
v -16.802 		-30.274 		7.512
v -23.0813 		-43.4761 		9.9313
v -14.197 		-30.134 		14.126
v -23.0547 		-43.4607 		9.6743
v -23.0146 		-43.4376 		9.2887
v -13.465 		-29.299 		19.337
v -14.2114 		-30.1236 		14.1414
v -14.2114 		-30.1236 		14.1414
v -14.1423 		-39.0408 		17.9928
v -14.1423 		-39.0403 		17.9933
v -13.465 		-29.199 		19.042
v -14.2055 		-30.1226 		14.1455
v -14.1423 		-39.0438 		17.9902
v -14.1423 		-39.12 		17.9234
v -16.8022 		-30.0663 		7.35
v -14.2114 		-30.1236 		14.1414
v -13.465 		-29.061 		18.763
v -14.324 		-38.848 		17.801
v -14.2027 		-30.1222 		14.1475
v -14.1418 		-38.9098 		18.1427
v -13.465 		-28.888 		18.504
v -14.1419 		-38.8027 		18.2649
v -14.1419 		-38.8021 		18.2655
v -14.1419 		-38.8017 		18.266
v -16.8465 		-30.1673 		7.4133
v -14.324 		-38.585 		18.1
v -13.791 		-29.51 		19.281
v -16.88 		-30.2432 		7.4611
v -14.2115 		-30.1237 		14.1413
v -16.943 		-30.865 		7.712
v -14.2991 		-30.1678 		14.08
v -23.1519 		-43.5169 		10.613
v -16.8887 		-30.263 		7.4735
v -16.8889 		-30.2634 		7.4738
v -13.791 		-29.4 		18.959
v -14.0616 		-30.0994 		14.2463
v -17.0044 		-30.7488 		7.6388
v -17.0307 		-30.8593 		7.6763
v -14.142 		-38.8015 		18.2662
v -14.142 		-38.8014 		18.2663
v -13.945 		-30.327 		13.855
v -23.1039 		-43.4893 		10.1505
v -14.142 		-38.6914 		18.431
v -17.0307 		-30.8596 		7.6763
v -13.791 		-29.25 		18.654
v -14.324 		-38.364 		18.431
v -17.0358 		-30.928 		7.6837
v -14.02 		-30.267 		13.935
v -16.173 		-31.5 		8.097
v -23.6031 		-42.9946 		8.242
v -23.2697 		-43.2091 		8.699
v -22.991 		-43.424 		9.171
v -22.9989 		-43.4104 		9.171
v -22.9865 		-43.4214 		9.1994
v -13.465 		-26.689 		17.593
v -13.465 		-26.384 		17.654
v -16.43 		-31.5 		8
v -13.465 		-26.089 		17.754
v -24.3237 		-43.0391 		11.7765
v -24.3601 		-43.0602 		11.3417
v -13.465 		-25.81 		17.892
v -24.3928 		-43.079 		10.953
v -24.2832 		-43.0161 		12.2556
v -16.654 		-31.5 		7.914
v -24.3074 		-43.0298 		11.969
v -15.505 		-40 		8.59
v -13.791 		-26.328 		17.443
v -25.291 		-42.66 		10.953
v -15.582 		-39.982 		8.7
v -13.791 		-26.006 		17.553
v -15.546 		-39.879 		8.522
v -15.641 		-39.857 		8.658
v -16.841 		-31.5 		7.84
v -24.3428 		-43.0499 		10.3516
v -14.1419 		-39.7615 		17.4806
v -14.1418 		-39.6153 		17.553
v -14.1418 		-39.6145 		17.5534
v -24.2955 		-43.0225 		9.7869
v -24.2611 		-43.0027 		9.3783
v -24.26 		-43.0021 		9.3655
v -24.3282 		-43.0415 		10.1779
v -25.291 		-42.529 		9.449
v -14.1422 		-39.9076 		17.408
v -14.142 		-39.3133 		17.7544
v -14.142 		-39.3141 		17.7539
v -14.1418 		-39.4496 		17.6635
v -14.142 		-39.3171 		17.7519
v -16.991 		-31.5 		7.781
v -13.465 		-27.616 		17.654
v -14.1419 		-39.313 		17.7547
v -15.712 		-39.735 		8.609
v -14.324 		-39.147 		17.538
v -13.465 		-27.311 		17.593
v -24.3602 		-43.0599 		10.5594
v -24.3915 		-43.0782 		10.9378
v -17.0789 		-31.5 		7.7452
v -17.045 		-31.952 		7.6967
v -17.0788 		-31.4986 		7.745
v -13.465 		-27 		17.573
v -17.0379 		-30.956 		7.6867
v -14.1418 		-39.6143 		17.5535
v -24.1445 		-42.9354 		8.9096
v -24.0073 		-42.8565 		8.3693
v -24.1542 		-42.941 		8.9479
v -17.0699 		-31.3816 		7.7323
v -13.791 		-27.672 		17.443
v -15.846 		-32.06 		8.142
v -14.1424 		-39.1632 		17.8856
v -15.722 		-32.583 		7.965
v -15.598 		-39.761 		8.446
v -0.638 		-35.283 		20.165
v -15.661 		-39.646 		8.365
v -0.638 		-34.647 		20.038
v -22.027 		-37.368 		1.699
v -13.791 		-26.661 		17.377
v -22.027 		-35.71 		1.255
v -13.791 		-27.339 		17.377
v -16.291 		-39.086 		8.203
v -1.291 		-30.956 		28.92
v -23.711 		-37.214 		2.123
v -15.525 		-33.031 		7.683
v -13.791 		-27 		17.355
v -23.711 		-35.632 		1.699
v -1.291 		-31.5 		29.283
v -16.621 		-39.048 		8.447
v -13.465 		-28.683 		18.27
v -25.291 		-36.962 		2.815
v -15.797 		-33.085 		7.559
v -25.291 		-35.504 		2.424
v -13.465 		-28.449 		18.065
v -15.53 		-33.442 		7.179
v -1.291 		-32.087 		29.572
v -13.791 		-28.837 		18.116
v -1.291 		-29.381 		26.866
v -26.719 		-37.83 		4.319
v -28.7398 		-35.7135 		4.5582
v -13.465 		-28.19 		17.892
v -1.291 		-29.67 		27.453
v -13.465 		-27.911 		17.754
v -15.767 		-33.5 		7.054
v -13.791 		-28.582 		17.892
v -13.791 		-28.299 		17.703
v -16.296 		-39.538 		8.878
v -27.105 		-37.637 		4.6533
v -27.1049 		-37.6372 		4.6533
v -27.1181 		-37.7759 		4.7664
v -15.647 		-33.787 		6.476
v -13.791 		-27.994 		17.553
v -14.1423 		-39.9398 		17.3921
v -14.1423 		-39.9391 		17.3923
v -15.815 		-33.833 		6.374
v -27.1962 		-36.4566 		4.2035
v -1.291 		-29 		24.953
v -27.1322 		-37.2827 		4.5182
v -14.088 		-30.215 		14.008
v -1.291 		-29.043 		25.606
v -26.719 		-36.62 		3.755
v -13.791 		-29.061 		18.371
v -1.291 		-29.17 		26.247
v -26.719 		-35.33 		3.409
v -14.148 		-30.171 		14.072
v -12.631 		-30.786 		16.52
v -16.13 		-32.08 		8.034
v -12.631 		-31.802 		16.993
v -14.1422 		-39.9467 		17.3898
v -14.1419 		-40.144 		17.3234
v -14.142 		-40.0947 		17.34
v -14.1423 		-39.9391 		17.3923
v -12.631 		-32.884 		17.283
v -14.324 		-39.835 		17.141
v -16.001 		-32.621 		7.851
v -27.058 		-35.8876 		3.9085
v -27.1963 		-35.2471 		3.8794
v -14.324 		-39.478 		17.317
v -27.097 		-36.0476 		3.9916
v -27.1177 		-36.1332 		4.0359
v -14.32 		-30.1784 		14.0654
v -16.385 		-32.098 		7.935
v -27.1173 		-34.1768 		3.7067
v -27.167 		-34.8463 		3.8148
v -14.579 		-30.327 		13.858
v -22.027 		-41.544 		4.623
v -16.252 		-32.655 		7.746
v -23.711 		-42.138 		6.255
v -14.5956 		-30.3174 		13.8724
v -14.5959 		-30.3176 		13.8722
v -23.711 		-41.198 		4.913
v -14.4546 		-30.2462 		13.9711
v -14.4139 		-30.2257 		13.9997
v -16.607 		-32.113 		7.847
v -25.291 		-42.138 		7.991
v -16.794 		-32.125 		7.773
v -14.5962 		-30.318 		13.872
v -14.1418 		-24.2914 		20.5091
v -14.1417 		-24.3234 		20.6686
v -25.291 		-41.5 		6.623
v -14.1417 		-24.3235 		20.6691
v -14.1417 		-24.3236 		20.6698
v -14.1416 		-24.3238 		20.6702
v -14.6647 		-30.3822 		13.824
v -25.291 		-40.634 		5.386
v -14.324 		-24.06 		20.741
v -1.291 		-30.033 		27.997
v -25.291 		-39.567 		4.319
v -1.291 		-30.464 		28.489
v -14.142 		-24.387 		20.8583
v -16.428 		-39.446 		8.85
v -22.027 		-40.33 		3.409
v -16.562 		-39.358 		8.818
v -22.027 		-38.924 		2.424
v -23.711 		-40.04 		3.755
v -23.711 		-38.698 		2.815
v -16.719 		-39.568 		9.042
v -25.291 		-38.33 		3.453
v -16.697 		-39.275 		8.782
v -16.472 		-32.684 		7.654
v -16.865 		-39.5 		9.022
v -16.829 		-39.198 		8.744
v -16.656 		-32.707 		7.575
v -16.802 		-32.726 		7.512
v -14.1422 		-42.0925 		17.408
v -26.719 		-40.634 		7.123
v -1.944 		-30.982 		28.886
v -1.944 		-31.521 		29.246
v -14.1419 		-24.2528 		19.59
v -14.1419 		-24.2526 		19.5911
v -26.719 		-39.868 		6.029
v -2.585 		-31.06 		28.785
v -14.1423 		-41.0007 		17.1814
v -14.1423 		-41 		17.1814
v -15.902 		-40.045 		9.03
v -14.1423 		-41.0039 		17.1816
v -14.1423 		-41.0016 		17.1815
v -14.1419 		-41.1635 		17.1924
v -16.022 		-39.959 		9.052
v -26.719 		-38.924 		5.085
v -14.324 		-41 		16.909
v -16.092 		-40.117 		9.152
v -16.88 		-32.7568 		7.4611
v -16.7838 		-32.976 		7.3238
v -16.151 		-39.875 		9.065
v -14.1419 		-41.168 		17.1927
v -16.943 		-32.135 		7.712
v -27.1177 		-40.3635 		7.4829
v -27.1669 		-40.605 		8.1171
v -17.0397 		-32.0214 		7.6892
v -27.105 		-40.2997 		7.316
v -17.0307 		-32.1407 		7.6763
v -17.0305 		-32.1412 		7.6761
v -14.1421 		-40.8019 		17.1946
v -14.1418 		-40.6392 		17.2055
v -16.232 		-40.058 		9.18
v -17.0152 		-32.2058 		7.6542
v -14.1418 		-40.6388 		17.2056
v -14.1418 		-40.6386 		17.2056
v -16.9154 		-32.6248 		7.5117
v -16.8889 		-32.7366 		7.4738
v -27.1965 		-39.5021 		6.336
v -27.1323 		-40.0603 		7.0217
v -27.1049 		-40.2997 		7.3158
v -14.324 		-40.603 		16.935
v -16.042 		-33.133 		7.446
v -16.287 		-39.793 		9.069
v -27.1967 		-38.6169 		5.451
v -27.0585 		-39.1568 		5.7962
v -27.0972 		-39.2541 		5.948
v -16.256 		-33.174 		7.346
v -27.1673 		-38.3018 		5.1945
v -14.1419 		-40.6381 		17.2056
v -14.1418 		-40.4439 		17.2444
v -14.1417 		-40.2844 		17.2764
v -14.1417 		-40.2839 		17.2765
v -14.1417 		-40.2832 		17.2766
v -14.1416 		-40.2828 		17.2768
v -14.324 		-40.212 		17.013
v -16.436 		-33.208 		7.261
v -15.931 		-39.837 		8.922
v -25.793 		-43.887 		5.822
v -25.421 		-43.673 		6.06
v -25.072 		-43.471 		6.339
v -24.748 		-43.284 		6.657
v -24.452 		-43.113 		7.009
v -15.924 		-39.646 		8.74
v -16.705 		-33.1556 		7.2112
v -23.952 		-43.979 		7.009
v -16.6747 		-33.2242 		7.168
v -16.579 		-33.234 		7.192
v -13.982 		-30.698 		13.379
v -23.688 		-43.827 		7.394
v -16.7176 		-33.127 		7.2292
v -16.046 		-39.734 		8.914
v -23.458 		-43.694 		7.806
v -14.089 		-30.626 		13.46
v -14.192 		-30.56 		13.54
v -14.1423 		-42.0615 		17.3927
v -14.1423 		-42.0609 		17.3923
v -14.1423 		-42.0707 		17.3972
v -16.168 		-39.634 		8.899
v -13.863 		-30.394 		13.77
v -16.6638 		-33.2491 		7.1524
v -16.6636 		-33.2495 		7.1521
v -14.324 		-42.165 		17.141
v -22.027 		-43.254 		7.585
v -16.6645 		-33.2474 		7.1534
v -14.287 		-30.5 		13.616
v -14.1418 		-41.8728 		17.3291
v -14.1416 		-41.7181 		17.2771
v -14.1416 		-41.7172 		17.2768
v -15.975 		-33.55 		6.944
v -14.324 		-41.788 		17.013
v -16.378 		-40 		9.199
v -24.188 		-42.961 		7.394
v -14.1423 		-42.0609 		17.3923
v -16.149 		-33.591 		6.851
v -16.428 		-39.714 		9.066
v -14.1419 		-41.363 		17.2058
v -14.1419 		-41.3619 		17.2056
v -14.1418 		-41.5225 		17.2377
v -22.027 		-42.529 		6.029
v -14.1418 		-41.3614 		17.2056
v -14.324 		-41.397 		16.935
v -16.529 		-39.944 		9.211
v -16.4233 		-33.5706 		6.809
v -16.3695 		-33.6425 		6.732
v -16.288 		-33.623 		6.776
v -14.453 		-30.4 		13.752
v -16.3682 		-33.6435 		6.7302
v -23.958 		-42.828 		7.806
v -14.1417 		-41.7168 		17.2766
v -16.3678 		-33.6437 		6.7296
v -16.3162 		-33.6809 		6.656
v -16.573 		-39.639 		9.057
v -23.711 		-42.9323 		8.1208
v -14.522 		-30.36 		13.81
v -16.684 		-39.891 		9.215
v -23.711 		-42.83 		7.739
v -16.0892 		-33.8447 		6.3318
v -16.0275 		-33.8893 		6.2437
v -15.948 		-33.868 		6.292
v -16.0267 		-33.8895 		6.2426
v -14.755 		-41.915 		16.538
v -16.026 		-33.8896 		6.2416
v -14.755 		-41.461 		16.448
v -15.9577 		-33.9054 		6.144
v -14.7007 		-30.416 		13.7988
v -16.839 		-39.841 		9.213
v -14.375 		-30.447 		13.687
v -13.863 		-38.924 		16.821
v -15.7265 		-33.9587 		5.8138
v -15.66 		-33.9741 		5.7189
v -15.584 		-33.952 		5.772
v -23.8985 		-42.7936 		7.9397
v -15.6596 		-33.974 		5.7183
v -15.881 		-39.5 		8.49
v -15.6588 		-33.9738 		5.7172
v -2.585 		-31.585 		29.136
v -16.03 		-39.534 		8.702
v -15.5992 		-33.96 		5.632
v -14.832 		-30.5391 		13.7069
v -14.8042 		-30.513 		13.7264
v -15.978 		-39.389 		8.422
v -15.503 		-33.9378 		5.4947
v -3.204 		-31.69 		28.954
v -14.474 		-30.824 		13.342
v -16.142 		-39.427 		8.658
v -3.791 		-31.835 		28.703
v -14.048 		-29.969 		7.927
v -16.079 		-39.282 		8.351
v -14.581 		-30.775 		13.41
v -1.944 		-32.103 		29.533
v -16.26 		-39.324 		8.61
v -14.592 		-30.171 		8.09
v -14.679 		-30.732 		13.474
v -14.767 		-30.693 		13.533
v -2.585 		-32.152 		29.415
v -14.918 		-30.098 		7.951
v -3.204 		-32.232 		29.221
v -15.23 		-30.03 		7.814
v -16.184 		-39.181 		8.278
v -15.42 		-30.461 		8.085
v -3.791 		-32.343 		28.954
v -13.87 		-30.775 		13.297
v -1.944 		-29.42 		26.85
v -14.592 		-32.829 		8.09
v -1.944 		-29.707 		27.432
v -14.918 		-32.902 		7.951
v -2.585 		-29.538 		26.801
v -16.38 		-39.226 		8.557
v -2.585 		-29.817 		27.368
v -14.359 		-30.878 		13.271
v -15.42 		-32.539 		8.085
v -15.23 		-32.97 		7.814
v -3.204 		-29.732 		26.721
v -16.501 		-39.134 		8.503
v -14.048 		-33.031 		7.927
v -14.369 		-33.128 		7.771
v -14.109 		-33.316 		7.399
v -1.944 		-29.085 		25.6
v -1.944 		-29.212 		26.236
v -14.682 		-33.218 		7.615
v -2.585 		-29.335 		26.203
v -14.843 		-30.661 		13.585
v -14.408 		-33.416 		7.223
v -17.081 		-39.06 		8.665
v -3.204 		-29.538 		26.149
v -14.907 		-30.634 		13.629
v -15.1146 		-30.928 		13.509
v -15.0846 		-30.8803 		13.53
v -14.9251 		-30.6264 		13.6417
v -14.9251 		-30.6263 		13.6417
v -14.984 		-33.3 		7.462
v -1.944 		-29.043 		24.953
v -17.075 		-40.134 		9.322
v -15.268 		-33.375 		7.315
v -2.585 		-29.17 		24.953
v -2.585 		-29.212 		25.583
v -3.204 		-29.381 		24.953
v -14.006 		-31.391 		12.886
v -13.83 		-33.38 		7.001
v -17.008 		-39.437 		8.999
v -3.204 		-29.42 		25.556
v -14.113 		-33.483 		6.802
v -13.819 		-33.416 		6.382
v -13.848 		-31.139 		12.997
v -16.958 		-39.126 		8.704
v -14.696 		-33.508 		7.051
v -17.147 		-39.378 		8.974
v -14.387 		-33.579 		6.61
v -14.079 		-33.508 		6.17
v -14.152 		-31.341 		12.941
v -3.791 		-29.67 		24.953
v -13.98 		-31.068 		13.061
v -3.791 		-29.707 		25.518
v -3.791 		-29.817 		26.074
v -14.294 		-31.293 		13.001
v -16.993 		-39.793 		9.206
v -14.647 		-33.665 		6.429
v -14.11 		-31 		13.129
v -17.145 		-39.748 		9.195
v -14.755 		-41 		16.417
v -14.237 		-30.937 		13.2
v -1.944 		-30.067 		27.971
v -14.968 		-33.591 		6.888
v -1.944 		-30.495 		28.458
v -15.22 		-33.666 		6.736
v -15.728 		-40.305 		9.01
v -2.585 		-30.168 		27.893
v -14.887 		-33.742 		6.26
v -14.433 		-31.248 		13.063
v -2.585 		-30.585 		28.368
v -14.565 		-31.207 		13.127
v -15.75 		-40.399 		9.042
v -14.6768 		-38.1149 		18.0805
v -15.448 		-33.731 		6.598
v -3.204 		-30.335 		27.765
v -14.69 		-31.169 		13.19
v -3.204 		-30.734 		28.219
v -14.5528 		-38.8035 		17.4929
v -14.5621 		-38.6804 		17.587
v -15.839 		-40.241 		9.067
v -3.204 		-31.188 		28.618
v -14.5445 		-38.9146 		17.408
v -14.5401 		-39.12 		17.2604
v -14.5383 		-38.9983 		17.3441
v -14.807 		-31.134 		13.252
v -14.5416 		-39.2296 		17.185
v -14.5407 		-39.1613 		17.232
v -3.204 		-29.999 		27.263
v -15.644 		-40.568 		8.964
v -15.649 		-40.5 		8.971
v -15.644 		-40.432 		8.964
v -13.978 		-29.915 		4.962
v -3.791 		-30.938 		28.015
v -13.951 		-31.712 		12.774
v -3.791 		-31.364 		28.388
v -13.86 		-31.444 		12.838
v -15.758 		-40.5 		9.053
v -15.75 		-40.601 		9.042
v -14.5641 		-38.6541 		17.6071
v -14.5639 		-38.657 		17.6049
v -14.106 		-31.685 		12.816
v -14.6033 		-38.4248 		17.801
v -14.6219 		-38.3155 		17.8934
v -13.825 		-30.902 		4.28
v -4.335 		-31.195 		27.758
v -13.958 		-30.345 		4.469
v -4.335 		-31.585 		28.1
v -14.26 		-31.659 		12.865
v -13.984 		-30.887 		4.101
v -14.12 		-30.316 		4.295
v -14.7541 		-40.0853 		16.539
v -14.7543 		-40.0858 		16.5386
v -14.7548 		-40.0871 		16.5378
v -14.755 		-40.0877 		16.5375
v -14.6597 		-39.772 		16.7591
v -14.6374 		-39.6983 		16.8108
v -14.5582 		-39.3463 		17.0846
v -14.5578 		-39.3446 		17.086
v -14.5857 		-39.4689 		16.9892
v -14.257 		-30.293 		4.149
v -14.779 		-40.144 		16.5049
v -15.516 		-40.387 		8.825
v -14.755 		-40.539 		16.448
v -15.539 		-40.248 		8.812
v -14.41 		-31.634 		12.919
v -15.575 		-40.274 		8.864
v -14.556 		-31.611 		12.977
v -14.695 		-31.589 		13.036
v -14.5236 		-30.0534 		4.096
v -14.826 		-31.57 		13.095
v -15.606 		-40.315 		8.908
v -15.629 		-40.369 		8.942
v -21.6014 		-42.1915 		16.4234
v -15.007 		-31.076 		13.364
v -15.646 		-40.162 		8.893
v -14.325 		-33.591 		5.97
v -21.827 		-42.0541 		16.5853
v -15.692 		-40.224 		8.959
v -14.026 		-33.375 		5.542
v -14.555 		-33.666 		5.785
v -14.244 		-33.442 		5.342
v -15.554 		-40.5 		8.879
v -15.551 		-40.534 		8.875
v -15.09 		-31.053 		13.412
v -15.544 		-40.565 		8.864
v -15.532 		-40.592 		8.847
v -14.762 		-33.731 		5.618
v -15.158 		-31.034 		13.453
v -14.1418 		-43.6239 		20.8258
v -14.1416 		-43.6759 		20.6711
v -15.1778 		-31.0285 		13.4648
v -14.1416 		-43.6762 		20.6702
v -15.1775 		-31.0279 		13.465
v -14.443 		-33.5 		5.162
v -15.532 		-40.408 		8.847
v -15.544 		-40.435 		8.864
v -15.551 		-40.466 		8.875
v -14.1417 		-43.6764 		20.6698
v -15.2774 		-31.3216 		13.395
v -15.316 		-31.5 		13.342
v -15.3711 		-31.8127 		13.3295
v -15.105 		-33.81 		6.108
v -15.296 		-33.867 		5.974
v -15.456 		-33.915 		5.862
v -14.948 		-31.552 		13.153
v -15.059 		-31.536 		13.208
v -14.944 		-33.787 		5.472
v -15.098 		-33.833 		5.35
v -14.913 		-31.103 		13.311
v -15.3586 		-33.9045 		5.2885
v -15.2929 		-33.8893 		5.1946
v -15.22 		-33.868 		5.252
v -15.2928 		-33.8892 		5.1945
v -15.2921 		-33.8887 		5.1934
v -15.159 		-31.522 		13.259
v -15.2406 		-33.8516 		5.12
v -13.958 		-32.655 		4.469
v -13.825 		-32.098 		4.28
v -15.516 		-40.613 		8.825
v -14.12 		-32.684 		4.295
v -15.245 		-31.51 		13.304
v -13.984 		-32.113 		4.101
v -14.257 		-32.707 		4.149
v -15.629 		-40.631 		8.942
v -14.5366 		-32.976 		4.1146
v -14.5236 		-32.9464 		4.096
v -13.978 		-33.085 		4.962
v -14.168 		-33.133 		4.77
v -13.823 		-32 		12.72
v -14.617 		-33.55 		5.005
v -15.728 		-40.695 		9.01
v -15.839 		-40.759 		9.067
v -13.951 		-32.288 		12.774
v -14.764 		-33.591 		4.873
v -15.792 		-40.866 		9
v -13.982 		-32 		12.752
v -14.336 		-33.174 		4.603
v -14.477 		-33.208 		4.463
v -14.59 		-33.234 		4.352
v -14.106 		-32.315 		12.816
v -14.6574 		-33.2504 		4.2871
v -14.6567 		-33.2495 		4.2861
v -14.6564 		-33.2488 		4.2857
v -14.5858 		-33.088 		4.1849
v -14.5629 		-33.0358 		4.1521
v -14.14 		-32 		12.793
v -14.7109 		-33.3218 		4.3634
v -15.575 		-40.726 		8.864
v -14.832 		-33.4836 		4.5364
v -15.539 		-40.752 		8.812
v -15.0144 		-33.6884 		4.7969
v -14.9509 		-33.6425 		4.7062
v -14.881 		-33.623 		4.768
v -15.0428 		-33.7089 		4.8375
v -14.9506 		-33.6421 		4.7058
v -15.592 		-40.877 		8.816
v -14.26 		-32.341 		12.865
v -14.95 		-33.6413 		4.7049
v -14.119 		-30.875 		3.951
v -14.226 		-30.865 		3.832
v -15.534 		-40.89 		8.733
v -14.296 		-32 		12.84
v -14.366 		-30.274 		4.033
v -14.2895 		-30.8605 		3.7617
v -14.2896 		-30.8593 		3.7619
v -14.2844 		-30.928 		3.7545
v -14.4056 		-30.3718 		3.9275
v -14.4314 		-30.2634 		3.9643
v -13.938 		-31.5 		4.035
v -14.071 		-31.5 		3.884
v -15.606 		-40.685 		8.908
v -14.178 		-31.5 		3.764
v -14.41 		-32.366 		12.919
v -15.692 		-40.776 		8.959
v -14.449 		-32 		12.892
v -14.2755 		-31.952 		3.7416
v -14.2584 		-31.7251 		3.7173
v -15.646 		-40.838 		8.893
v -14.556 		-32.389 		12.977
v -14.2504 		-31.6182 		3.7059
v -14.2415 		-31.5 		3.6932
v -14.2808 		-30.976 		3.7493
v -14.226 		-32.135 		3.832
v -14.598 		-32 		12.947
v -14.119 		-32.125 		3.951
v -14.3154 		-32.2491 		3.7986
v -14.3096 		-32.225 		3.7904
v -14.3665 		-32.464 		3.8717
v -14.695 		-32.411 		13.036
v -15.73 		-40.948 		8.912
v -14.2898 		-32.1414 		3.7621
v -14.2896 		-32.1407 		3.7619
v -14.2901 		-32.1427 		3.7625
v -14.739 		-32 		13.005
v -14.366 		-32.726 		4.033
v -15.658 		-41 		8.809
v -14.826 		-32.43 		13.095
v -14.4724 		-32.8297 		4.0229
v -14.4314 		-32.7366 		3.9643
v -17.187 		-32.976 		7.8995
v -15.825 		-41.057 		8.921
v -15.737 		-41.121 		8.794
v -13.86 		-32.556 		12.838
v -13.848 		-32.861 		12.997
v -14.006 		-32.609 		12.886
v -15.582 		-41.018 		8.7
v -15.505 		-41 		8.59
v -13.98 		-32.932 		13.061
v -15.641 		-41.143 		8.658
v -14.152 		-32.659 		12.941
v -15.546 		-41.121 		8.522
v -14.294 		-32.707 		13.001
v -15.825 		-41.239 		8.771
v -15.712 		-41.265 		8.609
v -14.433 		-32.752 		13.063
v -15.598 		-41.239 		8.446
v -15.792 		-41.385 		8.552
v -14.565 		-32.793 		13.127
v -15.661 		-41.354 		8.365
v -14.69 		-32.831 		13.19
v -14.807 		-32.866 		13.252
v -15.733 		-41.466 		8.278
v -16.151 		-40.5 		9.236
v -15.007 		-32.924 		13.364
v -16.3 		-40.5 		9.277
v -16.282 		-40.271 		9.252
v -15.09 		-32.947 		13.412
v -15.158 		-32.966 		13.453
v -15.316 		-32.5 		13.342
v -18.555 		-32.29 		1.255
v -18.555 		-30.632 		1.699
v -14.873 		-32 		13.063
v -20.291 		-32.264 		1.105
v -20.291 		-31.7 		1.2561
v -20.291 		-31.412 		1.294
v -20.291 		-31.1443 		1.4049
v -16.455 		-40.5 		9.309
v -20.291 		-30.58 		1.556
v -16.435 		-40.241 		9.281
v -14.948 		-32.448 		13.153
v -14.997 		-32 		13.119
v -20.412 		-31.4245 		1.3408
v -20.4107 		-31.4275 		1.3399
v -23.324 		-24.383 		12.517
v -23.531 		-24.264 		12.946
v -23.772 		-24.125 		13.35
v -16.615 		-40.5 		9.333
v -16.593 		-40.212 		9.302
v -15.059 		-32.464 		13.208
v -24.853 		-24.656 		14.065
v -15.11 		-32 		13.173
v -25.186 		-24.463 		14.37
v -25.543 		-24.257 		14.636
v -25.921 		-24.039 		14.86
v -15.21 		-32 		13.222
v -16.777 		-40.5 		9.349
v -22.027 		-24.302 		12.663
v -15.297 		-32 		13.267
v -16.754 		-40.185 		9.315
v -15.37 		-32 		13.304
v -22.027 		-24.746 		14.321
v -16.282 		-40.729 		9.252
v -22.027 		-25.471 		15.877
v -23.4971 		-24.6828 		12.517
v -16.435 		-40.759 		9.281
v -23.5586 		-24.7058 		12.5921
v -24.547 		-24.832 		13.724
v -14.913 		-32.897 		13.311
v -16.593 		-40.788 		9.302
v -23.711 		-24.7909 		12.7527
v -15.159 		-32.478 		13.259
v -24.272 		-24.991 		13.35
v -15.245 		-32.49 		13.304
v -23.711 		-25.17 		14.167
v -16.754 		-40.815 		9.315
v -24.2597 		-24.9978 		12.5406
v -25.291 		-25.471 		12.457
v -24.1852 		-25.041 		12.8353
v -15.878 		-40.5 		9.124
v -15.868 		-40.634 		9.109
v -14.197 		-33.866 		14.126
v -15.868 		-40.366 		9.109
v -13.945 		-33.673 		13.855
v -16.01 		-40.5 		9.185
v -14.02 		-33.733 		13.935
v -15.96 		-40.179 		9.114
v -15.997 		-40.334 		9.167
v -14.088 		-33.785 		14.008
v -14.148 		-33.829 		14.072
v -16.136 		-40.302 		9.214
v -14.579 		-33.673 		13.858
v -15.997 		-40.666 		9.167
v -15.96 		-40.821 		9.114
v -13.982 		-33.302 		13.379
v -14.089 		-33.374 		13.46
v -14.192 		-33.44 		13.54
v -14.474 		-33.176 		13.342
v -14.581 		-33.225 		13.41
v -14.679 		-33.268 		13.474
v -14.767 		-33.307 		13.533
v -13.863 		-33.606 		13.77
v -14.287 		-33.5 		13.616
v -14.375 		-33.553 		13.687
v -14.453 		-33.6 		13.752
v -14.522 		-33.64 		13.81
v -13.87 		-33.225 		13.297
v -14.11 		-33 		13.129
v -14.237 		-33.063 		13.2
v -14.359 		-33.122 		13.271
v -14.843 		-33.339 		13.585
v -14.907 		-33.366 		13.629
# 9078 vertices

g group_0_2823806

usemtl color_2823806
s 0

f 43 	44 	8140
f 43 	8140 	42
f 44 	70 	8140
f 6823 	96 	6826
f 70 	74 	8140
f 88 	91 	6823
f 97 	6826 	96
f 206 	232 	6828
f 108 	109 	8180
f 109 	114 	8180
f 108 	8180 	107
f 96 	6823 	100
f 99 	100 	6823
f 101 	99 	6823
f 135 	8195 	137
f 8280 	105 	106
f 8280 	106 	107
f 111 	8182 	8180
f 112 	8182 	111
f 133 	8182 	112
f 114 	113 	8180
f 111 	8180 	113
f 125 	8182 	124
f 133 	124 	8182
f 125 	128 	8195
f 91 	101 	6823
f 123 	6826 	122
f 6826 	123 	6828
f 127 	6828 	126
f 205 	6828 	127
f 126 	6828 	123
f 137 	8195 	128
f 205 	206 	6828
f 105 	8280 	156
f 8280 	107 	8180
f 230 	8276 	222
f 218 	222 	8276
f 224 	220 	8275
f 212 	8275 	211
f 224 	8275 	212
f 218 	8276 	217
f 8275 	220 	221
f 8275 	221 	217
f 227 	8278 	226
f 236 	240 	6856
f 230 	229 	8276
f 251 	6856 	253
f 6859 	261 	262
f 226 	8276 	229
f 233 	6828 	232
f 235 	6856 	233
f 236 	6856 	235
f 8278 	252 	8280
f 247 	6856 	251
f 6859 	247 	248
f 8278 	249 	250
f 8278 	250 	252
f 261 	6859 	254
f 248 	254 	6859
f 267 	6861 	262
f 271 	6861 	267
f 272 	6861 	271
f 6861 	304 	6872
f 308 	316 	6872
f 305 	308 	6872
f 6960 	313 	344
f 364 	374 	6964
f 305 	6872 	304
f 272 	387 	6861
f 6861 	306 	307
f 6861 	307 	304
f 313 	6960 	312
f 6872 	312 	6960
f 6872 	315 	312
f 315 	6872 	316
f 6960 	344 	345
f 346 	6960 	345
f 355 	6962 	347
f 347 	6962 	346
f 362 	364 	6964
f 6962 	357 	358
f 6962 	358 	359
f 6962 	359 	6964
f 362 	6964 	359
f 374 	375 	6964
f 255 	8280 	252
f 379 	155 	8280
f 156 	8280 	155
f 8280 	378 	379
f 255 	378 	8280
f 387 	306 	6861
f 492 	8075 	491
f 709 	8054 	712
f 790 	789 	8054
f 718 	8075 	492
f 721 	8124 	718
f 722 	8290 	720
f 729 	8124 	732
f 762 	8290 	764
f 730 	8054 	729
f 730 	734 	8054
f 722 	740 	8290
f 741 	8290 	740
f 763 	8314 	762
f 763 	768 	8314
f 764 	8290 	741
f 768 	886 	8314
f 975 	8323 	973
f 913 	915 	8323
f 886 	882 	8314
f 789 	712 	8054
f 734 	790 	8054
f 812 	8045 	811
f 815 	8046 	814
f 814 	8046 	812
f 825 	827 	8046
f 815 	825 	8046
f 828 	8046 	827
f 830 	8151 	828
f 831 	8151 	830
f 839 	1232 	8151
f 8061 	921 	919
f 876 	8061 	877
f 880 	8314 	883
f 882 	883 	8314
f 906 	8323 	905
f 913 	8323 	906
f 905 	8323 	902
f 915 	973 	8323
f 1200 	878 	8108
f 876 	912 	8061
f 912 	921 	8061
f 920 	8094 	919
f 977 	979 	8354
f 8362 	1006 	1007
f 976 	8354 	975
f 977 	8354 	976
f 984 	8354 	986
f 979 	988 	8354
f 8362 	984 	985
f 985 	990 	991
f 991 	1006 	8362
f 985 	991 	8362
f 926 	1042 	8094
f 8094 	920 	926
f 1042 	1043 	8094
f 1009 	8372 	1007
f 1011 	8372 	1009
f 1012 	8372 	1011
f 1063 	8073 	1060
f 8097 	1060 	8073
f 990 	1006 	991
f 1063 	1098 	8073
f 1350 	8372 	1012
f 1116 	1114 	8394
f 1046 	8097 	1044
f 1057 	8097 	1052
f 1044 	8094 	1043
f 1046 	1053 	8097
f 1118 	1051 	8397
f 1051 	216 	8397
f 216 	210 	8397
f 211 	8397 	210
f 1052 	8097 	1053
f 1059 	8097 	1057
f 1060 	8097 	1059
f 8442 	1056 	1061
f 8442 	1061 	1062
f 1072 	1075 	8442
f 1078 	1082 	8394
f 1062 	1072 	8442
f 1076 	8442 	1075
f 1078 	8394 	1077
f 1076 	1077 	8394
f 1082 	1116 	8394
f 1108 	8394 	1114
f 1123 	8073 	1098
f 491 	8075 	494
f 1109 	8397 	1108
f 1115 	8075 	1113
f 8073 	1113 	8075
f 1109 	1118 	8397
f 8073 	1119 	1113
f 1119 	8073 	1123
f 1127 	494 	8075
f 1115 	1127 	8075
f 1141 	1142 	8433
f 1161 	8433 	1142
f 1151 	8433 	1161
f 1194 	6480 	1188
f 1150 	1153 	8444
f 877 	8108 	911
f 878 	911 	8108
f 1150 	8444 	1149
f 8433 	1151 	1149
f 1167 	8449 	1166
f 1153 	1171 	8444
f 1054 	1055 	8449
f 1171 	1168 	8444
f 1166 	8444 	1169
f 1168 	1169 	8444
f 1056 	8449 	1055
f 6479 	1155 	6480
f 1156 	6480 	1155
f 6479 	1186 	1155
f 1186 	6479 	1187
f 1188 	6480 	1156
f 1195 	6480 	1194
f 1196 	8108 	1195
f 1201 	8108 	1196
f 1201 	1200 	8108
f 831 	832 	8151
f 8075 	718 	8124
f 769 	732 	8124
f 769 	8124 	721
f 832 	838 	8151
f 1230 	1234 	8153
f 838 	839 	8151
f 1230 	8153 	1231
f 1231 	8151 	1232
f 2100 	8153 	1237
f 1234 	1237 	8153
f 2101 	8153 	2100
f 1286 	1290 	8469
f 1141 	8475 	1140
f 1261 	1262 	8460
f 1279 	8468 	1278
f 1263 	8460 	1262
f 1268 	8468 	1263
f 8468 	1285 	8469
f 1278 	8468 	1268
f 8468 	1283 	1284
f 8468 	1284 	1285
f 1286 	8469 	1285
f 1300 	8469 	1290
f 1386 	1140 	8475
f 1300 	1301 	8469
f 8372 	1349 	8485
f 1358 	8485 	1360
f 1354 	1360 	8485
f 1348 	8485 	1349
f 8372 	1350 	1352
f 8372 	1352 	1349
f 8485 	1348 	1354
f 1359 	8460 	1358
f 1359 	1274 	8460
f 1274 	1261 	8460
f 1380 	8475 	1379
f 8469 	1379 	8475
f 8469 	1381 	1379
f 1381 	8469 	1301
f 1380 	1388 	8475
f 1388 	1386 	8475
f 1897 	1901 	1888
f 1888 	1901 	1890
f 1897 	1888 	8166
f 1901 	1906 	1890
f 1896 	2106 	1897
f 1925 	1890 	1906
f 1925 	1906 	1939
f 1925 	1939 	1926
f 2107 	2110 	1897
f 1896 	2195 	2108
f 2107 	1897 	2106
f 2210 	1897 	2110
f 1897 	2203 	1901
f 2206 	2220 	1901
f 2102 	1896 	2101
f 2195 	1896 	2102
f 2109 	2106 	1896
f 2206 	1901 	2203
f 1897 	2210 	2209
f 2108 	2109 	1896
f 1897 	2209 	2203
f 1901 	2221 	1906
f 2222 	1906 	2221
f 2221 	1901 	2220
f 2222 	2227 	1906
f 2228 	2230 	1906
f 2228 	1906 	2227
f 2230 	2238 	1906
f 2238 	2274 	1906
f 2279 	2293 	1939
f 8856 	6797 	2314
f 2277 	1939 	2276
f 2277 	2279 	1939
f 1906 	2274 	2275
f 1906 	2275 	2276
f 1906 	2276 	1939
f 2286 	6797 	1939
f 2287 	6797 	2286
f 1939 	2291 	2286
f 2291 	1939 	2293
f 2287 	2313 	6797
f 2313 	2314 	6797
f 2526 	2539 	2527
f 2533 	2539 	2526
f 2527 	2539 	2517
f 2964 	2539 	2533
f 2539 	2967 	2517
f 2530 	2533 	5802
f 2533 	2526 	5802
f 2639 	3556 	2611
f 2617 	2627 	2619
f 2625 	2627 	2617
f 3554 	2639 	2627
f 2627 	2639 	2619
f 2619 	2639 	2633
f 2639 	2611 	2633
f 2611 	2635 	2633
f 2657 	3592 	2658
f 3592 	2657 	3598
f 2657 	2611 	3598
f 2666 	2663 	2755
f 2663 	2674 	2667
f 2710 	2635 	2666
f 2666 	2657 	2658
f 2666 	2658 	2663
f 2658 	2674 	2663
f 2667 	2675 	2671
f 2674 	2675 	2667
f 2675 	2808 	2671
f 2657 	2666 	2635
f 2657 	2635 	2611
f 2694 	2706 	5911
f 5911 	2706 	2700
f 2700 	2708 	2702
f 2706 	2708 	2700
f 2708 	2710 	2702
f 2706 	2633 	2708
f 2619 	2633 	2706
f 2635 	2710 	2708
f 2633 	2635 	2708
f 5894 	2700 	2702
f 2702 	2750 	5899
f 2738 	2687 	2685
f 2738 	2685 	2527
f 2687 	2738 	2617
f 2694 	2687 	2617
f 2617 	2619 	2694
f 2619 	2706 	2694
f 2527 	2517 	2738
f 2738 	2625 	2617
f 2517 	2625 	2738
f 2702 	2710 	2750
f 2750 	2744 	5928
f 2752 	2745 	2744
f 2755 	2752 	2744
f 2710 	2755 	2750
f 2744 	2750 	2755
f 2752 	2755 	2663
f 2663 	2667 	2752
f 2710 	2666 	2755
f 2752 	2772 	2745
f 2667 	2772 	2752
f 2745 	2772 	2747
f 2772 	2773 	2747
f 2747 	2773 	2770
f 2773 	2775 	2770
f 2671 	2772 	2667
f 2745 	2747 	5920
f 5928 	5899 	2750
f 2773 	2772 	2671
f 2671 	2805 	2773
f 2808 	2805 	2671
f 2808 	2811 	2805
f 2675 	3645 	2808
f 2930 	2912 	2775
f 2930 	2931 	2912
f 2931 	2918 	2912
f 2775 	2773 	2805
f 2930 	2775 	2805
f 2930 	2940 	2931
f 2931 	2934 	2918
f 2930 	2805 	2811
f 2940 	2930 	2811
f 2940 	2942 	2931
f 2931 	2942 	2934
f 2942 	2949 	2934
f 2811 	3653 	2940
f 2964 	2967 	2539
f 3585 	2625 	2517
f 2530 	2993 	2533
f 2992 	2993 	2530
f 2964 	2533 	2993
f 2976 	2964 	2993
f 2992 	2972 	2993
f 2992 	2985 	2972
f 2993 	2972 	2976
f 3008 	2967 	2964
f 2964 	2976 	3008
f 3008 	3029 	2967
f 3310 	3349 	2985
f 3344 	2972 	2985
f 3357 	3368 	2976
f 3345 	3353 	2972
f 3401 	3402 	3029
f 3345 	2972 	3344
f 3344 	2985 	3349
f 2972 	3356 	2976
f 3353 	3361 	2972
f 3357 	2976 	3356
f 2972 	3358 	3356
f 3358 	2972 	3361
f 3385 	3008 	3384
f 3370 	3008 	2976
f 3369 	2976 	3368
f 3370 	2976 	3369
f 3374 	3008 	3370
f 3384 	3008 	3374
f 3389 	3029 	3008
f 3388 	3008 	3387
f 3389 	3008 	3388
f 3008 	3385 	3387
f 3390 	3029 	3389
f 3401 	3029 	3391
f 3390 	3391 	3029
f 3308 	3310 	2985
f 3436 	8103 	3435
f 3424 	8103 	3426
f 3426 	8037 	3429
f 3424 	3432 	8103
f 3432 	3435 	8103
f 3436 	3437 	2985
f 3453 	2985 	3437
f 3448 	2985 	3453
f 3308 	2985 	3448
f 3884 	3885 	3533
f 3886 	3534 	3533
f 3849 	3852 	3538
f 3556 	2639 	3554
f 3550 	3585 	3567
f 3550 	3570 	3554
f 3567 	3570 	3550
f 3538 	3554 	3570
f 3556 	3554 	3538
f 3570 	3848 	3538
f 2517 	2967 	3585
f 2625 	3550 	2627
f 3550 	2625 	3585
f 3550 	3554 	2627
f 3029 	3585 	2967
f 3029 	3567 	3585
f 3592 	3600 	2658
f 3592 	3613 	3600
f 2658 	3600 	2674
f 2675 	2674 	3627
f 3598 	2611 	3556
f 3598 	3533 	3534
f 3534 	3592 	3598
f 3534 	3613 	3592
f 3613 	3631 	3600
f 3556 	3533 	3598
f 3556 	3538 	3533
f 2674 	3600 	3627
f 3600 	3631 	3627
f 3645 	2675 	3627
f 3631 	3633 	3627
f 3627 	3633 	3645
f 2808 	3649 	2811
f 3645 	3649 	2808
f 3649 	3653 	2811
f 3645 	3655 	3649
f 3633 	3655 	3645
f 3655 	3659 	3649
f 3649 	3659 	3653
f 3659 	3668 	3653
f 2942 	2940 	3676
f 2940 	3653 	3676
f 3653 	3668 	3676
f 2942 	3676 	3678
f 2942 	3678 	2949
f 3676 	3668 	3683
f 3676 	3683 	3678
f 3567 	3838 	3570
f 3838 	3839 	3570
f 3856 	3570 	3839
f 3848 	3570 	3850
f 3850 	3570 	3856
f 3861 	3538 	3852
f 3886 	3533 	3885
f 3890 	3534 	3889
f 3907 	3534 	3890
f 3886 	3889 	3534
f 3908 	3909 	3534
f 3907 	3908 	3534
f 3919 	3972 	3613
f 3538 	3898 	3533
f 3884 	3533 	3898
f 3924 	3923 	3538
f 3861 	3924 	3538
f 3912 	3613 	3909
f 3913 	3613 	3912
f 3534 	3909 	3613
f 3913 	3914 	3613
f 3898 	3538 	3900
f 3923 	3900 	3538
f 4101 	3613 	4104
f 3914 	3919 	3613
f 3849 	3538 	3848
f 3973 	4104 	3613
f 3837 	3838 	3567
f 4072 	3567 	4071
f 4081 	3567 	4072
f 3029 	4074 	4071
f 4074 	3029 	3402
f 4081 	3845 	3567
f 3845 	3837 	3567
f 3029 	4071 	3567
f 4101 	3631 	3613
f 3972 	3973 	3613
f 4110 	3633 	3631
f 4116 	3655 	3633
f 4118 	4119 	3633
f 4146 	4147 	3659
f 4147 	3668 	3659
f 4110 	3631 	4109
f 4103 	4105 	3631
f 3633 	4127 	4118
f 4131 	4132 	3655
f 4103 	3631 	4101
f 4109 	3631 	4105
f 4110 	4112 	3633
f 4117 	4121 	3655
f 4117 	3655 	4116
f 4116 	3633 	4119
f 4131 	3655 	4121
f 4112 	4127 	3633
f 4140 	3659 	3655
f 4201 	3668 	4154
f 4141 	3659 	4140
f 4140 	3655 	4143
f 4132 	4143 	3655
f 4141 	4146 	3659
f 4148 	3668 	4147
f 4148 	4151 	3668
f 4152 	4154 	3668
f 4152 	3668 	4151
f 4219 	4216 	3683
f 720 	8288 	719
f 3668 	4203 	3683
f 4205 	4208 	3683
f 4205 	3683 	4203
f 3668 	4201 	4202
f 3668 	4202 	4203
f 4208 	4219 	3683
f 719 	8288 	728
f 4215 	8288 	4214
f 4226 	8288 	4215
f 3683 	4214 	8288
f 4216 	4214 	3683
f 4226 	728 	8288
f 5136 	5138 	5127
f 5127 	5138 	5130
f 5154 	5136 	5134
f 5152 	5154 	5134
f 5121 	5152 	5488
f 5165 	5178 	5167
f 5173 	5178 	5165
f 5170 	5173 	5163
f 5163 	5173 	5165
f 7757 	7760 	5170
f 5673 	5167 	5198
f 7956 	5219 	5191
f 5255 	5257 	5229
f 5221 	7963 	5245
f 5221 	5245 	5226
f 5255 	5229 	5226
f 5237 	5229 	5257
f 5245 	5255 	5226
f 5237 	5257 	5260
f 7991 	5257 	5255
f 7986 	7991 	5255
f 5257 	5271 	5260
f 5260 	5285 	5263
f 5285 	5260 	5271
f 5263 	5285 	5288
f 5295 	5285 	5271
f 5285 	5297 	5288
f 5297 	6361 	5288
f 5295 	5297 	5285
f 5295 	5300 	5297
f 5295 	8042 	5300
f 5300 	5304 	5297
f 5297 	5304 	6361
f 6795 	5304 	5300
f 5136 	5127 	5411
f 5127 	5130 	5630
f 5403 	5424 	5427
f 5403 	5427 	5406
f 5406 	5427 	5134
f 5406 	5134 	5411
f 5136 	5411 	5134
f 5152 	5134 	5427
f 5447 	5463 	5449
f 5463 	5447 	5541
f 5449 	5465 	5455
f 5449 	5463 	5465
f 5455 	5465 	5469
f 5455 	5469 	5461
f 5461 	5424 	5403
f 5461 	5469 	5424
f 5541 	5477 	5463
f 5463 	5478 	5465
f 5463 	5477 	5478
f 5483 	5424 	5469
f 5465 	5478 	5481
f 5465 	5481 	5469
f 5469 	5481 	5483
f 5488 	5424 	5483
f 5483 	5120 	5488
f 5488 	5427 	5424
f 5152 	5427 	5488
f 5394 	5478 	5477
f 5481 	5478 	5395
f 5395 	5478 	5394
f 5481 	5395 	5387
f 5483 	5481 	5387
f 5387 	5120 	5483
f 5120 	5121 	5488
f 5503 	6579 	6581
f 5394 	5477 	5508
f 5508 	5503 	6581
f 5521 	5538 	5524
f 5521 	5534 	5538
f 5524 	5538 	5541
f 5447 	5524 	5541
f 5529 	5581 	5530
f 5534 	5554 	5538
f 5538 	5566 	5541
f 5584 	5534 	5530
f 5554 	5534 	5584
f 5566 	5538 	5554
f 5541 	5566 	5477
f 5566 	5554 	5503
f 5595 	5503 	5554
f 5566 	5503 	5508
f 5508 	5477 	5566
f 5581 	5529 	5577
f 5577 	5586 	5581
f 5530 	5581 	5584
f 5577 	5612 	5586
f 5581 	5586 	5588
f 5581 	5588 	5584
f 5584 	5595 	5554
f 5584 	5588 	5595
f 5595 	6579 	5503
f 5605 	5608 	5612
f 5577 	5605 	5612
f 6769 	5586 	5612
f 5667 	5163 	5165
f 5629 	5411 	5127
f 5127 	5630 	5629
f 5633 	5630 	5130
f 5633 	5170 	5163
f 5130 	5170 	5633
f 5647 	5646 	5655
f 5652 	5655 	5646
f 5647 	5655 	5629
f 5655 	5411 	5629
f 5647 	5629 	5648
f 5648 	5629 	5630
f 5652 	5406 	5655
f 5652 	5403 	5406
f 5406 	5411 	5655
f 5165 	5670 	5667
f 5670 	5165 	5167
f 5167 	5673 	5670
f 5198 	5675 	5673
f 5675 	5201 	5678
f 5198 	5201 	5675
f 5678 	5201 	5696
f 5687 	5686 	5191
f 5686 	5194 	5191
f 5690 	5687 	5219
f 5191 	5219 	5687
f 5221 	5690 	5219
f 5690 	5221 	5691
f 5203 	5696 	5201
f 5203 	5194 	5696
f 5696 	5194 	5686
f 5648 	5630 	5706
f 5708 	5706 	5633
f 5706 	5630 	5633
f 5633 	5163 	5708
f 5708 	5163 	5667
f 5734 	5741 	5735
f 5735 	5741 	5736
f 5743 	5736 	5741
f 5736 	5743 	5746
f 5736 	5746 	5737
f 5737 	5652 	5646
f 5737 	5746 	5652
f 5741 	5449 	5455
f 5741 	5455 	5743
f 5746 	5743 	5461
f 5743 	5455 	5461
f 5746 	5461 	5403
f 5746 	5403 	5652
f 5779 	5758 	5763
f 5763 	5741 	5734
f 5758 	5754 	5524
f 5758 	5447 	5763
f 5758 	5524 	5447
f 5763 	5447 	5449
f 5763 	5449 	5741
f 5758 	5779 	5778
f 5779 	5763 	5734
f 5794 	5686 	5687
f 5687 	5690 	5794
f 5690 	5691 	5794
f 5802 	5796 	5793
f 5799 	5802 	5793
f 5820 	5796 	2526
f 2526 	5796 	5802
f 2526 	2527 	5820
f 5938 	5940 	5794
f 5940 	5941 	5794
f 5806 	2530 	5799
f 5941 	5953 	5794
f 5799 	2530 	5802
f 5860 	5861 	5794
f 5861 	5862 	5794
f 5862 	5864 	5794
f 8119 	5806 	5804
f 5864 	5865 	5794
f 5806 	2992 	2530
f 5865 	5848 	5794
f 5848 	5850 	5794
f 5850 	5852 	5794
f 5779 	5734 	5794
f 5734 	5735 	5794
f 5735 	5736 	5794
f 5736 	5737 	5794
f 5737 	5646 	5794
f 5646 	5647 	5794
f 5796 	5812 	6381
f 5647 	5648 	5794
f 5648 	5706 	5794
f 5796 	5820 	5812
f 5706 	5708 	5794
f 5812 	5820 	5813
f 5708 	5667 	5794
f 5813 	2685 	5816
f 5667 	5670 	5794
f 5820 	2685 	5813
f 5670 	5673 	5794
f 2685 	2687 	5816
f 5816 	2687 	5818
f 5673 	5675 	5794
f 2694 	5911 	5818
f 5675 	5678 	5794
f 2687 	2694 	5818
f 5678 	5696 	5794
f 5696 	5686 	5794
f 5854 	5778 	5794
f 5778 	5779 	5794
f 5909 	5933 	5794
f 5933 	5934 	5794
f 5934 	5936 	5794
f 5936 	5938 	5794
f 5794 	5852 	5853
f 5853 	5854 	5794
f 5850 	6029 	5852
f 5853 	5852 	6031
f 5754 	5778 	5854
f 5758 	5778 	5754
f 5955 	5860 	5794
f 5861 	6148 	5862
f 5862 	6060 	6062
f 6062 	5864 	5862
f 6066 	5865 	5864
f 6066 	6069 	5865
f 5691 	5871 	5794
f 5871 	5872 	5794
f 5226 	5871 	5691
f 5691 	5221 	5226
f 5871 	5229 	5872
f 5226 	5229 	5871
f 5229 	5237 	5872
f 5872 	5237 	5873
f 5237 	5880 	5873
f 5820 	2527 	2685
f 6422 	5816 	5891
f 5260 	5880 	5237
f 5911 	5893 	5892
f 5911 	2700 	5893
f 5794 	5872 	5873
f 5794 	5873 	5897
f 5901 	5794 	5897
f 5794 	5901 	5903
f 5905 	5794 	5903
f 5794 	5905 	5909
f 5816 	5818 	5891
f 5873 	5880 	5897
f 5891 	5818 	5892
f 5880 	5885 	5897
f 5911 	5892 	5818
f 5897 	5885 	5901
f 5893 	2700 	5894
f 5905 	5919 	5909
f 2702 	5899 	5894
f 5885 	5916 	5901
f 5901 	5916 	5903
f 5903 	5919 	5905
f 5916 	5919 	5903
f 5921 	5909 	5919
f 5263 	5885 	5880
f 5260 	5263 	5880
f 5916 	5885 	5925
f 5885 	5263 	5925
f 5925 	5926 	5916
f 5899 	5928 	6611
f 5899 	6611 	6610
f 5916 	5926 	5919
f 5926 	5929 	5919
f 5928 	5922 	6611
f 5919 	5929 	5921
f 5922 	2744 	2745
f 5922 	2745 	5920
f 5288 	5925 	5263
f 2747 	5923 	5920
f 2770 	5924 	5923
f 5928 	2744 	5922
f 6621 	5935 	5939
f 5949 	5939 	5935
f 5909 	5921 	5976
f 5976 	5933 	5909
f 5923 	2747 	2770
f 5947 	5924 	2770
f 5947 	5935 	5924
f 5938 	5958 	5940
f 5947 	5949 	5935
f 5960 	5941 	5940
f 5947 	2912 	5949
f 5939 	5952 	5943
f 5949 	5952 	5939
f 5954 	5794 	5953
f 6080 	5943 	5952
f 5955 	5794 	5954
f 2775 	5947 	2770
f 5958 	5960 	5940
f 6138 	5953 	5941
f 5954 	5953 	6140
f 5955 	6146 	5860
f 5958 	6174 	5960
f 5933 	5978 	5934
f 5976 	5978 	5933
f 5936 	5934 	5979
f 5978 	5979 	5934
f 5936 	5979 	5984
f 5936 	5984 	5938
f 5984 	5958 	5938
f 5921 	5986 	5976
f 5921 	5929 	5986
f 5986 	5988 	5976
f 5976 	5988 	5978
f 5979 	5978 	5994
f 5988 	5994 	5978
f 5979 	5997 	5984
f 5994 	5997 	5979
f 5994 	5988 	6345
f 5852 	6029 	6031
f 5853 	6031 	6036
f 5853 	6036 	5854
f 5754 	5854 	6036
f 6029 	6039 	6043
f 6043 	6031 	6029
f 6047 	6036 	6031
f 6043 	6047 	6031
f 6036 	6047 	5521
f 6036 	5521 	5754
f 5754 	5521 	5524
f 5530 	6047 	6043
f 5534 	6047 	5530
f 6047 	5534 	5521
f 6062 	6066 	5864
f 5848 	5865 	6069
f 5947 	2775 	2912
f 5848 	6069 	6072
f 5848 	6072 	5850
f 5850 	6072 	6029
f 5952 	6086 	6080
f 6119 	6062 	6060
f 5949 	2918 	5952
f 2912 	2918 	5949
f 2918 	6086 	5952
f 6080 	6087 	6081
f 6086 	6087 	6080
f 6072 	6039 	6029
f 6087 	6089 	6081
f 6072 	6069 	6091
f 6069 	6123 	6091
f 6091 	6039 	6072
f 6086 	6104 	6087
f 6097 	6091 	6123
f 6087 	6108 	6089
f 6039 	6091 	6101
f 6086 	2918 	2934
f 6091 	6097 	6101
f 2934 	6104 	6086
f 6039 	6101 	5529
f 6101 	5577 	5529
f 6104 	6108 	6087
f 2949 	6104 	2934
f 6039 	5529 	6043
f 5530 	6043 	5529
f 6114 	6108 	6104
f 6104 	2949 	6114
f 6114 	6118 	6108
f 6119 	6060 	6115
f 6062 	6119 	6121
f 8285 	6114 	2949
f 6118 	6114 	8286
f 6062 	6121 	6066
f 8285 	8286 	6114
f 6123 	6069 	6066
f 6066 	6121 	6123
f 6115 	6126 	6119
f 6119 	6128 	6121
f 6119 	6126 	6128
f 6128 	6095 	6121
f 6123 	6121 	6095
f 6123 	6095 	6097
f 6095 	6257 	6097
f 5605 	5577 	6101
f 5941 	5960 	6138
f 5953 	6138 	6140
f 5954 	6140 	6144
f 6140 	6154 	6144
f 6144 	5955 	5954
f 5955 	6144 	6146
f 6211 	6130 	6127
f 6130 	6211 	6214
f 6130 	6214 	6131
f 6148 	5861 	5860
f 6133 	6131 	6153
f 5860 	6146 	6148
f 6131 	6214 	6153
f 6060 	5862 	6148
f 6155 	6133 	6153
f 6140 	6185 	6154
f 6198 	6146 	6144
f 6198 	6144 	6154
f 6115 	6060 	6148
f 6154 	6208 	6198
f 5984 	5997 	6170
f 5997 	6405 	6170
f 6170 	5958 	5984
f 6170 	6174 	5958
f 5960 	6181 	6138
f 6174 	6181 	5960
f 6138 	6181 	6185
f 6138 	6185 	6140
f 6170 	6190 	6174
f 6223 	6181 	6174
f 6155 	6135 	6133
f 6135 	6155 	5799
f 5806 	5799 	6155
f 6135 	5799 	5793
f 6153 	6214 	6200
f 6153 	5804 	6155
f 6198 	6204 	6146
f 6200 	5804 	6153
f 5804 	5806 	6155
f 6146 	6204 	6148
f 6204 	6115 	6148
f 6230 	6208 	6154
f 6198 	6210 	6204
f 6198 	6208 	6210
f 6204 	6213 	6115
f 6127 	6209 	6211
f 6204 	6210 	6213
f 6213 	6126 	6115
f 6230 	6294 	6208
f 6208 	6295 	6210
f 6220 	6211 	6209
f 6211 	6222 	6214
f 6211 	6220 	6222
f 6223 	6174 	6190
f 6200 	6214 	6222
f 6229 	6181 	6223
f 6181 	6229 	6185
f 6154 	6185 	6230
f 6229 	6230 	6185
f 6223 	6190 	6436
f 7174 	6232 	6233
f 6223 	6235 	6229
f 6223 	6436 	6235
f 6126 	6250 	6128
f 6095 	6128 	6252
f 6213 	6248 	6126
f 6250 	6126 	6248
f 6128 	6250 	6252
f 6250 	6282 	6252
f 6095 	6252 	6257
f 6097 	5605 	6101
f 6097 	6257 	5605
f 6250 	6279 	6282
f 6252 	6264 	6257
f 6257 	6264 	5608
f 6257 	5608 	5605
f 6248 	6277 	6279
f 6248 	6279 	6250
f 6264 	6252 	6282
f 6209 	6127 	6233
f 6235 	6290 	6229
f 7179 	6311 	6291
f 6235 	6301 	6290
f 6229 	6290 	6230
f 6232 	6291 	6293
f 6290 	6294 	6230
f 6320 	6291 	6311
f 6291 	6298 	6293
f 6290 	6303 	6294
f 6291 	6320 	6298
f 6232 	6293 	6233
f 6233 	6293 	6209
f 6295 	6208 	6294
f 6213 	6210 	6297
f 6210 	6295 	6297
f 6248 	6213 	6297
f 6293 	6298 	6300
f 6235 	6455 	6301
f 6293 	6300 	6209
f 6300 	6220 	6209
f 6320 	8164 	6298
f 6303 	6290 	6301
f 6294 	6303 	6319
f 6319 	6295 	6294
f 6323 	6297 	6295
f 6297 	6277 	6248
f 6297 	6323 	6277
f 6310 	6313 	6317
f 6310 	6317 	6311
f 6311 	6317 	6320
f 6319 	6323 	6295
f 6313 	8171 	6317
f 5925 	6331 	5926
f 5925 	5288 	6331
f 6332 	5929 	5926
f 6331 	6332 	5926
f 6332 	6339 	5929
f 6339 	5986 	5929
f 6343 	5988 	5986
f 6339 	6343 	5986
f 6343 	6345 	5988
f 6364 	6332 	6331
f 6368 	6339 	6332
f 5288 	6361 	6331
f 6361 	6364 	6331
f 6364 	6368 	6332
f 6339 	6371 	6343
f 6368 	6371 	6339
f 6371 	6374 	6343
f 6374 	6345 	6343
f 6374 	6414 	6345
f 6376 	6334 	6469
f 6379 	6336 	6334
f 6334 	6376 	6379
f 5304 	6380 	6361
f 6336 	6381 	6373
f 6380 	6364 	6361
f 6336 	6379 	6381
f 6364 	6382 	6368
f 5812 	6373 	6381
f 6380 	6382 	6364
f 6382 	6385 	6368
f 6373 	5812 	6417
f 6385 	6371 	6368
f 6417 	5812 	5813
f 6371 	6423 	6374
f 6385 	6423 	6371
f 6501 	6133 	6376
f 6376 	6133 	6135
f 6376 	6135 	6379
f 6379 	6135 	5793
f 6379 	5793 	6381
f 5994 	6345 	6403
f 6403 	5997 	5994
f 6403 	6405 	5997
f 6190 	6170 	6405
f 6345 	6414 	6403
f 6405 	6403 	6416
f 5793 	5796 	6381
f 6414 	6416 	6403
f 6373 	6417 	6445
f 6374 	6425 	6414
f 6422 	5891 	6447
f 6374 	6423 	6425
f 6425 	6440 	6414
f 6440 	6416 	6414
f 5891 	6410 	6447
f 6836 	6425 	6423
f 6410 	5892 	6411
f 5891 	5892 	6410
f 5892 	5893 	6411
f 6405 	6433 	6190
f 6411 	5893 	6413
f 6416 	6433 	6405
f 5893 	5894 	6413
f 6433 	6436 	6190
f 6413 	5894 	6609
f 5894 	5899 	6609
f 6433 	6448 	6436
f 6417 	5813 	6422
f 5813 	5816 	6422
f 6440 	6443 	6416
f 6443 	6433 	6416
f 6448 	6433 	6443
f 6436 	6448 	6455
f 6235 	6436 	6455
f 6442 	6441 	6336
f 6334 	6336 	6441
f 6442 	6336 	6373
f 6442 	6373 	6445
f 6440 	6845 	6443
f 6445 	6417 	6446
f 6440 	6842 	6845
f 6446 	6422 	6447
f 6446 	6417 	6422
f 6448 	6869 	6455
f 6466 	6469 	6526
f 5120 	5387 	6468
f 5120 	6468 	6471
f 6468 	6479 	6480
f 6468 	6480 	6471
f 5120 	6471 	5121
f 6458 	6475 	6476
f 6458 	6476 	6464
f 6464 	6476 	6481
f 5387 	5395 	6490
f 5395 	6563 	6490
f 6468 	5387 	6490
f 6479 	6468 	6490
f 6481 	6466 	6464
f 6466 	6501 	6469
f 6466 	6481 	6501
f 6469 	6501 	6376
f 6233 	6475 	7174
f 6127 	6476 	6475
f 6475 	6233 	6127
f 6476 	6130 	6481
f 6476 	6127 	6130
f 6481 	6130 	6131
f 6501 	6481 	6131
f 6131 	6133 	6501
f 6523 	6464 	6524
f 6524 	6464 	6526
f 6466 	6526 	6464
f 6469 	6527 	6526
f 6527 	6334 	6441
f 6527 	6469 	6334
f 6541 	6547 	6520
f 6541 	7201 	6547
f 6551 	6520 	6547
f 6520 	6551 	6522
f 6522 	6551 	6458
f 6563 	6497 	6490
f 6490 	6497 	6479
f 6560 	5394 	5508
f 5508 	6581 	6560
f 5394 	6560 	6563
f 5394 	6563 	5395
f 6560 	6568 	6563
f 6560 	6565 	6568
f 6563 	6568 	6497
f 5588 	6574 	6577
f 6574 	6587 	6577
f 5588 	6577 	5595
f 6579 	5595 	6577
f 6577 	6587 	6590
f 6577 	6590 	6579
f 6592 	6581 	6579
f 6592 	6579 	6590
f 6565 	6581 	6592
f 6565 	6560 	6581
f 6523 	6522 	6458
f 6458 	6464 	6523
f 6547 	7174 	6551
f 6551 	6475 	6458
f 6551 	7174 	6475
f 6605 	6604 	5920
f 6604 	5922 	5920
f 6619 	6605 	5923
f 6609 	5899 	6610
f 6611 	5922 	6604
f 6620 	6711 	6619
f 5920 	5923 	6605
f 5923 	5924 	6619
f 6619 	5924 	6620
f 6621 	6620 	5935
f 5924 	5935 	6620
f 6711 	6620 	6621
f 6711 	6621 	6622
f 6623 	6711 	6622
f 6655 	6711 	6623
f 6621 	5939 	6622
f 5939 	5943 	6622
f 6622 	5943 	6623
f 6623 	6667 	6655
f 5943 	6667 	6623
f 5943 	6080 	6667
f 6081 	6669 	6667
f 6080 	6081 	6667
f 6669 	7723 	6673
f 6667 	6669 	6655
f 6669 	6656 	6655
f 6669 	6673 	6656
f 6656 	6673 	6688
f 6688 	6696 	6689
f 6673 	6696 	6688
f 6689 	6696 	6690
f 6698 	6690 	6696
f 6711 	6604 	6605
f 6605 	6619 	6711
f 7050 	7052 	6711
f 7052 	7053 	6711
f 7053 	7056 	6711
f 7056 	6902 	6711
f 6902 	6903 	6711
f 6934 	6711 	6933
f 6711 	6934 	6936
f 6936 	6937 	6711
f 6937 	6917 	6711
f 6919 	6711 	6917
f 6921 	6711 	6919
f 6921 	6923 	6711
f 6923 	6924 	6711
f 6924 	6538 	6711
f 6538 	6539 	6711
f 6520 	6522 	6711
f 6522 	6523 	6711
f 6523 	6524 	6711
f 6524 	6526 	6711
f 6526 	6527 	6711
f 6527 	6441 	6711
f 6441 	6442 	6711
f 6442 	6445 	6711
f 6445 	6446 	6711
f 6446 	6447 	6711
f 6447 	6410 	6711
f 6410 	6411 	6711
f 6411 	6413 	6711
f 6413 	6609 	6711
f 6609 	6610 	6711
f 6610 	6611 	6711
f 6611 	6604 	6711
f 6655 	6656 	6711
f 6656 	6688 	6711
f 6688 	6689 	6711
f 5588 	5586 	6574
f 5608 	6891 	5612
f 6769 	5612 	6891
f 6769 	6574 	5586
f 6769 	6887 	6574
f 6906 	6277 	6323
f 6907 	6279 	6277
f 6909 	6282 	6279
f 6899 	6282 	6909
f 6264 	6282 	6899
f 6301 	6928 	6303
f 6928 	6301 	6783
f 6303 	6929 	6319
f 6928 	6929 	6303
f 6795 	5300 	6792
f 1926 	1939 	6797
f 6797 	6792 	1926
f 6797 	6800 	6792
f 6795 	6792 	6800
f 5304 	6815 	6380
f 6815 	5304 	6795
f 6815 	6817 	6380
f 6380 	6817 	6382
f 6382 	6819 	6385
f 6817 	6819 	6382
f 6795 	6800 	6823
f 6823 	6815 	6795
f 6815 	6826 	6817
f 6815 	6823 	6826
f 6826 	6828 	6817
f 6819 	6817 	6828
f 6828 	6856 	6819
f 6800 	87 	6823
f 97 	122 	6826
f 233 	6856 	6828
f 6423 	6848 	6836
f 6842 	6425 	6836
f 6440 	6425 	6842
f 6842 	6836 	6861
f 6842 	6872 	6845
f 6819 	6848 	6385
f 6819 	6856 	6848
f 6423 	6385 	6848
f 6856 	6859 	6848
f 247 	6859 	6856
f 6848 	6859 	6836
f 6861 	6836 	6859
f 240 	253 	6856
f 262 	6861 	6859
f 6845 	6867 	6443
f 6443 	6867 	6448
f 6869 	6448 	6867
f 6455 	6869 	6783
f 6455 	6783 	6301
f 6872 	6842 	6861
f 6587 	6574 	6887
f 6896 	6769 	6891
f 6896 	6891 	6904
f 6887 	6769 	6896
f 6711 	6539 	6541
f 6541 	6520 	6711
f 6711 	6689 	6690
f 6264 	6899 	6900
f 6899 	6977 	6900
f 6690 	7050 	6711
f 6899 	6975 	6977
f 6264 	6900 	5608
f 6900 	6891 	5608
f 6900 	6904 	6891
f 7056 	7077 	6902
f 6323 	6931 	6906
f 6906 	6907 	6277
f 6279 	6907 	6909
f 6909 	6975 	6899
f 6907 	6984 	6909
f 6917 	6937 	7332
f 6975 	6909 	6984
f 6917 	7338 	6919
f 6931 	6323 	6319
f 6923 	7189 	6924
f 6924 	7193 	6538
f 6924 	7189 	7193
f 6931 	6319 	6929
f 6903 	6932 	6711
f 6932 	6933 	6711
f 6928 	6783 	6938
f 6928 	6940 	6929
f 6938 	6940 	6928
f 6929 	6940 	6956
f 6929 	6956 	6931
f 6987 	6906 	6931
f 6931 	6956 	6987
f 6845 	6872 	6960
f 6960 	6867 	6845
f 6962 	6869 	6867
f 6962 	6867 	6960
f 6964 	6869 	6962
f 6964 	6783 	6869
f 6938 	6783 	6964
f 355 	356 	6962
f 6960 	346 	6962
f 356 	357 	6962
f 6977 	6904 	6900
f 6977 	8412 	6904
f 6988 	6907 	6906
f 6984 	6907 	6988
f 6987 	6988 	6906
f 6987 	8578 	6988
f 8598 	6984 	6988
f 7079 	7352 	6903
f 6934 	6933 	7386
f 6934 	7386 	7328
f 6934 	7328 	6936
f 6698 	7058 	6690
f 6690 	7058 	7050
f 7050 	7061 	7052
f 7058 	7061 	7050
f 7053 	7052 	7063
f 7061 	7063 	7052
f 7063 	7073 	7053
f 7053 	7073 	7056
f 6902 	7077 	7079
f 7073 	7077 	7056
f 6903 	6902 	7079
f 6903 	7352 	6932
f 7756 	7073 	7063
f 7063 	7755 	7756
f 7896 	7077 	7073
f 7174 	6547 	7173
f 7231 	7170 	7164
f 7170 	7179 	7173
f 7173 	6232 	7174
f 7173 	7179 	6232
f 7179 	6291 	6232
f 7196 	6539 	6538
f 7193 	7196 	6538
f 6539 	7196 	7201
f 7164 	7170 	7196
f 7201 	6541 	6539
f 7184 	7241 	7189
f 7189 	7212 	7193
f 7164 	7193 	7212
f 7164 	7196 	7193
f 7201 	7196 	7170
f 7201 	7170 	7173
f 7201 	7173 	6547
f 7212 	7229 	7164
f 7164 	7229 	7231
f 7179 	7170 	7231
f 7229 	7226 	7314
f 7226 	7607 	7314
f 7179 	7231 	6311
f 7241 	7184 	7239
f 7241 	7212 	7189
f 7239 	7246 	7303
f 7239 	7303 	7241
f 7226 	7212 	7241
f 7226 	7241 	7303
f 7212 	7226 	7229
f 7246 	7602 	7303
f 7607 	7226 	7303
f 6310 	7229 	7314
f 6313 	6310 	7314
f 7229 	6310 	7231
f 6310 	6311 	7231
f 6330 	6313 	7314
f 7332 	6937 	6936
f 6936 	7328 	7332
f 6917 	7332 	7335
f 6917 	7335 	7338
f 7341 	6921 	6919
f 6919 	7338 	7341
f 7341 	7184 	6921
f 6923 	6921 	7184
f 7184 	7189 	6923
f 7403 	7332 	7328
f 7332 	7413 	7335
f 7338 	7416 	7417
f 7338 	7417 	7341
f 7239 	7184 	7341
f 6932 	7353 	6933
f 6932 	7352 	7353
f 7386 	6933 	7353
f 7079 	7077 	7898
f 7079 	7391 	7352
f 7898 	7391 	7079
f 7352 	7391 	7394
f 7394 	7353 	7352
f 7353 	7395 	7386
f 7353 	7394 	7395
f 7499 	7328 	7386
f 7386 	7395 	7499
f 7403 	7413 	7332
f 7338 	7335 	7416
f 7335 	7413 	7416
f 7341 	7417 	7239
f 7403 	7486 	7413
f 7403 	7508 	7486
f 7413 	7486 	7488
f 7488 	7416 	7413
f 7417 	7416 	7244
f 7488 	7244 	7416
f 7417 	7244 	7246
f 7417 	7246 	7239
f 7499 	7403 	7328
f 7394 	7504 	7395
f 7916 	7504 	7394
f 7395 	7504 	7506
f 7499 	7395 	7506
f 7499 	7508 	7403
f 7499 	7506 	7508
f 7506 	7643 	7508
f 7646 	7486 	7508
f 7508 	7643 	7646
f 7506 	7504 	7642
f 7642 	7643 	7506
f 7244 	7488 	7522
f 7651 	7522 	7488
f 7244 	7522 	7597
f 7522 	7626 	7597
f 7246 	7244 	7597
f 7602 	7246 	7597
f 7303 	7602 	7607
f 7522 	7625 	7626
f 7597 	7613 	7602
f 7597 	7626 	7613
f 7602 	7613 	7617
f 7602 	7617 	7607
f 7617 	6330 	7607
f 7314 	7607 	6330
f 7651 	7625 	7522
f 7646 	7651 	7486
f 7486 	7651 	7488
f 7667 	7646 	7643
f 8023 	7654 	7642
f 7642 	7654 	7662
f 7662 	7643 	7642
f 7662 	7667 	7643
f 7646 	7670 	7651
f 7646 	7667 	7670
f 7625 	7651 	7670
f 8416 	8420 	7662
f 7667 	8426 	7670
f 8382 	7625 	7670
f 6669 	6081 	7723
f 6673 	7723 	7729
f 6673 	7729 	6696
f 7732 	6696 	7729
f 7729 	7737 	7732
f 6696 	7732 	6698
f 6081 	6089 	7723
f 7729 	7723 	7735
f 6089 	7735 	7723
f 7735 	7737 	7729
f 7749 	7058 	6698
f 6698 	7732 	7749
f 7749 	7751 	7058
f 7749 	7764 	7751
f 7058 	7751 	7061
f 7061 	7755 	7063
f 7751 	7755 	7061
f 7757 	5170 	5130
f 7896 	7073 	7756
f 5138 	7757 	5130
f 7737 	7763 	7732
f 7732 	7763 	7749
f 5138 	7768 	7757
f 7763 	7764 	7749
f 7764 	7766 	7751
f 7751 	7766 	7755
f 7757 	7770 	7760
f 7768 	7770 	7757
f 7740 	7760 	7770
f 7768 	7742 	7770
f 7770 	7743 	7740
f 7742 	7743 	7770
f 7774 	7776 	5154
f 7778 	7735 	6089
f 7767 	7777 	7768
f 6089 	6108 	7778
f 7735 	7779 	7737
f 7776 	7777 	7767
f 7768 	7777 	7742
f 7778 	7779 	7735
f 7779 	7781 	7737
f 7763 	7737 	7781
f 7763 	7783 	7764
f 7774 	8107 	7776
f 7781 	7783 	7763
f 7783 	7785 	7764
f 7776 	8085 	7777
f 7785 	7766 	7764
f 7785 	7942 	7766
f 5138 	5136 	7767
f 6118 	7778 	6108
f 5136 	5154 	7767
f 7768 	5138 	7767
f 5152 	5121 	7774
f 5154 	5152 	7774
f 7794 	7796 	7781
f 7781 	7796 	7783
f 7767 	5154 	7776
f 7783 	8009 	7785
f 7796 	8009 	7783
f 6118 	7789 	7778
f 6118 	8309 	7789
f 7778 	7789 	7779
f 6118 	8286 	8309
f 7781 	7779 	7794
f 7779 	7789 	7794
f 8117 	7791 	7792
f 8317 	7794 	7789
f 7804 	7791 	7799
f 7810 	7800 	7740
f 7740 	7743 	7810
f 7810 	7812 	7800
f 7800 	7812 	7801
f 7812 	7792 	7801
f 7804 	7801 	7792
f 7792 	7791 	7804
f 7812 	8120 	7792
f 7791 	7845 	7799
f 7926 	7799 	7850
f 7850 	7873 	7852
f 7852 	7876 	7859
f 7873 	7876 	7852
f 7845 	7850 	7799
f 7845 	7873 	7850
f 7876 	7884 	7859
f 7859 	7884 	7866
f 7845 	8141 	7873
f 7884 	7876 	8166
f 7896 	7898 	7077
f 7755 	7766 	7903
f 7899 	7800 	7902
f 7756 	7755 	7903
f 7902 	7905 	7897
f 7904 	7896 	7756
f 7904 	7756 	7903
f 7760 	7740 	7899
f 7904 	7908 	7896
f 7740 	7800 	7899
f 7902 	7801 	7905
f 7896 	7908 	7898
f 7801 	7804 	7905
f 7911 	7391 	7898
f 7922 	7913 	5203
f 7908 	7911 	7898
f 7916 	7391 	7911
f 7897 	7905 	7917
f 7917 	7930 	7922
f 7394 	7391 	7916
f 7905 	7930 	7917
f 7930 	7926 	7922
f 7930 	7799 	7926
f 7913 	7922 	7926
f 7905 	7804 	7930
f 7804 	7799 	7930
f 5167 	7897 	5198
f 5178 	7897 	5167
f 7897 	7917 	5198
f 5173 	5170 	7760
f 5173 	7899 	5178
f 7903 	7766 	7942
f 5173 	7760 	7899
f 7903 	7943 	7904
f 7942 	7943 	7903
f 7899 	7902 	5178
f 7897 	5178 	7902
f 7914 	5194 	7913
f 7913 	5194 	5203
f 5194 	7914 	5191
f 7917 	5201 	5198
f 7917 	7922 	5201
f 7942 	7981 	7943
f 7922 	5203 	5201
f 7952 	7908 	7904
f 7943 	7952 	7904
f 7953 	7908 	7952
f 7800 	7801 	7902
f 5191 	7914 	7956
f 7963 	5219 	7956
f 7966 	7914 	7913
f 7913 	7926 	7966
f 7966 	7974 	7914
f 7956 	7914 	7974
f 7974 	7975 	7956
f 7956 	7975 	7963
f 7908 	7953 	7911
f 7977 	7916 	7911
f 7953 	7977 	7911
f 8023 	7916 	7977
f 7926 	7850 	7966
f 7850 	7852 	7966
f 7852 	7974 	7966
f 7504 	7916 	8023
f 8023 	7642 	7504
f 7981 	7984 	7943
f 7975 	7982 	7963
f 7952 	7943 	7984
f 7952 	7990 	7953
f 7952 	7984 	7990
f 7953 	7990 	8027
f 8026 	8038 	7986
f 7977 	7953 	8027
f 7986 	8038 	7991
f 8001 	8003 	6479
f 8031 	6479 	8003
f 8000 	6479 	7998
f 8001 	6479 	8000
f 8348 	7984 	7981
f 8031 	1187 	6479
f 7963 	5221 	5219
f 7984 	8348 	8453
f 7984 	8453 	7990
f 5245 	7963 	7982
f 7785 	8010 	7942
f 7982 	7986 	5245
f 8009 	8010 	7785
f 7981 	7942 	8010
f 5255 	5245 	7986
f 7796 	8333 	8009
f 5271 	5257 	7991
f 7981 	8010 	8344
f 7974 	7852 	7859
f 7975 	7974 	7859
f 7975 	7866 	7982
f 7866 	7975 	7859
f 7982 	8026 	7986
f 7982 	7866 	8026
f 7977 	8028 	8023
f 7977 	8027 	8028
f 8035 	8040 	8026
f 8023 	8028 	7654
f 8026 	7866 	8035
f 7866 	7884 	8035
f 1888 	8035 	7884
f 7884 	8166 	1888
f 1888 	1890 	8035
f 8040 	8035 	1890
f 1890 	1925 	8040
f 6565 	8167 	6568
f 7991 	8039 	5271
f 8039 	7991 	8038
f 8040 	8038 	8026
f 6479 	6497 	7998
f 8156 	6565 	8155
f 8040 	8041 	8038
f 8160 	6565 	8156
f 8038 	8041 	8039
f 8041 	8042 	8039
f 8041 	8040 	1925
f 1925 	1926 	8041
f 8041 	1926 	8042
f 8039 	5295 	5271
f 8039 	8042 	5295
f 8042 	6792 	5300
f 1926 	6792 	8042
f 701 	702 	8045
f 8054 	709 	8045
f 811 	8045 	702
f 812 	8046 	8045
f 701 	8045 	709
f 919 	8094 	8061
f 8075 	8124 	8071
f 7777 	8090 	7742
f 8085 	8090 	7777
f 8090 	8092 	7742
f 7742 	8092 	7743
f 8092 	8071 	7743
f 8085 	8097 	8090
f 8094 	8097 	8085
f 8090 	8097 	8073
f 1044 	8097 	8094
f 8092 	8090 	8073
f 8073 	8075 	8092
f 8092 	8075 	8071
f 8036 	8037 	8103
f 5121 	6471 	8106
f 5121 	8106 	7774
f 8106 	8107 	7774
f 6471 	8108 	8106
f 3436 	2985 	8103
f 6471 	6480 	8108
f 8061 	8107 	8106
f 8061 	8106 	8108
f 8107 	8061 	8094
f 1195 	8108 	6480
f 877 	8061 	8108
f 8085 	7776 	8107
f 8085 	8107 	8094
f 7810 	8118 	7812
f 5804 	8036 	8119
f 7810 	8071 	8118
f 2992 	5806 	8119
f 8118 	8120 	7812
f 8119 	2985 	2992
f 8120 	8117 	7792
f 8036 	8103 	8119
f 8119 	8103 	2985
f 8117 	8045 	8046
f 8071 	8124 	8118
f 6220 	8123 	8126
f 8126 	6222 	6220
f 8124 	8054 	8118
f 729 	8054 	8124
f 6222 	8127 	6200
f 8054 	8120 	8118
f 8120 	8045 	8117
f 8127 	6222 	8126
f 8054 	8045 	8120
f 8036 	6200 	8127
f 8140 	8127 	8126
f 8037 	8036 	8127
f 8127 	8140 	8037
f 7810 	7743 	8071
f 6568 	8197 	6497
f 8123 	8137 	8126
f 7791 	8138 	7845
f 8168 	6568 	8167
f 8123 	8134 	8137
f 8126 	8137 	8140
f 8117 	8138 	7791
f 8160 	8172 	6565
f 8138 	8141 	7845
f 8145 	7873 	8141
f 8151 	8141 	8138
f 8151 	8153 	8141
f 8141 	8153 	8145
f 8046 	8138 	8117
f 8151 	8138 	8046
f 8036 	5804 	6200
f 6568 	8168 	8196
f 1231 	8153 	8151
f 8123 	6220 	6300
f 1896 	8166 	8145
f 8153 	1896 	8145
f 8123 	6300 	8154
f 7996 	7997 	6497
f 1896 	1897 	8166
f 828 	8151 	8046
f 8172 	8169 	6565
f 8197 	6568 	8196
f 8134 	8123 	8154
f 2101 	1896 	8153
f 6320 	8173 	8164
f 6298 	8154 	6300
f 7876 	7873 	8145
f 6298 	8164 	8154
f 8166 	7876 	8145
f 8167 	6565 	8170
f 8169 	8170 	6565
f 8171 	8173 	6317
f 6317 	8173 	6320
f 8164 	8173 	8182
f 8154 	8164 	8195
f 8173 	8171 	8180
f 8182 	8173 	8180
f 8195 	8164 	8182
f 8154 	8195 	8134
f 8206 	6497 	8197
f 8216 	6497 	8207
f 8207 	6497 	8206
f 8216 	7996 	6497
f 7998 	6497 	7997
f 6887 	8250 	6587
f 8261 	6590 	8259
f 8252 	8255 	6587
f 8262 	8259 	6587
f 8155 	6565 	6592
f 8261 	8269 	6590
f 8158 	6592 	8322
f 6587 	8259 	6590
f 8155 	6592 	8158
f 6590 	8270 	6592
f 8322 	6592 	8324
f 6887 	8248 	8249
f 6887 	8249 	8250
f 8252 	6587 	8250
f 8255 	8263 	6587
f 8262 	6587 	8263
f 8259 	8260 	8261
f 8320 	8269 	8261
f 8270 	8271 	6592
f 8182 	125 	8195
f 8268 	6330 	7617
f 8270 	6590 	8269
f 8324 	6592 	8271
f 6330 	8268 	8273
f 8388 	8276 	8268
f 6330 	8273 	6313
f 8171 	6313 	8273
f 8268 	8276 	8278
f 8268 	8278 	8273
f 8273 	8280 	8171
f 8273 	8278 	8280
f 8180 	8171 	8280
f 8275 	217 	8276
f 8276 	226 	8278
f 227 	249 	8278
f 3678 	8285 	2949
f 3678 	3683 	8288
f 8288 	8285 	3678
f 8285 	8290 	8286
f 8288 	8290 	8285
f 8290 	8314 	8286
f 8286 	8314 	8309
f 720 	8290 	8288
f 762 	8314 	8290
f 7789 	8309 	8317
f 8319 	7796 	7794
f 8317 	8319 	7794
f 8260 	8320 	8261
f 8319 	8333 	7796
f 8309 	8321 	8317
f 8321 	8309 	8314
f 8321 	8323 	8317
f 8321 	902 	8323
f 8323 	8319 	8317
f 8314 	880 	8321
f 881 	8321 	880
f 902 	8321 	901
f 881 	901 	8321
f 975 	8354 	8323
f 8337 	6896 	8336
f 8333 	8338 	8009
f 8337 	8347 	6896
f 8347 	8349 	6896
f 8338 	8010 	8009
f 8338 	8344 	8010
f 8338 	8372 	8344
f 6896 	8349 	8350
f 8351 	6887 	8350
f 6896 	8350 	6887
f 7981 	8344 	8348
f 8367 	8370 	6887
f 8370 	8248 	6887
f 8319 	8354 	8333
f 8319 	8323 	8354
f 8354 	8362 	8333
f 984 	8362 	8354
f 6887 	8366 	8367
f 8351 	8366 	6887
f 8338 	8333 	8362
f 8362 	8372 	8338
f 8372 	8485 	8344
f 986 	8354 	988
f 1007 	8372 	8362
f 8476 	6975 	6984
f 8336 	6896 	6904
f 8383 	7625 	8382
f 7626 	7625 	8383
f 8403 	6977 	6975
f 7626 	8383 	8385
f 8383 	8397 	8385
f 7626 	8385 	7613
f 7613 	8385 	8388
f 7613 	8388 	7617
f 7617 	8388 	8268
f 8382 	8426 	8442
f 8428 	8413 	6977
f 8383 	8382 	8394
f 8411 	8417 	6904
f 8417 	8435 	6904
f 8341 	8340 	6904
f 8336 	6904 	8340
f 8394 	8382 	8442
f 8435 	8341 	6904
f 8397 	8383 	8394
f 8410 	8402 	6975
f 8388 	8385 	8275
f 8403 	6975 	8402
f 8275 	8385 	8397
f 8403 	8404 	6977
f 8428 	6977 	8404
f 8388 	8275 	8276
f 1108 	8397 	8394
f 8397 	211 	8275
f 8411 	6904 	8412
f 6977 	8413 	8414
f 6977 	8414 	8412
f 7654 	8416 	7662
f 7654 	8466 	8416
f 7662 	8420 	7667
f 8426 	7667 	8420
f 8426 	8382 	7670
f 8466 	8433 	8416
f 8416 	8433 	8444
f 8433 	1149 	8444
f 8416 	8444 	8420
f 8449 	8426 	8420
f 8475 	1141 	8433
f 1056 	8442 	8449
f 1076 	8394 	8442
f 8420 	8444 	8449
f 8442 	8426 	8449
f 8444 	1166 	8449
f 1167 	1054 	8449
f 8348 	8460 	8453
f 8027 	7990 	8457
f 8457 	7990 	8453
f 8464 	8027 	8457
f 8028 	8027 	8464
f 8453 	8468 	8457
f 8460 	8468 	8453
f 1358 	8460 	8485
f 8460 	1263 	8468
f 8028 	8466 	7654
f 8028 	8464 	8466
f 8469 	8457 	8468
f 1279 	1283 	8468
f 8464 	8457 	8469
f 8464 	8469 	8475
f 8477 	6975 	8476
f 8464 	8475 	8466
f 8475 	8433 	8466
f 8344 	8485 	8348
f 8460 	8348 	8485
f 8492 	6984 	8494
f 8476 	6984 	8492
f 8477 	8495 	6975
f 8495 	8410 	6975
f 3426 	8103 	8037
f 8525 	8526 	8037
f 8526 	8533 	8037
f 8525 	8037 	8524
f 8522 	8524 	8037
f 8533 	3430 	8037
f 3430 	3429 	8037
f 8552 	8134 	8195
f 8552 	8195 	136
f 6938 	8634 	6940
f 375 	8548 	6964
f 8140 	8522 	8037
f 136 	8195 	135
f 8553 	36 	8134
f 8634 	6938 	8633
f 36 	33 	8134
f 8134 	25 	8137
f 33 	34 	8134
f 40 	41 	8137
f 42 	8140 	8137
f 8522 	8140 	8521
f 40 	8137 	25
f 74 	8521 	8140
f 8553 	8134 	8552
f 34 	24 	8134
f 8556 	8557 	6987
f 8556 	6987 	6956
f 8556 	6956 	8560
f 8559 	8560 	6956
f 8561 	8559 	6956
f 8557 	8577 	6987
f 8578 	6987 	8577
f 25 	8134 	24
f 42 	8137 	41
f 8582 	6988 	8581
f 8596 	6988 	8582
f 6988 	8578 	8581
f 8596 	8597 	6988
f 8493 	8494 	6984
f 8598 	6988 	8597
f 8599 	6984 	8598
f 8600 	6984 	8599
f 8600 	8601 	6984
f 8601 	8493 	6984
f 6964 	8622 	6938
f 6938 	8622 	8623
f 6964 	8624 	8622
f 8624 	6964 	8548
f 8643 	6956 	6940
f 8645 	8643 	6940
f 8634 	8635 	6940
f 8644 	8647 	6956
f 8623 	8640 	6938
f 8640 	8633 	6938
f 8644 	6956 	8643
f 8647 	8569 	6956
f 8635 	8656 	6940
f 8656 	8645 	6940
f 8561 	6956 	8569
f 8857 	6797 	8856
f 8857 	6800 	6797
f 88 	6823 	87
f 87 	6800 	89
f 6800 	8857 	8859
f 8859 	8865 	6800
f 8865 	94 	6800
f 89 	6800 	94
# 2040 faces

g group_0_7561145

usemtl color_7561145
s 0

f 4 	10 	3
f 2 	3 	10
f 5 	10 	4
f 6 	10 	5
f 7 	10 	6
f 8 	10 	7
f 9 	10 	8
f 13 	9 	12
f 14 	9 	13
f 182 	9 	14
f 18 	26 	17
f 19 	26 	18
f 20 	26 	19
f 21 	26 	20
f 22 	26 	21
f 23 	26 	22
f 16 	17 	26
f 26 	27 	16
f 28 	16 	27
f 31 	32 	27
f 28 	27 	32
f 23 	22 	2
f 23 	2 	1
f 22 	21 	3
f 22 	3 	2
f 21 	20 	4
f 21 	4 	3
f 20 	19 	5
f 20 	5 	4
f 19 	18 	6
f 19 	6 	5
f 18 	17 	7
f 18 	7 	6
f 17 	16 	8
f 17 	8 	7
f 16 	28 	8
f 32 	13 	12
f 32 	12 	28
f 31 	14 	13
f 31 	13 	32
f 28 	12 	8
f 50 	51 	46
f 51 	27 	46
f 47 	48 	53
f 46 	53 	48
f 48 	49 	46
f 49 	50 	46
f 26 	46 	27
f 55 	56 	57
f 9 	57 	56
f 59 	60 	61
f 57 	61 	60
f 60 	54 	57
f 54 	55 	57
f 9 	56 	10
f 14 	31 	182
f 67 	68 	10
f 68 	1 	10
f 1 	2 	10
f 66 	67 	10
f 73 	26 	72
f 71 	72 	26
f 23 	71 	26
f 65 	73 	66
f 73 	72 	67
f 73 	67 	66
f 72 	71 	68
f 72 	68 	67
f 1 	68 	23
f 71 	23 	68
f 76 	73 	65
f 80 	26 	79
f 76 	79 	26
f 73 	76 	26
f 80 	81 	82
f 93 	81 	80
f 104 	474 	102
f 80 	103 	26
f 80 	82 	103
f 82 	5109 	103
f 27 	110 	31
f 118 	27 	117
f 119 	27 	118
f 110 	27 	119
f 27 	138 	117
f 337 	115 	338
f 119 	183 	110
f 183 	182 	110
f 118 	183 	119
f 186 	117 	116
f 116 	117 	138
f 132 	116 	138
f 131 	132 	138
f 186 	116 	132
f 131 	188 	132
f 131 	134 	188
f 189 	188 	134
f 138 	139 	134
f 143 	134 	139
f 143 	144 	134
f 144 	145 	134
f 134 	131 	138
f 189 	134 	145
f 1068 	1069 	143
f 139 	1068 	143
f 10 	162 	65
f 65 	66 	10
f 76 	65 	158
f 158 	65 	162
f 79 	158 	80
f 76 	158 	79
f 163 	159 	162
f 159 	158 	162
f 163 	165 	159
f 165 	176 	159
f 176 	93 	159
f 159 	80 	158
f 169 	1468 	172
f 162 	616 	163
f 174 	1468 	153
f 174 	171 	1468
f 152 	153 	1468
f 171 	172 	1468
f 169 	166 	1468
f 80 	159 	93
f 152 	1468 	151
f 1468 	154 	151
f 120 	6240 	314
f 184 	9 	183
f 185 	9 	184
f 186 	9 	185
f 187 	9 	186
f 188 	9 	187
f 191 	9 	189
f 190 	191 	189
f 188 	189 	9
f 8 	12 	9
f 31 	110 	182
f 118 	184 	183
f 184 	117 	185
f 118 	117 	184
f 186 	185 	117
f 132 	187 	186
f 132 	188 	187
f 190 	189 	195
f 189 	145 	195
f 85 	86 	1308
f 5372 	5368 	197
f 120 	338 	115
f 314 	317 	120
f 318 	338 	120
f 182 	183 	9
f 1309 	1308 	86
f 5368 	5364 	197
f 5371 	5380 	201
f 282 	5598 	283
f 263 	5441 	268
f 283 	5598 	278
f 277 	5721 	292
f 278 	5671 	277
f 292 	5721 	291
f 294 	1468 	167
f 167 	1468 	166
f 291 	1468 	295
f 295 	1468 	294
f 5720 	5719 	1468
f 268 	5451 	282
f 318 	120 	317
f 314 	319 	317
f 330 	6241 	376
f 6241 	330 	319
f 6241 	319 	314
f 318 	317 	760
f 317 	319 	192
f 192 	760 	317
f 330 	192 	319
f 338 	760 	337
f 318 	760 	338
f 417 	352 	6159
f 352 	353 	6159
f 417 	6159 	419
f 376 	192 	330
f 376 	373 	192
f 363 	192 	373
f 441 	442 	6583
f 441 	6583 	427
f 438 	439 	6583
f 353 	245 	363
f 352 	245 	353
f 363 	245 	192
f 6583 	455 	457
f 392 	409 	408
f 392 	395 	409
f 461 	454 	6583
f 352 	417 	245
f 417 	419 	245
f 245 	408 	409
f 245 	409 	395
f 419 	408 	245
f 427 	6583 	424
f 424 	423 	431
f 431 	427 	424
f 455 	6583 	454
f 461 	6583 	439
f 438 	6583 	436
f 441 	431 	442
f 427 	431 	441
f 449 	443 	431
f 442 	431 	443
f 431 	547 	449
f 431 	585 	547
f 436 	446 	449
f 449 	439 	438
f 436 	449 	438
f 443 	449 	446
f 454 	9044 	455
f 455 	9044 	457
f 9044 	454 	449
f 439 	449 	461
f 454 	461 	449
f 522 	474 	9044
f 474 	488 	477
f 477 	488 	493
f 511 	502 	53
f 509 	493 	510
f 515 	46 	5001
f 515 	516 	46
f 516 	509 	53
f 47 	53 	501
f 502 	488 	501
f 510 	53 	509
f 511 	53 	510
f 502 	511 	488
f 510 	488 	511
f 488 	510 	493
f 515 	493 	516
f 509 	516 	493
f 5000 	493 	515
f 501 	537 	47
f 502 	501 	53
f 488 	474 	522
f 530 	47 	531
f 537 	531 	47
f 522 	550 	530
f 531 	522 	530
f 530 	550 	532
f 537 	488 	522
f 501 	488 	537
f 522 	531 	537
f 449 	547 	550
f 556 	48 	563
f 449 	550 	9044
f 550 	522 	9044
f 585 	601 	547
f 557 	547 	601
f 557 	556 	547
f 562 	563 	48
f 547 	556 	563
f 562 	550 	563
f 547 	563 	550
f 533 	562 	48
f 533 	532 	550
f 533 	550 	562
f 548 	572 	549
f 572 	548 	573
f 572 	574 	549
f 574 	558 	549
f 574 	572 	604
f 557 	601 	49
f 595 	594 	49
f 558 	2174 	576
f 576 	579 	558
f 579 	561 	558
f 833 	570 	585
f 577 	576 	2174
f 590 	50 	597
f 570 	590 	597
f 578 	577 	2174
f 2147 	580 	2174
f 594 	585 	570
f 595 	585 	594
f 594 	570 	596
f 597 	596 	570
f 572 	573 	599
f 595 	49 	601
f 599 	573 	602
f 599 	604 	572
f 585 	595 	601
f 599 	618 	604
f 49 	594 	596
f 596 	50 	49
f 532 	533 	48
f 556 	557 	48
f 49 	48 	557
f 532 	48 	47
f 612 	618 	599
f 604 	618 	630
f 532 	47 	530
f 612 	602 	613
f 647 	640 	616
f 602 	612 	599
f 639 	165 	640
f 635 	636 	176
f 616 	162 	10
f 637 	93 	636
f 613 	637 	636
f 613 	636 	612
f 635 	612 	636
f 646 	647 	616
f 10 	747 	616
f 176 	165 	642
f 176 	642 	643
f 176 	643 	635
f 643 	642 	612
f 640 	618 	639
f 612 	639 	618
f 639 	612 	642
f 635 	643 	612
f 646 	616 	648
f 516 	53 	46
f 731 	737 	733
f 646 	630 	647
f 648 	630 	646
f 618 	647 	630
f 640 	647 	618
f 747 	10 	746
f 648 	616 	747
f 746 	630 	747
f 648 	747 	630
f 739 	754 	737
f 733 	737 	754
f 115 	337 	744
f 337 	785 	744
f 739 	744 	754
f 744 	773 	754
f 760 	751 	779
f 751 	817 	779
f 797 	6583 	806
f 779 	785 	760
f 337 	760 	785
f 779 	817 	833
f 795 	806 	744
f 795 	744 	785
f 779 	795 	785
f 797 	431 	423
f 773 	744 	806
f 779 	833 	806
f 779 	806 	795
f 431 	797 	833
f 806 	833 	797
f 810 	816 	817
f 810 	817 	751
f 816 	932 	824
f 816 	824 	829
f 816 	829 	817
f 817 	829 	833
f 939 	946 	823
f 833 	585 	431
f 870 	932 	872
f 870 	930 	932
f 989 	930 	870
f 932 	816 	872
f 810 	872 	816
f 930 	823 	932
f 930 	935 	823
f 823 	824 	932
f 935 	939 	823
f 27 	51 	967
f 824 	823 	946
f 596 	597 	50
f 824 	950 	829
f 972 	974 	51
f 946 	950 	824
f 829 	950 	570
f 51 	50 	972
f 570 	950 	980
f 829 	570 	833
f 964 	965 	51
f 1016 	1036 	939
f 962 	939 	1036
f 27 	967 	962
f 965 	967 	51
f 964 	946 	965
f 946 	939 	965
f 962 	967 	939
f 965 	939 	967
f 970 	50 	969
f 980 	50 	590
f 972 	50 	970
f 969 	950 	970
f 946 	974 	950
f 972 	950 	974
f 970 	950 	972
f 964 	51 	974
f 946 	964 	974
f 969 	50 	980
f 980 	950 	969
f 570 	980 	590
f 992 	983 	982
f 996 	992 	982
f 983 	992 	997
f 983 	997 	989
f 930 	989 	997
f 992 	996 	1002
f 996 	1003 	1002
f 1004 	992 	1002
f 1002 	1050 	1004
f 997 	992 	1004
f 997 	1004 	935
f 997 	935 	930
f 1002 	1039 	1050
f 935 	1004 	1016
f 1036 	27 	962
f 144 	1065 	145
f 1064 	1065 	144
f 1031 	139 	1030
f 27 	1037 	138
f 1030 	138 	1032
f 1050 	1031 	1016
f 1030 	1016 	1031
f 1032 	1016 	1030
f 1027 	139 	1031
f 1050 	1027 	1031
f 27 	1036 	1037
f 1032 	138 	1037
f 1016 	1032 	1037
f 1016 	1037 	1036
f 1039 	1003 	1040
f 1003 	1039 	1002
f 1070 	1069 	1039
f 1039 	1064 	1070
f 1016 	1004 	1050
f 939 	935 	1016
f 1070 	1064 	144
f 1066 	145 	1065
f 1040 	1066 	1065
f 1065 	1064 	1039
f 1040 	1065 	1039
f 144 	143 	1069
f 144 	1069 	1070
f 1068 	1027 	1050
f 1050 	1039 	1068
f 1068 	1039 	1069
f 1068 	139 	1027
f 138 	1030 	139
f 1086 	1087 	1088
f 1088 	6884 	1086
f 1096 	6974 	1100
f 1099 	6998 	1101
f 1223 	4970 	4971
f 4971 	1221 	1223
f 4987 	1228 	2559
f 1344 	3863 	1368
f 1326 	1328 	4158
f 1365 	4158 	1328
f 1362 	4158 	1365
f 1363 	3698 	1362
f 1368 	3863 	1363
f 1326 	4158 	1325
f 1444 	1394 	1993
f 4158 	1993 	1392
f 1402 	4158 	1393
f 1393 	4158 	1392
f 1400 	1401 	4158
f 1399 	4158 	1402
f 1401 	1385 	4158
f 1330 	1325 	4158
f 1330 	4158 	1385
f 1400 	4158 	1399
f 1406 	1462 	1974
f 1974 	1973 	1406
f 1337 	1736 	1422
f 1413 	1977 	1420
f 1441 	1443 	1993
f 1440 	1441 	1993
f 1444 	1993 	1443
f 1392 	1993 	1394
f 1452 	1993 	1451
f 1454 	1451 	1993
f 1739 	1425 	1424
f 1424 	1423 	1739
f 1440 	1993 	1452
f 1993 	1987 	1454
f 1409 	1410 	1973
f 1973 	1977 	1409
f 1463 	1464 	1987
f 1464 	1460 	1987
f 1987 	1974 	1462
f 1460 	1454 	1987
f 1462 	1463 	1987
f 1485 	1484 	1398
f 1398 	8174 	1487
f 1398 	1481 	1482
f 1398 	1482 	1485
f 1481 	1398 	1487
f 1488 	8174 	1489
f 1489 	8174 	1490
f 1490 	8174 	1492
f 1492 	8174 	1476
f 1510 	1398 	1511
f 1513 	1398 	1510
f 1516 	1511 	1398
f 1484 	1520 	1398
f 1520 	1521 	1398
f 1522 	1517 	1398
f 1517 	1516 	1398
f 1521 	1522 	1398
f 1509 	1508 	1606
f 1512 	1606 	1513
f 1507 	1606 	1508
f 1509 	1606 	1512
f 1507 	1535 	1606
f 695 	9030 	696
f 1569 	1570 	1583
f 1573 	1583 	1570
f 1569 	1583 	1574
f 1583 	1573 	1589
f 1583 	1743 	1609
f 1739 	1453 	1425
f 1744 	1458 	1457
f 1744 	1643 	1458
f 1618 	1622 	1725
f 1618 	1725 	1619
f 1622 	1624 	1725
f 1725 	1583 	1623
f 1727 	1649 	1648
f 1623 	1583 	1617
f 1615 	1617 	1583
f 1589 	1615 	1583
f 1583 	1725 	1743
f 1657 	1656 	1733
f 1657 	1733 	1660
f 1727 	1670 	1649
f 1670 	1727 	1671
f 1337 	1438 	1736
f 1676 	1736 	1438
f 1681 	1733 	1676
f 1736 	1676 	1733
f 1733 	1681 	1660
f 1699 	1698 	1703
f 1701 	1703 	1698
f 1699 	1703 	1700
f 1701 	1693 	1703
f 1693 	2476 	1703
f 1623 	1619 	1725
f 1727 	1722 	1703
f 1724 	1703 	1722
f 1723 	1722 	1727
f 1705 	1725 	1702
f 1624 	1702 	1725
f 1710 	1725 	1711
f 1705 	1711 	1725
f 1724 	1700 	1703
f 1720 	1727 	1721
f 1723 	1727 	1720
f 1648 	1721 	1727
f 1733 	1656 	1727
f 1671 	1727 	1656
f 1733 	1727 	2494
f 1736 	1739 	1423
f 1423 	1422 	1736
f 1710 	1735 	1725
f 1739 	1736 	2516
f 1869 	1894 	1725
f 1457 	1456 	1744
f 1744 	1456 	1739
f 1453 	1739 	1456
f 1744 	1739 	2519
f 1753 	1752 	1755
f 1751 	1755 	1752
f 1751 	1762 	1755
f 1643 	1744 	1758
f 1759 	1758 	1744
f 1744 	1755 	1760
f 1759 	1744 	1760
f 1760 	1755 	1762
f 1771 	1770 	1755
f 1753 	1755 	1770
f 1940 	1769 	1771
f 1770 	1771 	1768
f 1769 	1768 	1771
f 1781 	1944 	1771
f 1972 	1970 	1743
f 1096 	1100 	1373
f 1373 	1367 	1096
f 1372 	1373 	1100
f 1135 	1133 	1086
f 1134 	1087 	1133
f 1087 	1086 	1133
f 1134 	1203 	1087
f 3218 	1797 	3216
f 1204 	4075 	1202
f 4075 	1087 	1203
f 1796 	3216 	1797
f 1211 	4078 	1207
f 1809 	3216 	1799
f 1208 	4076 	1204
f 3218 	1795 	1793
f 3218 	1793 	1794
f 3218 	1794 	1797
f 1243 	4079 	1245
f 1242 	4079 	1243
f 1257 	4162 	1242
f 1255 	4172 	1254
f 1254 	4162 	1257
f 1342 	1111 	1086
f 1343 	1342 	1086
f 1110 	1135 	1086
f 1111 	1110 	1086
f 1086 	1094 	1343
f 1869 	1725 	1837
f 1094 	1097 	1343
f 1735 	1831 	1725
f 1353 	1351 	1096
f 1351 	1347 	1097
f 1832 	1836 	1725
f 1831 	1832 	1725
f 1097 	1096 	1351
f 1837 	1725 	1836
f 1398 	1513 	1606
f 1347 	1343 	1097
f 1372 	1100 	1369
f 1367 	1353 	1096
f 1840 	1839 	3220
f 1839 	1843 	3220
f 1843 	1844 	3220
f 1845 	3220 	1844
f 1873 	1869 	1871
f 1370 	1100 	1544
f 1369 	1100 	1370
f 1545 	1099 	1547
f 1101 	1554 	1099
f 1545 	1544 	1099
f 1099 	1544 	1100
f 1881 	1883 	2552
f 1837 	1871 	1869
f 1872 	1869 	1873
f 1886 	1885 	3218
f 3220 	1845 	3218
f 1886 	3218 	1845
f 1885 	1887 	3218
f 1877 	1869 	1872
f 1869 	1877 	1876
f 1869 	1876 	1879
f 1795 	3218 	1887
f 1879 	1880 	1869
f 1554 	1101 	1553
f 1882 	1869 	1880
f 1889 	1884 	8047
f 1553 	1101 	1556
f 1893 	1743 	1725
f 1891 	1895 	1894
f 1962 	1961 	1891
f 1895 	1725 	1894
f 1893 	1725 	1895
f 1840 	3220 	1892
f 1889 	1898 	1884
f 1899 	1884 	1898
f 1900 	1899 	1898
f 1555 	1099 	1554
f 1102 	1658 	1101
f 1547 	1099 	1555
f 1898 	1902 	1900
f 1902 	1907 	1909
f 1653 	1101 	1658
f 1603 	1101 	1653
f 1556 	1101 	1603
f 1909 	1900 	1902
f 1917 	1907 	1916
f 1907 	1917 	1909
f 1658 	1102 	1661
f 1919 	1917 	1922
f 1916 	1922 	1917
f 1665 	1102 	1664
f 1661 	1102 	1665
f 1664 	1102 	1666
f 1892 	3220 	1920
f 1691 	1920 	3220
f 1715 	1714 	3793
f 1102 	3793 	1712
f 1913 	1914 	1691
f 1908 	1913 	1691
f 1912 	1911 	8057
f 1691 	1905 	1904
f 1904 	1908 	1691
f 2052 	2053 	1916
f 1920 	1691 	1914
f 1666 	1102 	1712
f 1714 	1712 	3793
f 1691 	1927 	1905
f 1775 	1716 	3793
f 1928 	1691 	1929
f 1693 	1929 	1691
f 1715 	3793 	1716
f 1927 	1691 	1928
f 1933 	1931 	1693
f 1929 	1693 	1930
f 3793 	3795 	1783
f 1783 	3795 	1782
f 1775 	3793 	1783
f 2052 	1916 	1907
f 1922 	1916 	2053
f 2053 	2054 	1922
f 1930 	1693 	1931
f 1785 	1782 	3800
f 1790 	3800 	1792
f 1785 	3800 	1790
f 1922 	1924 	1919
f 1934 	1919 	1924
f 175 	1933 	1693
f 1701 	1937 	1693
f 1937 	1938 	1693
f 1792 	3800 	1810
f 1938 	175 	1693
f 1940 	1771 	1941
f 1941 	1771 	1942
f 8057 	1911 	1910
f 1923 	8057 	1921
f 1918 	1921 	8057
f 1910 	1918 	8057
f 1923 	541 	8057
f 540 	8057 	541
f 8057 	8088 	1912
f 1781 	1945 	1944
f 1955 	8088 	1954
f 1954 	8088 	1882
f 1944 	1958 	1771
f 1895 	1891 	1961
f 1942 	1771 	1958
f 1962 	1891 	1894
f 1895 	1961 	8112
f 1895 	8112 	1893
f 1606 	1960 	1813
f 1961 	1962 	8112
f 1962 	1894 	8112
f 1869 	8112 	1894
f 1609 	1969 	1612
f 1970 	1969 	1609
f 1609 	1743 	1970
f 1973 	1974 	1975
f 1945 	1781 	1963
f 1977 	1973 	1975
f 1964 	1781 	1965
f 1967 	1781 	1964
f 1975 	7603 	1977
f 1963 	1781 	1967
f 1893 	1980 	1743
f 1743 	1980 	1983
f 1743 	1983 	1972
f 1975 	1974 	1985
f 1987 	1985 	1974
f 1987 	1993 	1985
f 1980 	1985 	1993
f 1980 	1993 	1983
f 1985 	1998 	1975
f 1985 	8630 	1998
f 1980 	8272 	1985
f 1995 	3001 	1997
f 1989 	3001 	1995
f 2011 	2010 	1999
f 1992 	3001 	1989
f 2011 	1999 	1998
f 1990 	1994 	1606
f 2010 	2011 	8630
f 2011 	1998 	8630
f 1781 	3001 	1966
f 1965 	1781 	1966
f 8272 	8630 	1985
f 2002 	1960 	1984
f 1986 	1982 	1960
f 1982 	1981 	1960
f 1981 	1984 	1960
f 2019 	2013 	3001
f 2020 	2019 	3156
f 2013 	2014 	3001
f 3001 	3156 	2019
f 1997 	3001 	2014
f 1884 	2597 	1883
f 2017 	2016 	3156
f 2016 	2020 	3156
f 1902 	2051 	1907
f 2034 	3216 	2035
f 2035 	3216 	2037
f 3216 	2043 	3156
f 2030 	3156 	2045
f 2043 	2045 	3156
f 2034 	2043 	3216
f 1994 	1986 	1606
f 1960 	1606 	1986
f 1991 	1990 	1606
f 2006 	1606 	2007
f 2008 	1606 	2006
f 2001 	2000 	1606
f 2008 	2001 	1606
f 1535 	2007 	1606
f 1991 	1606 	2000
f 2051 	2052 	1907
f 2052 	2051 	2061
f 2054 	2053 	2061
f 2052 	2061 	2053
f 2057 	2054 	2061
f 1960 	2065 	1813
f 1411 	1405 	1973
f 1405 	1406 	1973
f 1410 	1411 	1973
f 1430 	1977 	1427
f 1430 	1420 	1977
f 1413 	1409 	1977
f 1428 	1426 	1978
f 1960 	2168 	2065
f 1427 	1977 	1426
f 1977 	1978 	1426
f 1813 	2065 	1848
f 2065 	2078 	1848
f 1468 	6465 	1993
f 1983 	6492 	1972
f 1993 	6492 	1983
f 2065 	2298 	2078
f 2168 	2298 	2065
f 1848 	2078 	1855
f 1970 	6492 	1969
f 6491 	1612 	6492
f 2002 	2116 	1960
f 2115 	1960 	2116
f 2115 	2148 	1960
f 558 	574 	2174
f 2146 	2168 	2141
f 2152 	2168 	2153
f 2141 	2168 	2142
f 2142 	1960 	2148
f 2150 	2168 	2146
f 2143 	2144 	2174
f 2144 	2147 	2174
f 2137 	2143 	2174
f 2138 	2137 	2174
f 2154 	2168 	2152
f 2138 	2174 	2140
f 2156 	2168 	2155
f 580 	578 	2174
f 2157 	2168 	2156
f 2155 	2168 	2163
f 2154 	2163 	2168
f 1960 	2142 	2168
f 2153 	2168 	2150
f 2159 	2162 	2174
f 2149 	2140 	2174
f 2174 	2160 	2159
f 2149 	2174 	2162
f 2180 	2301 	2168
f 2157 	2180 	2168
f 2191 	2226 	2194
f 2197 	2226 	2192
f 2192 	2226 	2191
f 2259 	2261 	2051
f 2061 	2051 	2261
f 2061 	2261 	2263
f 2061 	2263 	2057
f 2266 	2261 	2264
f 2265 	2263 	2261
f 2259 	2264 	2261
f 2265 	2261 	2266
f 2283 	2284 	2282
f 2051 	1902 	2259
f 2288 	2289 	2290
f 2289 	2283 	2282
f 2294 	2290 	2282
f 2289 	2282 	2290
f 2324 	8605 	2376
f 2324 	2326 	8605
f 2324 	2376 	2326
f 2324 	8607 	2329
f 2324 	8609 	8608
f 2324 	8429 	8430
f 2324 	2259 	1902
f 2324 	1889 	8047
f 2324 	2264 	2259
f 2324 	1898 	1889
f 8421 	8401 	2324
f 2304 	2306 	2168
f 2302 	2168 	2301
f 2305 	2168 	2302
f 2304 	2168 	2305
f 2324 	8386 	8387
f 2377 	2168 	2349
f 2306 	2307 	2168
f 2307 	2349 	2168
f 2324 	8047 	8044
f 2461 	2298 	2168
f 2461 	2168 	2469
f 2377 	2485 	2168
f 2324 	2266 	2264
f 2324 	8043 	8077
f 8390 	8392 	2324
f 8387 	8389 	2324
f 2324 	8422 	8421
f 2324 	8408 	8405
f 8430 	8679 	2324
f 2324 	8044 	8043
f 2324 	1902 	1898
f 2284 	2266 	2324
f 2324 	8608 	8607
f 2324 	8655 	8639
f 2282 	2284 	2324
f 2324 	8639 	8609
f 2324 	2294 	2282
f 2324 	2329 	2294
f 2326 	2290 	2294
f 2326 	2294 	2329
f 2372 	2371 	2377
f 2371 	2373 	2377
f 2361 	2377 	2363
f 2373 	2363 	2377
f 2375 	2372 	2377
f 2289 	2288 	2283
f 2284 	2283 	2288
f 2284 	2265 	2266
f 2265 	2284 	2263
f 2326 	2376 	2647
f 2385 	2567 	2377
f 2361 	2385 	2377
f 2535 	1900 	1909
f 8305 	2491 	8306
f 2200 	2226 	2197
f 2288 	2290 	2497
f 1924 	2057 	1934
f 2207 	2226 	2202
f 2202 	2226 	2200
f 2497 	1919 	1934
f 2349 	2375 	2377
f 1917 	2600 	1909
f 2225 	2214 	2226
f 1900 	2510 	1899
f 2213 	2226 	2214
f 2194 	2226 	2215
f 2213 	2215 	2226
f 1934 	2057 	2497
f 2284 	2288 	2497
f 2531 	1878 	1881
f 2554 	1884 	2532
f 2512 	2497 	2290
f 2226 	2207 	2174
f 2431 	2435 	2174
f 2443 	2447 	2174
f 2434 	2433 	2174
f 2431 	2174 	2433
f 2174 	2435 	2160
f 2441 	2174 	2452
f 2438 	2442 	2174
f 2439 	2438 	2174
f 2585 	1862 	2596
f 2460 	2461 	5772
f 5772 	2462 	2460
f 2442 	2443 	2174
f 8300 	8306 	2491
f 2434 	2174 	2447
f 2464 	2646 	2643
f 2448 	2174 	2449
f 2452 	2174 	2448
f 2449 	2174 	2207
f 2439 	2174 	2441
f 2460 	2298 	2461
f 2298 	2460 	2462
f 2469 	5770 	2461
f 8292 	2491 	8293
f 8305 	8293 	2491
f 1703 	2480 	1727
f 1703 	2476 	2480
f 1878 	2507 	1867
f 2469 	2485 	5770
f 2485 	2636 	5770
f 2464 	5770 	2637
f 8616 	2491 	2489
f 2489 	2505 	8616
f 1727 	2480 	2494
f 8616 	2499 	2491
f 2469 	2168 	2485
f 2501 	2497 	2491
f 2489 	2491 	2499
f 2500 	2496 	2495
f 2507 	1878 	2491
f 2596 	1867 	2507
f 2509 	1884 	2508
f 2491 	2510 	2501
f 2226 	2500 	2478
f 2477 	2478 	2500
f 2508 	1899 	2510
f 2478 	2479 	2226
f 2511 	2538 	2510
f 2510 	2512 	2497
f 2510 	2497 	2501
f 2512 	2491 	2497
f 2475 	2473 	2500
f 2471 	2475 	2500
f 2512 	1919 	2497
f 2474 	2477 	2500
f 2480 	1228 	2494
f 2263 	2284 	2497
f 2473 	2474 	2500
f 2510 	2491 	2511
f 1733 	2494 	2514
f 2481 	2226 	2479
f 1900 	2511 	2510
f 2226 	2484 	2225
f 2510 	2511 	2290
f 2511 	2535 	2290
f 1733 	2514 	1736
f 2484 	2226 	2482
f 1878 	2515 	2491
f 2482 	2226 	2481
f 2514 	2516 	1736
f 2515 	2509 	2491
f 2507 	2491 	2515
f 1739 	2516 	2519
f 8236 	2523 	2595
f 2516 	2576 	2519
f 2525 	1744 	2519
f 1755 	1744 	2525
f 2525 	2519 	2579
f 2579 	2582 	2525
f 2528 	2525 	2582
f 2515 	2531 	2532
f 2515 	2532 	2509
f 2532 	2491 	2509
f 2511 	2535 	2536
f 2511 	2536 	2537
f 2511 	2537 	2538
f 2512 	2510 	2538
f 2538 	2491 	2512
f 1919 	2512 	2538
f 2537 	2491 	2538
f 2537 	1917 	2538
f 2511 	2491 	2535
f 2511 	1900 	2535
f 2535 	2543 	2536
f 2535 	2491 	2543
f 2543 	1909 	2600
f 2600 	2537 	2290
f 2508 	2510 	2290
f 2535 	2543 	2290
f 2543 	2600 	2290
f 2515 	2491 	2531
f 2515 	1878 	2531
f 2531 	2552 	2553
f 2531 	2553 	2554
f 2531 	2554 	2532
f 2554 	2491 	2532
f 2532 	1884 	2509
f 2597 	1884 	2554
f 2552 	2491 	2553
f 2552 	1883 	2553
f 2531 	2491 	2552
f 1881 	2552 	2531
f 2531 	2552 	2290
f 2552 	2553 	2290
f 2458 	2557 	2476
f 1862 	2585 	2491
f 2458 	2555 	2557
f 2476 	2557 	2559
f 2476 	2559 	2480
f 2466 	2468 	2500
f 2468 	2471 	2500
f 2480 	2559 	1228
f 2500 	2467 	2466
f 2494 	1228 	1223
f 2467 	2500 	2486
f 2494 	1223 	2514
f 2500 	2495 	2493
f 2492 	2500 	2493
f 2486 	2500 	2492
f 2516 	2514 	1221
f 1223 	1221 	2514
f 1221 	2576 	2516
f 2578 	2496 	7906
f 2576 	2579 	2519
f 2500 	7906 	2496
f 2576 	5019 	2579
f 2626 	7907 	2500
f 2500 	7907 	7906
f 2491 	8070 	1862
f 2515 	2531 	2290
f 1867 	2596 	1862
f 2580 	2615 	2581
f 2528 	2582 	2587
f 2491 	2585 	2523
f 2594 	2634 	2641
f 2641 	2590 	2594
f 2553 	2597 	2554
f 2597 	2491 	2554
f 1899 	2508 	1884
f 2543 	2600 	2537
f 2543 	2537 	2536
f 2615 	2580 	2589
f 2600 	2491 	2537
f 2538 	1917 	1919
f 1917 	2537 	2600
f 1691 	3220 	2601
f 2598 	2534 	2601
f 2538 	2512 	2290
f 2377 	2571 	2602
f 3220 	2598 	2601
f 2543 	2491 	2600
f 2535 	1909 	2543
f 2458 	1693 	1691
f 2554 	2532 	2290
f 2532 	2509 	2290
f 2509 	2508 	2290
f 2537 	2538 	2290
f 2569 	2568 	2602
f 2568 	2570 	2602
f 2571 	2569 	2602
f 2553 	2491 	2597
f 1691 	2601 	2458
f 2597 	2553 	1883
f 2567 	2572 	2377
f 1693 	2458 	2476
f 2572 	2571 	2377
f 2570 	2577 	2602
f 2507 	2515 	2290
f 2553 	2597 	2290
f 2597 	2554 	2290
f 1771 	1755 	2528
f 2596 	2507 	2326
f 2290 	2326 	2507
f 2525 	2528 	1755
f 2592 	2595 	2326
f 2595 	2523 	2326
f 2523 	2585 	2326
f 2613 	2581 	2615
f 2614 	1771 	2528
f 1771 	2614 	1781
f 8616 	8619 	2499
f 2521 	2520 	2326
f 2520 	2593 	2326
f 2578 	7906 	2575
f 2574 	2575 	7906
f 2133 	2574 	7906
f 2614 	2616 	1781
f 3001 	1781 	2616
f 574 	604 	2622
f 604 	630 	2622
f 574 	2622 	2174
f 2174 	2624 	2226
f 2622 	2624 	2174
f 3001 	2616 	2621
f 2500 	2226 	2626
f 2624 	2626 	2226
f 2621 	2634 	2594
f 2589 	2620 	2615
f 2587 	2614 	2528
f 2614 	2629 	2616
f 2609 	2615 	2608
f 2614 	2587 	2629
f 2577 	2608 	2602
f 2602 	2608 	2615
f 2629 	2631 	2616
f 2609 	2610 	2615
f 2613 	2615 	2610
f 2622 	630 	2632
f 2631 	2621 	2616
f 630 	746 	2632
f 2622 	2632 	2624
f 2505 	2489 	2326
f 2503 	2502 	2326
f 2489 	2499 	2326
f 2499 	2521 	2326
f 2593 	2592 	2326
f 2585 	2596 	2326
f 2464 	2640 	2646
f 2634 	2621 	2631
f 2464 	2637 	2640
f 2502 	2505 	2326
f 2644 	2488 	2491
f 2647 	2648 	2488
f 2647 	2488 	2644
f 2643 	2646 	2642
f 2642 	2649 	2643
f 2648 	2491 	2488
f 746 	2638 	2632
f 2647 	2491 	2648
f 2643 	2649 	2651
f 2638 	7936 	2632
f 165 	616 	640
f 2487 	2503 	2326
f 2488 	2487 	2326
f 2487 	2488 	2767
f 2488 	2648 	2767
f 639 	642 	165
f 176 	636 	93
f 2909 	5626 	2655
f 2505 	8612 	8616
f 8236 	2491 	2523
f 2653 	2652 	2602
f 2377 	2642 	2646
f 2602 	2652 	2377
f 2642 	2377 	2649
f 2652 	2651 	2377
f 2649 	2377 	2651
f 2653 	2602 	2655
f 2928 	5632 	2927
f 2637 	2636 	2377
f 2598 	2590 	2650
f 2767 	2769 	2487
f 2491 	2669 	2644
f 2646 	2640 	2377
f 2485 	2377 	2636
f 2590 	2641 	2650
f 2669 	2647 	2644
f 2534 	2598 	2650
f 2669 	2491 	2647
f 2764 	2766 	2669
f 2601 	2555 	2458
f 2555 	2601 	2534
f 2648 	2488 	2326
f 1924 	1922 	2054
f 2057 	2263 	2497
f 2054 	2057 	1924
f 2502 	2503 	2758
f 2377 	2640 	2637
f 5013 	4980 	2557
f 2582 	2579 	5024
f 5024 	2579 	5019
f 2582 	5029 	2587
f 5029 	2582 	5024
f 2587 	5033 	2629
f 2631 	2629 	5172
f 5176 	2634 	2631
f 2641 	2634 	5182
f 8331 	8236 	2595
f 8379 	8381 	2592
f 2758 	8612 	2502
f 2766 	2767 	2648
f 2647 	2669 	2766
f 2648 	2647 	2766
f 2684 	2683 	5021
f 2682 	2689 	5021
f 2682 	5021 	2683
f 2927 	5628 	2910
f 2720 	2615 	2620
f 2732 	2684 	5028
f 2729 	2732 	5028
f 2731 	2729 	5028
f 5021 	5028 	2684
f 2719 	5028 	2720
f 2719 	2722 	5028
f 2329 	8606 	2326
f 2765 	2669 	2776
f 2776 	2669 	2376
f 2669 	2647 	2376
f 2777 	2766 	2764
f 2765 	2776 	2764
f 8606 	2767 	2766
f 2767 	8606 	2769
f 8607 	2769 	8606
f 8607 	8608 	2769
f 2503 	2769 	2758
f 2505 	2502 	8612
f 2503 	2487 	2769
f 2777 	2764 	2776
f 2669 	2765 	2764
f 2376 	8605 	2777
f 2776 	2376 	2777
f 2329 	8607 	8606
f 8605 	2326 	8606
f 2647 	2648 	2326
f 2602 	2615 	5028
f 2615 	2720 	5028
f 2722 	2726 	5028
f 2726 	2727 	5028
f 2731 	5028 	2727
f 2907 	2910 	5628
f 2907 	2909 	2602
f 2909 	2655 	2602
f 2602 	2910 	2907
f 2917 	548 	2915
f 548 	2924 	2921
f 2917 	2919 	548
f 2915 	548 	2921
f 2928 	2927 	5028
f 2927 	2910 	5028
f 2602 	5028 	2910
f 2919 	5028 	548
f 2928 	5028 	2919
f 1992 	1966 	3001
f 3013 	3012 	1398
f 3012 	3577 	3018
f 1087 	3026 	1088
f 3026 	3050 	1088
f 3013 	3051 	3012
f 3013 	8489 	3051
f 3802 	3797 	3059
f 3065 	6883 	3050
f 1606 	8489 	3013
f 2621 	3156 	3001
f 2621 	2594 	3156
f 2030 	2017 	3156
f 3084 	3182 	3082
f 3081 	7432 	3182
f 3183 	3084 	3082
f 3183 	3082 	3184
f 3082 	3193 	3196
f 3082 	3196 	3184
f 3187 	3183 	3184
f 3189 	3187 	3184
f 3189 	3184 	3190
f 3191 	3189 	3190
f 3082 	7432 	3193
f 3184 	3199 	3190
f 3184 	3196 	3199
f 3196 	4780 	3199
f 2594 	2590 	3216
f 2037 	3216 	1809
f 3156 	2594 	3216
f 3216 	2590 	3218
f 3218 	2590 	2598
f 1799 	3216 	1796
f 3220 	3218 	2598
f 1101 	3790 	1102
f 3790 	3793 	1102
f 3795 	5135 	3800
f 3803 	3800 	5149
f 3800 	1782 	3795
f 1993 	4158 	8081
f 8573 	8424 	4158
f 3543 	8967 	3544
f 328 	8065 	326
f 326 	8065 	327
f 518 	8065 	519
f 328 	520 	8065
f 520 	519 	8065
f 8081 	631 	625
f 624 	8066 	625
f 626 	8066 	624
f 367 	8066 	626
f 8065 	8066 	366
f 653 	652 	8081
f 653 	8081 	655
f 652 	684 	8081
f 8081 	675 	678
f 678 	655 	8081
f 673 	675 	8081
f 673 	8081 	674
f 631 	8081 	684
f 1540 	9030 	1541
f 943 	4158 	944
f 951 	949 	4158
f 944 	4158 	949
f 4236 	9030 	4247
f 4158 	8364 	1074
f 3815 	3063 	3818
f 3642 	3641 	3052
f 3061 	3802 	3059
f 3061 	3063 	3815
f 3065 	3817 	3063
f 3050 	3816 	3065
f 3026 	4015 	3050
f 1087 	4018 	3026
f 1079 	1074 	8364
f 1073 	1084 	4158
f 1073 	4158 	1074
f 998 	4158 	1084
f 995 	4158 	998
f 3051 	3164 	3012
f 3083 	3051 	3085
f 3083 	3080 	3051
f 3163 	3165 	3012
f 674 	8081 	1103
f 1107 	4158 	1145
f 1107 	1105 	4158
f 3169 	3168 	3012
f 1143 	4158 	943
f 1103 	8081 	1105
f 1145 	4158 	1144
f 952 	951 	4158
f 1144 	4158 	1143
f 995 	952 	4158
f 1993 	8081 	1468
f 8082 	1468 	8081
f 8084 	1468 	8082
f 3163 	3012 	3164
f 3169 	3012 	3165
f 3168 	3176 	3012
f 3176 	3527 	3012
f 3164 	3051 	3080
f 3527 	3524 	3012
f 3523 	3012 	3524
f 3523 	3577 	3012
f 3018 	3574 	3019
f 3583 	3019 	3581
f 3589 	3623 	3019
f 3575 	3019 	3574
f 3574 	3018 	3577
f 3583 	3589 	3019
f 3581 	3019 	3575
f 3623 	3621 	3019
f 3017 	3019 	3621
f 3637 	3640 	3054
f 3638 	3637 	3054
f 3661 	3660 	3052
f 3054 	3052 	3641
f 3638 	3054 	3641
f 3666 	3664 	3056
f 3052 	3056 	3661
f 3664 	3661 	3056
f 3660 	3642 	3052
f 3051 	3054 	3085
f 3085 	3054 	3640
f 3798 	3667 	3059
f 3056 	3059 	3667
f 3667 	3666 	3056
f 3802 	3061 	3815
f 3797 	3796 	3059
f 3818 	3063 	3817
f 3796 	3798 	3059
f 4005 	3050 	4008
f 3821 	3050 	3997
f 4016 	3050 	4015
f 3816 	3050 	3821
f 3817 	3065 	3816
f 3997 	3050 	4005
f 1207 	4076 	1208
f 4012 	3050 	4016
f 4008 	3050 	4012
f 1202 	4075 	1203
f 4075 	1204 	4076
f 4076 	1207 	4078
f 4015 	3026 	4018
f 4018 	1087 	4075
f 1265 	4172 	1255
f 1245 	4079 	1211
f 4079 	1242 	4162
f 4078 	1211 	4079
f 86 	4264 	1309
f 1272 	1310 	4177
f 4170 	1254 	4169
f 1265 	1267 	4172
f 1272 	4177 	1267
f 4162 	1254 	4170
f 4169 	1254 	4172
f 4172 	1267 	4177
f 197 	198 	5383
f 1308 	5383 	85
f 1310 	1309 	4189
f 4264 	4189 	1309
f 4189 	4177 	1310
f 3549 	3547 	4158
f 4158 	1362 	3699
f 3313 	8967 	3537
f 3306 	8967 	3313
f 4158 	3545 	8967
f 3544 	8967 	3545
f 3540 	3537 	8967
f 3542 	8967 	3543
f 3545 	4158 	3547
f 8967 	3542 	3540
f 3569 	3565 	8650
f 8650 	8628 	3571
f 3571 	3569 	8650
f 3579 	8967 	3580
f 3580 	8967 	3584
f 3584 	8967 	3587
f 3587 	8967 	3306
f 4578 	4577 	4614
f 3563 	8650 	3565
f 3602 	3599 	8664
f 4577 	4581 	4614
f 4247 	9030 	4581
f 3595 	8665 	3599
f 8664 	8658 	3606
f 3604 	3606 	8658
f 8665 	8664 	3599
f 3699 	3700 	4158
f 3707 	3551 	4158
f 3707 	4158 	3700
f 3549 	4158 	3551
f 4579 	4614 	4611
f 4578 	4614 	4579
f 4611 	4614 	4612
f 3698 	1363 	3863
f 3863 	1345 	3865
f 3865 	1345 	3866
f 4898 	4901 	3867
f 3866 	4898 	3867
f 3870 	3867 	4901
f 3880 	8677 	3882
f 3593 	8671 	3594
f 4665 	4675 	4666
f 4671 	4614 	4640
f 8877 	8689 	4345
f 4641 	4614 	4643
f 4640 	4614 	4641
f 4644 	4646 	4675
f 4649 	4675 	4646
f 4663 	4667 	4675
f 8921 	8883 	4343
f 8878 	8877 	4345
f 4385 	4384 	3191
f 4385 	3191 	4387
f 4394 	4390 	8916
f 4395 	4394 	8919
f 4390 	4387 	3191
f 3191 	8916 	4390
f 4399 	4396 	8921
f 4395 	8919 	4396
f 4439 	3191 	4386
f 4030 	4029 	3081
f 4386 	3191 	4384
f 3189 	3191 	4514
f 4656 	4614 	4652
f 4658 	4614 	4656
f 4652 	4614 	4650
f 4654 	4614 	4649
f 4504 	3187 	4506
f 4643 	4614 	4660
f 4660 	4614 	4658
f 3187 	3189 	4512
f 4506 	3187 	4512
f 4514 	4512 	3189
f 4662 	4675 	4665
f 4663 	4675 	4662
f 4667 	4648 	4675
f 4439 	4514 	3191
f 4644 	4675 	4648
f 4504 	4507 	3187
f 4507 	4509 	3187
f 4650 	4614 	4654
f 4532 	3084 	4533
f 4670 	4614 	4671
f 4675 	4649 	4614
f 3183 	4536 	3084
f 3183 	3187 	4509
f 4533 	3084 	4535
f 4614 	4670 	4612
f 4535 	3084 	4536
f 4536 	3183 	4509
f 4565 	4564 	3182
f 3081 	3182 	4551
f 4553 	4551 	3182
f 4553 	3182 	4554
f 4550 	4569 	3081
f 4550 	3081 	4551
f 4034 	4030 	3081
f 4532 	4565 	3084
f 4565 	3182 	3084
f 4569 	4481 	3081
f 4034 	3081 	4481
f 4554 	3182 	4564
f 3193 	4771 	4777
f 4781 	4771 	7444
f 3193 	4777 	3196
f 4780 	3196 	4777
f 4753 	4751 	4778
f 4771 	4787 	4777
f 4783 	4789 	4790
f 4771 	4781 	4790
f 4771 	4790 	4789
f 4771 	4789 	4787
f 4752 	4755 	4778
f 4752 	4778 	4751
f 4764 	4675 	4761
f 4759 	4761 	4675
f 4757 	4759 	4675
f 4778 	4755 	4675
f 4756 	4675 	4755
f 4777 	4787 	4834
f 4777 	4834 	4780
f 4789 	4783 	4837
f 4838 	4837 	4783
f 4783 	4790 	4838
f 4781 	8441 	8443
f 4837 	8443 	4789
f 4837 	4838 	8443
f 4789 	8443 	4787
f 4838 	4790 	8443
f 4790 	4781 	8443
f 4787 	982 	4834
f 4787 	8443 	982
f 4856 	4853 	4854
f 4853 	4856 	4866
f 4866 	4856 	4867
f 4868 	4869 	4853
f 4869 	4871 	4853
f 4871 	4872 	4853
f 4872 	4873 	4853
f 4866 	4868 	4853
f 7585 	4853 	4873
f 7606 	7441 	4853
f 4756 	4760 	4675
f 4760 	4757 	4675
f 4764 	4773 	4675
f 4773 	4775 	4675
f 4666 	4675 	4772
f 4775 	4772 	4675
f 4778 	4750 	4753
f 4746 	4778 	4747
f 4750 	4778 	4746
f 4769 	4766 	4778
f 4767 	4778 	4766
f 4747 	4778 	4749
f 4749 	4778 	4767
f 4935 	4934 	5036
f 4934 	4937 	5036
f 4778 	5036 	4945
f 4937 	4943 	5036
f 4987 	4994 	4970
f 4975 	2576 	1221
f 1221 	4971 	4975
f 5019 	2576 	4975
f 4945 	4947 	4778
f 4947 	4769 	4778
f 4984 	4614 	468
f 468 	477 	4984
f 4980 	4987 	2559
f 4614 	4984 	4675
f 4985 	4675 	4984
f 4985 	4988 	4675
f 4675 	4988 	4778
f 4778 	5047 	5036
f 1228 	4970 	1223
f 4988 	5047 	4778
f 1228 	4987 	4970
f 477 	493 	4984
f 4998 	4994 	4987
f 493 	4985 	4984
f 4970 	4993 	4971
f 4993 	4970 	4994
f 4987 	4980 	4998
f 4985 	493 	5000
f 5001 	46 	5003
f 4998 	5246 	4994
f 5001 	5000 	515
f 4998 	5262 	5246
f 5093 	5062 	5003
f 5000 	5001 	5003
f 5004 	2641 	5182
f 2650 	5004 	5007
f 5007 	2534 	2650
f 2534 	5007 	5009
f 2534 	5009 	2555
f 2555 	5009 	5013
f 5013 	2557 	2555
f 2557 	4980 	2559
f 2689 	2688 	5021
f 5015 	5021 	2688
f 5058 	5064 	5019
f 5023 	5036 	5015
f 5019 	5064 	5024
f 5021 	5015 	5036
f 5029 	5033 	2587
f 5030 	5031 	5036
f 5023 	5030 	5036
f 5182 	5200 	5004
f 5036 	5031 	4935
f 5004 	5040 	5007
f 4943 	4945 	5036
f 5021 	5042 	5028
f 5021 	5036 	5042
f 5042 	573 	5028
f 5009 	5007 	5044
f 5040 	5044 	5007
f 5028 	573 	548
f 5009 	5046 	5013
f 5036 	5051 	5042
f 5047 	5051 	5036
f 5051 	602 	5042
f 5042 	602 	573
f 5009 	5044 	5046
f 5044 	5256 	5046
f 5062 	5071 	4988
f 5013 	5046 	5213
f 4988 	5071 	5047
f 5013 	5213 	4980
f 26 	103 	5109
f 5058 	5019 	4975
f 46 	26 	5093
f 4985 	5062 	4988
f 5000 	5062 	4985
f 637 	5113 	93
f 5109 	82 	5105
f 5051 	5047 	5083
f 81 	5108 	82
f 5071 	5083 	5047
f 5051 	613 	602
f 613 	5051 	5083
f 5090 	26 	5089
f 5109 	5111 	26
f 26 	5090 	5093
f 5003 	46 	5093
f 5089 	5062 	5090
f 5000 	5003 	5062
f 5090 	5062 	5093
f 5108 	81 	5114
f 5100 	26 	5099
f 5089 	26 	5100
f 5100 	5062 	5089
f 5099 	5071 	5100
f 5071 	5062 	5100
f 5099 	26 	5111
f 5071 	5099 	5111
f 5083 	5071 	5105
f 5108 	5083 	5105
f 5111 	5109 	5071
f 5105 	5071 	5109
f 81 	5113 	5114
f 81 	93 	5113
f 5024 	5064 	5112
f 5083 	5114 	613
f 5113 	613 	5114
f 5113 	637 	613
f 5083 	5108 	5114
f 5105 	82 	5108
f 3793 	8675 	3795
f 5149 	3800 	5135
f 5149 	5164 	3803
f 5024 	5112 	5029
f 5112 	5186 	5029
f 5033 	5029 	5186
f 2629 	5033 	5172
f 2631 	5172 	5176
f 2634 	5176 	5182
f 5004 	2650 	2641
f 5033 	5188 	5172
f 5033 	5186 	5188
f 5192 	5176 	5172
f 5188 	5192 	5172
f 5192 	5274 	5197
f 5176 	5192 	5197
f 5197 	5182 	5176
f 5200 	5182 	5197
f 5200 	5040 	5004
f 5206 	5044 	5040
f 5044 	5206 	5256
f 5259 	5213 	5046
f 5046 	5256 	5259
f 5213 	4998 	4980
f 5213 	5262 	4998
f 4994 	5246 	5247
f 5247 	4993 	4994
f 4971 	4993 	5223
f 5223 	4975 	4971
f 5223 	5058 	4975
f 5223 	5252 	5058
f 5058 	5236 	5064
f 5252 	5236 	5058
f 5236 	5326 	5331
f 5112 	5064 	5292
f 5292 	5064 	5236
f 5296 	5186 	5112
f 5223 	4993 	5249
f 5247 	5249 	4993
f 5247 	5361 	5249
f 5223 	5249 	5252
f 5232 	5135 	5233
f 5256 	5351 	5259
f 5213 	5259 	5262
f 5233 	5135 	5234
f 8828 	5235 	5135
f 5259 	5351 	5354
f 5259 	5354 	5262
f 5246 	5262 	5356
f 5354 	5356 	5262
f 5274 	5192 	5275
f 5377 	5282 	5274
f 5274 	5282 	5197
f 5282 	5200 	5197
f 5283 	5289 	5272
f 5200 	5287 	5040
f 5287 	5200 	5282
f 5283 	5280 	5289
f 5287 	5310 	5206
f 5135 	5268 	5267
f 5270 	5272 	5135
f 5135 	5272 	5289
f 5267 	5270 	5135
f 5206 	5040 	5287
f 5232 	5268 	5135
f 5279 	5289 	5280
f 5292 	5236 	5331
f 5292 	5296 	5112
f 5289 	5279 	5294
f 5299 	5188 	5186
f 5135 	5289 	5149
f 5186 	5296 	5299
f 5188 	5299 	5275
f 5275 	5192 	5188
f 5149 	5302 	5303
f 5149 	5303 	5164
f 5374 	5274 	5275
f 5377 	5274 	5374
f 5302 	5149 	5289
f 5302 	1543 	5303
f 1612 	1543 	5302
f 5287 	5282 	5306
f 1969 	6492 	1612
f 5306 	5310 	5287
f 5351 	5256 	5347
f 5252 	5363 	5326
f 5236 	5252 	5326
f 5329 	5328 	5289
f 5294 	5315 	5289
f 5314 	5319 	5289
f 5315 	5314 	5289
f 5324 	5321 	5289
f 5331 	5391 	5292
f 5319 	5324 	5289
f 5323 	5289 	5320
f 5375 	5275 	5299
f 5321 	5320 	5289
f 5325 	5289 	5323
f 5329 	5289 	5325
f 5358 	5361 	5247
f 5289 	5328 	1583
f 5346 	1583 	5344
f 5344 	1583 	5328
f 5206 	5347 	5256
f 5206 	5310 	5347
f 5346 	1574 	1583
f 1583 	5302 	5289
f 1583 	1609 	5302
f 5302 	1609 	1612
f 540 	8840 	8057
f 5246 	5356 	5358
f 5494 	5358 	5356
f 5246 	5358 	5247
f 5356 	5497 	5494
f 5249 	5363 	5252
f 5249 	5361 	5363
f 5480 	5326 	5363
f 5354 	5497 	5356
f 5373 	5374 	5375
f 5373 	5375 	5376
f 6203 	6226 	5362
f 5275 	5375 	5374
f 9017 	9034 	5385
f 5362 	5365 	9020
f 9021 	9020 	5365
f 5377 	5306 	5282
f 5728 	9021 	5367
f 5365 	5367 	9021
f 5489 	5331 	5485
f 5391 	5392 	5438
f 5391 	5296 	5292
f 5397 	5398 	5367
f 5397 	5401 	5402
f 5402 	5398 	5397
f 5401 	5410 	5402
f 5401 	5412 	5410
f 5412 	5416 	5410
f 5414 	5410 	5416
f 5418 	5417 	5416
f 5417 	5414 	5416
f 5396 	5421 	5418
f 5417 	5418 	5421
f 5417 	6420 	5414
f 5331 	5489 	5391
f 5392 	5376 	5438
f 5296 	5391 	5438
f 5296 	5438 	5299
f 5438 	5376 	5375
f 5438 	5375 	5299
f 5452 	5373 	5531
f 5374 	5373 	5452
f 5377 	5374 	5452
f 5377 	5459 	5306
f 5459 	5377 	5452
f 5462 	5310 	5306
f 5459 	5462 	5306
f 5462 	5467 	5310
f 5347 	5310 	5467
f 5467 	5506 	5347
f 5515 	5497 	5354
f 5476 	5363 	5361
f 5476 	5480 	5363
f 5480 	5545 	5485
f 5326 	5480 	5485
f 5485 	5331 	5326
f 5489 	5392 	5391
f 5499 	5361 	5358
f 5358 	5494 	5499
f 5575 	5499 	5494
f 5499 	5476 	5361
f 5476 	5499 	5578
f 5499 	5575 	5578
f 5347 	5506 	5351
f 5467 	5559 	5506
f 5515 	5351 	5506
f 5515 	5354 	5351
f 5515 	5563 	5568
f 5515 	5568 	5497
f 5376 	5526 	5528
f 5376 	5528 	5373
f 5531 	5373 	5528
f 5531 	5536 	5452
f 5536 	5459 	5452
f 5583 	5545 	5480
f 5546 	5489 	5485
f 5546 	5485 	5545
f 5546 	5550 	5489
f 5489 	5550 	5392
f 5376 	5392 	5526
f 5550 	5589 	5526
f 5550 	5526 	5392
f 5459 	5553 	5462
f 5536 	5553 	5459
f 5467 	5462 	5555
f 5553 	5555 	5462
f 5555 	5559 	5467
f 5421 	6421 	5417
f 5563 	5515 	5506
f 5563 	5506 	5559
f 5563 	5639 	5568
f 5497 	5571 	5494
f 5568 	5571 	5497
f 5568 	5640 	5571
f 5494 	5571 	5575
f 5575 	5643 	5649
f 5575 	5649 	5578
f 5476 	5578 	5583
f 5476 	5583 	5480
f 5583 	5604 	5545
f 5526 	5587 	5528
f 5526 	5589 	5587
f 5528 	5590 	5531
f 5590 	5528 	5587
f 5590 	5599 	5531
f 5531 	5599 	5536
f 5583 	5766 	5604
f 5609 	5546 	5545
f 5609 	5604 	7618
f 5545 	5604 	5609
f 5609 	5617 	5546
f 5617 	5550 	5546
f 5625 	5596 	5623
f 5589 	5550 	5617
f 5607 	5623 	5603
f 5536 	5599 	5626
f 5596 	5625 	5597
f 5603 	5623 	5596
f 5601 	5600 	5625
f 5597 	5625 	5600
f 5553 	5536 	5626
f 5628 	5553 	5626
f 5615 	5623 	5607
f 5610 	5623 	5611
f 5553 	5628 	5555
f 5611 	5623 	5615
f 5613 	5878 	5610
f 5616 	5878 	5613
f 5623 	5610 	5878
f 5620 	5878 	5616
f 5555 	5632 	5559
f 5621 	5878 	5622
f 5622 	5878 	5620
f 5628 	5632 	5555
f 5656 	5835 	5623
f 5559 	5632 	5636
f 5632 	2917 	5636
f 5559 	5636 	5563
f 5639 	5563 	5636
f 5639 	5640 	5568
f 5571 	5643 	5575
f 5643 	5571 	5640
f 6207 	6215 	5412
f 5640 	7806 	5643
f 5656 	5623 	5651
f 8064 	8063 	5651
f 5659 	5651 	5635
f 8146 	5658 	5635
f 5635 	5658 	5659
f 5661 	5651 	5659
f 5658 	751 	760
f 760 	5659 	5658
f 192 	5659 	760
f 5659 	192 	5661
f 5728 	5367 	5398
f 373 	6159 	363
f 5643 	7807 	7809
f 5578 	5766 	5583
f 5578 	5649 	5766
f 2461 	5770 	5772
f 2636 	2637 	5770
f 5589 	5772 	5770
f 5589 	5770 	5587
f 5587 	5770 	2464
f 2464 	5590 	5587
f 5590 	2643 	5599
f 5590 	2464 	2643
f 5626 	5599 	2653
f 2652 	5599 	2651
f 2643 	2651 	5599
f 5783 	5617 	5609
f 5772 	5783 	7621
f 5617 	5772 	5589
f 5617 	5783 	5772
f 7803 	5640 	5639
f 7803 	5639 	2924
f 7802 	7805 	5640
f 7807 	5643 	7806
f 7809 	5649 	5643
f 7696 	5766 	7697
f 5649 	7711 	5766
f 2652 	2653 	5599
f 5626 	2909 	5628
f 2907 	5628 	2909
f 2653 	2655 	5626
f 423 	6583 	797
f 5628 	2927 	5632
f 5636 	2917 	2915
f 2917 	5632 	2919
f 2928 	2919 	5632
f 2915 	2921 	5636
f 6243 	373 	376
f 5636 	2921 	5639
f 2924 	5639 	2921
f 5410 	5414 	6418
f 5414 	6420 	6418
f 6420 	5417 	6421
f 5688 	8063 	5689
f 5656 	8063 	5701
f 5688 	5694 	8063
f 5697 	5701 	8063
f 5689 	8063 	5692
f 5748 	5623 	5744
f 5829 	5656 	5830
f 6162 	5396 	5418
f 5701 	5830 	5656
f 5829 	5835 	5656
f 5724 	5623 	5725
f 5745 	5623 	5724
f 5725 	5623 	5835
f 5744 	5623 	5745
f 5623 	5839 	5625
f 6585 	6537 	6179
f 5841 	5623 	5748
f 5838 	5625 	5837
f 6207 	5412 	5401
f 5837 	5625 	5839
f 5839 	5623 	5841
f 6203 	5362 	5357
f 6226 	6225 	5365
f 5365 	5362 	6226
f 5396 	6162 	6426
f 5357 	6188 	6203
f 5881 	5625 	5882
f 5625 	5881 	5601
f 5882 	5625 	5884
f 5884 	5625 	5879
f 5879 	5878 	5884
f 5887 	5884 	5878
f 5962 	5887 	5878
f 5963 	5962 	5878
f 5964 	5963 	5878
f 5621 	5964 	5878
f 5651 	5623 	5878
f 7823 	5635 	5878
f 5878 	5635 	5651
f 6156 	6157 	6741
f 6160 	6159 	739
f 6159 	6163 	739
f 6162 	6166 	6159
f 6163 	6159 	6160
f 6160 	739 	6169
f 6159 	5357 	6172
f 6166 	6177 	6159
f 6176 	6177 	5397
f 5401 	5397 	6177
f 6162 	6179 	6180
f 6177 	6166 	6180
f 6162 	6180 	6166
f 6162 	6159 	6179
f 6179 	6162 	5418
f 6205 	6585 	6179
f 6159 	6177 	6180
f 6180 	6207 	5401
f 6177 	6180 	5401
f 6177 	6176 	6585
f 6175 	6585 	6176
f 6159 	6188 	5357
f 6175 	6188 	6159
f 6188 	6159 	6172
f 6159 	373 	6194
f 6175 	6201 	6203
f 6175 	6203 	6188
f 6159 	6201 	6175
f 6175 	6176 	5367
f 5397 	5367 	6176
f 6206 	6249 	6205
f 6215 	6207 	6205
f 6179 	6207 	6180
f 6159 	6205 	6179
f 6205 	6179 	5418
f 6159 	6206 	6205
f 6206 	6585 	6205
f 6159 	6180 	6207
f 6179 	6205 	6207
f 6159 	6207 	6215
f 6215 	6249 	5412
f 6224 	6585 	6201
f 6207 	6180 	6585
f 6180 	6177 	6585
f 6201 	6585 	6175
f 6159 	6188 	6203
f 6201 	6224 	6225
f 6201 	6225 	6226
f 6201 	6226 	6203
f 6201 	6159 	6224
f 6224 	6201 	5367
f 6201 	6175 	5367
f 6159 	6226 	6225
f 6245 	5365 	6225
f 6159 	6203 	6226
f 6203 	6188 	6585
f 6172 	6585 	6188
f 5357 	5385 	6172
f 6238 	5378 	6159
f 6238 	6244 	5378
f 6238 	6159 	6194
f 6224 	6245 	6225
f 6159 	6245 	6224
f 6245 	6224 	5367
f 6215 	6205 	6249
f 6159 	6249 	6206
f 5418 	5416 	6205
f 6206 	6205 	5416
f 6249 	6206 	5416
f 6249 	6585 	6206
f 6159 	6215 	6249
f 5416 	5412 	6249
f 6249 	6215 	6585
f 6215 	6207 	6585
f 6245 	6585 	6224
f 6159 	6225 	6245
f 5367 	5365 	6245
f 6259 	6167 	6244
f 6226 	6585 	6225
f 6226 	6203 	6585
f 6244 	6585 	6172
f 6259 	6244 	6260
f 6244 	6238 	6260
f 6238 	6194 	6260
f 6243 	6260 	6194
f 6260 	6243 	6169
f 6240 	6169 	6243
f 6240 	6243 	6241
f 6191 	6240 	6192
f 6169 	6240 	6191
f 6163 	6160 	6191
f 6169 	6191 	6160
f 6585 	6244 	6167
f 6167 	6259 	6260
f 6167 	6260 	6169
f 6167 	6169 	6168
f 6167 	6157 	6585
f 6156 	6585 	6157
f 6159 	6156 	6270
f 6156 	6271 	6272
f 6156 	6272 	6270
f 6156 	6159 	6271
f 6156 	6741 	6271
f 6162 	6179 	6537
f 6245 	6225 	6585
f 6271 	6585 	6156
f 6272 	6271 	6159
f 6537 	6509 	6162
f 6272 	6585 	6271
f 6159 	9011 	392
f 6244 	6172 	5385
f 6159 	9013 	9012
f 6159 	9012 	9011
f 392 	408 	6159
f 9013 	6159 	5378
f 6244 	5385 	5378
f 353 	363 	6159
f 6191 	744 	6163
f 6194 	373 	6243
f 6270 	6377 	6159
f 6272 	6377 	6270
f 6272 	6159 	6377
f 6271 	6740 	6272
f 6737 	6748 	6377
f 6377 	6657 	6272
f 419 	6159 	408
f 6419 	6498 	5402
f 5410 	6418 	6419
f 5402 	5410 	6419
f 6421 	5421 	6426
f 6418 	6420 	6427
f 6420 	6421 	6427
f 6426 	6427 	6421
f 6419 	6418 	6427
f 6427 	6500 	6419
f 6498 	6419 	6500
f 6500 	6427 	6503
f 6426 	6503 	6427
f 5421 	5396 	6426
f 6505 	6500 	6504
f 6503 	6504 	6500
f 6498 	6500 	6506
f 6505 	6506 	6500
f 6504 	6508 	6505
f 6508 	6503 	6162
f 6503 	6426 	6162
f 6504 	6503 	6508
f 6511 	6508 	6509
f 6511 	6509 	6512
f 6511 	6519 	6508
f 6537 	6512 	6509
f 6540 	6519 	6537
f 6512 	6537 	6519
f 6511 	6512 	6519
f 725 	6583 	6657
f 725 	6585 	6583
f 6657 	6583 	6585
f 6583 	6586 	727
f 731 	733 	6583
f 6583 	754 	773
f 423 	424 	6583
f 6583 	5398 	5402
f 6583 	6498 	6506
f 5402 	6498 	6583
f 446 	436 	6583
f 6583 	9017 	9019
f 9020 	9021 	6583
f 9021 	5728 	6583
f 6506 	6505 	6583
f 442 	443 	6583
f 773 	806 	6583
f 9019 	9020 	6583
f 6519 	6583 	6508
f 6583 	5728 	5398
f 731 	6583 	727
f 6505 	6508 	6583
f 754 	6583 	733
f 6519 	6540 	6583
f 6586 	6583 	6540
f 6509 	6508 	6162
f 6540 	6537 	6585
f 6540 	6585 	6586
f 6585 	6272 	6657
f 6747 	725 	6657
f 6586 	726 	727
f 446 	6583 	443
f 6586 	6585 	726
f 739 	6163 	744
f 6168 	6746 	6167
f 6192 	115 	6191
f 744 	6191 	115
f 6241 	314 	6240
f 6243 	376 	6241
f 6240 	120 	6192
f 115 	6192 	120
f 6167 	6742 	6157
f 6741 	726 	6740
f 4898 	3866 	4900
f 3697 	1362 	3698
f 5055 	3866 	5056
f 6271 	6741 	6740
f 6742 	6167 	6746
f 6169 	737 	6168
f 6741 	6157 	6742
f 5070 	3866 	1345
f 725 	6747 	6740
f 1345 	3863 	1344
f 726 	725 	6740
f 6741 	6742 	726
f 727 	726 	6742
f 6742 	6746 	731
f 731 	727 	6742
f 6746 	737 	731
f 5056 	3866 	5070
f 6169 	739 	737
f 3699 	1362 	3697
f 4901 	6281 	3857
f 4900 	3866 	5055
f 6746 	6168 	737
f 6738 	6747 	6748
f 6738 	6748 	6737
f 6738 	6740 	6747
f 6657 	6748 	6747
f 725 	726 	6585
f 6377 	6738 	6737
f 6738 	6377 	6740
f 6272 	6740 	6377
f 6657 	6377 	6748
f 5509 	5510 	6404
f 7137 	7140 	5663
f 6412 	6409 	5653
f 6408 	6406 	5653
f 5653 	5664 	6412
f 5663 	5662 	7137
f 6995 	7134 	7087
f 6105 	6045 	4854
f 4856 	4854 	6045
f 7795 	7586 	7797
f 6045 	6044 	4856
f 4856 	6054 	7797
f 6054 	4856 	6044
f 6085 	7001 	5966
f 6083 	7001 	6084
f 7002 	5968 	7001
f 6085 	6084 	7001
f 7001 	6083 	4854
f 6105 	4854 	6103
f 6102 	6103 	4854
f 6083 	6078 	4854
f 4854 	6077 	6102
f 4854 	6078 	6077
f 6883 	6884 	1088
f 1094 	1086 	6884
f 3857 	3870 	4901
f 6880 	6788 	1543
f 1612 	6881 	1543
f 198 	85 	5383
f 5383 	5372 	197
f 196 	197 	5364
f 200 	196 	5364
f 5364 	5366 	201
f 6391 	6218 	6392
f 5380 	5382 	201
f 5382 	5431 	201
f 207 	201 	5431
f 5366 	5371 	201
f 6266 	6392 	6267
f 6217 	6267 	6392
f 6281 	6280 	3857
f 201 	200 	5364
f 5431 	5446 	207
f 6280 	6302 	3857
f 264 	207 	5446
f 3858 	3857 	6302
f 6218 	3858 	6302
f 263 	264 	5446
f 6324 	6218 	6325
f 6324 	6328 	6218
f 5446 	5445 	263
f 6328 	3858 	6218
f 5443 	268 	5441
f 5441 	263 	5445
f 5448 	268 	5443
f 6350 	5507 	6366
f 6362 	6396 	6388
f 6391 	6398 	6218
f 6366 	6363 	6388
f 6383 	6388 	6394
f 6404 	6366 	5507
f 5598 	282 	5451
f 5451 	268 	5448
f 5671 	278 	5598
f 5721 	5720 	291
f 5669 	277 	5671
f 6386 	6393 	6389
f 6393 	6392 	6389
f 6363 	6362 	6388
f 6388 	6350 	6366
f 1097 	6974 	1096
f 1094 	6884 	1097
f 6974 	1097 	6884
f 5507 	5505 	6404
f 5505 	5509 	6404
f 6325 	6218 	6398
f 6217 	6392 	6218
f 6266 	6269 	6392
f 6269 	6389 	6392
f 6384 	6383 	6394
f 6386 	6384 	6393
f 6394 	6393 	6384
f 5510 	5513 	6404
f 1468 	291 	5720
f 5721 	277 	5669
f 6396 	6394 	6388
f 5513 	5654 	6404
f 6406 	6404 	5654
f 6994 	6995 	6993
f 6993 	7432 	6994
f 1100 	6998 	1099
f 6998 	1100 	6974
f 3790 	1101 	6998
f 7001 	4854 	7000
f 4853 	7000 	4854
f 5760 	1468 	5762
f 7001 	7000 	7002
f 6993 	6995 	7435
f 6995 	7002 	7435
f 7000 	7435 	7002
f 8675 	3790 	6998
f 7441 	7000 	4853
f 8675 	6998 	7159
f 3793 	3790 	8675
f 5135 	3795 	8675
f 5719 	5762 	1468
f 5760 	6006 	1468
f 6003 	1468 	6004
f 6004 	1468 	6006
f 6883 	7062 	6884
f 7062 	6883 	1855
f 6002 	1468 	6001
f 6017 	1468 	6011
f 6003 	6001 	1468
f 6016 	1468 	6017
f 6002 	6011 	1468
f 7443 	7435 	7000
f 7088 	6884 	7062
f 1468 	6014 	6021
f 7088 	6974 	6884
f 6016 	6013 	1468
f 6014 	1468 	6013
f 5164 	6628 	3803
f 3800 	3803 	1812
f 6094 	1814 	3803
f 1814 	1812 	3803
f 1812 	1810 	3800
f 6460 	1993 	6461
f 6473 	1993 	6460
f 6493 	1993 	6472
f 6882 	1612 	6491
f 6472 	1993 	6473
f 6462 	1993 	6465
f 6461 	1993 	6462
f 6465 	1468 	6021
f 6094 	3803 	6630
f 6628 	5164 	6633
f 6630 	3803 	6629
f 6629 	3803 	6628
f 6654 	6635 	5303
f 7088 	7159 	6974
f 6670 	6654 	5303
f 6974 	7159 	6998
f 5164 	5303 	6635
f 6633 	5164 	6635
f 6671 	6670 	5303
f 6784 	6675 	5303
f 6675 	6671 	5303
f 6492 	1993 	6493
f 6788 	6787 	1543
f 6787 	6785 	1543
f 6881 	1612 	6882
f 5303 	1543 	6785
f 6880 	1543 	6881
f 1972 	6492 	1970
f 6785 	6784 	5303
f 7062 	1855 	7228
f 1855 	2078 	7228
f 7295 	7088 	7062
f 7295 	7062 	7228
f 7318 	7317 	7088
f 7324 	7088 	7295
f 7323 	7088 	7324
f 7321 	7088 	7322
f 7318 	7088 	7321
f 7322 	7088 	7323
f 7333 	7088 	7319
f 7317 	7319 	7088
f 7295 	7347 	7324
f 7333 	7331 	7088
f 7327 	7159 	7326
f 7329 	7159 	7327
f 8780 	7159 	7329
f 7088 	7326 	7159
f 7326 	7088 	7331
f 2078 	2298 	7369
f 2078 	7369 	7228
f 5695 	7133 	5693
f 7086 	7089 	6995
f 5693 	7133 	5662
f 7087 	7086 	6995
f 7126 	7124 	7002
f 7109 	7108 	7002
f 7002 	6995 	7089
f 5966 	7001 	5967
f 5967 	7001 	5968
f 7108 	5968 	7002
f 7109 	7002 	7124
f 7089 	7126 	7002
f 7138 	7134 	6995
f 7133 	5695 	7134
f 7137 	5662 	7133
f 5664 	5663 	7140
f 5695 	7087 	7134
f 7141 	7138 	6995
f 7141 	6995 	7143
f 6412 	5664 	7140
f 6409 	6408 	5653
f 5654 	5653 	6406
f 7230 	7145 	6995
f 7234 	6995 	7235
f 7230 	6995 	7232
f 7145 	7143 	6995
f 7232 	6995 	7234
f 6994 	7237 	6995
f 7235 	6995 	7237
f 4028 	3081 	4029
f 7263 	7262 	6996
f 7264 	6996 	4028
f 7263 	6996 	7264
f 7278 	6994 	7377
f 7274 	7277 	6994
f 7274 	6994 	7275
f 7275 	6994 	7278
f 7277 	7237 	6994
f 7270 	6996 	7262
f 6994 	6996 	7271
f 7271 	7377 	6994
f 7270 	7271 	6996
f 6996 	6994 	7432
f 3081 	6996 	7432
f 3082 	3182 	7432
f 7436 	7432 	6993
f 6993 	7435 	7436
f 3193 	7432 	7436
f 7444 	7436 	7435
f 4771 	3193 	7436
f 3081 	4028 	6996
f 7441 	7443 	7000
f 7435 	7443 	7444
f 4771 	7436 	7444
f 7447 	7448 	7449
f 7295 	7228 	7460
f 7449 	7443 	7447
f 7496 	7443 	7449
f 7443 	7441 	7447
f 7446 	7447 	7441
f 7443 	7496 	7497
f 7443 	7497 	7444
f 7444 	7497 	4781
f 7448 	7500 	7449
f 7501 	7448 	7447
f 7501 	7500 	7448
f 7496 	7449 	8535
f 7500 	8535 	7449
f 7501 	7447 	8509
f 7446 	8509 	7447
f 7457 	7228 	7458
f 7460 	7228 	7457
f 7458 	7228 	7462
f 7462 	7228 	7463
f 7465 	7463 	7228
f 7467 	7465 	7228
f 7470 	7467 	7228
f 7369 	7514 	7228
f 7470 	7228 	7512
f 7512 	7228 	7513
f 7514 	7369 	7515
f 7513 	7228 	7514
f 7369 	7518 	7515
f 7547 	7545 	7546
f 7347 	7295 	7543
f 1013 	1080 	8364
f 5995 	1014 	8364
f 1080 	1079 	8364
f 7460 	7543 	7295
f 1014 	1013 	8364
f 7541 	7556 	7557
f 7546 	7557 	7547
f 7556 	7547 	7557
f 5993 	5992 	8364
f 5992 	5995 	8364
f 7369 	7562 	7561
f 6612 	5879 	6613
f 7369 	7561 	7518
f 7567 	7557 	7565
f 7563 	7565 	7557
f 7557 	7570 	7563
f 7369 	7569 	7566
f 7562 	7369 	7566
f 7546 	7745 	7557
f 7369 	7576 	7575
f 6627 	6632 	5625
f 5838 	6627 	5625
f 6613 	5625 	6632
f 7570 	7557 	7577
f 6612 	6652 	5879
f 7578 	7557 	7579
f 7577 	7557 	7578
f 6650 	6649 	5879
f 7579 	7557 	7580
f 5625 	6613 	5879
f 7581 	7580 	7557
f 6650 	5879 	6651
f 8356 	8358 	8128
f 7530 	7527 	7586
f 7533 	7536 	4856
f 6649 	6674 	5879
f 4856 	7586 	7533
f 7523 	7533 	7586
f 7525 	7523 	7586
f 7527 	7525 	7586
f 7536 	7553 	4856
f 7532 	7530 	4853
f 7586 	4853 	7530
f 7582 	4856 	7584
f 7553 	7584 	4856
f 7539 	7532 	4853
f 7369 	7575 	7569
f 4867 	4856 	7582
f 7554 	7539 	4853
f 7585 	7554 	4853
f 1978 	7603 	7604
f 1978 	1977 	7603
f 7586 	7605 	7606
f 4853 	7586 	7606
f 7605 	7604 	7606
f 7603 	7606 	7604
f 1999 	7609 	1998
f 7610 	1975 	7609
f 1998 	7609 	1975
f 1999 	2010 	7609
f 2010 	8630 	7609
f 1975 	7610 	7603
f 7610 	7614 	7603
f 7603 	7614 	7606
f 7606 	7446 	7441
f 7614 	7446 	7606
f 7610 	7609 	8630
f 7610 	8646 	7614
f 7619 	5783 	7620
f 7621 	5783 	7619
f 7618 	7685 	5783
f 7618 	5783 	5609
f 2462 	5772 	7621
f 7620 	7623 	7619
f 2298 	7619 	7623
f 7619 	2298 	7621
f 7621 	2298 	2462
f 7685 	7618 	7684
f 7620 	7685 	7623
f 2298 	7623 	7369
f 7649 	7657 	7623
f 7649 	7623 	7648
f 7648 	7623 	7650
f 7623 	7653 	7652
f 7650 	7623 	7652
f 7657 	7658 	7623
f 7658 	7576 	7623
f 7369 	7623 	7576
f 7679 	7680 	7681
f 7679 	5766 	7696
f 5766 	7679 	7681
f 5766 	7681 	5604
f 7681 	7680 	7683
f 7684 	7618 	7683
f 7681 	7683 	7618
f 7681 	7618 	5604
f 7620 	5783 	7685
f 7697 	5766 	7711
f 7699 	7623 	7696
f 7680 	7679 	7623
f 7679 	7696 	7623
f 7680 	7623 	7683
f 7684 	7683 	7623
f 7623 	7685 	7684
f 6682 	7825 	6683
f 6683 	7825 	6686
f 6652 	6651 	5879
f 6686 	5879 	6674
f 7696 	7697 	7699
f 6707 	7825 	6684
f 7806 	5640 	7805
f 6684 	7825 	6682
f 7711 	5649 	7710
f 7711 	7710 	7699
f 7697 	7711 	7699
f 6922 	6920 	7867
f 7207 	7871 	6918
f 6913 	7215 	6914
f 6920 	6918 	7871
f 6914 	7208 	6918
f 7726 	7728 	7727
f 7156 	7214 	6941
f 7208 	6914 	7209
f 6945 	7215 	6913
f 7207 	6918 	7208
f 6944 	7215 	6945
f 7745 	7546 	7678
f 7623 	7716 	7715
f 7699 	7717 	7623
f 7716 	7623 	7717
f 7718 	7717 	7699
f 7718 	7699 	7720
f 7083 	7082 	7198
f 7084 	7090 	7198
f 7082 	7084 	7198
f 7581 	7557 	7753
f 7198 	7197 	7083
f 7091 	8342 	7090
f 7720 	7699 	7721
f 7699 	7728 	7721
f 7722 	7721 	7728
f 5993 	8364 	5998
f 7110 	8355 	7111
f 7728 	7725 	7724
f 7722 	7728 	7724
f 7728 	7726 	7725
f 6007 	8364 	6009
f 7111 	8352 	7112
f 6009 	8361 	7110
f 7198 	7090 	7200
f 7784 	7739 	7728
f 7202 	7090 	7127
f 7727 	7728 	7739
f 6941 	7215 	6942
f 6942 	7215 	6944
f 7772 	7771 	7745
f 7771 	7753 	7745
f 7557 	7745 	7753
f 7772 	7745 	7773
f 7745 	7775 	7773
f 7200 	7090 	7202
f 7194 	7156 	7191
f 7191 	7156 	7192
f 7085 	7083 	7197
f 7085 	7197 	7186
f 7713 	7653 	7623
f 7715 	7713 	7623
f 5640 	7803 	7802
f 7188 	7192 	7156
f 7186 	7192 	7188
f 7166 	7156 	7194
f 7808 	5649 	7809
f 7192 	7186 	7197
f 7808 	7710 	5649
f 549 	7802 	548
f 7127 	7090 	7128
f 2924 	548 	7803
f 7803 	548 	7802
f 7805 	7802 	549
f 549 	7699 	7808
f 7165 	7156 	7166
f 7808 	7809 	549
f 7806 	549 	7807
f 7805 	549 	7806
f 7209 	6914 	7211
f 7809 	7807 	549
f 7211 	6914 	7213
f 7710 	7808 	7699
f 7215 	6941 	7214
f 7214 	7156 	7165
f 7213 	6914 	7215
f 7813 	7815 	7818
f 7818 	7820 	7813
f 2058 	1428 	1978
f 7820 	8133 	7824
f 7818 	8133 	7820
f 5879 	7825 	5878
f 7824 	7823 	7825
f 7823 	5878 	7825
f 7631 	2063 	1978
f 2063 	2059 	1978
f 7633 	7630 	1978
f 7629 	1978 	7630
f 7631 	1978 	7629
f 2059 	2058 	1978
f 7839 	7840 	7841
f 7638 	7637 	7604
f 7758 	7638 	7604
f 1978 	7604 	7633
f 7678 	7793 	7839
f 7678 	7839 	7841
f 7678 	7841 	7847
f 7841 	7840 	7989
f 7993 	7840 	7839
f 7678 	7847 	7745
f 7688 	7691 	7586
f 7688 	7586 	7689
f 7691 	7664 	7586
f 7637 	7633 	7604
f 7759 	7758 	7604
f 7664 	7663 	7586
f 7586 	7761 	7605
f 7761 	7759 	7605
f 7761 	7586 	7663
f 7604 	7605 	7759
f 7872 	7874 	7847
f 7745 	7847 	7869
f 7795 	7693 	7586
f 4856 	7797 	7586
f 7874 	7870 	7847
f 7869 	7847 	7870
f 7872 	7847 	7875
f 7879 	7847 	7880
f 7875 	7847 	7879
f 7881 	7880 	7847
f 7689 	7586 	7693
f 165 	163 	616
f 8012 	8011 	7847
f 7906 	7910 	8132
f 7907 	7910 	7906
f 7925 	2626 	2624
f 7928 	7907 	2626
f 2626 	7925 	7928
f 7907 	7946 	7910
f 7925 	2624 	2632
f 7728 	7924 	7784
f 10 	7936 	2638
f 746 	10 	2638
f 10 	56 	7936
f 56 	55 	7940
f 7821 	558 	7814
f 7940 	7941 	56
f 7934 	56 	7933
f 7925 	2632 	7934
f 7933 	7925 	7934
f 7936 	7934 	2632
f 7828 	7699 	7829
f 7833 	7699 	7828
f 7834 	7728 	7833
f 7937 	7938 	55
f 7940 	55 	7938
f 7925 	7941 	7928
f 7937 	7928 	7938
f 7919 	7699 	7920
f 7940 	7928 	7941
f 7938 	7928 	7940
f 7933 	56 	7941
f 7933 	7941 	7925
f 7937 	7959 	7928
f 7829 	7699 	7832
f 7920 	558 	7923
f 7832 	7699 	7915
f 7915 	7699 	7919
f 7814 	558 	7817
f 7971 	7973 	55
f 7923 	558 	7821
f 7928 	7946 	7907
f 55 	54 	7971
f 558 	7920 	7699
f 7699 	7833 	7728
f 7924 	7728 	7834
f 549 	558 	7699
f 7946 	7979 	7910
f 7958 	7959 	55
f 7937 	55 	7959
f 7928 	7959 	7946
f 561 	560 	558
f 7958 	7946 	7959
f 7958 	55 	7973
f 7962 	7957 	558
f 558 	7955 	7817
f 7958 	7973 	7946
f 7979 	7946 	7968
f 7983 	7979 	7968
f 7973 	7971 	7946
f 7962 	558 	560
f 7968 	7946 	7971
f 7955 	558 	7957
f 7860 	7745 	7861
f 7869 	7864 	7745
f 7857 	7775 	7745
f 7861 	7745 	7862
f 7857 	7745 	7860
f 7862 	7745 	7864
f 7985 	7987 	54
f 7983 	54 	7987
f 7968 	54 	7983
f 7985 	7980 	7987
f 7988 	7980 	7985
f 7979 	7987 	7980
f 7840 	7993 	7989
f 7983 	7987 	7979
f 7994 	7980 	7988
f 8029 	7999 	7994
f 7847 	7841 	9028
f 7841 	7989 	9028
f 7989 	7993 	9028
f 7993 	7839 	9028
f 7793 	9028 	7839
f 8409 	7999 	8019
f 8029 	7994 	60
f 8034 	8033 	7999
f 7988 	60 	7994
f 7980 	7994 	7999
f 7844 	7843 	7825
f 5879 	6686 	7825
f 7837 	7824 	7838
f 7835 	7820 	7837
f 7838 	7825 	7843
f 8030 	59 	8032
f 8032 	59 	8572
f 60 	59 	8033
f 60 	8033 	8034
f 8032 	8019 	8030
f 8019 	7999 	8030
f 8030 	7999 	8033
f 7844 	7825 	6707
f 8034 	8029 	60
f 7867 	7858 	6894
f 6895 	6894 	7855
f 8029 	8034 	7999
f 6894 	6893 	7867
f 6893 	6922 	7867
f 7871 	7867 	6920
f 7846 	7820 	7835
f 7988 	7985 	60
f 7968 	7971 	54
f 7934 	7936 	56
f 54 	60 	7985
f 7854 	7820 	7855
f 7846 	6895 	7855
f 8030 	8033 	59
f 7858 	7855 	6894
f 1862 	8070 	8125
f 8013 	7847 	9030
f 7878 	7820 	7854
f 8012 	7847 	8013
f 7855 	7820 	7846
f 7882 	7820 	7878
f 8017 	7901 	7847
f 7883 	7820 	7882
f 8011 	8018 	7847
f 8017 	7847 	8018
f 7881 	7847 	7901
f 8044 	1881 	8043
f 1878 	8043 	1881
f 7847 	9028 	9030
f 1881 	8044 	1883
f 8047 	1883 	8044
f 7824 	7837 	7820
f 7825 	7838 	7824
f 1883 	8047 	1884
f 8051 	9030 	8052
f 8013 	9030 	8048
f 8048 	9030 	8049
f 8050 	9030 	8051
f 8049 	9030 	8050
f 697 	9030 	695
f 1538 	696 	9030
f 8052 	9030 	697
f 7545 	8060 	7546
f 5656 	5651 	8063
f 8065 	8063 	8064
f 8066 	8065 	8064
f 8068 	8069 	7678
f 8069 	7793 	7678
f 8139 	8125 	8070
f 7546 	8060 	7678
f 8068 	7678 	8060
f 8076 	8064 	5651
f 8074 	8078 	5661
f 7949 	7820 	7950
f 8089 	8086 	8074
f 8089 	8074 	5661
f 1878 	1867 	8043
f 5651 	5661 	8078
f 5651 	8078 	8076
f 8077 	8043 	1867
f 8064 	8076 	8079
f 8081 	8066 	8079
f 8064 	8079 	8066
f 8082 	8081 	8079
f 8069 	8084 	7793
f 8084 	8082 	7793
f 8079 	7793 	8082
f 8074 	8086 	8078
f 1955 	1912 	8088
f 8077 	1867 	8125
f 8086 	8089 	192
f 8089 	5661 	192
f 8086 	192 	8078
f 8076 	8078 	192
f 8096 	8070 	2491
f 8076 	245 	8079
f 192 	245 	8076
f 1869 	1882 	8088
f 8096 	8157 	8070
f 7950 	7820 	7951
f 7951 	7820 	7883
f 7813 	8020 	7815
f 8007 	8005 	7815
f 8005 	8004 	7815
f 7813 	7820 	8025
f 7949 	8025 	7820
f 8007 	7815 	8008
f 8008 	7815 	8016
f 8022 	8021 	7813
f 4158 	1105 	8081
f 366 	8066 	367
f 8121 	8096 	2491
f 8081 	625 	8066
f 366 	327 	8065
f 5694 	5697 	8063
f 8065 	8101 	8063
f 1862 	8125 	1867
f 8101 	5698 	8063
f 2324 	8125 	8139
f 5692 	8063 	5698
f 8088 	8112 	1869
f 8157 	8159 	8070
f 8101 	8065 	518
f 2324 	8077 	8125
f 7545 	1468 	8060
f 8068 	1468 	8069
f 8136 	8135 	8088
f 2133 	7906 	8057
f 8121 	8152 	8096
f 8016 	7815 	8020
f 8020 	7813 	8021
f 8022 	7813 	8025
f 8130 	3015 	8128
f 7818 	7815 	8129
f 8129 	7815 	8233
f 8088 	8057 	8132
f 8129 	8131 	8133
f 8057 	7906 	8132
f 8129 	8133 	7818
f 7823 	7824 	8133
f 8135 	8136 	8096
f 8139 	8070 	8159
f 8006 	8233 	8004
f 7815 	8004 	8233
f 8112 	8088 	8135
f 8131 	8142 	8144
f 8131 	8144 	8133
f 7823 	8133 	8146
f 8144 	8146 	8133
f 8136 	8147 	8096
f 8157 	8096 	8147
f 8146 	5635 	7823
f 8142 	8150 	8144
f 2324 	8139 	8161
f 8136 	8088 	8147
f 8132 	8147 	8088
f 8294 	8152 	8121
f 8135 	8096 	8152
f 8135 	8152 	8112
f 3015 	8130 	3017
f 8162 	2324 	8161
f 8161 	8139 	8159
f 8161 	8165 	8162
f 8147 	8132 	8157
f 8132 	8159 	8157
f 8161 	8159 	8165
f 8132 	8165 	8159
f 8165 	8132 	7910
f 3019 	8174 	3018
f 8392 	8390 	8165
f 8165 	7910 	7979
f 7979 	7980 	8165
f 8130 	8174 	3017
f 3019 	3017 	8174
f 8174 	1398 	3018
f 8186 	8188 	8187
f 7541 	8187 	8188
f 8187 	8194 	8186
f 8193 	8186 	8194
f 8332 	8331 	2592
f 8142 	8149 	8150
f 8199 	8200 	8201
f 8128 	8193 	8194
f 8130 	8128 	8194
f 8146 	8144 	8201
f 8204 	8146 	8201
f 8199 	8201 	8144
f 8150 	8199 	8144
f 5658 	8146 	8204
f 8149 	870 	872
f 8149 	872 	8150
f 8200 	8214 	8201
f 8215 	8200 	8199
f 8215 	8214 	8200
f 8130 	8203 	8202
f 8130 	8202 	8205
f 8130 	8205 	8174
f 8130 	8208 	8203
f 8204 	8201 	810
f 8214 	810 	8201
f 872 	810 	8214
f 8214 	8215 	872
f 872 	8215 	8199
f 872 	8199 	8150
f 8204 	751 	5658
f 8221 	1980 	1893
f 810 	751 	8204
f 8222 	8223 	8224
f 8223 	3191 	3190
f 8223 	3190 	8224
f 8227 	8229 	8228
f 8229 	8222 	8224
f 8228 	8229 	8224
f 8231 	8227 	8228
f 8231 	8228 	8129
f 8129 	8228 	8131
f 8208 	8130 	8218
f 8194 	8226 	8130
f 8218 	8130 	8219
f 8129 	8233 	8231
f 3190 	3199 	8234
f 8219 	8130 	8220
f 3199 	4780 	8997
f 3199 	8997 	8234
f 8220 	8130 	8226
f 3190 	8234 	8224
f 8386 	2324 	8392
f 8228 	8224 	8235
f 8224 	8234 	8235
f 8131 	8228 	8235
f 8205 	1477 	8174
f 1476 	8174 	1477
f 1488 	1487 	8174
f 7541 	7557 	8187
f 8234 	8998 	8235
f 8142 	8131 	8235
f 8998 	8142 	8235
f 8112 	8221 	1893
f 2592 	2593 	8379
f 2595 	2592 	8331
f 8254 	8284 	2520
f 8221 	8272 	1980
f 8300 	2491 	8301
f 8369 	8359 	8236
f 8377 	8378 	8254
f 8284 	8379 	2593
f 2593 	2520 	8284
f 8246 	8245 	8187
f 8194 	8187 	8240
f 8241 	8240 	8187
f 8241 	8187 	8242
f 8242 	8187 	8245
f 7557 	7567 	8187
f 8246 	8187 	7567
f 8292 	8293 	8294
f 8292 	8294 	8121
f 8121 	2491 	8292
f 8422 	2324 	8389
f 8162 	8390 	2324
f 8331 	8329 	8236
f 8369 	8236 	8329
f 8299 	8194 	8303
f 8194 	8299 	8298
f 8112 	8294 	8293
f 8152 	8294 	8112
f 8306 	8112 	8305
f 8305 	8112 	8293
f 8240 	8307 	8194
f 8302 	8303 	8194
f 8307 	8302 	8194
f 8194 	8298 	8226
f 8408 	2324 	8401
f 1538 	9030 	1539
f 1540 	1539 	9030
f 8301 	8221 	8300
f 8306 	8300 	8221
f 8112 	8306 	8221
f 8359 	8301 	2491
f 2491 	8236 	8359
f 8284 	8254 	8378
f 8378 	8380 	8284
f 8332 	2592 	8381
f 8331 	8272 	8329
f 8221 	8329 	8272
f 8332 	8272 	8331
f 8407 	8431 	2324
f 8301 	8359 	8221
f 8329 	8221 	8369
f 8369 	8221 	8359
f 8379 	8284 	8380
f 8380 	8381 	8379
f 8380 	8378 	8272
f 8660 	8663 	8377
f 8378 	8377 	8272
f 8663 	8272 	8377
f 8332 	8381 	8272
f 8380 	8272 	8381
f 8392 	8165 	8395
f 8162 	8165 	8390
f 8389 	8387 	8395
f 8386 	8395 	8387
f 8395 	8386 	8392
f 2324 	8405 	8406
f 8406 	8407 	2324
f 8401 	8409 	8408
f 8405 	8408 	8409
f 8405 	8409 	8406
f 8407 	8406 	8409
f 8395 	8409 	8401
f 8395 	8401 	8421
f 8421 	8422 	8395
f 8389 	8395 	8422
f 8429 	2324 	8431
f 8518 	8431 	8409
f 8407 	8409 	8431
f 8518 	8409 	8019
f 8518 	8429 	8431
f 8395 	8165 	7980
f 7980 	7999 	8395
f 8409 	8395 	7999
f 7497 	8537 	8441
f 7497 	8441 	4781
f 8537 	8447 	8441
f 8441 	8450 	8443
f 8441 	8447 	8450
f 8443 	8450 	996
f 8443 	996 	982
f 8456 	8450 	8447
f 8456 	8447 	8454
f 8450 	8456 	1003
f 8450 	1003 	996
f 8487 	8456 	8454
f 195 	8506 	8463
f 8499 	8502 	8463
f 8472 	9 	8471
f 9 	8472 	8473
f 8471 	8462 	8472
f 8472 	8462 	8473
f 9 	8463 	8502
f 8479 	9 	8503
f 8502 	8503 	9
f 8481 	9 	8479
f 8471 	9 	8481
f 8471 	8481 	8462
f 8479 	8484 	8481
f 8454 	8484 	8487
f 3054 	8489 	3052
f 8456 	1040 	1003
f 3054 	3051 	8489
f 3056 	3052 	8491
f 8489 	8491 	3052
f 8456 	8487 	1040
f 3056 	8491 	3059
f 3059 	8491 	3061
f 8496 	3061 	8491
f 8491 	1848 	8496
f 8496 	3063 	3061
f 1088 	3050 	6883
f 8462 	8481 	8484
f 3063 	8496 	3065
f 6883 	3065 	8496
f 8499 	8463 	8500
f 8500 	8463 	8507
f 3018 	1398 	3012
f 3013 	1398 	1606
f 8479 	8503 	8484
f 8491 	8489 	1813
f 8487 	8484 	8499
f 8500 	8487 	8499
f 8503 	8502 	8484
f 1606 	1813 	8489
f 8499 	8484 	8502
f 8507 	8463 	8506
f 195 	145 	8506
f 1813 	1848 	8491
f 8506 	1040 	8507
f 1066 	1040 	8506
f 8487 	8507 	1040
f 1848 	1855 	8496
f 8496 	1855 	6883
f 8500 	8507 	8487
f 7614 	8646 	8509
f 8509 	7446 	7614
f 7500 	7501 	8509
f 8514 	8509 	8646
f 8511 	8528 	8514
f 8523 	8528 	8511
f 8531 	8538 	8528
f 8518 	8549 	8523
f 8523 	8554 	8528
f 8509 	8535 	7500
f 8537 	7497 	7496
f 7496 	8535 	8537
f 8514 	8538 	8535
f 8514 	8535 	8509
f 8535 	8538 	8539
f 8538 	8541 	8539
f 8535 	8539 	8537
f 8537 	8539 	8447
f 8514 	8528 	8538
f 8541 	8538 	8531
f 8539 	8454 	8447
f 8539 	8541 	8454
f 8541 	8531 	8462
f 8541 	8462 	8484
f 8541 	8484 	8454
f 8019 	8549 	8518
f 8592 	8593 	57
f 8523 	8549 	8554
f 8585 	8554 	8586
f 61 	57 	8593
f 8528 	8554 	8531
f 8563 	8531 	8554
f 8531 	8563 	8462
f 61 	8586 	8587
f 59 	8571 	8572
f 8574 	61 	8587
f 8574 	8571 	61
f 59 	61 	8571
f 8571 	8549 	8572
f 8019 	8572 	8549
f 8571 	8574 	8549
f 8019 	8032 	8572
f 8586 	61 	8585
f 8593 	8585 	61
f 8586 	8549 	8587
f 8574 	8587 	8549
f 8549 	8586 	8554
f 8592 	57 	8591
f 8592 	8563 	8554
f 8591 	8563 	8592
f 8554 	8585 	8593
f 8593 	8592 	8554
f 8473 	8595 	57
f 8473 	8462 	8595
f 8563 	8595 	8462
f 8591 	57 	8595
f 8591 	8595 	8563
f 191 	190 	8463
f 190 	195 	8463
f 1066 	8506 	145
f 8463 	9 	191
f 57 	9 	8473
f 2777 	8605 	2766
f 2766 	8605 	8606
f 2758 	2769 	8608
f 2758 	8608 	8612
f 8609 	8612 	8608
f 8609 	8639 	8612
f 8377 	8254 	8619
f 2521 	2499 	8619
f 8254 	2520 	2521
f 8254 	2521 	8619
f 8616 	8612 	8639
f 8655 	8619 	8639
f 8630 	8646 	7610
f 8616 	8639 	8619
f 8377 	8619 	8660
f 8655 	2324 	8679
f 8655 	8679 	8619
f 8663 	8630 	8272
f 8663 	8511 	8630
f 8523 	8511 	8663
f 8630 	8511 	8646
f 8511 	8514 	8646
f 8660 	8619 	8679
f 8660 	8679 	8663
f 8518 	8663 	8679
f 8429 	8518 	8430
f 8518 	8679 	8430
f 8663 	8518 	8523
f 8789 	8675 	8785
f 8785 	8675 	8786
f 8791 	8675 	8789
f 7159 	8786 	8675
f 8790 	8675 	8791
f 8790 	8794 	8675
f 8793 	8675 	8794
f 8806 	8807 	7159
f 8806 	7159 	8809
f 8780 	8810 	7159
f 8786 	7159 	8807
f 8809 	7159 	8810
f 8822 	5135 	8823
f 8675 	8826 	5135
f 8819 	8820 	5135
f 8822 	8818 	5135
f 8821 	8828 	5135
f 8820 	8821 	5135
f 8818 	8819 	5135
f 8824 	8675 	8825
f 8826 	8675 	8824
f 8823 	5135 	8826
f 8825 	8675 	8793
f 5234 	5135 	5235
f 8844 	2134 	8057
f 8844 	8057 	8840
f 2133 	8057 	2134
f 8576 	8575 	8967
f 8365 	4158 	8371
f 8423 	8425 	4158
f 7128 	7090 	8342
f 7091 	7112 	8342
f 8360 	7110 	8361
f 8355 	7110 	8360
f 8361 	6009 	8364
f 8364 	4158 	8365
f 8352 	7111 	8355
f 5998 	8364 	6007
f 8342 	7112 	8352
f 8427 	8374 	4158
f 8432 	8427 	4158
f 8425 	8432 	4158
f 8374 	8371 	4158
f 8580 	8576 	8967
f 8583 	8580 	8967
f 8423 	4158 	8424
f 8573 	4158 	8575
f 4158 	8967 	8575
f 8583 	8967 	8584
f 8567 	8566 	8967
f 8584 	8967 	8566
f 8967 	3579 	8628
f 8611 	8967 	8613
f 8617 	8967 	8611
f 8617 	8567 	8967
f 8651 	8650 	3563
f 8631 	8967 	8627
f 8613 	8967 	8631
f 8628 	8627 	8967
f 3606 	3602 	8664
f 3563 	3562 	8657
f 8658 	8657 	3562
f 3579 	3571 	8628
f 8651 	3563 	8654
f 8657 	8654 	3563
f 8665 	3595 	8667
f 3562 	3604 	8658
f 3899 	8685 	3879
f 3882 	8677 	3891
f 8682 	3879 	8685
f 8676 	3891 	8677
f 3880 	3879 	8682
f 8677 	3880 	8680
f 3593 	8676 	8671
f 8680 	3880 	8682
f 8689 	8685 	3902
f 3593 	3891 	8676
f 8667 	3595 	8669
f 8671 	8669 	3594
f 3595 	3594 	8669
f 3899 	3902 	8685
f 3902 	4345 	8689
f 8880 	8878 	4343
f 8881 	8880 	4343
f 4344 	4343 	8878
f 8910 	8909 	8223
f 8908 	8914 	8223
f 8909 	8908 	8223
f 8911 	8223 	8912
f 8921 	4396 	8918
f 4345 	4344 	8878
f 4343 	4399 	8921
f 8918 	4396 	8919
f 8883 	8881 	4343
f 8919 	4394 	8922
f 8922 	4394 	8925
f 3191 	8223 	8914
f 8925 	4394 	8916
f 8914 	8916 	3191
f 8233 	8934 	8231
f 8006 	8836 	8233
f 8934 	8233 	8935
f 8931 	8231 	8932
f 8934 	8932 	8231
f 8935 	8233 	8836
f 8944 	8943 	8229
f 8227 	8948 	8229
f 8231 	8949 	8227
f 8931 	8933 	8231
f 8947 	8229 	8948
f 8949 	8231 	8933
f 8944 	8229 	8947
f 8948 	8227 	8949
f 8959 	8958 	8229
f 8960 	8229 	8958
f 8953 	8229 	8954
f 8229 	8953 	8955
f 8959 	8229 	8943
f 8954 	8229 	8960
f 8229 	8955 	8222
f 8955 	8966 	8222
f 8912 	8223 	8892
f 8892 	8223 	8893
f 8966 	8965 	8223
f 8223 	8222 	8966
f 8965 	8893 	8223
f 8911 	8910 	8223
f 8998 	8234 	8997
f 4780 	9000 	8997
f 4780 	4834 	9000
f 9001 	9002 	9003
f 8997 	9000 	9001
f 8997 	9001 	9003
f 8997 	9003 	9005
f 9003 	9002 	9009
f 9010 	9002 	9001
f 9009 	989 	9003
f 8997 	9005 	8998
f 8998 	9005 	8149
f 8149 	9005 	870
f 8998 	8149 	8142
f 4834 	982 	983
f 4834 	983 	9000
f 9002 	9010 	9009
f 9005 	9003 	989
f 9009 	9010 	989
f 9010 	9001 	989
f 9000 	989 	9001
f 989 	9000 	983
f 9005 	989 	870
f 9039 	9013 	9034
f 5357 	9019 	5385
f 9017 	5385 	9019
f 5357 	5362 	9019
f 9020 	9019 	5362
f 8079 	245 	9024
f 8079 	9024 	7793
f 5378 	9034 	9013
f 9039 	102 	9013
f 5378 	5385 	9034
f 9017 	6583 	9034
f 7793 	9024 	9028
f 4236 	1541 	9030
f 392 	9011 	395
f 9031 	395 	9011
f 9037 	9033 	9012
f 9033 	9031 	9012
f 9011 	9012 	9031
f 9045 	104 	6583
f 104 	9039 	6583
f 6583 	9039 	9034
f 245 	395 	9024
f 9031 	9024 	395
f 9033 	9024 	9031
f 6583 	457 	9043
f 9041 	9024 	9037
f 9037 	9024 	9033
f 9045 	6583 	9043
f 98 	9013 	102
f 102 	9039 	104
f 9041 	9037 	98
f 9028 	9024 	9041
f 9028 	9041 	468
f 474 	9041 	102
f 9041 	474 	477
f 9041 	477 	468
f 9028 	468 	9030
f 4614 	4581 	9030
f 9030 	468 	4614
f 457 	9044 	9043
f 9012 	98 	9037
f 9012 	9013 	98
f 104 	9045 	474
f 9045 	9043 	9044
f 9044 	474 	9045
f 98 	102 	9041
f 37 	29 	7545
f 8084 	8069 	1468
f 8068 	8060 	1468
f 3017 	8334 	3015
f 8335 	8343 	8128
f 8343 	8356 	8128
f 3015 	8334 	8128
f 8334 	8335 	8128
f 8326 	8363 	3017
f 8326 	3017 	3620
f 3017 	3621 	3620
f 8346 	3017 	8363
f 8339 	3017 	8346
f 8334 	3017 	8339
f 8516 	8515 	8193
f 8515 	8512 	8193
f 8512 	8513 	8186
f 8504 	8516 	8193
f 8193 	8128 	8358
f 8358 	8504 	8193
f 8186 	8193 	8512
f 8513 	8520 	8186
f 8520 	8527 	8186
f 8672 	8687 	8186
f 8686 	8737 	8188
f 8527 	8672 	8186
f 8737 	8736 	8188
f 8687 	8686 	8188
f 7556 	7541 	8736
f 8188 	8186 	8687
f 8735 	8734 	7547
f 7547 	7556 	8736
f 8736 	8735 	7547
f 7541 	8188 	8736
f 8734 	8860 	7547
f 37 	7545 	8866
f 8858 	8866 	7545
f 7545 	7547 	8858
f 8860 	8858 	7547
f 30 	1468 	29
f 1468 	7545 	29
f 154 	1468 	8868
f 30 	38 	1468
f 38 	8868 	1468
# 3574 faces

g group_0_13041235

usemtl color_13041235
s 0

f 33 	4447 	34
f 33 	36 	4445
f 40 	4447 	41
f 43 	4448 	44
f 45 	62 	52
f 4448 	43 	42
f 4448 	42 	41
f 74 	4448 	8529
f 4448 	70 	44
f 77 	83 	92
f 794 	88 	87
f 794 	87 	89
f 77 	92 	78
f 794 	91 	88
f 35 	794 	94
f 157 	109 	108
f 105 	157 	106
f 96 	100 	796
f 97 	96 	796
f 101 	796 	99
f 114 	157 	121
f 157 	114 	109
f 112 	111 	121
f 101 	91 	794
f 111 	113 	121
f 114 	121 	113
f 97 	796 	122
f 128 	125 	129
f 130 	129 	125
f 124 	130 	125
f 126 	123 	837
f 127 	126 	837
f 129 	130 	121
f 130 	133 	112
f 112 	121 	130
f 124 	133 	130
f 45 	58 	62
f 8812 	52 	62
f 58 	140 	141
f 58 	141 	62
f 128 	129 	137
f 135 	137 	129
f 62 	141 	146
f 140 	148 	141
f 140 	391 	148
f 141 	148 	150
f 141 	150 	146
f 157 	156 	147
f 155 	147 	156
f 108 	107 	157
f 106 	157 	107
f 105 	156 	157
f 160 	168 	238
f 1927 	161 	170
f 161 	1927 	1928
f 1928 	1929 	161
f 1938 	164 	175
f 170 	11 	179
f 146 	178 	11
f 150 	178 	146
f 179 	11 	178
f 123 	122 	837
f 127 	837 	205
f 83 	180 	92
f 205 	837 	206
f 83 	95 	180
f 180 	208 	92
f 203 	228 	209
f 286 	213 	95
f 286 	293 	213
f 397 	212 	211
f 397 	211 	210
f 95 	213 	215
f 215 	180 	95
f 180 	219 	208
f 215 	219 	180
f 219 	524 	208
f 2041 	452 	214
f 223 	218 	217
f 221 	223 	217
f 218 	223 	222
f 220 	223 	221
f 212 	397 	224
f 397 	223 	220
f 220 	224 	397
f 203 	225 	228
f 234 	239 	225
f 238 	230 	223
f 231 	241 	931
f 230 	222 	223
f 237 	241 	231
f 206 	837 	232
f 242 	232 	837
f 223 	160 	238
f 223 	405 	160
f 235 	242 	236
f 236 	242 	240
f 227 	226 	238
f 242 	235 	233
f 242 	233 	232
f 226 	229 	238
f 230 	238 	229
f 77 	237 	246
f 225 	239 	228
f 77 	241 	237
f 253 	242 	256
f 241 	77 	78
f 242 	253 	240
f 214 	258 	2039
f 243 	280 	246
f 2039 	258 	234
f 256 	254 	248
f 256 	248 	247
f 247 	251 	256
f 260 	239 	234
f 253 	256 	251
f 83 	77 	246
f 258 	260 	234
f 260 	340 	239
f 261 	384 	262
f 465 	258 	214
f 256 	384 	261
f 465 	470 	258
f 254 	256 	261
f 258 	470 	260
f 265 	270 	237
f 267 	384 	271
f 265 	237 	231
f 243 	270 	269
f 269 	276 	243
f 270 	246 	237
f 246 	270 	243
f 280 	243 	279
f 246 	280 	83
f 286 	280 	279
f 280 	95 	83
f 280 	286 	95
f 279 	285 	286
f 285 	289 	293
f 290 	288 	275
f 209 	290 	275
f 285 	293 	286
f 290 	297 	288
f 289 	1446 	293
f 209 	322 	290
f 2308 	299 	300
f 273 	302 	299
f 288 	302 	273
f 302 	303 	299
f 303 	300 	299
f 297 	302 	288
f 305 	388 	308
f 304 	388 	305
f 297 	309 	302
f 304 	307 	388
f 302 	309 	303
f 388 	307 	306
f 309 	311 	303
f 309 	354 	311
f 1445 	1446 	289
f 228 	322 	209
f 279 	243 	276
f 322 	324 	290
f 276 	323 	279
f 334 	336 	322
f 322 	336 	324
f 290 	324 	297
f 324 	351 	297
f 323 	325 	285
f 323 	285 	279
f 239 	334 	228
f 239 	340 	334
f 334 	322 	228
f 325 	289 	285
f 325 	335 	289
f 308 	388 	316
f 321 	313 	312
f 312 	315 	321
f 315 	316 	321
f 334 	342 	336
f 340 	342 	334
f 342 	426 	336
f 347 	346 	348
f 345 	348 	346
f 605 	342 	340
f 344 	348 	345
f 344 	321 	348
f 297 	351 	309
f 313 	321 	344
f 351 	354 	309
f 324 	361 	351
f 336 	361 	324
f 361 	365 	351
f 440 	178 	150
f 355 	348 	356
f 347 	348 	355
f 357 	356 	348
f 335 	1474 	1445
f 1445 	289 	335
f 359 	358 	403
f 403 	364 	362
f 403 	362 	359
f 255 	252 	147
f 250 	147 	252
f 250 	249 	147
f 357 	403 	358
f 249 	227 	238
f 238 	147 	249
f 372 	381 	382
f 372 	382 	377
f 374 	364 	403
f 374 	403 	8629
f 370 	377 	58
f 147 	379 	378
f 255 	147 	378
f 377 	140 	58
f 375 	374 	8629
f 155 	379 	147
f 370 	58 	45
f 388 	396 	321
f 321 	407 	348
f 147 	238 	168
f 267 	262 	384
f 140 	377 	382
f 432 	390 	383
f 387 	388 	306
f 385 	160 	405
f 381 	389 	382
f 381 	386 	389
f 272 	384 	387
f 271 	384 	272
f 388 	387 	384
f 382 	389 	391
f 321 	316 	388
f 256 	1058 	384
f 140 	382 	391
f 256 	904 	1058
f 384 	1058 	394
f 384 	394 	388
f 386 	486 	389
f 386 	483 	486
f 388 	394 	396
f 407 	321 	396
f 210 	1120 	397
f 394 	428 	396
f 400 	397 	1120
f 357 	348 	403
f 397 	400 	405
f 401 	406 	410
f 401 	410 	404
f 397 	405 	223
f 368 	420 	371
f 738 	406 	401
f 403 	348 	412
f 404 	381 	372
f 412 	348 	407
f 404 	410 	381
f 415 	403 	412
f 748 	416 	406
f 403 	415 	8629
f 406 	418 	410
f 413 	420 	368
f 406 	416 	418
f 407 	430 	421
f 410 	418 	386
f 412 	407 	421
f 412 	1472 	415
f 410 	386 	381
f 420 	689 	371
f 1472 	412 	421
f 351 	365 	354
f 426 	361 	336
f 407 	396 	430
f 396 	428 	430
f 399 	432 	400
f 383 	405 	400
f 383 	400 	432
f 416 	482 	418
f 428 	434 	430
f 405 	383 	385
f 416 	481 	482
f 148 	437 	150
f 504 	437 	148
f 437 	440 	150
f 429 	365 	361
f 426 	429 	361
f 617 	619 	426
f 426 	619 	429
f 2982 	448 	444
f 2394 	456 	452
f 453 	459 	462
f 459 	469 	462
f 453 	462 	1688
f 588 	420 	413
f 466 	458 	448
f 466 	459 	458
f 452 	465 	214
f 241 	78 	471
f 466 	469 	459
f 564 	567 	465
f 462 	469 	472
f 473 	476 	467
f 466 	3005 	469
f 78 	478 	471
f 471 	478 	473
f 476 	473 	411
f 411 	473 	478
f 411 	413 	476
f 368 	476 	413
f 8844 	8840 	472
f 514 	411 	478
f 483 	386 	418
f 418 	482 	483
f 389 	486 	490
f 495 	497 	484
f 484 	497 	489
f 490 	391 	389
f 491 	724 	492
f 480 	960 	535
f 489 	724 	491
f 489 	491 	494
f 523 	482 	481
f 482 	527 	483
f 495 	368 	497
f 483 	505 	486
f 483 	527 	505
f 489 	499 	724
f 490 	486 	508
f 497 	499 	489
f 508 	486 	505
f 476 	495 	467
f 490 	504 	391
f 391 	504 	148
f 495 	476 	368
f 368 	371 	497
f 497 	371 	499
f 504 	490 	512
f 512 	490 	508
f 514 	478 	513
f 521 	514 	513
f 513 	208 	521
f 208 	524 	521
f 521 	593 	514
f 523 	481 	538
f 527 	482 	523
f 524 	528 	521
f 523 	3113 	527
f 523 	3111 	3113
f 505 	527 	3114
f 527 	3113 	3114
f 514 	536 	411
f 2134 	8844 	472
f 480 	535 	538
f 538 	481 	480
f 535 	1001 	3120
f 541 	1915 	540
f 651 	546 	543
f 559 	981 	552
f 567 	470 	465
f 600 	340 	260
f 579 	552 	561
f 7962 	560 	552
f 559 	552 	579
f 456 	564 	452
f 577 	578 	559
f 564 	465 	452
f 456 	569 	564
f 569 	571 	564
f 564 	571 	567
f 576 	577 	559
f 569 	587 	571
f 578 	580 	559
f 576 	559 	579
f 978 	559 	580
f 2459 	657 	582
f 586 	587 	569
f 536 	413 	411
f 588 	413 	536
f 589 	586 	582
f 586 	589 	587
f 260 	470 	600
f 600 	605 	340
f 606 	600 	470
f 470 	567 	606
f 600 	607 	605
f 606 	607 	600
f 607 	622 	605
f 609 	606 	567
f 567 	571 	609
f 609 	610 	606
f 609 	672 	610
f 610 	607 	606
f 609 	670 	672
f 342 	617 	426
f 605 	617 	342
f 622 	617 	605
f 460 	463 	628
f 614 	7700 	623
f 5251 	460 	628
f 628 	463 	445
f 628 	445 	450
f 621 	849 	623
f 617 	627 	619
f 819 	614 	623
f 593 	536 	514
f 622 	627 	617
f 623 	849 	819
f 607 	644 	622
f 610 	644 	607
f 644 	645 	622
f 588 	536 	8178
f 645 	627 	622
f 649 	543 	554
f 521 	528 	593
f 651 	543 	649
f 644 	694 	645
f 513 	478 	78
f 78 	92 	513
f 649 	658 	663
f 92 	208 	513
f 649 	663 	651
f 664 	685 	667
f 681 	685 	664
f 658 	669 	663
f 670 	609 	571
f 571 	587 	670
f 658 	668 	669
f 663 	669 	8744
f 499 	371 	671
f 692 	610 	672
f 587 	589 	677
f 677 	670 	587
f 689 	682 	671
f 670 	680 	672
f 671 	682 	665
f 677 	680 	670
f 668 	705 	711
f 665 	681 	664
f 665 	682 	681
f 638 	679 	683
f 668 	711 	669
f 589 	582 	657
f 657 	686 	589
f 638 	683 	463
f 657 	661 	686
f 554 	575 	688
f 683 	445 	463
f 686 	677 	589
f 677 	703 	680
f 676 	4235 	3246
f 686 	703 	677
f 676 	3246 	679
f 649 	554 	688
f 703 	704 	680
f 689 	671 	371
f 688 	658 	649
f 688 	693 	658
f 716 	686 	661
f 683 	3231 	445
f 695 	696 	676
f 689 	859 	682
f 697 	695 	676
f 610 	692 	644
f 1538 	676 	696
f 692 	694 	644
f 1539 	1540 	676
f 672 	698 	692
f 691 	699 	693
f 680 	698 	672
f 698 	700 	692
f 693 	699 	668
f 689 	867 	859
f 692 	700 	694
f 693 	668 	658
f 704 	698 	680
f 705 	668 	699
f 820 	702 	708
f 701 	708 	702
f 699 	771 	705
f 738 	711 	705
f 709 	708 	701
f 401 	8758 	711
f 712 	708 	709
f 711 	738 	401
f 708 	799 	846
f 688 	575 	715
f 686 	716 	703
f 819 	691 	715
f 703 	717 	704
f 819 	826 	691
f 715 	691 	693
f 715 	693 	688
f 716 	717 	703
f 691 	723 	699
f 724 	721 	718
f 718 	492 	724
f 1548 	722 	720
f 1548 	720 	719
f 723 	771 	699
f 723 	767 	771
f 705 	771 	735
f 4226 	4221 	728
f 705 	735 	738
f 736 	734 	730
f 736 	730 	729
f 732 	736 	729
f 1548 	740 	722
f 1548 	741 	740
f 735 	745 	748
f 735 	748 	738
f 738 	748 	406
f 544 	749 	750
f 756 	745 	742
f 750 	753 	755
f 745 	757 	748
f 750 	749 	753
f 742 	752 	756
f 752 	802 	959
f 752 	959 	960
f 757 	745 	756
f 748 	757 	416
f 753 	758 	755
f 758 	759 	755
f 960 	480 	756
f 757 	756 	480
f 757 	480 	481
f 757 	481 	416
f 1562 	763 	762
f 762 	764 	1562
f 1562 	768 	763
f 724 	736 	732
f 724 	769 	721
f 761 	759 	1176
f 776 	767 	879
f 767 	778 	771
f 767 	776 	778
f 758 	1170 	759
f 771 	778 	735
f 1176 	759 	1170
f 761 	1176 	1178
f 742 	778 	776
f 778 	745 	735
f 778 	742 	745
f 774 	892 	782
f 774 	783 	776
f 774 	782 	783
f 783 	742 	776
f 732 	769 	724
f 712 	789 	708
f 2664 	717 	716
f 790 	708 	789
f 736 	708 	790
f 89 	94 	794
f 736 	790 	734
f 782 	798 	802
f 799 	665 	664
f 782 	802 	783
f 783 	752 	742
f 783 	802 	752
f 499 	805 	724
f 724 	805 	736
f 786 	1213 	798
f 736 	799 	708
f 798 	957 	802
f 805 	799 	736
f 802 	957 	959
f 499 	671 	805
f 671 	665 	805
f 805 	665 	799
f 808 	1106 	786
f 1213 	786 	1106
f 100 	99 	796
f 811 	702 	820
f 614 	715 	575
f 614 	819 	715
f 814 	820 	815
f 820 	814 	812
f 820 	812 	811
f 834 	827 	820
f 820 	825 	815
f 825 	820 	827
f 835 	822 	854
f 822 	836 	826
f 822 	835 	836
f 828 	834 	830
f 831 	830 	834
f 101 	794 	796
f 834 	832 	831
f 826 	723 	691
f 796 	837 	122
f 826 	836 	723
f 827 	834 	828
f 796 	864 	837
f 840 	838 	834
f 835 	875 	879
f 834 	838 	832
f 848 	834 	820
f 835 	879 	836
f 848 	1971 	834
f 834 	1971 	840
f 836 	767 	723
f 839 	838 	840
f 1232 	839 	840
f 843 	620 	641
f 620 	843 	845
f 799 	664 	846
f 843 	852 	854
f 820 	708 	846
f 843 	854 	845
f 796 	860 	864
f 845 	621 	620
f 849 	621 	845
f 846 	848 	820
f 848 	1956 	1971
f 852 	843 	947
f 837 	899 	242
f 664 	667 	846
f 667 	848 	846
f 667 	1956 	848
f 822 	849 	845
f 35 	300 	857
f 856 	681 	682
f 822 	845 	854
f 849 	822 	826
f 856 	682 	859
f 857 	794 	35
f 849 	826 	819
f 794 	860 	796
f 861 	852 	917
f 857 	860 	794
f 681 	2018 	685
f 2018 	2023 	685
f 852 	861 	866
f 689 	420 	867
f 420 	588 	867
f 899 	837 	864
f 852 	866 	854
f 868 	857 	300
f 835 	854 	866
f 873 	866 	861
f 866 	875 	835
f 866 	873 	875
f 867 	8175 	859
f 300 	303 	868
f 868 	874 	857
f 861 	871 	873
f 857 	874 	860
f 907 	864 	860
f 874 	907 	860
f 764 	741 	1562
f 836 	879 	767
f 311 	868 	303
f 871 	887 	873
f 311 	889 	868
f 868 	889 	874
f 873 	887 	892
f 880 	1565 	881
f 875 	873 	892
f 883 	1565 	880
f 875 	774 	879
f 958 	889 	311
f 882 	1565 	883
f 892 	774 	875
f 886 	1565 	882
f 879 	774 	776
f 1565 	886 	1562
f 886 	768 	1562
f 899 	904 	242
f 1375 	948 	788
f 887 	903 	892
f 900 	903 	887
f 242 	904 	256
f 892 	903 	782
f 798 	782 	903
f 1568 	901 	1565
f 881 	1565 	901
f 905 	902 	1568
f 906 	905 	1568
f 907 	908 	864
f 900 	808 	786
f 900 	786 	903
f 908 	899 	864
f 903 	786 	798
f 899 	914 	904
f 876 	877 	916
f 911 	916 	877
f 916 	912 	876
f 1568 	913 	906
f 908 	914 	899
f 915 	913 	1568
f 916 	911 	878
f 861 	917 	918
f 874 	922 	907
f 889 	922 	874
f 907 	923 	908
f 924 	921 	916
f 922 	923 	907
f 921 	912 	916
f 908 	1138 	914
f 923 	1138 	908
f 924 	920 	919
f 921 	924 	919
f 1042 	926 	924
f 920 	924 	926
f 925 	928 	900
f 925 	900 	887
f 916 	936 	924
f 928 	808 	900
f 928 	933 	808
f 931 	936 	916
f 924 	936 	467
f 933 	1104 	808
f 918 	938 	871
f 471 	931 	241
f 471 	936 	931
f 938 	940 	925
f 936 	473 	467
f 925 	871 	938
f 471 	473 	936
f 918 	871 	861
f 940 	928 	925
f 925 	887 	871
f 941 	1566 	945
f 843 	641 	947
f 948 	953 	7190
f 947 	2408 	917
f 852 	947 	917
f 918 	917 	2415
f 958 	311 	354
f 1213 	957 	798
f 1024 	889 	958
f 959 	968 	1001
f 958 	354 	961
f 959 	1001 	960
f 756 	752 	960
f 354 	365 	961
f 365 	429 	966
f 968 	959 	957
f 961 	365 	966
f 1375 	953 	948
f 1259 	966 	429
f 976 	975 	1594
f 1594 	979 	977
f 981 	559 	978
f 973 	1594 	975
f 544 	552 	749
f 981 	749 	552
f 2138 	2140 	971
f 2162 	2159 	987
f 971 	987 	994
f 1594 	993 	988
f 1594 	988 	979
f 971 	994 	978
f 993 	990 	985
f 993 	985 	984
f 984 	986 	993
f 978 	999 	981
f 978 	994 	999
f 981 	999 	1010
f 1001 	535 	960
f 1010 	749 	981
f 986 	988 	993
f 1009 	1007 	1346
f 1006 	1346 	1007
f 1010 	753 	749
f 1006 	993 	1346
f 990 	993 	1006
f 987 	1008 	1045
f 1346 	1011 	1009
f 994 	1048 	1018
f 1018 	999 	994
f 1012 	1011 	1346
f 1010 	999 	1021
f 1021 	999 	1018
f 1010 	1023 	753
f 922 	889 	1024
f 1010 	1021 	1023
f 1023 	758 	753
f 1024 	1028 	922
f 1024 	1035 	1028
f 1018 	1159 	1021
f 922 	1028 	923
f 1023 	1021 	1162
f 961 	1033 	958
f 958 	1033 	1024
f 1033 	1035 	1024
f 1035 	1218 	1028
f 1034 	1287 	1294
f 1034 	1294 	1038
f 961 	1041 	1033
f 1045 	1008 	1038
f 1038 	1313 	1045
f 966 	1041 	961
f 1041 	1047 	1033
f 1048 	994 	987
f 987 	1045 	1048
f 1033 	1047 	1035
f 1046 	1044 	1049
f 1043 	1049 	1044
f 1049 	1043 	1042
f 1287 	1034 	1095
f 924 	1049 	1042
f 1120 	216 	1051
f 1045 	1314 	1048
f 1045 	1313 	1314
f 1055 	1054 	1067
f 1061 	1067 	1062
f 1056 	1067 	1061
f 1055 	1067 	1056
f 1062 	1067 	1072
f 1075 	1072 	1067
f 1083 	1075 	1067
f 1038 	1008 	1953
f 1083 	1082 	1078
f 1077 	1076 	1083
f 1078 	1077 	1083
f 1091 	3226 	1093
f 1213 	1093 	957
f 968 	957 	1093
f 1057 	1049 	484
f 1049 	1052 	1053
f 1049 	1053 	1046
f 1052 	1049 	1057
f 1049 	495 	484
f 1060 	1059 	484
f 484 	1098 	1063
f 484 	1063 	1060
f 1090 	1085 	1275
f 1076 	1075 	1083
f 1057 	484 	1059
f 1120 	1116 	1083
f 1116 	1082 	1083
f 1058 	1124 	394
f 1123 	484 	489
f 1058 	1136 	1124
f 1098 	484 	1123
f 1120 	1109 	1108
f 1114 	1116 	1120
f 1108 	1114 	1120
f 1120 	1118 	1109
f 489 	1115 	1113
f 1123 	489 	1119
f 1113 	1119 	489
f 428 	394 	1124
f 210 	216 	1120
f 489 	494 	1127
f 489 	1127 	1115
f 1120 	1051 	1118
f 428 	1124 	1128
f 924 	467 	1049
f 1158 	1128 	1124
f 1049 	467 	495
f 1083 	1067 	1131
f 1128 	434 	428
f 1131 	1067 	1129
f 1083 	1131 	399
f 8122 	1131 	1129
f 399 	1131 	7451
f 1131 	8122 	7451
f 1083 	399 	1120
f 904 	914 	1136
f 399 	400 	1120
f 1136 	1058 	904
f 1139 	1136 	914
f 1138 	1139 	914
f 1147 	1142 	1141
f 1140 	1147 	1141
f 1048 	1117 	1018
f 1139 	1158 	1136
f 1157 	1150 	1149
f 1018 	1117 	1159
f 1149 	1151 	1157
f 1157 	1153 	1150
f 1142 	1147 	1161
f 1157 	1151 	1147
f 1021 	1159 	1162
f 1151 	1161 	1147
f 1023 	1162 	1164
f 1164 	758 	1023
f 1164 	1170 	758
f 1166 	1169 	1173
f 1173 	1167 	1166
f 1168 	1171 	1173
f 1169 	1168 	1173
f 884 	7113 	1178
f 1173 	1171 	1157
f 1171 	1153 	1157
f 1054 	1173 	1067
f 1136 	1158 	1124
f 1167 	1173 	1054
f 1185 	1173 	1157
f 787 	1375 	788
f 1173 	1129 	1067
f 1138 	1212 	1139
f 1490 	1492 	1147
f 1157 	1147 	1466
f 1157 	1466 	1185
f 1129 	1173 	1185
f 923 	1190 	1138
f 1466 	8209 	1185
f 1191 	1156 	1155
f 1155 	1186 	1191
f 1187 	1191 	1186
f 1191 	1188 	1156
f 1196 	1195 	1198
f 1195 	1194 	1198
f 1198 	1194 	1191
f 1191 	1194 	1188
f 916 	878 	1200
f 916 	1200 	1198
f 1198 	1201 	1196
f 1201 	1198 	1200
f 1198 	1191 	231
f 265 	231 	1191
f 231 	931 	1198
f 931 	916 	1198
f 1028 	1190 	923
f 1190 	1212 	1138
f 1106 	808 	1104
f 1104 	3319 	3242
f 1091 	1213 	1106
f 1218 	1190 	1028
f 1212 	1190 	1220
f 1218 	1220 	1190
f 1213 	1091 	1093
f 1220 	1240 	1212
f 1035 	1224 	1218
f 1047 	1224 	1035
f 1224 	1226 	1218
f 1218 	1226 	1220
f 1523 	1224 	1047
f 1523 	1525 	1224
f 840 	1234 	1230
f 840 	1230 	1231
f 840 	1231 	1232
f 1212 	1235 	1139
f 1235 	1158 	1139
f 1235 	1238 	1158
f 1968 	2100 	840
f 1212 	1240 	1235
f 1128 	1158 	1238
f 1235 	1241 	1238
f 1241 	1235 	1240
f 1220 	1244 	1240
f 1226 	1244 	1220
f 1244 	1249 	1240
f 1241 	1240 	1249
f 1249 	1846 	1241
f 1226 	1628 	1244
f 1239 	1333 	1251
f 1253 	1251 	1338
f 897 	1375 	787
f 1260 	213 	293
f 429 	619 	1259
f 1259 	1264 	966
f 293 	1446 	1260
f 1273 	1259 	619
f 1259 	1276 	1264
f 1273 	1276 	1259
f 213 	1266 	215
f 1264 	1041 	966
f 213 	1260 	1266
f 1041 	1269 	1047
f 1266 	1270 	215
f 1264 	1269 	1041
f 1266 	1302 	1270
f 1268 	1263 	1271
f 1262 	1271 	1263
f 1261 	1271 	1262
f 619 	627 	1273
f 1274 	1361 	1261
f 1280 	1090 	1275
f 1276 	1281 	1264
f 1264 	1281 	1269
f 1287 	1095 	1280
f 1291 	1273 	627
f 1278 	1271 	1279
f 1268 	1271 	1278
f 627 	645 	1291
f 1279 	1271 	1283
f 1291 	1295 	1273
f 215 	1270 	219
f 1285 	1284 	1377
f 1273 	1295 	1276
f 1377 	1290 	1286
f 1377 	1286 	1285
f 1298 	1281 	1276
f 1446 	1297 	1260
f 1260 	1297 	1299
f 1283 	1377 	1284
f 1295 	1298 	1276
f 1297 	1305 	1299
f 1266 	1260 	1299
f 1299 	1302 	1266
f 1300 	1290 	1377
f 645 	1316 	1291
f 1305 	1297 	1304
f 1305 	1306 	1299
f 1299 	1306 	1302
f 1313 	1038 	1294
f 645 	694 	1316
f 1340 	3467 	1311
f 1117 	1048 	1314
f 1340 	1311 	1253
f 1317 	1316 	694
f 694 	700 	1317
f 1318 	700 	698
f 698 	704 	1318
f 1319 	1317 	700
f 1319 	700 	1318
f 1321 	1334 	1320
f 704 	717 	1322
f 1322 	1318 	704
f 1318 	1327 	1319
f 1236 	1331 	1239
f 1322 	1327 	1318
f 1320 	1331 	1236
f 1327 	1332 	1319
f 1331 	1333 	1239
f 1320 	1334 	1331
f 1331 	1335 	1333
f 1331 	1334 	1335
f 1334 	1336 	1335
f 1251 	1333 	1338
f 1338 	1340 	1253
f 1348 	1349 	1356
f 1356 	1354 	1348
f 1349 	1352 	1356
f 1350 	1356 	1352
f 1012 	1346 	1350
f 1356 	1350 	1346
f 1304 	1429 	1305
f 1361 	1360 	1356
f 1360 	1354 	1356
f 1361 	1359 	1358
f 1358 	1360 	1361
f 1271 	1261 	1361
f 1359 	1361 	1274
f 1509 	1356 	1508
f 1346 	1508 	1356
f 1517 	1271 	1516
f 1283 	1271 	1377
f 1383 	1300 	1377
f 1375 	1581 	1577
f 1379 	1381 	1383
f 1380 	1379 	1383
f 1381 	1301 	1383
f 1300 	1383 	1301
f 1386 	1147 	1140
f 1375 	1602 	1601
f 1386 	1383 	1147
f 1375 	1604 	1602
f 1380 	1383 	1388
f 1388 	1383 	1386
f 1481 	1487 	1377
f 1377 	1487 	1383
f 1375 	1694 	1852
f 1490 	1147 	1489
f 1383 	1489 	1147
f 1383 	1488 	1489
f 1375 	1696 	1694
f 1375 	1697 	1696
f 1375 	1707 	1697
f 1375 	1709 	1707
f 1375 	1258 	1662
f 1375 	1275 	1258
f 1512 	1513 	1361
f 1356 	1512 	1361
f 1375 	1280 	1275
f 1516 	1361 	1511
f 1375 	1287 	1280
f 1375 	1294 	1287
f 1520 	1377 	1271
f 1375 	1313 	1294
f 1375 	1314 	1313
f 1375 	1117 	1314
f 1338 	1412 	1340
f 1407 	1412 	1338
f 1375 	1159 	1117
f 1375 	1162 	1159
f 1333 	1335 	1407
f 1375 	1164 	1162
f 1333 	1407 	1338
f 1375 	1170 	1164
f 1375 	1176 	1170
f 1375 	1178 	1176
f 1412 	3470 	1340
f 1375 	884 	1178
f 1375 	890 	884
f 1375 	894 	890
f 1335 	1418 	1407
f 1375 	897 	894
f 1336 	1418 	1335
f 1418 	1419 	1407
f 1419 	1412 	1407
f 1336 	1337 	1422
f 1336 	1422 	1423
f 1424 	1418 	1423
f 1425 	1418 	1424
f 1453 	1418 	1425
f 1336 	1423 	1418
f 1418 	1456 	1419
f 1453 	1456 	1418
f 1364 	1461 	1532
f 1429 	1304 	1364
f 1364 	1436 	1429
f 1364 	1435 	1436
f 1321 	8702 	1644
f 1652 	1334 	1321
f 1436 	1765 	1429
f 1337 	1336 	1438
f 1550 	1777 	1435
f 1777 	1436 	1435
f 1445 	1447 	1450
f 1445 	1450 	1446
f 1446 	1450 	1297
f 1458 	1419 	1457
f 1456 	1457 	1419
f 1461 	1450 	1447
f 1447 	1459 	1461
f 1304 	1450 	1461
f 1466 	1476 	1477
f 1450 	1304 	1297
f 1295 	1291 	1469
f 1291 	1316 	1469
f 1459 	1532 	1461
f 1469 	1471 	1295
f 1364 	1304 	1461
f 1492 	1476 	1466
f 1295 	1471 	1298
f 1475 	421 	430
f 1316 	1317 	1478
f 1475 	430 	434
f 421 	1475 	1479
f 1478 	1469 	1316
f 1469 	1480 	1471
f 1474 	1447 	1445
f 1522 	1271 	1517
f 1361 	1516 	1271
f 1521 	1271 	1522
f 1478 	1480 	1469
f 1472 	421 	1479
f 1484 	1485 	1377
f 1485 	1482 	1377
f 1481 	1377 	1482
f 1475 	1495 	1479
f 1488 	1383 	1487
f 1447 	1474 	1483
f 1466 	1147 	1492
f 1459 	1483 	1491
f 1319 	1494 	1317
f 1317 	1494 	1478
f 1495 	1475 	1500
f 1494 	1496 	1478
f 1494 	1498 	1496
f 1478 	1496 	1480
f 1497 	1480 	1496
f 1375 	1586 	1581
f 1319 	1332 	1494
f 1591 	1586 	1375
f 1499 	434 	1128
f 1128 	1238 	1499
f 1494 	1332 	1498
f 1601 	1597 	1375
f 434 	1500 	1475
f 1498 	1501 	1496
f 1496 	1501 	1497
f 1508 	1346 	1507
f 1513 	1510 	1361
f 1511 	1361 	1510
f 1512 	1356 	1509
f 1484 	1377 	1520
f 1520 	1271 	1521
f 1523 	1047 	1269
f 1224 	1525 	1226
f 1226 	1525 	1628
f 1523 	1269 	1527
f 1269 	1281 	1527
f 1527 	1528 	1523
f 1499 	1500 	434
f 1459 	1447 	1483
f 1499 	1238 	1529
f 1499 	1529 	1530
f 1531 	1459 	1491
f 1529 	1537 	1530
f 1499 	1530 	1500
f 1500 	1530 	1567
f 1531 	1491 	1614
f 1532 	1459 	1531
f 1567 	1495 	1500
f 1535 	1507 	1346
f 1539 	676 	1538
f 1614 	1536 	1531
f 1531 	1536 	1542
f 1536 	1546 	1542
f 1531 	1542 	1532
f 1532 	1435 	1364
f 1532 	1542 	1435
f 1479 	1495 	1561
f 4221 	1548 	719
f 1542 	1550 	1435
f 1548 	4221 	1552
f 1552 	1575 	1548
f 1530 	1537 	1576
f 1523 	1528 	1525
f 1548 	1575 	1562
f 1527 	1599 	1528
f 741 	1548 	1562
f 1281 	1298 	1564
f 909 	1563 	941
f 1563 	909 	1559
f 941 	1563 	1566
f 1495 	1573 	1570
f 1570 	1569 	1495
f 1495 	1569 	1561
f 902 	901 	1568
f 1561 	1569 	1574
f 1572 	945 	1566
f 1567 	1530 	1576
f 1565 	1562 	1578
f 1575 	1578 	1562
f 1578 	1582 	1565
f 1619 	1623 	1567
f 1565 	1582 	1568
f 1582 	1598 	1568
f 953 	1375 	954
f 1575 	1552 	1585
f 1375 	1558 	954
f 1375 	1559 	1558
f 1585 	1588 	1575
f 1559 	1375 	1563
f 1588 	1578 	1575
f 1375 	1566 	1563
f 1375 	1572 	1566
f 1375 	1577 	1572
f 1573 	1495 	1589
f 1615 	1567 	1617
f 1619 	1567 	1576
f 915 	1568 	973
f 1594 	973 	1568
f 1568 	1598 	1594
f 977 	976 	1594
f 1281 	1564 	1527
f 1527 	1564 	1599
f 2006 	2007 	993
f 1594 	1598 	1863
f 1593 	1591 	1375
f 1542 	1546 	1550
f 1618 	1619 	1576
f 1624 	1622 	1576
f 6790 	1777 	1550
f 1610 	4300 	1875
f 1495 	1615 	1589
f 1495 	1567 	1615
f 1618 	1576 	1622
f 1567 	1623 	1617
f 1614 	1620 	1536
f 1620 	1627 	1630
f 1244 	1631 	1249
f 1628 	1631 	1244
f 1627 	6756 	1630
f 1620 	1630 	1536
f 1528 	1632 	1525
f 1630 	1546 	1536
f 1525 	1632 	1628
f 1632 	1635 	1628
f 1628 	1635 	1631
f 1599 	1637 	1528
f 1270 	1638 	219
f 1632 	1528 	1637
f 219 	1638 	524
f 1632 	1639 	1635
f 1638 	1641 	524
f 1645 	1638 	1270
f 1637 	1639 	1632
f 524 	1641 	528
f 1270 	1302 	1645
f 1638 	1647 	1641
f 1644 	8704 	1721
f 1645 	1647 	1638
f 1644 	1648 	1649
f 1375 	1597 	1593
f 1321 	1644 	1652
f 1671 	1656 	1644
f 1375 	1849 	1847
f 1336 	1334 	1652
f 1657 	1660 	1652
f 1652 	1644 	1656
f 1656 	1657 	1652
f 1705 	1702 	1654
f 1654 	1711 	1705
f 1766 	1662 	1258
f 1766 	1258 	1085
f 1650 	1645 	1302
f 1302 	1306 	1650
f 1650 	1669 	1645
f 1644 	1649 	1670
f 1654 	1537 	1667
f 1670 	1671 	1644
f 1673 	1667 	1853
f 1647 	1645 	1669
f 1537 	1654 	1576
f 1306 	1682 	1650
f 1676 	1438 	1336
f 1336 	1652 	1676
f 1677 	1673 	1854
f 1683 	1687 	1669
f 1854 	1675 	1677
f 1305 	1679 	1306
f 1305 	1429 	1679
f 1675 	1686 	1677
f 1676 	1652 	1681
f 1660 	1681 	1652
f 1679 	1682 	1306
f 1650 	1683 	1669
f 1683 	1650 	1682
f 1675 	1684 	1686
f 1745 	1683 	1682
f 1684 	453 	1688
f 1684 	1688 	1686
f 1258 	1275 	1085
f 1090 	1280 	1095
f 1720 	1721 	8704
f 8708 	1699 	1700
f 8708 	164 	1701
f 1698 	8708 	1701
f 1576 	1702 	1624
f 1576 	1654 	1702
f 1706 	1654 	1667
f 1667 	1673 	1706
f 1831 	1735 	1706
f 1654 	1706 	1735
f 1735 	1710 	1654
f 1723 	1720 	8704
f 1713 	1709 	1375
f 1721 	1648 	1644
f 8708 	1700 	1724
f 1375 	1662 	1713
f 1711 	1654 	1710
f 1833 	1837 	1706
f 1643 	1758 	1419
f 1458 	1643 	1419
f 1679 	1742 	1682
f 1742 	1745 	1682
f 1637 	1599 	1780
f 1746 	1687 	1683
f 1780 	1786 	1637
f 1639 	1637 	1786
f 1683 	1745 	1746
f 1746 	1811 	1687
f 1419 	1759 	3481
f 1760 	3481 	1759
f 1753 	3481 	1752
f 1751 	1752 	3481
f 1742 	1756 	1745
f 1749 	444 	1804
f 1746 	1745 	1757
f 1756 	1757 	1745
f 1804 	444 	1748
f 1757 	1818 	1746
f 1759 	1419 	1758
f 444 	448 	1748
f 1751 	3481 	1762
f 1760 	1762 	3481
f 1749 	2958 	444
f 1786 	1764 	453
f 1085 	2197 	1766
f 3612 	3481 	1768
f 1728 	1868 	1696
f 1748 	448 	458
f 1868 	1694 	1696
f 1697 	1728 	1696
f 1764 	459 	453
f 1728 	1697 	1730
f 1764 	458 	459
f 1730 	1697 	1707
f 1730 	1707 	1732
f 1772 	1564 	1298
f 1772 	1298 	1471
f 1772 	1774 	1564
f 1429 	1765 	1679
f 1765 	1742 	1679
f 1774 	1599 	1564
f 1436 	1779 	1765
f 1774 	1780 	1599
f 1791 	1774 	1772
f 1436 	1777 	1779
f 1779 	1784 	1765
f 1765 	1784 	1742
f 1798 	1780 	1774
f 1784 	1756 	1742
f 1471 	1480 	1788
f 6760 	1779 	1777
f 1788 	1772 	1471
f 1788 	1791 	1772
f 6764 	1756 	1784
f 1793 	1795 	3180
f 1794 	3180 	1797
f 1791 	1798 	1774
f 3160 	179 	178
f 1780 	1764 	1786
f 1798 	1764 	1780
f 3172 	1835 	179
f 1786 	453 	1684
f 1497 	1788 	1480
f 1886 	1845 	3175
f 1804 	1788 	1497
f 1803 	1802 	69
f 1788 	1804 	1791
f 1798 	1791 	1748
f 1803 	1807 	1802
f 1811 	1807 	1803
f 1804 	1748 	1791
f 1748 	458 	1798
f 1796 	3185 	1799
f 1798 	458 	1764
f 1497 	1749 	1804
f 1501 	1749 	1497
f 1746 	1818 	1811
f 1687 	1811 	1803
f 716 	7351 	2664
f 1585 	1610 	1947
f 1585 	1947 	1588
f 2141 	2142 	1588
f 1947 	2146 	1588
f 1990 	1991 	1598
f 993 	1594 	1863
f 2664 	1817 	717
f 2008 	993 	1863
f 1815 	1807 	1811
f 1818 	1815 	1811
f 6771 	1815 	1818
f 1757 	6777 	1818
f 2812 	2815 	1817
f 1817 	2815 	1819
f 1821 	15 	8264
f 1821 	8264 	1802
f 1824 	1826 	1821
f 1807 	1824 	1802
f 1879 	1876 	1677
f 1821 	1802 	1824
f 1677 	1686 	1879
f 1880 	1879 	1686
f 1903 	1954 	1686
f 1815 	1828 	1807
f 1709 	1734 	1732
f 1732 	1707 	1709
f 1709 	1713 	1734
f 1734 	1713 	1738
f 1738 	1662 	1766
f 1738 	1713 	1662
f 462 	472 	1915
f 1903 	1686 	1688
f 1915 	1903 	1688
f 1688 	462 	1915
f 1828 	1824 	1807
f 1858 	1860 	1830
f 1673 	1677 	1833
f 1828 	1834 	1824
f 1833 	1706 	1673
f 1706 	1836 	1832
f 1832 	1831 	1706
f 1824 	1834 	1826
f 1837 	1836 	1706
f 179 	1835 	170
f 1835 	1839 	1840
f 1840 	1892 	1835
f 1877 	1833 	1677
f 6772 	1828 	1815
f 1877 	1872 	1833
f 1817 	1322 	717
f 1835 	1843 	1839
f 1817 	1819 	1322
f 1322 	1819 	1327
f 1332 	1327 	1820
f 1819 	1820 	1327
f 1835 	3175 	1845
f 1844 	1843 	1835
f 3180 	1887 	3175
f 2936 	1498 	1332
f 1602 	1841 	1838
f 1241 	1529 	1238
f 1601 	1602 	1838
f 1604 	1841 	1602
f 1841 	1604 	1842
f 1846 	1537 	1529
f 1847 	1842 	1604
f 1667 	1537 	1846
f 1846 	1529 	1241
f 1853 	1846 	1249
f 1866 	1582 	1578
f 1667 	1846 	1853
f 1604 	1375 	1847
f 1849 	1375 	1850
f 1673 	1853 	1854
f 1635 	1639 	1675
f 1375 	1852 	1850
f 1675 	1854 	1635
f 1249 	1631 	1853
f 2925 	1842 	1858
f 1854 	1853 	1631
f 1631 	1635 	1854
f 1675 	1639 	1684
f 1858 	1849 	1860
f 1639 	1786 	1684
f 1861 	1850 	1852
f 1578 	1588 	1866
f 1866 	1981 	1582
f 1582 	1986 	1598
f 1994 	1990 	1598
f 1986 	1994 	1598
f 1346 	993 	2007
f 2006 	993 	2008
f 1833 	1871 	1837
f 1833 	1872 	1873
f 1873 	1871 	1833
f 1877 	1677 	1876
f 4415 	2050 	1875
f 1880 	1686 	1882
f 1815 	6771 	6772
f 1757 	6766 	6777
f 1845 	1844 	1835
f 1885 	3175 	1887
f 1887 	3180 	1795
f 1835 	1914 	170
f 1892 	1920 	1835
f 1904 	1905 	170
f 1905 	1927 	170
f 170 	1908 	1904
f 1903 	1910 	1911
f 1903 	1911 	1912
f 1913 	170 	1914
f 1908 	170 	1913
f 1903 	1918 	1910
f 1914 	1835 	1920
f 1921 	1918 	1915
f 1903 	1915 	1918
f 541 	1923 	1915
f 1915 	1923 	1921
f 1847 	1858 	1842
f 164 	161 	1930
f 1929 	1930 	161
f 1858 	1847 	1849
f 1930 	1931 	164
f 1860 	1850 	1861
f 1860 	1849 	1850
f 1864 	1861 	1852
f 1864 	1694 	1868
f 1694 	1864 	1852
f 164 	1931 	1933
f 1730 	2003 	1728
f 1933 	175 	164
f 1938 	1937 	164
f 1861 	1936 	1935
f 1935 	1830 	1860
f 1860 	1861 	1935
f 1940 	3612 	1769
f 1861 	1864 	1936
f 1864 	2040 	1936
f 1864 	1868 	2040
f 2144 	2143 	971
f 971 	978 	2144
f 2147 	2144 	978
f 987 	971 	2140
f 2141 	1588 	2146
f 1982 	1582 	1981
f 1866 	1984 	1981
f 8176 	1949 	1948
f 1991 	2000 	1863
f 2115 	2116 	1866
f 2148 	2115 	1866
f 1951 	2330 	1950
f 2159 	2160 	1008
f 1882 	1686 	1954
f 1952 	2332 	1951
f 1954 	1903 	1955
f 1912 	1955 	1903
f 1967 	1964 	3629
f 2008 	1863 	2001
f 1957 	1956 	667
f 667 	685 	1957
f 1945 	3618 	1944
f 1957 	1959 	1956
f 2186 	1034 	1953
f 685 	2023 	1957
f 1963 	3618 	1945
f 1965 	1988 	1964
f 1034 	1038 	1953
f 1988 	1965 	1966
f 1988 	3629 	1964
f 1967 	3618 	1963
f 2202 	2200 	1090
f 840 	1976 	1968
f 840 	1971 	1976
f 1976 	1979 	1968
f 1582 	1982 	1986
f 1966 	1992 	1988
f 1989 	1988 	1992
f 1863 	1598 	1991
f 1956 	1996 	1971
f 1989 	1995 	1988
f 1995 	1997 	1988
f 1997 	2014 	1988
f 1956 	1959 	1996
f 1971 	1996 	1976
f 1863 	2000 	2001
f 1866 	1588 	2142
f 1766 	2215 	1738
f 1984 	1866 	2002
f 2005 	2242 	1979
f 2142 	2148 	1866
f 1976 	2004 	1979
f 2152 	2153 	1947
f 1976 	1996 	2004
f 1988 	2013 	2782
f 2004 	2005 	1979
f 2019 	2020 	2782
f 2799 	1988 	2782
f 1346 	2007 	1535
f 2005 	275 	2242
f 1996 	1959 	2009
f 2009 	2004 	1996
f 2004 	203 	2005
f 2004 	2009 	203
f 203 	209 	2005
f 2005 	209 	275
f 2013 	1988 	2014
f 2009 	225 	203
f 681 	856 	2018
f 2019 	2782 	2013
f 2016 	2782 	2020
f 2040 	2015 	2012
f 2018 	856 	1948
f 1948 	2025 	2018
f 2018 	2025 	2023
f 2025 	2038 	2023
f 2029 	2025 	1948
f 1948 	1949 	2029
f 2016 	2017 	2778
f 2030 	2778 	2017
f 2043 	2034 	3148
f 2031 	1959 	1957
f 2043 	3148 	2778
f 2023 	2031 	1957
f 1959 	2031 	2032
f 2031 	2023 	2038
f 2031 	2039 	2032
f 2031 	2038 	2039
f 2035 	3148 	2034
f 2012 	1936 	2040
f 1809 	3185 	2037
f 2039 	234 	2032
f 2029 	2041 	2025
f 2025 	2041 	2038
f 2040 	2042 	2015
f 214 	2039 	2038
f 214 	2038 	2041
f 2042 	1728 	2003
f 2045 	2778 	2030
f 2045 	2043 	2778
f 2040 	1868 	2042
f 2032 	2009 	1959
f 2009 	2032 	225
f 2042 	1868 	1728
f 2032 	234 	225
f 2431 	2433 	1953
f 2191 	2194 	1766
f 1085 	2200 	2197
f 2055 	938 	918
f 2301 	2050 	2302
f 2146 	1947 	2150
f 1730 	1732 	2074
f 1610 	1875 	2118
f 1947 	1610 	2118
f 1947 	2154 	2152
f 2118 	2154 	1947
f 2083 	2086 	2080
f 2153 	2150 	1947
f 2083 	3609 	2086
f 2096 	2083 	2094
f 2094 	2083 	2080
f 5026 	3521 	2096
f 1968 	2102 	2101
f 2101 	2100 	1968
f 1234 	840 	1237
f 1237 	840 	2100
f 2103 	2114 	2178
f 1730 	2074 	2003
f 2110 	2107 	2112
f 2112 	2107 	2106
f 2109 	2112 	2106
f 2103 	5034 	2114
f 1732 	2218 	2074
f 2002 	1866 	2116
f 2481 	2479 	1734
f 2114 	2080 	2121
f 2155 	2118 	1875
f 2114 	2121 	2178
f 2086 	2121 	2080
f 2042 	2122 	2015
f 2086 	2079 	2121
f 2122 	2042 	2003
f 3342 	2151 	2079
f 2012 	2124 	3005
f 2103 	2393 	2066
f 2012 	2015 	2124
f 2124 	2015 	2127
f 2015 	2122 	2127
f 2127 	2122 	2496
f 2134 	472 	2133
f 2574 	2127 	2575
f 2496 	2578 	2127
f 2138 	971 	2137
f 2137 	971 	2143
f 933 	2131 	3312
f 978 	580 	2147
f 1104 	933 	3312
f 2162 	987 	2149
f 2149 	987 	2140
f 2435 	2431 	1008
f 2156 	2155 	1875
f 2156 	1875 	2157
f 2435 	1008 	2160
f 2155 	2163 	2118
f 2159 	1008 	987
f 2118 	2163 	2154
f 2305 	2130 	2304
f 2131 	2183 	2161
f 2151 	3328 	2161
f 3342 	3328 	2151
f 2161 	3329 	2131
f 2161 	3328 	3329
f 3312 	2131 	3329
f 2172 	2151 	2173
f 2172 	2079 	2151
f 2173 	2151 	2161
f 2304 	2130 	2306
f 2121 	2172 	2178
f 2180 	2157 	1875
f 2180 	1875 	2301
f 1875 	2050 	2301
f 2079 	2172 	2121
f 2050 	2305 	2302
f 2434 	1953 	2433
f 2173 	2161 	2183
f 1953 	1008 	2431
f 2443 	2442 	2186
f 2447 	2443 	1953
f 2186 	1953 	2443
f 2187 	928 	940
f 2187 	2183 	2131
f 2187 	2131 	933
f 2191 	1766 	2192
f 2187 	933 	928
f 2108 	2112 	2109
f 2194 	2215 	1766
f 1766 	2197 	2192
f 1968 	2108 	2195
f 1968 	2195 	2102
f 1968 	2112 	2108
f 2449 	2207 	1090
f 2449 	1090 	2448
f 1090 	2207 	2202
f 1085 	1090 	2200
f 1090 	1095 	2448
f 2452 	2448 	1095
f 2439 	1095 	2186
f 1095 	1034 	2186
f 2208 	2199 	2183
f 2213 	2214 	1738
f 2213 	1738 	2215
f 2208 	2183 	2187
f 2212 	2210 	2112
f 2208 	2187 	940
f 2225 	1738 	2214
f 2173 	2198 	2172
f 2210 	2110 	2112
f 2173 	2199 	2198
f 2112 	2242 	2212
f 1979 	2242 	2112
f 2074 	2475 	2003
f 2203 	2212 	2206
f 2203 	2209 	2212
f 2173 	2183 	2199
f 2477 	2474 	2074
f 2477 	2074 	2218
f 2210 	2212 	2209
f 2481 	1734 	2482
f 2222 	2221 	2236
f 2220 	2236 	2221
f 2178 	2172 	2198
f 2218 	1732 	1734
f 1738 	2484 	1734
f 2220 	2206 	2212
f 2236 	2228 	2227
f 2236 	2227 	2222
f 2230 	2228 	2236
f 2112 	1968 	1979
f 2242 	2243 	2212
f 940 	2237 	2208
f 938 	2237 	940
f 2199 	2251 	2198
f 2220 	2212 	2236
f 2238 	2230 	2236
f 2242 	275 	2243
f 2237 	2253 	2208
f 2236 	2212 	2243
f 2281 	2236 	273
f 2243 	273 	2236
f 2237 	938 	2055
f 2420 	2251 	2253
f 275 	288 	2243
f 2243 	288 	273
f 2251 	2199 	2253
f 2253 	2199 	2208
f 2274 	2236 	2281
f 2238 	2236 	2274
f 2281 	2277 	2276
f 2274 	2281 	2275
f 2276 	2275 	2281
f 2281 	2279 	2277
f 2306 	2130 	2307
f 2130 	2349 	2307
f 2050 	2130 	2305
f 2308 	2293 	2281
f 2293 	2279 	2281
f 2308 	2287 	2286
f 2286 	2291 	2308
f 2293 	2308 	2291
f 2308 	2314 	2313
f 2308 	2313 	2287
f 299 	2281 	273
f 2281 	299 	2308
f 1949 	1950 	2323
f 2323 	2029 	1949
f 1950 	2330 	2323
f 1952 	2414 	2332
f 2332 	2330 	1951
f 2130 	4423 	2368
f 2368 	2375 	2130
f 2363 	2368 	2361
f 2562 	2385 	2368
f 2372 	2375 	2368
f 2349 	2130 	2375
f 2371 	2372 	2368
f 2363 	2373 	2368
f 2368 	2373 	2371
f 2361 	2368 	2385
f 2570 	4906 	2577
f 2414 	2417 	2332
f 2029 	2394 	2041
f 2029 	2323 	2394
f 2178 	2393 	2103
f 2394 	452 	2041
f 2393 	2198 	2251
f 2330 	2396 	2323
f 2393 	2178 	2198
f 2323 	2396 	2394
f 2396 	456 	2394
f 2401 	2402 	2396
f 2401 	2396 	2330
f 947 	641 	2400
f 2400 	2408 	947
f 2332 	2401 	2330
f 456 	2396 	2402
f 2408 	2400 	2399
f 569 	456 	2402
f 2332 	2417 	2401
f 2398 	2405 	2399
f 2405 	2398 	2407
f 2399 	2405 	2408
f 2421 	586 	2402
f 2402 	586 	569
f 15 	1821 	2409
f 2407 	2412 	2413
f 2409 	1952 	15
f 2405 	2407 	2413
f 2405 	2415 	2408
f 2409 	2414 	1952
f 2413 	2415 	2405
f 2408 	2415 	917
f 2423 	2425 	2414
f 2414 	2425 	2417
f 2412 	2418 	2413
f 2418 	2412 	2420
f 2421 	2401 	2417
f 2413 	2418 	2055
f 2237 	2055 	2418
f 2401 	2421 	2402
f 2055 	2415 	2413
f 1826 	2409 	1821
f 2055 	918 	2415
f 1826 	2423 	2409
f 2253 	2418 	2420
f 2409 	2423 	2414
f 2418 	2253 	2237
f 2429 	2423 	1826
f 2429 	2445 	2423
f 1826 	1834 	2429
f 2426 	2436 	2428
f 2425 	2423 	2445
f 2436 	2426 	2432
f 2438 	2439 	2186
f 2428 	2436 	2407
f 2439 	2441 	1095
f 2438 	2186 	2442
f 2428 	2407 	2398
f 1953 	2434 	2447
f 6773 	7252 	1834
f 2432 	2446 	2450
f 1834 	7252 	2429
f 2446 	2454 	2450
f 2432 	2450 	2436
f 2452 	1095 	2441
f 2436 	2412 	2407
f 7252 	7253 	2429
f 2436 	2450 	2412
f 2066 	2454 	2446
f 2417 	2455 	2421
f 2450 	2454 	2420
f 2425 	2455 	2417
f 582 	586 	2421
f 2450 	2420 	2412
f 2455 	582 	2421
f 2066 	2393 	2454
f 2455 	2425 	2456
f 2454 	2251 	2420
f 2454 	2393 	2251
f 2445 	2456 	2425
f 2456 	2459 	2455
f 2455 	2459 	582
f 2466 	2122 	2468
f 2003 	2471 	2468
f 2473 	2074 	2474
f 2475 	2074 	2473
f 2471 	2003 	2475
f 2218 	2478 	2477
f 2479 	2478 	2218
f 2479 	2218 	1734
f 2482 	1734 	2484
f 2484 	1738 	2225
f 2492 	2493 	2122
f 2467 	2486 	2122
f 2467 	2122 	2466
f 2003 	2468 	2122
f 2493 	2495 	2122
f 2496 	2122 	2495
f 2486 	2492 	2122
f 2456 	2445 	7255
f 7265 	2459 	2456
f 2506 	7476 	5005
f 5008 	5010 	2680
f 2385 	2562 	2567
f 4899 	2571 	2562
f 2562 	2572 	2567
f 2571 	2572 	2562
f 2568 	4906 	2570
f 2575 	2127 	2578
f 2609 	2608 	4906
f 2581 	2610 	2580
f 2610 	4962 	2580
f 2580 	4962 	2589
f 2577 	4906 	2608
f 2610 	2581 	2613
f 2589 	4962 	2620
f 2678 	4965 	4952
f 2654 	945 	2711
f 2729 	2731 	2678
f 2677 	2812 	2664
f 2664 	2812 	1817
f 4952 	2680 	2678
f 2678 	2732 	2729
f 2680 	2682 	2683
f 2680 	2683 	2684
f 2684 	2732 	2680
f 2680 	2732 	2678
f 2656 	2690 	2676
f 2689 	2680 	2688
f 5010 	5023 	2680
f 2680 	2689 	2682
f 2656 	2713 	2690
f 2690 	2677 	2676
f 2697 	2794 	2698
f 2721 	2794 	2697
f 2714 	2691 	2690
f 2696 	2721 	2697
f 2711 	2656 	2654
f 2711 	2713 	2656
f 2713 	2714 	2690
f 2713 	1581 	2714
f 2696 	2691 	2715
f 2714 	2715 	2691
f 2620 	4962 	2720
f 2719 	2720 	4962
f 2715 	2721 	2696
f 2716 	2722 	2719
f 2716 	2726 	2722
f 2726 	2716 	2727
f 2716 	2678 	2731
f 2727 	2716 	2731
f 2761 	2743 	2742
f 2761 	2746 	2743
f 2748 	2761 	2751
f 2761 	2753 	2751
f 2742 	3266 	2761
f 2761 	2748 	2746
f 2761 	2705 	2753
f 2761 	2707 	2705
f 2761 	2709 	2707
f 2761 	2712 	2709
f 2761 	2718 	2712
f 2761 	2723 	2718
f 2761 	2728 	2723
f 2761 	2733 	2728
f 2761 	2736 	2733
f 2761 	2701 	2736
f 2761 	2703 	2701
f 2778 	2782 	2016
f 2780 	2789 	2797
f 2778 	2793 	2782
f 2791 	2793 	2778
f 2780 	2797 	2784
f 2793 	2807 	2782
f 2796 	2889 	2698
f 2794 	2796 	2698
f 2786 	2814 	2791
f 945 	1572 	2711
f 2711 	1572 	1577
f 1577 	2713 	2711
f 2797 	2798 	2784
f 2789 	3108 	2797
f 2713 	1577 	1581
f 2782 	2807 	2799
f 3128 	2798 	2797
f 2714 	1586 	2715
f 1581 	1586 	2714
f 3128 	3130 	2798
f 1591 	2715 	1586
f 2715 	1591 	2721
f 1591 	1593 	2721
f 2721 	1593 	2794
f 2794 	1597 	2796
f 1593 	1597 	2794
f 1597 	1601 	2796
f 2677 	2691 	2812
f 2814 	2786 	2810
f 2791 	2817 	2793
f 2812 	2696 	2815
f 2802 	2845 	2803
f 1819 	2819 	1820
f 2791 	2814 	2817
f 2845 	2802 	2816
f 2815 	2819 	1819
f 2793 	2817 	2829
f 2806 	2803 	2847
f 2845 	2847 	2803
f 2793 	2829 	2807
f 2677 	2690 	2691
f 6805 	2806 	2821
f 2692 	2841 	2810
f 2817 	2814 	2880
f 2864 	2823 	2821
f 2807 	2829 	2831
f 2841 	2692 	2703
f 2810 	2841 	2878
f 2865 	2867 	2833
f 2810 	2878 	2814
f 2883 	2829 	2817
f 2849 	2821 	2806
f 2829 	2885 	2831
f 2806 	2847 	2849
f 2816 	2784 	2798
f 2816 	2798 	2851
f 2845 	2816 	2851
f 2851 	2852 	2845
f 2845 	2852 	2847
f 2847 	2855 	2849
f 2852 	2855 	2847
f 3130 	2851 	2798
f 2859 	2799 	2807
f 2859 	2807 	2831
f 2849 	2864 	2821
f 2849 	2872 	2864
f 2831 	2835 	2859
f 2849 	2855 	2872
f 2859 	2835 	2862
f 2833 	2823 	2865
f 2865 	2823 	2864
f 2866 	2862 	2835
f 2837 	2833 	2867
f 2867 	4327 	2837
f 2865 	2864 	2873
f 2872 	2873 	2864
f 2903 	2906 	2866
f 2866 	2906 	2869
f 2873 	2872 	3235
f 2867 	4340 	4327
f 2691 	2696 	2812
f 2814 	2878 	2880
f 2883 	2817 	2880
f 2815 	2697 	2819
f 2696 	2697 	2815
f 2697 	2698 	2819
f 2883 	2885 	2829
f 2831 	2885 	2888
f 2698 	2945 	2819
f 2945 	2698 	2889
f 2891 	2950 	2889
f 2896 	3000 	2890
f 6926 	2898 	2896
f 2898 	3004 	2896
f 2831 	2888 	2835
f 2896 	3004 	3000
f 2903 	2866 	2835
f 2903 	2835 	2888
f 2891 	2892 	2886
f 2761 	2841 	2703
f 2761 	2878 	2841
f 2892 	1842 	2925
f 2761 	2880 	2878
f 2761 	2883 	2880
f 2761 	2885 	2883
f 2761 	2888 	2885
f 2903 	2888 	2761
f 2796 	1838 	2889
f 2761 	2906 	2903
f 2796 	1601 	1838
f 2761 	2908 	2906
f 2889 	1838 	2891
f 2761 	2913 	2908
f 2761 	2944 	2913
f 2891 	1841 	2892
f 1838 	1841 	2891
f 1841 	1842 	2892
f 2761 	2953 	2952
f 2761 	2954 	2953
f 2925 	1858 	1830
f 2761 	2959 	2954
f 2761 	3359 	2959
f 2936 	1332 	1820
f 2761 	3363 	3359
f 2933 	2935 	2932
f 2761 	3367 	3363
f 2938 	1501 	1498
f 2761 	3372 	3367
f 1498 	2936 	2938
f 2761 	3378 	3372
f 2938 	2955 	1501
f 2761 	3381 	3378
f 2933 	2946 	2935
f 2761 	3383 	3381
f 2936 	1820 	2945
f 1820 	2819 	2945
f 2933 	2981 	2946
f 2950 	2938 	2936
f 2951 	7409 	2935
f 2951 	2935 	2946
f 2945 	2950 	2936
f 2950 	2886 	2938
f 2947 	2761 	2952
f 2886 	2955 	2938
f 2946 	3251 	2951
f 2945 	2889 	2950
f 2950 	2891 	2886
f 1501 	2955 	1749
f 2995 	2953 	2954
f 2956 	2975 	2978
f 2956 	2978 	2961
f 2947 	2944 	2761
f 5273 	2933 	2932
f 2969 	2913 	2971
f 2980 	2963 	2961
f 2961 	2978 	2980
f 2963 	2980 	2981
f 2908 	2969 	2869
f 2906 	2908 	2869
f 2980 	3031 	2981
f 2908 	2913 	2969
f 2955 	2958 	1749
f 2963 	2981 	2933
f 2958 	2982 	444
f 2958 	2991 	2982
f 2971 	2944 	2977
f 2944 	2971 	2913
f 2982 	2984 	448
f 2886 	2989 	2955
f 2989 	2958 	2955
f 2973 	3025 	2975
f 2989 	2991 	2958
f 1311 	3467 	2920
f 2991 	2994 	2982
f 2982 	2994 	2984
f 2994 	2996 	2984
f 2012 	3005 	2996
f 2987 	2977 	2947
f 2892 	2989 	2886
f 2887 	2998 	2997
f 2944 	2947 	2977
f 2892 	2925 	2989
f 2890 	2998 	2887
f 2952 	2987 	2947
f 2925 	2991 	2989
f 2987 	2952 	2990
f 1830 	2994 	2991
f 2952 	2953 	2990
f 2990 	2953 	2995
f 1830 	2991 	2925
f 1830 	1935 	2994
f 2996 	2994 	1935
f 3000 	2998 	2890
f 1935 	1936 	2996
f 1936 	2012 	2996
f 3000 	3002 	2998
f 2984 	466 	448
f 2984 	3005 	466
f 2984 	2996 	3005
f 469 	2124 	472
f 3000 	3007 	3002
f 3005 	2124 	469
f 2124 	2127 	472
f 2978 	3027 	3028
f 2978 	3028 	2980
f 2980 	3028 	3031
f 3066 	3068 	3010
f 3010 	3068 	3014
f 3025 	2973 	3022
f 2978 	2975 	3027
f 2975 	3025 	3027
f 3014 	3071 	3020
f 3004 	3007 	3000
f 3034 	508 	505
f 2898 	3038 	3004
f 3034 	3035 	508
f 2920 	3038 	2898
f 3004 	3040 	3007
f 512 	3035 	3089
f 3038 	3040 	3004
f 3041 	3729 	3039
f 3039 	3729 	3710
f 3047 	3744 	3045
f 3203 	3093 	3053
f 3053 	3066 	3010
f 2887 	2997 	3058
f 2788 	3046 	3070
f 3068 	3071 	3014
f 3288 	3292 	3064
f 3075 	3070 	3046
f 3020 	2692 	3023
f 2692 	3020 	3071
f 3075 	3046 	3062
f 3075 	3077 	3070
f 3073 	3079 	3076
f 3066 	2736 	3068
f 3079 	3060 	3076
f 3062 	3058 	2997
f 3062 	2997 	3086
f 2703 	2692 	3071
f 3086 	3075 	3062
f 2701 	2703 	3071
f 3075 	3088 	3077
f 3086 	3088 	3075
f 2997 	2998 	3094
f 3094 	3086 	2997
f 3094 	3096 	3086
f 3093 	3066 	3053
f 3095 	3097 	3087
f 3102 	3095 	3092
f 3095 	3057 	3097
f 3102 	3057 	3095
f 3088 	3086 	3096
f 3087 	3097 	3808
f 3100 	3138 	3088
f 3096 	3100 	3088
f 3076 	3102 	3092
f 3094 	2998 	3002
f 2723 	2728 	3091
f 3091 	2728 	3093
f 2733 	3066 	3093
f 2728 	2733 	3093
f 3102 	3076 	3060
f 2733 	2736 	3066
f 3060 	3064 	3102
f 3102 	3064 	3057
f 3070 	2789 	2788
f 3068 	2701 	3071
f 3068 	2736 	2701
f 2981 	3033 	2946
f 2981 	3031 	3033
f 3033 	3251 	2946
f 3112 	3115 	3107
f 3114 	3034 	505
f 3112 	3188 	3115
f 3022 	3016 	3406
f 3107 	3115 	3110
f 3111 	2705 	3113
f 2707 	3114 	3113
f 3113 	2705 	2707
f 3355 	3031 	3028
f 3125 	538 	535
f 535 	3120 	3125
f 3111 	538 	3125
f 3108 	2789 	3070
f 3125 	2753 	3111
f 3108 	3128 	2797
f 3111 	523 	538
f 3119 	2748 	3120
f 2751 	3125 	3120
f 3108 	3070 	3077
f 3108 	3132 	3128
f 3108 	3077 	3132
f 3132 	3134 	3128
f 3128 	3134 	3130
f 2709 	3114 	2707
f 3088 	3138 	3077
f 2709 	3034 	3114
f 3077 	3138 	3132
f 2712 	3035 	3034
f 3132 	3140 	3134
f 2709 	2712 	3034
f 3035 	2712 	2718
f 3138 	3140 	3132
f 3089 	2718 	2723
f 3089 	3035 	2718
f 3091 	3089 	2723
f 3140 	3138 	3143
f 3138 	3100 	3143
f 2748 	3119 	2746
f 2748 	2751 	3120
f 2751 	2753 	3125
f 2753 	2705 	3111
f 2035 	2037 	3148
f 3094 	3149 	3096
f 3185 	3023 	2786
f 3002 	3149 	3094
f 2786 	2791 	3148
f 3149 	3151 	3096
f 3148 	2791 	2778
f 3023 	2810 	2786
f 3023 	2692 	2810
f 3096 	3151 	3100
f 3151 	3262 	3100
f 178 	440 	3160
f 3002 	3007 	3162
f 3172 	179 	3160
f 3149 	3002 	3162
f 3166 	3151 	3149
f 3149 	3162 	3166
f 440 	3053 	3160
f 3166 	3268 	3151
f 3151 	3268 	3262
f 3172 	3175 	1835
f 3174 	3162 	3007
f 3172 	3160 	3010
f 3040 	3174 	3007
f 3174 	3179 	3162
f 1885 	1886 	3175
f 3172 	3014 	3175
f 3014 	3020 	3175
f 1794 	1793 	3180
f 3123 	3181 	3186
f 1797 	3180 	1796
f 3185 	1796 	3180
f 1809 	1799 	3185
f 3123 	3186 	3126
f 3186 	2956 	3126
f 3053 	3010 	3160
f 3010 	3014 	3172
f 3186 	2975 	2956
f 3180 	3175 	3020
f 3020 	3023 	3180
f 3180 	3023 	3185
f 504 	512 	3201
f 3166 	3162 	3179
f 504 	3201 	437
f 437 	3203 	440
f 3201 	3203 	437
f 3053 	440 	3203
f 3202 	3789 	3204
f 512 	508 	3035
f 3643 	3174 	3040
f 3198 	3204 	3207
f 3089 	3201 	512
f 3203 	3201 	3091
f 3207 	3181 	3198
f 3179 	3646 	3901
f 3181 	3207 	2973
f 3201 	3089 	3091
f 3091 	3093 	3203
f 3130 	3213 	2851
f 3181 	2973 	3186
f 2851 	3213 	2852
f 3148 	2037 	3185
f 2975 	3186 	2973
f 3185 	2786 	3148
f 2852 	3215 	2855
f 3213 	3215 	2852
f 3016 	3207 	3204
f 3217 	3213 	3130
f 3016 	3204 	3789
f 3130 	3134 	3217
f 3022 	3207 	3016
f 3217 	3219 	3213
f 3022 	2973 	3207
f 3215 	3213 	3219
f 3221 	450 	445
f 3221 	445 	3231
f 3134 	3140 	3222
f 3223 	450 	3221
f 3222 	3217 	3134
f 3123 	5242 	3223
f 3221 	3198 	3223
f 3223 	3181 	3123
f 3223 	3198 	3181
f 3230 	968 	1093
f 1093 	3226 	3230
f 3259 	3222 	3140
f 3119 	968 	3230
f 3259 	3414 	3222
f 3222 	3414 	3283
f 3215 	3233 	2855
f 2746 	3119 	3230
f 1001 	968 	3119
f 2855 	3233 	2872
f 3246 	3234 	3236
f 3119 	3120 	1001
f 2872 	3233 	3235
f 3229 	3238 	3231
f 3229 	3236 	3238
f 3231 	3238 	3239
f 3226 	2743 	3230
f 3215 	3240 	3233
f 3230 	2743 	2746
f 3231 	3239 	3221
f 3219 	3240 	3215
f 3240 	3241 	3233
f 3239 	3198 	3221
f 3235 	3233 	3241
f 1091 	1106 	3242
f 3200 	3238 	3236
f 3238 	3202 	3239
f 3238 	3200 	3202
f 3239 	3202 	3204
f 3224 	1091 	3242
f 3239 	3204 	3198
f 1091 	3224 	3226
f 3229 	683 	679
f 679 	3246 	3229
f 3231 	683 	3229
f 3246 	4235 	3234
f 3246 	3236 	3229
f 2951 	3251 	3254
f 3143 	3259 	3140
f 3100 	3262 	3143
f 3262 	3265 	3143
f 3366 	3254 	3251
f 3259 	3143 	3265
f 3254 	3366 	3373
f 3254 	3373 	3258
f 3266 	2742 	3224
f 3262 	3270 	3265
f 3224 	2742 	3226
f 3262 	3268 	3270
f 3226 	2742 	2743
f 3179 	3275 	3166
f 3179 	3901 	3275
f 2761 	3249 	3248
f 3166 	3275 	3268
f 3275 	3277 	3268
f 2761 	3250 	3249
f 2761 	3252 	3250
f 3277 	3270 	3268
f 3256 	3252 	2761
f 2761 	3260 	3256
f 3264 	3260 	2761
f 3266 	3264 	2761
f 3217 	3222 	3283
f 3283 	3219 	3217
f 3283 	3286 	3219
f 3288 	3060 	3110
f 3110 	3296 	3288
f 3060 	3288 	3064
f 3115 	3296 	3110
f 3292 	3288 	3036
f 3296 	3036 	3288
f 3291 	3260 	3295
f 3036 	3695 	3292
f 3115 	3304 	3296
f 3224 	3242 	3300
f 3188 	3304 	3115
f 3279 	3248 	3249
f 3304 	3039 	3296
f 3304 	3041 	3039
f 3281 	3279 	3249
f 3281 	3249 	3250
f 3296 	3039 	3036
f 3281 	3250 	3284
f 3284 	3252 	3285
f 3476 	3041 	3304
f 3284 	3250 	3252
f 3256 	3285 	3252
f 3110 	3060 	3079
f 3285 	3256 	3291
f 3107 	3110 	3079
f 3291 	3256 	3260
f 3260 	3264 	3295
f 3311 	3310 	3308
f 3295 	3264 	3300
f 3266 	3224 	3300
f 3365 	3361 	3311
f 3264 	3266 	3300
f 3329 	3340 	3312
f 3312 	3319 	1104
f 3311 	3317 	3365
f 3314 	3317 	3311
f 3319 	3312 	3340
f 3314 	3073 	3317
f 3076 	3092 	3317
f 3073 	3076 	3317
f 1106 	1104 	3242
f 3319 	3340 	3295
f 3319 	3295 	3300
f 3319 	3300 	3242
f 3331 	3284 	3336
f 3328 	3342 	3336
f 3328 	3338 	3329
f 3328 	3336 	3338
f 3329 	3338 	3340
f 3333 	3279 	3281
f 3333 	3281 	3331
f 3331 	3281 	3284
f 3338 	3336 	3285
f 3284 	3285 	3336
f 3338 	3285 	3291
f 3338 	3291 	3340
f 3340 	3291 	3295
f 3342 	2079 	3347
f 3347 	3331 	3342
f 3347 	3333 	3331
f 3342 	3331 	3336
f 3311 	3345 	3344
f 3344 	3349 	3311
f 3311 	3353 	3345
f 3352 	3028 	3027
f 3352 	3355 	3028
f 3311 	3349 	3310
f 3360 	3033 	3031
f 3031 	3355 	3360
f 3504 	2959 	3359
f 3360 	3364 	3033
f 3361 	3353 	3311
f 3033 	3364 	3251
f 3365 	3357 	3356
f 3356 	3358 	3365
f 3358 	3361 	3365
f 3251 	3364 	3366
f 3258 	3373 	3377
f 7616 	3377 	3271
f 3374 	3370 	3379
f 3369 	3379 	3370
f 3368 	3379 	3369
f 3365 	3379 	3368
f 3357 	3365 	3368
f 3385 	3379 	3387
f 3379 	3385 	3384
f 3379 	3384 	3374
f 3087 	3387 	3379
f 3379 	3095 	3087
f 3092 	3095 	3379
f 3383 	2761 	3248
f 3389 	3388 	3087
f 3087 	3390 	3389
f 3087 	3391 	3390
f 3387 	3087 	3388
f 3400 	3406 	3016
f 3808 	3401 	3087
f 3087 	3401 	3391
f 3408 	3025 	3022
f 3402 	3401 	3808
f 3022 	3406 	3408
f 3365 	3317 	3092
f 3409 	3027 	3025
f 3365 	3092 	3379
f 3219 	3286 	3240
f 3025 	3408 	3409
f 3286 	3411 	3240
f 3381 	3410 	3407
f 3352 	3027 	3409
f 3286 	3418 	3411
f 3240 	3411 	3241
f 3411 	4679 	3241
f 3286 	3283 	3416
f 3414 	3416 	3283
f 3416 	3418 	3286
f 3422 	3425 	3414
f 3414 	3425 	3416
f 3282 	3280 	3501
f 3259 	3422 	3414
f 3265 	3422 	3259
f 3416 	3431 	3418
f 3425 	3431 	3416
f 3433 	3432 	3424
f 3433 	3424 	3426
f 3433 	3426 	3429
f 3270 	3434 	3265
f 3434 	3422 	3265
f 3422 	3438 	3425
f 3434 	3438 	3422
f 3438 	3443 	3425
f 3437 	3436 	3440
f 3436 	3435 	3440
f 3425 	3443 	3431
f 3440 	3435 	3433
f 3432 	3433 	3435
f 3270 	3451 	3434
f 3311 	3308 	3448
f 3298 	3276 	3501
f 3277 	3451 	3270
f 3451 	3455 	3434
f 3501 	3280 	3298
f 3440 	3453 	3437
f 3455 	3438 	3434
f 3311 	3448 	3440
f 3438 	3457 	3443
f 3448 	3453 	3440
f 3455 	3457 	3438
f 3332 	3460 	3334
f 3458 	3460 	3332
f 3440 	3314 	3311
f 3460 	3461 	3334
f 3277 	3922 	3451
f 3466 	3479 	3462
f 4063 	3457 	3455
f 3476 	3304 	3188
f 3573 	2920 	3467
f 1340 	3470 	3467
f 3471 	3466 	4073
f 3456 	3501 	3458
f 4073 	3469 	3471
f 3501 	3460 	3458
f 3471 	3484 	3466
f 3472 	3470 	1412
f 1412 	1419 	3472
f 3472 	3597 	3470
f 3462 	3476 	3188
f 3481 	3608 	3472
f 3479 	3476 	3462
f 1419 	3481 	3472
f 3479 	3045 	3476
f 3045 	3479 	3047
f 3612 	3616 	3481
f 3476 	3045 	3041
f 3481 	3616 	3608
f 3466 	3484 	3479
f 3484 	3047 	3479
f 3471 	3492 	3484
f 3367 	3399 	3397
f 3492 	3494 	3484
f 3363 	3367 	3397
f 3494 	3047 	3484
f 3372 	3399 	3367
f 3399 	3372 	3404
f 3404 	3378 	3407
f 3404 	3372 	3378
f 3469 	3491 	3471
f 3407 	3378 	3381
f 3489 	3491 	3469
f 3412 	3410 	3383
f 3410 	3381 	3383
f 3492 	3471 	3491
f 3412 	3248 	3279
f 3412 	3383 	3248
f 3489 	3498 	3491
f 3491 	3500 	3492
f 3498 	3500 	3491
f 3501 	3287 	3282
f 3501 	3290 	3287
f 3501 	3294 	3290
f 2954 	2959 	3499
f 3499 	2959 	3504
f 3501 	3456 	3294
f 3498 	3508 	3500
f 3520 	3508 	3498
f 3504 	3509 	5340
f 3501 	3461 	3460
f 3509 	3363 	3397
f 3514 	3498 	3489
f 3397 	3399 	3496
f 3499 	2995 	2954
f 3517 	3520 	3514
f 3517 	7359 	3520
f 3359 	3509 	3504
f 3514 	3520 	3498
f 3359 	3363 	3509
f 3516 	7357 	3517
f 3501 	3894 	3892
f 2096 	3521 	3525
f 3501 	3791 	3894
f 3532 	3535 	3521
f 3517 	7357 	7359
f 3501 	3794 	3791
f 3521 	3535 	3525
f 2096 	3525 	2083
f 3501 	3392 	3805
f 3501 	3394 	3392
f 3501 	3398 	3394
f 3501 	3400 	3398
f 3501 	3406 	3400
f 3501 	3408 	3406
f 3407 	3532 	3530
f 3501 	3409 	3408
f 3501 	3352 	3409
f 3501 	3355 	3352
f 3501 	3360 	3355
f 3535 	3536 	3525
f 3501 	3364 	3360
f 3501 	3366 	3364
f 3501 	3373 	3366
f 3501 	3377 	3373
f 3501 	3271 	3377
f 3501 	3273 	3271
f 3404 	3407 	3530
f 3501 	3276 	3273
f 3410 	3532 	3407
f 3532 	3410 	3535
f 3535 	3410 	3412
f 3535 	3412 	3536
f 3536 	3279 	3333
f 3463 	3461 	3501
f 3536 	3412 	3279
f 3463 	3501 	3464
f 3501 	3468 	3464
f 3521 	5026 	3559
f 3468 	3501 	3748
f 3756 	3751 	3501
f 5384 	3561 	3530
f 3404 	3530 	3561
f 1770 	1768 	3481
f 1753 	1770 	3481
f 3501 	3762 	3760
f 3573 	3038 	2920
f 3573 	3578 	3038
f 3588 	3573 	3467
f 3588 	3590 	3573
f 3573 	3590 	3578
f 3038 	3578 	3040
f 3578 	3643 	3040
f 3470 	3588 	3467
f 3597 	3588 	3470
f 3472 	3608 	3597
f 3530 	3559 	5384
f 3530 	3532 	3559
f 3559 	3532 	3521
f 3590 	3588 	3657
f 3496 	3399 	3561
f 3657 	3663 	3590
f 3399 	3404 	3561
f 3609 	2083 	3525
f 2086 	3609 	3347
f 3609 	3333 	3347
f 2086 	3347 	2079
f 1768 	1769 	3612
f 3609 	3525 	3536
f 3333 	3609 	3536
f 1940 	1941 	3612
f 1958 	3612 	1942
f 1942 	3612 	1941
f 3612 	3618 	3616
f 1944 	3618 	1958
f 1958 	3618 	3612
f 3619 	3079 	3073
f 3618 	1967 	3629
f 3615 	3632 	3619
f 3618 	3629 	3630
f 3632 	3615 	3628
f 1988 	2799 	3629
f 2799 	4099 	3629
f 4099 	3630 	3629
f 3628 	3639 	3632
f 3636 	3639 	3628
f 3174 	3646 	3179
f 3643 	3646 	3174
f 3636 	3648 	3651
f 3650 	3643 	3578
f 3578 	3590 	3650
f 3651 	3639 	3636
f 3650 	3654 	3643
f 3651 	3721 	3639
f 3643 	3654 	3646
f 3657 	3588 	3597
f 3663 	3650 	3590
f 3650 	3665 	3654
f 3663 	3665 	3650
f 3657 	3597 	3677
f 3597 	3608 	3677
f 3665 	3674 	3654
f 3732 	3674 	3665
f 3657 	3680 	3663
f 3677 	3680 	3657
f 3677 	3608 	3684
f 3616 	3684 	3608
f 3684 	3686 	3677
f 3677 	3686 	3680
f 3616 	3618 	3692
f 3616 	3692 	3684
f 3689 	3701 	3690
f 3684 	3702 	3686
f 3701 	3689 	3703
f 3701 	3705 	3690
f 3692 	3702 	3684
f 3702 	3708 	3686
f 3690 	3705 	3693
f 3710 	3695 	3036
f 3036 	3039 	3710
f 3618 	3630 	3692
f 3710 	3703 	3695
f 3630 	3715 	3692
f 3630 	4102 	3715
f 3695 	3703 	3689
f 3702 	3692 	3715
f 3702 	3716 	3708
f 3703 	3724 	3701
f 3715 	3716 	3702
f 3716 	3825 	3708
f 4047 	3651 	3648
f 3708 	3825 	3711
f 4102 	4111 	3715
f 3703 	3723 	3724
f 3710 	3723 	3703
f 4111 	3716 	3715
f 3680 	3725 	3663
f 3735 	3725 	3680
f 3663 	3725 	3665
f 3725 	3732 	3665
f 3729 	3723 	3710
f 3723 	3733 	3724
f 3732 	3842 	3674
f 3734 	3733 	3723
f 3501 	3751 	3748
f 3501 	3758 	3756
f 3501 	3760 	3758
f 3735 	3680 	3686
f 3735 	3738 	3725
f 3737 	3729 	3041
f 3765 	3762 	3501
f 3041 	3045 	3737
f 3737 	3734 	3729
f 3872 	3765 	3501
f 3729 	3734 	3723
f 3734 	3740 	3741
f 3733 	3734 	3741
f 3045 	3744 	3737
f 3737 	3740 	3734
f 3744 	3740 	3737
f 3047 	4432 	3744
f 4432 	3047 	3494
f 4457 	3740 	3744
f 3701 	3749 	3705
f 3724 	3749 	3701
f 3749 	4487 	3705
f 3733 	3755 	3724
f 3755 	3749 	3724
f 3733 	3759 	3755
f 3741 	3759 	3733
f 3759 	4510 	3755
f 3759 	4529 	4510
f 4526 	3759 	3741
f 3771 	3774 	3868
f 3234 	4212 	3776
f 3774 	3778 	3767
f 3767 	3777 	3766
f 3767 	3778 	3777
f 3057 	3064 	3780
f 3780 	3771 	3057
f 3780 	3783 	3771
f 3785 	3200 	3776
f 3780 	3949 	3783
f 3783 	3774 	3771
f 3783 	3778 	3774
f 3202 	3787 	3789
f 3778 	3945 	3777
f 3780 	3064 	3292
f 3292 	3949 	3780
f 3829 	3791 	3794
f 3805 	3392 	3840
f 3708 	3735 	3686
f 3735 	3711 	3738
f 3708 	3711 	3735
f 3725 	3738 	3732
f 3840 	3392 	3785
f 3732 	3844 	3842
f 3738 	3844 	3732
f 3787 	3785 	3394
f 3785 	3392 	3394
f 3394 	3398 	3787
f 3787 	3398 	3789
f 3711 	3847 	3738
f 3400 	3016 	3789
f 3789 	3398 	3400
f 3501 	3801 	3794
f 3805 	3801 	3501
f 3828 	3847 	3711
f 3711 	3825 	3828
f 3716 	4160 	3825
f 3840 	3776 	4212
f 3835 	3840 	4212
f 3839 	3838 	3843
f 3837 	3843 	3838
f 3776 	3840 	3785
f 3844 	3846 	3842
f 3808 	3843 	3837
f 3808 	3837 	3845
f 4081 	3808 	3845
f 3738 	3847 	3844
f 3844 	3851 	3846
f 3200 	3787 	3202
f 3847 	3851 	3844
f 3200 	3785 	3787
f 3853 	3852 	3849
f 3853 	3849 	3848
f 3848 	3850 	3853
f 3826 	3791 	3829
f 3828 	3831 	3847
f 3794 	3830 	3829
f 3847 	3831 	3851
f 3843 	3856 	3839
f 3831 	3875 	3851
f 3794 	3801 	3830
f 3853 	3850 	3843
f 3850 	3856 	3843
f 3830 	3801 	3835
f 3835 	3805 	3840
f 3801 	3805 	3835
f 3859 	3860 	4091
f 3852 	3853 	3861
f 3851 	3869 	3846
f 3808 	3868 	3843
f 3846 	3869 	3859
f 3097 	3868 	3808
f 3868 	3873 	3843
f 3871 	3860 	3859
f 3871 	3859 	3869
f 3843 	3873 	3853
f 4453 	3765 	3872
f 3097 	3057 	3771
f 3771 	3868 	3097
f 3851 	3875 	3869
f 3868 	3774 	3873
f 3875 	3878 	3869
f 3774 	3767 	3873
f 3875 	4179 	3878
f 3871 	3869 	3878
f 3875 	4176 	4179
f 3897 	3885 	3896
f 3884 	3896 	3885
f 4179 	4182 	3878
f 3894 	3791 	3826
f 3898 	3896 	3884
f 3501 	3874 	3872
f 3900 	3896 	3898
f 3275 	3903 	3277
f 3501 	3876 	3874
f 3901 	3903 	3275
f 3876 	3501 	3883
f 3896 	3933 	3934
f 3903 	3922 	3277
f 3501 	3888 	3883
f 3896 	3934 	3897
f 3501 	3892 	3888
f 3889 	3897 	3890
f 3901 	3646 	3906
f 3897 	3889 	3886
f 3897 	3886 	3885
f 3906 	3646 	3654
f 3906 	3911 	3901
f 3903 	3901 	3911
f 3916 	3908 	3897
f 3897 	3907 	3890
f 3907 	3897 	3908
f 3721 	3188 	3112
f 3906 	3654 	3674
f 3906 	3917 	3911
f 3909 	3916 	3912
f 3913 	3912 	3916
f 3916 	3914 	3913
f 3674 	3917 	3906
f 3917 	4061 	3911
f 3908 	3916 	3909
f 3974 	3972 	3916
f 3721 	3462 	3188
f 3883 	3918 	3915
f 3107 	3079 	3619
f 3842 	3917 	3674
f 3916 	3919 	3914
f 3632 	3107 	3619
f 3639 	3112 	3632
f 3112 	3107 	3632
f 3721 	3112 	3639
f 3451 	3925 	3455
f 3900 	3923 	3896
f 3922 	3925 	3451
f 3927 	3922 	3903
f 3896 	3923 	3924
f 3903 	3911 	3927
f 3853 	3896 	3861
f 3924 	3861 	3896
f 3615 	3926 	3929
f 3929 	3628 	3615
f 3628 	3929 	3988
f 3979 	3916 	3897
f 3933 	3896 	3853
f 3853 	3873 	3933
f 3933 	3766 	3934
f 3766 	3933 	3767
f 3766 	3959 	3934
f 3873 	3767 	3933
f 4357 	3944 	3937
f 3778 	3946 	3945
f 3947 	3940 	3937
f 3945 	4019 	3777
f 3945 	3693 	4019
f 3947 	3937 	3944
f 3940 	3947 	3926
f 3949 	3946 	3783
f 3949 	3689 	3946
f 3783 	3946 	3778
f 3946 	3689 	3690
f 3690 	3945 	3946
f 3944 	3928 	3947
f 3690 	3693 	3945
f 3944 	3955 	3928
f 3947 	3929 	3926
f 3947 	3928 	3929
f 3292 	3695 	3949
f 3949 	3695 	3689
f 3962 	3959 	3766
f 3963 	3440 	3433
f 3766 	3777 	3962
f 3959 	3964 	3961
f 3962 	3964 	3959
f 3940 	3963 	3433
f 3964 	3965 	3961
f 3963 	3314 	3440
f 3940 	3926 	3963
f 3963 	3969 	3314
f 3926 	3969 	3963
f 3919 	3916 	3972
f 3969 	3073 	3314
f 3969 	3619 	3073
f 4104 	3973 	3974
f 3974 	3973 	3972
f 3926 	3615 	3969
f 3619 	3969 	3615
f 3979 	3897 	3934
f 3916 	3979 	3982
f 3916 	3982 	3974
f 3974 	3985 	3977
f 3982 	3985 	3974
f 3928 	3955 	3986
f 3988 	3929 	3928
f 3988 	3928 	3986
f 3934 	3959 	3979
f 3979 	3961 	3982
f 3959 	3961 	3979
f 3982 	4000 	3985
f 3986 	3994 	3988
f 3986 	3992 	3994
f 3988 	3636 	3628
f 3988 	3994 	3636
f 3985 	3996 	3977
f 3961 	4000 	3982
f 3961 	3965 	4000
f 3992 	3998 	4001
f 3985 	4003 	3996
f 3992 	4001 	3994
f 3985 	4000 	4003
f 3994 	3648 	3636
f 4003 	4006 	3996
f 3994 	4001 	3648
f 4043 	3648 	4001
f 3965 	4009 	4000
f 4009 	4003 	4000
f 4009 	4232 	4003
f 3951 	4011 	4014
f 4011 	4026 	4014
f 4014 	3955 	3951
f 3955 	4014 	3986
f 3777 	4019 	3962
f 3962 	4024 	3964
f 4019 	4024 	3962
f 3964 	4027 	3965
f 4026 	4011 	4020
f 4014 	4026 	3992
f 4024 	4027 	3964
f 4035 	4026 	4020
f 4027 	4031 	3965
f 4014 	3992 	3986
f 3965 	4031 	4009
f 4020 	4032 	4035
f 3693 	4038 	4019
f 4026 	3998 	3992
f 4019 	4038 	4024
f 4026 	4035 	3998
f 4027 	4024 	4040
f 4038 	4040 	4024
f 4035 	4032 	4159
f 4035 	4159 	4106
f 4042 	4038 	3693
f 4042 	3693 	3705
f 4042 	4048 	4038
f 4047 	3648 	4043
f 4038 	4048 	4040
f 3705 	4487 	4042
f 4108 	4051 	4043
f 4043 	4051 	4053
f 4009 	4031 	4238
f 3876 	3915 	3910
f 4009 	4238 	4232
f 3910 	3874 	3876
f 3876 	3883 	3915
f 4043 	4053 	4047
f 4051 	4062 	4053
f 3911 	4061 	3927
f 4051 	4060 	4062
f 4089 	4061 	3917
f 3925 	4063 	3455
f 4060 	4086 	4062
f 3927 	4066 	3922
f 4047 	4067 	3651
f 3925 	3922 	4066
f 3925 	4068 	4063
f 4067 	3721 	3651
f 3721 	4067 	3462
f 4066 	4068 	3925
f 4068 	5253 	4063
f 4073 	4067 	4047
f 4047 	4053 	4073
f 4067 	3466 	3462
f 4077 	4066 	3927
f 3466 	4067 	4073
f 3808 	4072 	4071
f 4071 	4074 	3808
f 4074 	3402 	3808
f 4053 	4062 	3469
f 4061 	4077 	3927
f 3469 	4073 	4053
f 4077 	4082 	4066
f 3808 	4081 	4072
f 4082 	4068 	4066
f 4062 	3489 	3469
f 4061 	4091 	4077
f 4139 	4084 	4060
f 4086 	4060 	4084
f 4089 	3917 	3842
f 4089 	4091 	4061
f 4086 	4084 	4095
f 4089 	3859 	4091
f 4095 	3514 	4086
f 4093 	4082 	4077
f 4091 	4093 	4077
f 4093 	5313 	4082
f 4086 	3489 	4062
f 3842 	3846 	4089
f 4084 	4090 	4095
f 3846 	3859 	4089
f 3860 	4093 	4091
f 3514 	3489 	4086
f 4339 	7373 	3516
f 4090 	3516 	4095
f 4095 	3517 	3514
f 3630 	4099 	4102
f 3516 	3517 	4095
f 2859 	4099 	2799
f 2859 	2862 	4099
f 4035 	4106 	3998
f 4099 	2862 	4102
f 3974 	4103 	4101
f 3974 	4101 	4104
f 3998 	4108 	4001
f 3974 	4105 	4103
f 3918 	3888 	3920
f 4102 	4114 	4111
f 3888 	3918 	3883
f 3892 	3921 	3920
f 3920 	3888 	3892
f 4112 	4110 	3977
f 4110 	4109 	3977
f 3894 	3921 	3892
f 3977 	4109 	3974
f 4114 	4102 	2862
f 4114 	4115 	4111
f 3974 	4109 	4105
f 3921 	3894 	3826
f 4111 	4115 	4160
f 4117 	4116 	4122
f 4119 	4122 	4116
f 4117 	4122 	4121
f 4126 	3323 	3320
f 4118 	4122 	4119
f 3998 	4106 	4108
f 4043 	4001 	4108
f 4123 	2971 	4135
f 3977 	4127 	4112
f 2866 	4114 	2862
f 4118 	4127 	3977
f 4118 	3977 	4122
f 4106 	4128 	4130
f 2869 	4114 	2866
f 4106 	4130 	4108
f 4115 	4114 	2869
f 4131 	4121 	4122
f 4130 	4051 	4108
f 4122 	4155 	4145
f 3996 	4155 	4122
f 2969 	4123 	4115
f 2869 	2969 	4115
f 4168 	4136 	4128
f 4138 	4173 	4135
f 4139 	4130 	4128
f 4128 	4136 	4139
f 2969 	2971 	4123
f 4130 	4139 	4060
f 4131 	4122 	4145
f 4141 	4140 	4145
f 4140 	4143 	4145
f 4143 	4132 	4145
f 2971 	2977 	4135
f 4131 	4145 	4132
f 4135 	2977 	4138
f 4138 	2987 	4150
f 4130 	4060 	4051
f 2977 	2987 	4138
f 4148 	4147 	4149
f 4146 	4149 	4147
f 4149 	4146 	4145
f 4141 	4145 	4146
f 4211 	4201 	4149
f 4149 	4152 	4151
f 4149 	4151 	4148
f 4152 	4149 	4154
f 4122 	3977 	3996
f 2987 	2990 	4150
f 4155 	4157 	4145
f 4150 	2990 	4153
f 4145 	4157 	4149
f 2990 	2995 	4153
f 4157 	4260 	4149
f 4126 	3320 	3337
f 4161 	3323 	4126
f 3996 	4006 	4155
f 4159 	4032 	4156
f 4261 	4157 	4155
f 4161 	4273 	3323
f 4161 	4163 	4273
f 4156 	4165 	4168
f 3461 	3337 	3334
f 3716 	4111 	4160
f 4159 	4156 	4168
f 4171 	3828 	3825
f 4159 	4128 	4106
f 3463 	4126 	3337
f 4160 	4171 	3825
f 3461 	3463 	3337
f 4159 	4168 	4128
f 4171 	4173 	3828
f 3463 	3464 	4126
f 4161 	4126 	3464
f 4163 	4161 	3468
f 3831 	3828 	4173
f 3464 	3468 	4161
f 4165 	4175 	4168
f 3831 	4173 	4176
f 3468 	3748 	4163
f 4165 	4174 	4175
f 4168 	4175 	4136
f 3875 	3831 	4176
f 4138 	4176 	4173
f 4178 	3751 	4180
f 4174 	4209 	4213
f 4174 	4213 	4175
f 4163 	3748 	4178
f 4183 	4136 	4175
f 4115 	4123 	4160
f 3748 	3751 	4178
f 4160 	4123 	4171
f 4135 	4171 	4123
f 4183 	4175 	4213
f 4173 	4171 	4135
f 3751 	3756 	4180
f 4136 	4183 	4184
f 4150 	4176 	4138
f 4176 	4150 	4179
f 4179 	4153 	4182
f 4150 	4153 	4179
f 4136 	4184 	4139
f 4084 	4139 	4184
f 3760 	4314 	3758
f 4314 	3760 	4449
f 4213 	4188 	4183
f 4183 	4188 	4191
f 4188 	4195 	4191
f 3760 	3762 	4449
f 4183 	4191 	4184
f 4452 	3762 	3765
f 4184 	4090 	4084
f 4184 	4191 	4090
f 4327 	4187 	2837
f 4191 	4339 	4090
f 4191 	4195 	4339
f 4196 	4316 	4199
f 4192 	4210 	4194
f 4192 	4206 	4210
f 4154 	4149 	4201
f 4211 	4149 	4260
f 4194 	4212 	3234
f 4333 	4196 	4190
f 4211 	4205 	4203
f 4201 	4211 	4202
f 4203 	4202 	4211
f 4194 	4210 	4212
f 4211 	4208 	4205
f 3776 	3236 	3234
f 3776 	3200 	3236
f 4197 	3829 	4206
f 4221 	4219 	4211
f 4222 	4213 	4209
f 3826 	3829 	4197
f 4210 	4206 	3830
f 4219 	4208 	4211
f 4206 	3829 	3830
f 4210 	3830 	3835
f 4221 	4215 	4214
f 4214 	4216 	4221
f 4210 	3835 	4212
f 4219 	4221 	4216
f 719 	728 	4221
f 4221 	4226 	4215
f 4660 	4658 	4197
f 3921 	4470 	3920
f 4227 	3921 	3826
f 3826 	4197 	4227
f 4232 	4006 	4003
f 4232 	4234 	4006
f 4232 	4239 	4234
f 1540 	4235 	676
f 4236 	4235 	1541
f 4247 	4235 	4236
f 4233 	4235 	4581
f 1540 	1541 	4235
f 4192 	4233 	4611
f 4579 	4611 	4233
f 4611 	4612 	4192
f 4235 	4233 	4194
f 4233 	4192 	4194
f 4194 	3234 	4235
f 4238 	4239 	4232
f 4027 	4240 	4031
f 4040 	4240 	4027
f 4031 	4241 	4238
f 4197 	4206 	4465
f 4031 	4240 	4241
f 4241 	4242 	4238
f 4206 	4192 	4465
f 4577 	4578 	4233
f 4238 	4242 	4239
f 4578 	4579 	4233
f 4577 	4233 	4581
f 4247 	4581 	4235
f 4040 	4250 	4240
f 4048 	4250 	4040
f 4250 	4251 	4240
f 4241 	4240 	4251
f 4252 	4242 	4241
f 4251 	4252 	4241
f 4250 	4798 	4251
f 3323 	4273 	4253
f 4289 	4211 	4260
f 4261 	4155 	4006
f 4261 	4262 	4157
f 4453 	3872 	4266
f 3874 	4266 	3872
f 4266 	3874 	3910
f 4178 	4368 	4163
f 4157 	4262 	4260
f 4006 	4234 	4261
f 4261 	4279 	4262
f 4234 	4279 	4261
f 4279 	4281 	4262
f 4211 	4289 	4221
f 4221 	4289 	1552
f 4260 	4297 	4289
f 4262 	4297 	4260
f 4297 	4298 	4289
f 4289 	4298 	1552
f 1585 	1552 	4298
f 4281 	4297 	4262
f 4300 	4297 	4281
f 4300 	4298 	4297
f 1610 	4298 	4300
f 4298 	1610 	1585
f 4305 	4279 	4234
f 4234 	4239 	4305
f 4305 	4307 	4279
f 4180 	4312 	4375
f 4180 	3756 	4312
f 3758 	4314 	4312
f 3756 	3758 	4312
f 4222 	4209 	4218
f 4213 	4222 	4188
f 4199 	4316 	4317
f 4317 	4323 	4321
f 4353 	4356 	4316
f 4218 	4857 	4322
f 4316 	4356 	4317
f 4222 	4218 	4322
f 4222 	4322 	4324
f 4321 	4323 	4364
f 4222 	4324 	4188
f 4324 	4195 	4188
f 4322 	4325 	4329
f 4327 	4330 	4187
f 4322 	4329 	4324
f 4330 	4190 	4187
f 4333 	4190 	4330
f 4346 	4330 	4327
f 4196 	4333 	4316
f 4336 	2865 	2873
f 4336 	2867 	2865
f 2867 	4336 	4340
f 3516 	4090 	4339
f 4324 	4341 	4195
f 4324 	4329 	4341
f 4340 	4346 	4327
f 4341 	7371 	4195
f 4369 	4371 	4340
f 4340 	4371 	4346
f 4195 	7371 	4339
f 4339 	7371 	7373
f 4330 	4352 	4333
f 4346 	4352 	4330
f 4333 	4353 	4316
f 4352 	4353 	4333
f 4353 	4559 	4356
f 4353 	4392 	4559
f 4323 	4317 	4356
f 4352 	4392 	4353
f 4350 	4360 	4354
f 4362 	4357 	4354
f 4362 	4354 	4360
f 4357 	4362 	3944
f 4323 	4527 	4364
f 2873 	3235 	4367
f 4273 	4255 	4253
f 4367 	4336 	2873
f 4255 	4368 	4366
f 4369 	4340 	4336
f 4367 	4369 	4336
f 4368 	4255 	4273
f 4368 	4372 	4366
f 4489 	4366 	4372
f 4389 	4346 	4371
f 4376 	4367 	3235
f 3235 	3241 	4376
f 4376 	4379 	4367
f 4273 	4163 	4368
f 4379 	4369 	4367
f 4368 	4178 	4372
f 4178 	4180 	4372
f 4180 	4375 	4372
f 3241 	4679 	4376
f 4680 	4379 	4376
f 4376 	4679 	4680
f 4346 	4389 	4352
f 4397 	4398 	4305
f 4389 	4392 	4352
f 4307 	4281 	4279
f 4307 	4305 	4398
f 4239 	4242 	4397
f 4397 	4305 	4239
f 4392 	4409 	4563
f 4369 	4400 	4371
f 4242 	4252 	4401
f 4379 	4400 	4369
f 4401 	4397 	4242
f 4400 	4402 	4371
f 4397 	4403 	4398
f 4400 	4505 	4402
f 4401 	4403 	4397
f 4402 	4389 	4371
f 4360 	3951 	4362
f 4360 	4411 	3951
f 4362 	3955 	3944
f 4362 	3951 	3955
f 4864 	4403 	4401
f 4864 	4891 	4403
f 4411 	4011 	3951
f 4307 	4415 	4281
f 4281 	4415 	4300
f 1875 	4300 	4415
f 4307 	4419 	4415
f 4418 	121 	4417
f 4398 	4419 	4307
f 4419 	2050 	4415
f 4427 	4418 	4417
f 4430 	4350 	4418
f 4418 	4427 	4430
f 4403 	4423 	4398
f 4398 	4423 	4419
f 4419 	2130 	2050
f 4417 	4422 	4427
f 4419 	4423 	2130
f 4422 	4433 	4427
f 4891 	2368 	4423
f 4430 	4360 	4350
f 4433 	4422 	4664
f 4434 	3494 	3492
f 4436 	4427 	4433
f 4434 	3492 	3500
f 4434 	4438 	3494
f 4436 	4430 	4427
f 4430 	4436 	4411
f 4438 	4432 	3494
f 4411 	4436 	4468
f 4430 	4411 	4360
f 3500 	4441 	4434
f 3500 	3508 	4441
f 4434 	4442 	4438
f 4441 	4442 	4434
f 4436 	4433 	4464
f 4468 	4436 	4464
f 33 	4445 	4447
f 41 	4447 	4448
f 4449 	4501 	4314
f 4389 	4409 	4392
f 4402 	4409 	4389
f 4501 	4449 	4745
f 4445 	4354 	4447
f 4445 	4350 	4354
f 4447 	4354 	4357
f 4357 	4448 	4447
f 4357 	3937 	4448
f 3740 	4456 	3741
f 4456 	3740 	4457
f 4417 	121 	157
f 4759 	4757 	4266
f 129 	121 	4418
f 4453 	4266 	4760
f 3744 	4432 	4457
f 4457 	4459 	4460
f 4418 	4350 	129
f 4449 	3762 	4452
f 4445 	129 	4350
f 4457 	4460 	4456
f 4452 	3765 	4453
f 4459 	4457 	4432
f 4612 	4670 	4192
f 4459 	4432 	4438
f 4467 	4459 	4466
f 4433 	4462 	4464
f 4476 	4464 	4462
f 4466 	7423 	4467
f 4654 	4649 	4470
f 4645 	4470 	4649
f 4459 	4467 	4460
f 4411 	4468 	4011
f 3921 	4227 	4470
f 4658 	4656 	4227
f 4462 	4474 	4476
f 4459 	4438 	4466
f 4227 	4197 	4658
f 4438 	4442 	4466
f 4662 	4665 	3915
f 4667 	4663 	3918
f 4464 	4477 	4468
f 4464 	4476 	4477
f 4468 	4477 	4020
f 3920 	4645 	3918
f 4645 	3920 	4470
f 4468 	4020 	4011
f 4474 	4482 	4476
f 4441 	3508 	7426
f 4375 	4312 	4485
f 4441 	7428 	4442
f 4314 	4501 	4485
f 4312 	4314 	4485
f 4042 	4491 	4048
f 4487 	4491 	4042
f 4491 	4796 	4048
f 4372 	4375 	4489
f 4498 	4487 	3749
f 3749 	3755 	4498
f 4498 	4499 	4487
f 4501 	4766 	4485
f 4487 	4499 	4491
f 4379 	4502 	4400
f 4499 	4806 	4491
f 4505 	4400 	4502
f 4498 	3755 	4510
f 4499 	4498 	4515
f 4510 	4515 	4498
f 4505 	4502 	4518
f 4683 	4518 	4502
f 4456 	4526 	3741
f 4588 	4505 	4518
f 4515 	4737 	4742
f 4323 	4561 	4527
f 4526 	4529 	3759
f 4531 	4526 	4456
f 4745 	4449 	4452
f 4534 	4537 	4527
f 4756 	4453 	4760
f 3910 	4761 	4266
f 4537 	4534 	4542
f 8295 	4537 	4542
f 3915 	4775 	3910
f 4745 	4747 	4501
f 4453 	4755 	4452
f 4760 	4266 	4757
f 4356 	4559 	4561
f 4561 	4323 	4356
f 4766 	4769 	4485
f 4392 	4563 	4559
f 4559 	4566 	4561
f 4559 	4563 	4566
f 4561 	4566 	4534
f 4489 	4375 	4567
f 4375 	4485 	4567
f 4561 	4534 	4527
f 4671 	4465 	4670
f 4563 	4572 	4573
f 4640 	4465 	4671
f 4566 	4563 	4573
f 4573 	4597 	4566
f 4572 	4598 	4573
f 4591 	4598 	4572
f 4402 	4505 	4585
f 4585 	4409 	4402
f 4563 	4409 	4572
f 4585 	4572 	4409
f 4585 	4505 	4588
f 4588 	4591 	4585
f 4591 	4572 	4585
f 4588 	4518 	4607
f 4588 	4610 	4591
f 4607 	4610 	4588
f 4566 	4597 	4534
f 4597 	4542 	4534
f 4599 	4597 	4573
f 4599 	4573 	4598
f 4549 	4597 	4599
f 4597 	4549 	4542
f 4465 	4192 	4670
f 4617 	4631 	4607
f 4631 	4610 	4607
f 4610 	4631 	4632
f 5043 	5061 	4623
f 4591 	4610 	4626
f 4610 	4632 	4626
f 4591 	4626 	4598
f 4598 	4626 	4628
f 4599 	4598 	4628
f 4599 	4628 	4555
f 4633 	4628 	4626
f 4555 	4549 	4599
f 4752 	4751 	4452
f 4755 	4453 	4756
f 4626 	4632 	4633
f 4474 	4480 	4482
f 4476 	4482 	4634
f 4632 	4647 	4633
f 4634 	4477 	4476
f 4477 	4032 	4020
f 4617 	4636 	4631
f 4477 	4634 	4032
f 4617 	4623 	4636
f 4759 	4266 	4761
f 4631 	4636 	4639
f 4480 	4754 	4758
f 4764 	4761 	3910
f 4773 	4764 	3910
f 4480 	4758 	4482
f 4640 	4641 	4465
f 4456 	4460 	4531
f 4639 	4632 	4631
f 4641 	4643 	4465
f 4644 	4645 	4646
f 4647 	4632 	4639
f 4648 	3918 	4644
f 4646 	4645 	4649
f 4156 	4032 	4634
f 4650 	4654 	4470
f 4650 	4470 	4652
f 4470 	4227 	4652
f 4656 	4652 	4227
f 4465 	4643 	4197
f 4660 	4197 	4643
f 4636 	4623 	5061
f 4662 	3915 	4663
f 4636 	5061 	5065
f 4653 	4661 	4664
f 4647 	4639 	5069
f 4666 	3915 	4665
f 3915 	4666 	4772
f 3915 	3918 	4663
f 4653 	4664 	4422
f 4667 	3918 	4648
f 3918 	4645 	4644
f 4549 	4555 	8316
f 4555 	4628 	4669
f 4657 	4693 	4661
f 4628 	4633 	4669
f 4555 	4669 	8438
f 4775 	3915 	4772
f 4462 	4433 	4664
f 147 	4674 	157
f 4673 	2426 	4669
f 147 	168 	4674
f 4417 	157 	4674
f 2432 	2426 	4673
f 4674 	4422 	4417
f 4633 	4647 	4673
f 160 	4677 	168
f 4673 	4669 	4633
f 4677 	4653 	168
f 4661 	4653 	4677
f 4502 	4379 	4680
f 4681 	4679 	3411
f 168 	4653 	4674
f 3418 	4681 	3411
f 4681 	4682 	4679
f 4653 	4422 	4674
f 4681 	4692 	4682
f 4657 	4677 	385
f 4679 	4682 	4680
f 4677 	4657 	4661
f 4680 	4683 	4502
f 4682 	4683 	4680
f 385 	4677 	160
f 4685 	385 	383
f 383 	390 	4685
f 385 	4685 	4657
f 3418 	3431 	4689
f 4689 	4681 	3418
f 4689 	4692 	4681
f 4661 	4693 	4695
f 4661 	4695 	4664
f 4698 	4689 	3431
f 4462 	4664 	4695
f 3431 	3443 	4698
f 4698 	4699 	4689
f 4462 	4695 	4474
f 4692 	4689 	4699
f 4716 	4692 	4699
f 3443 	3457 	4701
f 4693 	4700 	4702
f 4701 	4698 	3443
f 4700 	4711 	4702
f 4698 	4703 	4699
f 4695 	4693 	4702
f 4698 	4701 	4703
f 4703 	4723 	4699
f 4474 	4695 	4702
f 5248 	4701 	3457
f 4711 	4700 	4708
f 4702 	4711 	4480
f 4692 	4714 	4682
f 4702 	4480 	4474
f 4682 	4714 	4683
f 4683 	4715 	4518
f 4714 	4715 	4683
f 4708 	5068 	4711
f 4607 	4518 	4715
f 4716 	4714 	4692
f 4716 	4786 	4714
f 4716 	4791 	4786
f 4714 	4786 	4715
f 4786 	4617 	4715
f 4693 	4657 	4719
f 4723 	4716 	4699
f 4791 	4716 	4723
f 4725 	4718 	4724
f 4531 	4642 	4526
f 4725 	4719 	4718
f 4730 	4531 	4460
f 4719 	4725 	4700
f 4526 	4642 	4529
f 4725 	4708 	4700
f 4700 	4693 	4719
f 4730 	4460 	4467
f 4731 	4725 	4724
f 4724 	4728 	4731
f 4730 	4732 	4531
f 4708 	4725 	4731
f 7440 	4732 	4730
f 4531 	4732 	4642
f 4728 	5091 	5094
f 4728 	5094 	4731
f 4718 	4685 	390
f 4657 	4685 	4719
f 4719 	4685 	4718
f 4529 	4737 	4510
f 4510 	4737 	4515
f 4482 	4741 	4634
f 4156 	4634 	4741
f 4156 	4741 	4165
f 4741 	4744 	4165
f 4642 	4743 	4529
f 4737 	4529 	4743
f 4741 	4758 	4744
f 4745 	4746 	4747
f 4742 	4737 	4763
f 4747 	4749 	4501
f 4745 	4750 	4746
f 4174 	4744 	4748
f 4174 	4748 	4209
f 4751 	4753 	4452
f 4174 	4165 	4744
f 4753 	4750 	4452
f 4750 	4745 	4452
f 4754 	4480 	4711
f 4752 	4452 	4755
f 4754 	4711 	5068
f 4741 	4482 	4758
f 4737 	4743 	4763
f 5068 	4762 	4754
f 4742 	4849 	4845
f 4754 	4765 	4758
f 4501 	4767 	4766
f 4742 	4763 	4849
f 4754 	4762 	4765
f 4768 	4642 	4732
f 4947 	4485 	4769
f 4744 	4758 	4765
f 4642 	4768 	4743
f 4501 	4749 	4767
f 4744 	4765 	4748
f 4743 	4770 	4763
f 4768 	4770 	4743
f 4770 	4776 	4763
f 4773 	3910 	4775
f 4762 	4774 	4779
f 4779 	4765 	4762
f 4748 	4765 	4779
f 4768 	7452 	4770
f 4617 	4607 	4715
f 4774 	4882 	4779
f 4774 	4880 	4882
f 4786 	4623 	4617
f 4791 	4623 	4786
f 7461 	4776 	4770
f 4779 	4793 	4748
f 4250 	4048 	4796
f 4250 	4796 	4798
f 4798 	4800 	4251
f 4809 	4798 	4796
f 4798 	4812 	4800
f 4795 	4958 	5384
f 4809 	4812 	4798
f 4795 	3559 	5026
f 5384 	3559 	4795
f 4251 	4800 	4252
f 4499 	4814 	4806
f 4093 	3860 	4808
f 4806 	4796 	4491
f 4806 	4809 	4796
f 4808 	4822 	4811
f 4499 	4515 	4814
f 4806 	4816 	4809
f 3860 	3871 	4818
f 4814 	4816 	4806
f 4816 	4819 	4809
f 4818 	4808 	3860
f 4818 	4822 	4808
f 4822 	4825 	4811
f 4831 	4822 	4818
f 4828 	4818 	3871
f 3871 	3878 	4828
f 4828 	4831 	4818
f 4822 	4833 	4825
f 4809 	4819 	4812
f 4515 	4742 	4814
f 4742 	4845 	4814
f 4814 	4845 	4816
f 4209 	4748 	4793
f 4218 	4793 	4843
f 4816 	4847 	4819
f 4845 	4847 	4816
f 4218 	4209 	4793
f 4849 	4852 	4845
f 4845 	4852 	4847
f 4843 	4851 	4857
f 4852 	4916 	4847
f 4851 	4861 	4863
f 4851 	4863 	4857
f 4218 	4843 	4857
f 4763 	4776 	4849
f 4849 	4921 	4852
f 4849 	4776 	4921
f 4921 	4924 	4852
f 4852 	4924 	4916
f 4776 	7466 	4921
f 4252 	4800 	4862
f 4252 	4862 	4401
f 4862 	4864 	4401
f 4325 	4322 	4857
f 4857 	4863 	4325
f 4875 	4862 	4800
f 4800 	4812 	4875
f 5273 	4863 	4861
f 4862 	4877 	4864
f 4875 	4877 	4862
f 4881 	4875 	4812
f 4793 	4779 	4882
f 4881 	4812 	4819
f 4881 	4885 	4875
f 4885 	4877 	4875
f 4880 	4884 	4887
f 4880 	4887 	4882
f 4882 	4843 	4793
f 4911 	4881 	4819
f 4882 	4887 	4843
f 4819 	4847 	4911
f 4881 	4913 	4885
f 4911 	4913 	4881
f 4895 	4887 	4884
f 4887 	4851 	4843
f 4423 	4403 	4891
f 4887 	4895 	4851
f 2562 	2368 	4891
f 4899 	2562 	4891
f 4893 	4895 	4884
f 4877 	4899 	4864
f 4891 	4864 	4899
f 4906 	4899 	4877
f 4885 	4906 	4877
f 2568 	2569 	4906
f 4899 	4906 	2569
f 2569 	2571 	4899
f 4962 	2609 	4906
f 4962 	4885 	4913
f 4916 	4911 	4847
f 4911 	4917 	4913
f 4916 	4917 	4911
f 4831 	4833 	4822
f 4182 	4828 	3878
f 4935 	4567 	4934
f 4937 	4567 	4943
f 4567 	4937 	4934
f 4833 	4831 	5404
f 4943 	4567 	4945
f 4945 	4485 	4947
f 4485 	4945 	4567
f 4924 	7473 	7476
f 4916 	4951 	4917
f 4924 	4951 	4916
f 4951 	4952 	4917
f 4941 	4956 	4944
f 7476 	4951 	4924
f 4952 	4951 	2506
f 4953 	4956 	4941
f 4956 	4958 	4944
f 4951 	7476 	2506
f 2506 	2680 	4952
f 5204 	4958 	4795
f 4885 	4962 	4906
f 2610 	2609 	4962
f 4965 	4962 	4913
f 5379 	4956 	4953
f 4913 	4917 	4965
f 4962 	4965 	2716
f 2716 	2719 	4962
f 4952 	4965 	4917
f 4965 	2678 	2716
f 4972 	4976 	4967
f 4967 	4976 	4969
f 4969 	4978 	5175
f 4976 	4978 	4969
f 4825 	4972 	4811
f 4976 	4972 	4941
f 4941 	4972 	4825
f 4941 	4944 	4976
f 4976 	4944 	4978
f 4825 	4833 	4953
f 4953 	4941 	4825
f 4991 	2066 	4990
f 2103 	2066 	4991
f 4990 	2066 	2446
f 5034 	4991 	5169
f 4991 	5034 	2103
f 4255 	4366 	5005
f 2506 	5008 	2680
f 5008 	2506 	5005
f 5005 	4366 	5008
f 2688 	2680 	5015
f 4366 	4489 	5008
f 5008 	4489 	5010
f 5031 	5010 	4935
f 5014 	5017 	2094
f 4489 	4567 	5010
f 5017 	2096 	2094
f 5015 	2680 	5023
f 4567 	4935 	5010
f 4795 	5207 	5204
f 4795 	5026 	5207
f 5026 	2096 	5017
f 5023 	5010 	5030
f 5010 	5031 	5030
f 5169 	5187 	5034
f 5038 	5034 	5187
f 5014 	5038 	5187
f 5034 	5038 	2114
f 5014 	2094 	5038
f 5038 	2080 	2114
f 5038 	2094 	2080
f 4892 	4905 	4893
f 5043 	5052 	5061
f 4892 	4902 	4905
f 5049 	5052 	5043
f 4860 	4893 	4905
f 4860 	4895 	4893
f 4895 	4861 	4851
f 5054 	5057 	5049
f 4895 	4860 	4861
f 5049 	5057 	5052
f 4902 	3126 	4905
f 5179 	5057 	5054
f 5242 	3123 	4902
f 3126 	4902 	3123
f 4639 	4636 	5065
f 5063 	4708 	4731
f 5068 	4708 	5063
f 5069 	4639 	5065
f 5063 	5075 	5068
f 5074 	5075 	5063
f 5068 	5075 	4762
f 5074 	5079 	5082
f 5074 	5082 	5075
f 5075 	4774 	4762
f 5075 	5082 	4774
f 5082 	5146 	4880
f 4880 	4774 	5082
f 5091 	5103 	5094
f 5063 	4731 	5094
f 5094 	5074 	5063
f 5103 	5091 	5098
f 5074 	5094 	5103
f 5061 	5052 	5106
f 5098 	5104 	5132
f 5104 	5142 	5132
f 5098 	5132 	5103
f 5103 	5079 	5074
f 5103 	5132 	5079
f 5145 	5079 	5132
f 5132 	5142 	5145
f 5142 	5104 	5140
f 5082 	5079 	5146
f 5270 	5267 	8767
f 5265 	5272 	8767
f 5061 	5106 	5065
f 5065 	5159 	5069
f 5279 	5280 	5137
f 5065 	5106 	5159
f 5069 	5159 	4990
f 4990 	5159 	4991
f 5216 	5069 	4990
f 5168 	5106 	5052
f 5052 	5057 	5168
f 5169 	5159 	5106
f 5106 	5168 	5169
f 4991 	5159 	5169
f 5057 	5183 	5168
f 5168 	5187 	5169
f 4803 	5175 	5054
f 4969 	5175 	4803
f 5175 	5179 	5054
f 5183 	5057 	5179
f 5187 	5168 	5183
f 4978 	5193 	5175
f 5175 	5193 	5179
f 5196 	5183 	5179
f 5179 	5193 	5196
f 5183 	5196 	5014
f 5017 	5014 	5196
f 5183 	5014 	5187
f 5204 	5193 	4978
f 4978 	4944 	5204
f 5204 	5207 	5193
f 5196 	5193 	5207
f 5207 	5017 	5196
f 4944 	4958 	5204
f 5079 	5145 	5146
f 5140 	5251 	5215
f 5026 	5017 	5207
f 5140 	5215 	5142
f 4673 	4647 	5216
f 5142 	5215 	5217
f 5216 	4647 	5069
f 4673 	5216 	2432
f 5215 	5228 	5217
f 2432 	5216 	2446
f 5142 	5217 	5145
f 5145 	5220 	5146
f 5145 	5217 	5220
f 5146 	4884 	4880
f 5146 	5220 	4884
f 4990 	2446 	5216
f 5233 	8830 	5232
f 5268 	5232 	8830
f 8830 	5233 	5234
f 4892 	5220 	5217
f 8830 	5234 	5235
f 4892 	5217 	5228
f 1472 	1479 	5238
f 5220 	4893 	4884
f 5220 	4892 	4893
f 5124 	1472 	5238
f 5228 	4902 	4892
f 5241 	5228 	5215
f 628 	450 	5241
f 5242 	5228 	5241
f 5315 	5294 	5137
f 5242 	5241 	450
f 5242 	4902 	5228
f 450 	3223 	5242
f 4063 	5248 	3457
f 5248 	5250 	4701
f 5248 	5254 	5250
f 4701 	5250 	4703
f 5251 	5241 	5215
f 5251 	628 	5241
f 4063 	5253 	5248
f 5253 	5254 	5248
f 2932 	4325 	4863
f 4329 	4325 	7396
f 5258 	5253 	4068
f 7396 	7400 	4329
f 5258 	4068 	4082
f 5258 	5261 	5253
f 4860 	5264 	5266
f 5253 	5261 	5254
f 4861 	4860 	5266
f 4861 	5266 	5273
f 4082 	5313 	5258
f 5264 	3126 	2956
f 5269 	4723 	4703
f 5268 	8767 	5267
f 5270 	8767 	5272
f 5250 	5269 	4703
f 5254 	5277 	5250
f 5250 	5277 	5269
f 5265 	5137 	5280
f 5279 	5137 	5294
f 5330 	5269 	5281
f 5265 	5283 	5272
f 5277 	5281 	5269
f 5265 	5280 	5283
f 5254 	5284 	5277
f 5238 	1479 	1561
f 5261 	5284 	5254
f 4803 	5277 	5284
f 2932 	4863 	5273
f 5264 	2956 	2961
f 5264 	2961 	5266
f 5273 	5266 	2963
f 5266 	2961 	2963
f 5273 	2963 	2933
f 5309 	5124 	5238
f 5264 	4860 	4905
f 4905 	3126 	5264
f 5137 	5124 	5309
f 1561 	5328 	5238
f 5325 	5238 	5329
f 5298 	4728 	7472
f 4728 	4724 	7472
f 5284 	4969 	4803
f 5281 	5277 	4803
f 4803 	5054 	5281
f 5309 	5314 	5137
f 5314 	5315 	5137
f 5258 	5316 	5261
f 5314 	5309 	5319
f 5324 	5319 	5309
f 5313 	5316 	5258
f 5309 	5238 	5321
f 5261 	5316 	4967
f 5323 	5238 	5325
f 5320 	5238 	5323
f 5321 	5238 	5320
f 5324 	5309 	5321
f 5284 	5261 	4967
f 4967 	4969 	5284
f 4093 	4808 	5313
f 4808 	4811 	5313
f 5329 	5238 	5328
f 5313 	4811 	5316
f 5316 	4811 	4972
f 4972 	4967 	5316
f 5269 	5330 	4723
f 4723 	5330 	4791
f 5330 	5043 	4791
f 4791 	5043 	4623
f 5330 	5281 	5049
f 5281 	5054 	5049
f 5330 	5049 	5043
f 5336 	4182 	4153
f 5091 	4728 	5298
f 1561 	5344 	5328
f 1561 	1574 	5346
f 5344 	1561 	5346
f 5104 	5098 	5349
f 5348 	5091 	5298
f 5348 	5349 	5098
f 5348 	5098 	5091
f 5104 	5349 	7594
f 5140 	5104 	7594
f 5340 	5341 	5408
f 5379 	5341 	3496
f 5341 	3397 	3496
f 4153 	2995 	5336
f 5339 	5336 	3499
f 2995 	3499 	5336
f 3499 	3504 	5339
f 5339 	3504 	5340
f 5341 	5340 	3509
f 5341 	3509 	3397
f 4956 	5381 	4958
f 5379 	5381 	4956
f 5384 	4958 	5381
f 5379 	3496 	5381
f 5384 	5381 	3561
f 3496 	3561 	5381
f 5400 	4831 	4828
f 4828 	4182 	5400
f 5400 	5404 	4831
f 4833 	5404 	5408
f 5340 	5408 	5404
f 5408 	4953 	4833
f 5408 	5379 	4953
f 5336 	5400 	4182
f 5400 	5339 	5404
f 5336 	5339 	5400
f 5339 	5340 	5404
f 5408 	5341 	5379
f 6397 	5432 	5430
f 5432 	6400 	5433
f 6397 	6400 	5432
f 5464 	5466 	5570
f 5464 	5473 	5466
f 5426 	5473 	5464
f 5473 	5474 	5466
f 5466 	5474 	5470
f 5429 	5470 	5474
f 5474 	6390 	5429
f 5429 	5493 	5470
f 5429 	5430 	5493
f 6173 	6387 	5473
f 5487 	5619 	5486
f 5487 	5501 	5491
f 5498 	5501 	5487
f 5484 	5495 	5486
f 5493 	5495 	5484
f 5495 	5498 	5486
f 5495 	5432 	5498
f 5486 	5498 	5487
f 5430 	5495 	5493
f 5430 	5432 	5495
f 5498 	5433 	5501
f 5432 	5433 	5498
f 5522 	5512 	5511
f 5520 	5522 	5511
f 5520 	6432 	5522
f 5512 	5527 	5518
f 5522 	5527 	5512
f 5518 	5423 	5582
f 5527 	5423 	5518
f 6349 	5527 	5522
f 5539 	5547 	5542
f 5539 	6971 	5547
f 5549 	5542 	5547
f 5549 	5544 	5542
f 5544 	5549 	5520
f 5520 	5511 	5544
f 5547 	6515 	6516
f 5547 	6516 	5549
f 5564 	5567 	5557
f 5557 	5567 	5558
f 5795 	5562 	5564
f 5562 	5518 	5564
f 5518 	5582 	5564
f 5564 	5582 	5567
f 5567 	5570 	5558
f 5570 	5466 	5573
f 5512 	5518 	5562
f 5567 	5464 	5570
f 5567 	5582 	5464
f 5466 	5470 	5573
f 5423 	5426 	5582
f 5582 	5426 	5464
f 5624 	5491 	5627
f 5573 	5631 	5666
f 5470 	5631 	5573
f 5631 	5493 	5484
f 5470 	5493 	5631
f 5619 	5614 	5486
f 5484 	5486 	5614
f 5624 	5619 	5487
f 5487 	5491 	5624
f 5666 	5684 	5886
f 5684 	5614 	5888
f 5624 	5627 	5591
f 5591 	5627 	5592
f 5558 	5570 	5665
f 5570 	5573 	5665
f 5665 	5573 	5666
f 5631 	5684 	5666
f 5631 	5484 	5684
f 5684 	5484 	5614
f 5792 	5844 	5562
f 5792 	5562 	5795
f 5791 	5843 	5844
f 5511 	5844 	5843
f 5791 	5844 	5792
f 5795 	5564 	5557
f 5511 	5843 	5544
f 5512 	5844 	5511
f 5844 	5512 	5562
f 5859 	5856 	5851
f 5856 	5859 	5863
f 5856 	5863 	5857
f 5791 	5904 	5857
f 5857 	5843 	5791
f 5857 	5863 	5843
f 5859 	5542 	5863
f 5859 	5539 	5542
f 5863 	5542 	5544
f 5544 	5843 	5863
f 5868 	5557 	5869
f 5869 	5558 	5870
f 5870 	5665 	5883
f 5870 	5558 	5665
f 5665 	5666 	5883
f 5883 	5666 	5886
f 5917 	5867 	5868
f 5870 	5917 	5869
f 5883 	5917 	5870
f 5886 	5684 	5888
f 5888 	5614 	5889
f 5890 	5889 	5619
f 5614 	5619 	5889
f 5619 	5624 	5890
f 5890 	5624 	5591
f 5867 	5917 	5908
f 5902 	5857 	5904
f 7092 	5917 	7078
f 5895 	5917 	7094
f 5896 	5917 	5895
f 5900 	5917 	5896
f 5902 	5917 	5900
f 5904 	5917 	5902
f 5908 	5917 	5904
f 5868 	5869 	5917
f 5883 	5886 	5917
f 5886 	5888 	5917
f 5888 	5889 	5917
f 5889 	5890 	5917
f 5890 	5591 	5917
f 5592 	5917 	5591
f 5900 	5896 	5851
f 5900 	5851 	5856
f 5900 	5856 	5902
f 5856 	5857 	5902
f 5791 	5908 	5904
f 5792 	5867 	5908
f 5791 	5792 	5908
f 5795 	5867 	5792
f 5867 	5795 	5868
f 5557 	5868 	5795
f 5869 	5557 	5558
f 5945 	5987 	5944
f 5959 	5961 	5950
f 5950 	5961 	5951
f 6015 	5987 	5945
f 5970 	5985 	5972
f 5975 	5944 	5987
f 5977 	5983 	5969
f 5991 	5977 	5975
f 5983 	5970 	5969
f 5983 	5985 	5970
f 6000 	5983 	5977
f 5987 	5991 	5975
f 5987 	6018 	5991
f 6015 	6018 	5987
f 5991 	6000 	5977
f 6000 	6005 	5983
f 5983 	6005 	5985
f 6018 	6019 	5991
f 5991 	6019 	6000
f 5951 	6015 	5945
f 6000 	6068 	6005
f 6019 	6068 	6000
f 5951 	6070 	6015
f 5961 	6070 	5951
f 6070 	6073 	6015
f 6018 	6015 	6073
f 6018 	6075 	6019
f 6073 	6075 	6018
f 6075 	6079 	6019
f 6019 	6079 	6068
f 6070 	1236 	6073
f 1236 	1239 	6073
f 6073 	1239 	6075
f 6075 	1251 	6079
f 1239 	1251 	6075
f 6088 	6093 	6292
f 6088 	6090 	6093
f 6090 	6096 	6099
f 6090 	6099 	6093
f 6518 	6110 	6111
f 6110 	6117 	6111
f 6110 	6113 	6117
f 6111 	6117 	6120
f 6111 	6120 	6112
f 6088 	6112 	6120
f 6113 	6136 	6139
f 6113 	6139 	6117
f 6136 	6147 	6139
f 6117 	6141 	6120
f 6141 	6117 	6139
f 6120 	6141 	6090
f 6090 	6141 	6096
f 6120 	6090 	6088
f 6147 	6136 	6145
f 6139 	6147 	6150
f 6150 	6141 	6139
f 6096 	6141 	6150
f 8480 	6145 	7330
f 8483 	6147 	6145
f 5944 	6401 	6182
f 6187 	6189 	6178
f 6187 	6196 	6189
f 6178 	6189 	6182
f 6189 	5944 	6182
f 6165 	6187 	6289
f 6196 	6187 	6165
f 6189 	5945 	5944
f 6196 	5945 	6189
f 5951 	5945 	6196
f 6286 	6288 	6289
f 6286 	6289 	6287
f 6287 	6289 	6187
f 6292 	6288 	6510
f 6292 	6161 	6288
f 6292 	6367 	6161
f 6289 	6288 	6161
f 6289 	6161 	6165
f 6292 	6093 	6367
f 6349 	6287 	6351
f 6286 	6287 	6349
f 6355 	5426 	5423
f 6351 	6355 	5423
f 5426 	6355 	6173
f 5473 	5426 	6173
f 6351 	6287 	6178
f 6287 	6187 	6178
f 6351 	6178 	6355
f 6355 	6182 	6173
f 6178 	6182 	6355
f 6161 	6369 	6165
f 6367 	6369 	6161
f 6369 	5950 	6165
f 6369 	5959 	5950
f 6196 	6165 	5950
f 5950 	5951 	6196
f 6375 	6367 	6093
f 6093 	6099 	6375
f 6367 	6375 	6378
f 6378 	6369 	6367
f 6378 	5959 	6369
f 6387 	5474 	5473
f 6387 	6390 	5474
f 6395 	5430 	5429
f 6390 	6395 	5429
f 6395 	6397 	5430
f 6395 	5970 	6397
f 6182 	6401 	6173
f 6173 	6401 	6387
f 6387 	6402 	6390
f 6401 	6402 	6387
f 6390 	6402 	5969
f 5977 	5969 	6402
f 6390 	5969 	6395
f 6395 	5969 	5970
f 5970 	5972 	6397
f 6397 	5972 	6400
f 6401 	5944 	5975
f 6401 	5975 	6402
f 5975 	5977 	6402
f 6430 	6432 	5520
f 6430 	6438 	6432
f 6430 	6435 	6438
f 6432 	6349 	5522
f 5527 	6349 	6351
f 5527 	6351 	5423
f 6432 	6438 	6286
f 6286 	6438 	6288
f 6432 	6286 	6349
f 6435 	6510 	6438
f 6435 	6112 	6510
f 6438 	6510 	6288
f 6112 	6088 	6510
f 6088 	6292 	6510
f 6430 	5520 	5549
f 6430 	5549 	6516
f 6521 	6516 	6515
f 6521 	6515 	6518
f 6516 	6521 	6435
f 6435 	6521 	6112
f 6516 	6435 	6430
f 6111 	6521 	6518
f 6112 	6521 	6111
f 5433 	6400 	6935
f 5433 	6935 	6530
f 6939 	6534 	6530
f 5627 	5491 	6545
f 6546 	6545 	6554
f 6554 	6556 	6546
f 6546 	6556 	6549
f 5491 	5501 	6553
f 6553 	6545 	5491
f 6545 	6553 	6554
f 5501 	5433 	6530
f 5501 	6530 	6553
f 6530 	6534 	6553
f 6554 	6553 	6534
f 6534 	6536 	6554
f 6554 	6536 	6556
f 6556 	6607 	6549
f 6607 	6556 	2788
f 2788 	6556 	6536
f 6607 	2789 	2780
f 2789 	6607 	2788
f 5627 	6545 	6624
f 6545 	6546 	6624
f 6546 	6626 	6624
f 6546 	6549 	6626
f 6626 	6549 	6631
f 6549 	6638 	6631
f 6549 	6607 	6638
f 2780 	6638 	6607
f 2780 	6662 	6638
f 5592 	6624 	6616
f 6624 	5592 	5627
f 6624 	6626 	6616
f 6626 	6631 	6676
f 6631 	6641 	6678
f 6664 	2802 	6646
f 6646 	2802 	6660
f 6631 	6638 	6641
f 6643 	6664 	6646
f 6638 	6662 	6641
f 6641 	6662 	6643
f 6664 	6643 	6662
f 6664 	2816 	2802
f 6661 	6660 	2803
f 2802 	2803 	6660
f 2803 	2806 	6661
f 6661 	2806 	6805
f 6664 	6662 	2784
f 6662 	2780 	2784
f 2784 	2816 	6664
f 6616 	6626 	6676
f 6676 	6631 	6678
f 6678 	6641 	6680
f 6641 	6643 	6680
f 6680 	6643 	6681
f 6646 	6685 	6681
f 6681 	6643 	6646
f 6660 	6685 	6646
f 6616 	5917 	5592
f 6616 	6676 	5917
f 6676 	6678 	5917
f 6754 	1546 	1630
f 6754 	1630 	6756
f 6762 	1784 	1779
f 1779 	6760 	6762
f 6762 	6764 	1784
f 1756 	6766 	1757
f 6764 	6766 	1756
f 6678 	6680 	5917
f 6680 	6681 	5917
f 6681 	6685 	5917
f 6685 	6699 	5917
f 6699 	6700 	5917
f 6796 	6762 	6760
f 6700 	6701 	5917
f 6701 	6702 	5917
f 6776 	6779 	5917
f 6764 	6813 	6766
f 6779 	6780 	5917
f 6780 	6781 	5917
f 6781 	6782 	5917
f 6782 	7929 	5917
f 7929 	7961 	5917
f 7961 	7964 	5917
f 7964 	7965 	5917
f 7965 	7967 	5917
f 1828 	6773 	1834
f 7967 	7970 	5917
f 6772 	6773 	1828
f 7970 	7972 	5917
f 7972 	7069 	5917
f 6702 	6775 	5917
f 6775 	6776 	5917
f 6771 	1818 	6777
f 6771 	6803 	6772
f 6803 	6807 	6772
f 6772 	6807 	6773
f 6776 	6850 	6779
f 6807 	6811 	6773
f 6754 	6789 	1546
f 1546 	6789 	1550
f 6790 	1550 	6789
f 6790 	6760 	1777
f 6685 	6660 	6699
f 6789 	6754 	6925
f 6661 	6700 	6699
f 6700 	6805 	6701
f 6702 	6701 	6808
f 6805 	6808 	6701
f 6760 	6790 	6943
f 6775 	6702 	6812
f 6798 	6764 	6762
f 6776 	6849 	6850
f 6798 	6762 	6796
f 6851 	6780 	6779
f 6798 	6813 	6764
f 6798 	6796 	6953
f 6699 	6660 	6661
f 6805 	6700 	6661
f 6771 	6806 	6803
f 7051 	7055 	6803
f 6702 	6808 	6812
f 2821 	2823 	6808
f 6814 	6777 	6766
f 6805 	2821 	6808
f 6813 	6814 	6766
f 6814 	6806 	6777
f 6812 	6808 	2823
f 6777 	6806 	6771
f 7051 	6803 	6806
f 6807 	6803 	7055
f 6775 	6812 	6849
f 6775 	6849 	6776
f 6850 	6851 	6779
f 2823 	2833 	6812
f 6812 	2833 	6849
f 6849 	2837 	6850
f 2833 	2837 	6849
f 2837 	4187 	6850
f 4187 	6851 	6850
f 6858 	6865 	6860
f 6864 	6865 	6858
f 3058 	6939 	6860
f 5972 	6864 	6858
f 5972 	5985 	6864
f 2887 	3058 	6860
f 6865 	2887 	6860
f 5985 	6868 	6864
f 5985 	6005 	6868
f 6868 	6870 	6864
f 6864 	6870 	6865
f 6865 	2890 	2887
f 6870 	2890 	6865
f 6868 	6926 	6870
f 6912 	6005 	6068
f 6005 	6912 	6868
f 6912 	6926 	6868
f 6068 	6915 	6912
f 6079 	6915 	6068
f 6930 	6912 	6915
f 6813 	7028 	6814
f 6079 	1251 	1253
f 6756 	6980 	6754
f 6915 	6079 	1253
f 1253 	1311 	6915
f 6754 	6980 	6925
f 6789 	6925 	6927
f 6926 	2896 	6870
f 2896 	2890 	6870
f 6930 	6926 	6912
f 6930 	2898 	6926
f 6915 	1311 	6930
f 1311 	2920 	6930
f 2920 	2898 	6930
f 6925 	6946 	6927
f 6927 	6790 	6789
f 6790 	6927 	6943
f 6796 	6760 	6943
f 6935 	6939 	6530
f 6939 	6947 	6534
f 7005 	6946 	6925
f 6927 	6946 	6949
f 6534 	6947 	6536
f 2788 	6536 	3046
f 6927 	6949 	6943
f 6947 	3046 	6536
f 6943 	6951 	6796
f 6949 	6951 	6943
f 6400 	6858 	6935
f 6858 	6400 	5972
f 6858 	6860 	6935
f 6951 	6953 	6796
f 6935 	6860 	6939
f 6947 	6939 	3058
f 3058 	3062 	6947
f 3062 	3046 	6947
f 6949 	7019 	6957
f 6949 	6957 	6951
f 7064 	6961 	5539
f 6958 	6968 	6959
f 6961 	6959 	6969
f 6959 	6968 	6969
f 5539 	6961 	6971
f 6971 	6961 	6969
f 6957 	7019 	7093
f 6756 	6978 	6980
f 750 	6978 	544
f 750 	6985 	6978
f 6978 	6985 	6980
f 6515 	5547 	6971
f 6980 	6985 	7005
f 7005 	6925 	6980
f 7161 	7010 	7013
f 7009 	265 	7006
f 270 	265 	7009
f 750 	755 	6985
f 6985 	7015 	7005
f 1191 	7006 	265
f 7043 	276 	269
f 755 	7015 	6985
f 7017 	7005 	7015
f 7038 	269 	7009
f 7015 	761 	7017
f 269 	270 	7009
f 7005 	7017 	6946
f 6946 	7019 	6949
f 6946 	7017 	7019
f 7043 	7018 	276
f 759 	7015 	755
f 7015 	759 	761
f 7018 	323 	276
f 7026 	6798 	6953
f 7026 	6813 	6798
f 6813 	7026 	7028
f 7024 	7032 	7038
f 7024 	7038 	7027
f 7013 	6968 	6958
f 7006 	7996 	7027
f 7028 	7025 	6814
f 7010 	7007 	7492
f 7041 	7033 	7028
f 7028 	7033 	7025
f 6814 	7025 	6806
f 7023 	7032 	7024
f 7023 	7031 	7032
f 7034 	6951 	6957
f 7034 	6953 	6951
f 6953 	7034 	7040
f 7027 	7009 	7006
f 7038 	7009 	7027
f 7026 	6953 	7040
f 7041 	7028 	7026
f 7040 	7041 	7026
f 7031 	7042 	7032
f 7043 	7038 	7032
f 7043 	7032 	7042
f 7039 	7059 	7044
f 7038 	7043 	269
f 7042 	7018 	7043
f 7040 	7101 	7041
f 7025 	7051 	6806
f 7039 	7037 	7054
f 7031 	7049 	7080
f 6807 	7057 	6811
f 7037 	7048 	7054
f 7059 	7039 	7054
f 6807 	7055 	7057
f 7049 	7031 	7023
f 7051 	7025 	7060
f 7044 	7064 	5851
f 7025 	7033 	7060
f 7044 	7059 	7064
f 7060 	7065 	7051
f 5859 	5851 	7064
f 325 	323 	7204
f 7051 	7065 	7055
f 7055 	7066 	7057
f 7161 	7045 	7158
f 7065 	7066 	7055
f 7048 	7045 	7161
f 7048 	6958 	7054
f 7066 	7067 	7057
f 7048 	7161 	6958
f 7054 	6959 	7059
f 7054 	6958 	6959
f 323 	7018 	7204
f 7059 	6961 	7064
f 7059 	6959 	6961
f 5859 	7064 	5539
f 5917 	7069 	7070
f 7222 	7216 	7042
f 7070 	7071 	5917
f 7071 	7074 	5917
f 7074 	7076 	5917
f 7095 	7099 	7034
f 7041 	7081 	7033
f 7017 	7113 	7019
f 7076 	7078 	5917
f 7017 	761 	7113
f 7093 	7019 	7113
f 7092 	7094 	5917
f 7216 	7018 	7042
f 7095 	7034 	6957
f 7093 	7095 	6957
f 7216 	7204 	7018
f 7122 	7074 	7071
f 7283 	7321 	7080
f 7322 	7080 	7321
f 7034 	7099 	7040
f 7322 	7323 	7080
f 7099 	7101 	7040
f 7101 	7081 	7041
f 7078 	7132 	7092
f 894 	7099 	7095
f 787 	7081 	7101
f 761 	1178 	7113
f 7092 	7037 	7094
f 5895 	7094 	7039
f 7093 	7113 	884
f 7094 	7037 	7039
f 7044 	5895 	7039
f 7093 	890 	7095
f 5895 	7044 	5896
f 884 	890 	7093
f 7044 	5851 	5896
f 890 	894 	7095
f 7069 	7118 	7070
f 788 	7081 	787
f 7118 	7069 	7119
f 7081 	788 	7168
f 7070 	7120 	7071
f 948 	7168 	788
f 7070 	7118 	7120
f 7099 	897 	7101
f 7071 	7120 	7122
f 894 	897 	7099
f 897 	787 	7101
f 7125 	7076 	7074
f 7125 	7074 	7122
f 7125 	7129 	7076
f 7076 	7129 	7078
f 7132 	7078 	7129
f 7037 	7092 	7132
f 7122 	7185 	7125
f 7125 	7185 	7147
f 7132 	7129 	7045
f 7147 	7045 	7129
f 7132 	7045 	7048
f 7132 	7048 	7037
f 7129 	7125 	7147
f 7151 	7169 	7154
f 7195 	7066 	7065
f 7147 	7158 	7045
f 7147 	7154 	7158
f 7033 	7081 	7168
f 7169 	7151 	7289
f 7154 	7169 	7007
f 7007 	7158 	7154
f 7158 	7010 	7161
f 7010 	7158 	7007
f 7161 	7013 	6958
f 7119 	7178 	7118
f 7178 	7119 	7180
f 7118 	7178 	7181
f 7181 	7120 	7118
f 7183 	7120 	7181
f 7183 	7122 	7120
f 7185 	7122 	7183
f 7168 	7060 	7033
f 7060 	7190 	7065
f 7168 	7190 	7060
f 7199 	7181 	7178
f 7178 	7218 	7199
f 7181 	7199 	7203
f 7181 	7203 	7183
f 7151 	7183 	7203
f 7203 	7289 	7151
f 7151 	7185 	7183
f 7204 	7273 	325
f 7185 	7151 	7154
f 7185 	7154 	7147
f 7203 	7288 	7289
f 7218 	7180 	7217
f 7180 	7218 	7178
f 7221 	7217 	7220
f 7080 	7222 	7031
f 7217 	7221 	7218
f 7222 	7042 	7031
f 7218 	7221 	7223
f 7190 	7195 	7065
f 7195 	7224 	7066
f 7216 	7362 	7204
f 7066 	7224 	7067
f 954 	7224 	7195
f 7067 	7240 	7123
f 7240 	7067 	7224
f 7240 	909 	7123
f 1559 	909 	7240
f 7168 	948 	7190
f 7190 	953 	7195
f 7195 	953 	954
f 7240 	7224 	1558
f 954 	1558 	7224
f 1558 	1559 	7240
f 7253 	2445 	2429
f 7253 	7255 	2445
f 6811 	7252 	6773
f 7252 	7280 	7253
f 7265 	2456 	7255
f 7265 	7268 	2459
f 7305 	7265 	7255
f 2459 	7268 	657
f 7204 	7362 	7273
f 7268 	661 	657
f 7273 	7355 	335
f 7252 	6811 	7280
f 7273 	335 	325
f 7253 	7285 	7255
f 7280 	6811 	7311
f 7283 	8373 	7331
f 7199 	7218 	7223
f 7199 	7223 	7288
f 7199 	7288 	7203
f 7543 	7460 	7222
f 7223 	7221 	7741
f 7280 	7285 	7253
f 7462 	7463 	7216
f 7255 	7285 	7305
f 7285 	7315 	7305
f 7265 	7308 	7268
f 7462 	7216 	7458
f 7305 	7308 	7265
f 7308 	7350 	7268
f 7296 	7310 	7298
f 7308 	7337 	7350
f 7296 	7304 	7310
f 7268 	7350 	661
f 6113 	7298 	7310
f 7311 	6811 	7057
f 7057 	7067 	7311
f 7298 	6113 	6110
f 7280 	7311 	7312
f 7123 	7312 	7311
f 7067 	7123 	7311
f 7312 	7285 	7280
f 7304 	7316 	7320
f 7304 	7320 	7310
f 6136 	6113 	7310
f 7312 	7315 	7285
f 7319 	7283 	7333
f 7316 	7304 	7301
f 7317 	7318 	7283
f 7301 	7356 	7316
f 7317 	7283 	7319
f 7331 	7333 	7283
f 7321 	7283 	7318
f 7222 	7080 	7323
f 7310 	7320 	6136
f 7324 	7347 	7222
f 7323 	7324 	7222
f 7312 	7123 	7340
f 7316 	7330 	7320
f 7312 	7340 	7315
f 7316 	7325 	7330
f 7315 	7340 	7342
f 6145 	7320 	7330
f 7315 	7334 	7305
f 7315 	7342 	7334
f 7305 	7334 	7308
f 6145 	6136 	7320
f 7334 	7337 	7308
f 7123 	909 	7340
f 7325 	543 	546
f 7325 	546 	7330
f 7342 	2654 	7334
f 7342 	945 	2654
f 7337 	7334 	2654
f 2654 	2656 	7337
f 7337 	2656 	2676
f 7222 	7347 	7543
f 7340 	941 	7342
f 909 	941 	7340
f 7342 	941 	945
f 7351 	716 	661
f 661 	7350 	7351
f 2677 	2664 	7351
f 7350 	2676 	7351
f 7337 	2676 	7350
f 2676 	2677 	7351
f 7355 	1474 	335
f 7359 	7361 	3520
f 3520 	7361 	3508
f 7426 	3508 	7361
f 7518 	7273 	7515
f 3516 	7373 	7357
f 7344 	7375 	7356
f 7371 	4341 	7383
f 7356 	7375 	7325
f 7384 	7373 	7371
f 7325 	7316 	7356
f 7385 	7357 	7373
f 7373 	7384 	7385
f 554 	7375 	7380
f 7375 	543 	7325
f 7357 	7385 	7378
f 7375 	554 	543
f 7357 	7378 	7359
f 7375 	7344 	7380
f 4341 	7400 	7383
f 7371 	7383 	7384
f 7383 	7387 	7384
f 7384 	7387 	7389
f 7384 	7389 	7385
f 7392 	7378 	7385
f 7389 	7392 	7385
f 7392 	7520 	7378
f 554 	7380 	575
f 7013 	7397 	6968
f 4325 	2932 	7396
f 7399 	6969 	6968
f 7396 	7409 	7400
f 7399 	6968 	7397
f 4329 	7400 	4341
f 6969 	7399 	7402
f 2935 	7396 	2932
f 6969 	7402 	6971
f 7409 	7396 	2935
f 7402 	6515 	6971
f 7397 	7505 	7406
f 7397 	7406 	7399
f 7399 	7408 	7402
f 7399 	7406 	7408
f 7409 	7410 	7400
f 7402 	7408 	6518
f 7409 	7412 	7410
f 7400 	7410 	7383
f 7410 	7387 	7383
f 6518 	7408 	6110
f 7402 	6518 	6515
f 7406 	7505 	7296
f 7412 	7409 	2951
f 7410 	7412 	7415
f 7406 	7296 	7298
f 7406 	7298 	7408
f 7410 	7415 	7387
f 7408 	7298 	6110
f 7387 	7415 	7583
f 7412 	2951 	3254
f 7412 	3254 	3258
f 4466 	7422 	7423
f 7422 	4466 	4442
f 7428 	4441 	7426
f 7428 	7422 	4442
f 7361 	7490 	7426
f 7493 	7483 	7428
f 7428 	7483 	7422
f 4467 	7439 	4730
f 7423 	7439 	4467
f 7439 	7440 	4730
f 4732 	7442 	4768
f 7440 	7442 	4732
f 7442 	7452 	4768
f 7484 	7439 	7423
f 7451 	432 	399
f 7222 	7458 	7216
f 7455 	432 	7451
f 7451 	7453 	7455
f 7463 	7465 	7216
f 432 	7455 	390
f 7458 	7222 	7457
f 7457 	7222 	7460
f 7455 	7469 	390
f 7362 	7216 	7465
f 7452 	7461 	4770
f 7465 	7467 	7362
f 4776 	7461 	7466
f 7464 	7469 	7455
f 7362 	7467 	7470
f 7464 	7472 	7469
f 4718 	390 	7469
f 7562 	7566 	7273
f 7469 	4724 	4718
f 7473 	4924 	4921
f 7469 	7472 	4724
f 4921 	7466 	7473
f 7453 	7464 	7455
f 7453 	7535 	7464
f 7479 	7472 	7464
f 7422 	7481 	7423
f 7481 	7422 	7483
f 7481 	7484 	7423
f 7487 	7361 	7359
f 7487 	7359 	7378
f 7361 	7487 	7490
f 7493 	7428 	7426
f 7010 	7494 	7013
f 7490 	7493 	7426
f 7010 	7492 	7494
f 7013 	7494 	7397
f 7503 	7494 	7492
f 7494 	7505 	7397
f 7494 	7503 	7505
f 7481 	7483 	7555
f 7481 	7559 	7484
f 7492 	7498 	7503
f 7498 	7507 	7503
f 7378 	7520 	7487
f 7521 	7490 	7487
f 7521 	7531 	7490
f 7490 	7531 	7493
f 7507 	7498 	7601
f 7503 	7507 	7509
f 7439 	7510 	7440
f 7484 	7510 	7439
f 7510 	7511 	7440
f 7503 	7509 	7505
f 7296 	7505 	7509
f 7440 	7511 	7442
f 7355 	7576 	7658
f 7512 	7362 	7470
f 7452 	7442 	7665
f 7513 	7362 	7512
f 7511 	7665 	7442
f 7515 	7362 	7514
f 7514 	7362 	7513
f 7561 	7273 	7518
f 7362 	7515 	7273
f 7601 	7517 	7507
f 7273 	7561 	7562
f 7507 	7517 	7301
f 7576 	7355 	7575
f 7509 	7507 	7301
f 7520 	7521 	7487
f 7540 	7544 	7520
f 7520 	7544 	7521
f 5298 	7472 	7479
f 7524 	5298 	7479
f 7453 	8181 	7535
f 7535 	7479 	7464
f 7392 	7389 	7538
f 7535 	7549 	7479
f 7538 	7540 	7392
f 7524 	7479 	7549
f 7520 	7392 	7540
f 7521 	7548 	7531
f 7544 	7548 	7521
f 7548 	7571 	7531
f 7535 	7560 	7549
f 7569 	7575 	7355
f 7524 	7549 	7551
f 7544 	7599 	7548
f 7483 	7558 	7555
f 7559 	7481 	7555
f 7493 	7531 	7558
f 7563 	7560 	7565
f 7531 	7571 	7558
f 7355 	7273 	7566
f 7483 	7493 	7558
f 7565 	7560 	7567
f 7566 	7569 	7355
f 7558 	7568 	7555
f 7570 	7549 	7563
f 7577 	7549 	7570
f 7560 	7563 	7549
f 7577 	7578 	7549
f 7558 	7571 	7568
f 7568 	7572 	7555
f 7551 	7549 	7579
f 7578 	7579 	7549
f 7579 	7580 	7551
f 7555 	7572 	7559
f 7580 	7581 	7551
f 7572 	7574 	7559
f 7571 	7627 	7628
f 7571 	7628 	7568
f 7627 	7571 	7548
f 7753 	7771 	7551
f 7581 	7753 	7551
f 7509 	7301 	7304
f 7387 	7583 	7389
f 7509 	7304 	7296
f 7538 	7389 	7583
f 7415 	7412 	3258
f 7344 	7517 	7611
f 7415 	7616 	7583
f 7356 	7301 	7517
f 7591 	7538 	7583
f 7517 	7344 	7356
f 7593 	7540 	7538
f 7593 	7595 	7540
f 7588 	7492 	7007
f 7524 	5348 	5298
f 7524 	7589 	5348
f 7616 	7415 	3258
f 7616 	7591 	7583
f 7587 	7590 	7592
f 7590 	7598 	7592
f 7589 	5349 	5348
f 7587 	7592 	7588
f 7588 	7498 	7492
f 7538 	7591 	7593
f 5349 	7682 	7594
f 7498 	7588 	7592
f 7540 	7595 	7544
f 7595 	7599 	7544
f 7598 	7590 	7596
f 7592 	7598 	7601
f 7592 	7601 	7498
f 7658 	7657 	7355
f 7600 	7355 	7657
f 7591 	3273 	7593
f 7600 	1474 	7355
f 7596 	7608 	7598
f 7598 	7611 	7601
f 1483 	1474 	7600
f 7616 	3258 	3377
f 7616 	3271 	7591
f 3271 	3273 	7591
f 3276 	7593 	3273
f 7593 	3276 	7595
f 7598 	7608 	7611
f 3298 	7599 	7595
f 7517 	7601 	7611
f 3276 	3298 	7595
f 7632 	7572 	7568
f 7568 	7628 	7632
f 7608 	7655 	7666
f 7574 	7572 	7634
f 7608 	7666 	7611
f 7718 	7720 	1491
f 7634 	7572 	7632
f 7634 	7635 	7574
f 7634 	3294 	7635
f 7657 	7649 	7600
f 7548 	7599 	7627
f 7628 	3287 	7632
f 7641 	7644 	7647
f 7648 	7600 	7649
f 7650 	7652 	7600
f 7648 	7650 	7600
f 7641 	7647 	7596
f 7652 	7653 	7600
f 7647 	7608 	7596
f 7713 	7712 	7653
f 7644 	7690 	7647
f 3280 	7627 	7599
f 7712 	1483 	7600
f 3280 	3282 	7627
f 7655 	7608 	7647
f 7627 	3282 	7628
f 3282 	3287 	7628
f 7724 	7725 	1614
f 7722 	7724 	1614
f 3287 	3290 	7632
f 3298 	3280 	7599
f 7634 	7632 	3290
f 7634 	3290 	3294
f 3456 	7659 	7635
f 7661 	6756 	1627
f 3294 	3456 	7635
f 3456 	3458 	7659
f 7659 	3458 	3332
f 7655 	7647 	7690
f 6978 	6756 	7661
f 7661 	544 	6978
f 7669 	7510 	7484
f 7611 	7666 	7344
f 7484 	7559 	7669
f 1491 	1483 	7712
f 7669 	7671 	7510
f 7712 	7717 	1491
f 7666 	7674 	7380
f 7720 	7721 	1614
f 7666 	7380 	7344
f 1614 	1491 	7720
f 7722 	1614 	7721
f 7510 	7671 	7511
f 7672 	7511 	7671
f 7511 	7672 	7665
f 7672 	7673 	7665
f 7594 	7709 	5140
f 7674 	7666 	7655
f 7830 	1627 	1620
f 7709 	5251 	5140
f 7669 	7559 	7574
f 7700 	7674 	7655
f 7677 	7671 	7669
f 7574 	7677 	7669
f 7589 	7524 	7551
f 7703 	7672 	7671
f 7674 	575 	7380
f 7551 	7701 	7589
f 7677 	7703 	7671
f 7589 	7701 	7682
f 7672 	7705 	7673
f 7674 	7700 	614
f 5349 	7589 	7682
f 7674 	614 	575
f 7574 	7635 	7677
f 7677 	7659 	7703
f 7635 	7659 	7677
f 7690 	7644 	7687
f 7452 	7665 	7692
f 7682 	7686 	7594
f 7665 	7673 	7692
f 7692 	7461 	7452
f 7461 	7694 	7466
f 7461 	7692 	7694
f 7730 	7466 	7694
f 7687 	7698 	7690
f 7686 	7706 	7709
f 7698 	7687 	7695
f 7690 	7698 	7700
f 7594 	7686 	7709
f 7473 	7466 	7730
f 7731 	7473 	7730
f 7773 	7775 	7701
f 7655 	7690 	7700
f 7673 	7733 	7692
f 7694 	7692 	7733
f 7701 	7775 	7754
f 7698 	7695 	621
f 7772 	7773 	7701
f 7695 	620 	621
f 7682 	7701 	7754
f 7700 	7698 	623
f 7682 	7754 	7686
f 621 	623 	7698
f 7703 	7705 	7672
f 7708 	7733 	7673
f 7705 	7708 	7673
f 7708 	3320 	7733
f 7706 	460 	7709
f 7600 	7653 	7712
f 7713 	7715 	7712
f 7716 	7712 	7715
f 7712 	7716 	7717
f 7718 	1491 	7717
f 7705 	3334 	7708
f 3337 	7708 	3334
f 3337 	3320 	7708
f 1620 	1614 	7725
f 7725 	7726 	7727
f 7725 	7727 	1620
f 3332 	7703 	7659
f 7703 	3332 	7705
f 7705 	3332 	3334
f 7694 	7734 	7730
f 7694 	7733 	7734
f 7731 	7730 	4253
f 7734 	4253 	7730
f 4253 	4255 	7731
f 7731 	4255 	5005
f 7924 	7834 	1620
f 3320 	7734 	7733
f 3320 	3323 	7734
f 3323 	4253 	7734
f 7476 	7473 	7731
f 1620 	7727 	7739
f 7784 	1620 	7739
f 7731 	5005 	7476
f 7709 	460 	5251
f 7223 	7741 	7744
f 7744 	7288 	7223
f 7746 	7289 	7288
f 7879 	7880 	7706
f 460 	7706 	7769
f 7857 	7754 	7775
f 7863 	7706 	7686
f 460 	7769 	463
f 7769 	638 	463
f 7771 	7772 	7701
f 7701 	7551 	7771
f 7834 	7833 	1620
f 7924 	1620 	7784
f 7754 	7857 	7860
f 7860 	7861 	7754
f 7686 	7754 	7863
f 7819 	552 	544
f 544 	7661 	7819
f 7288 	7744 	7746
f 7587 	7289 	7746
f 7811 	7746 	7744
f 7587 	7746 	7590
f 7811 	7590 	7746
f 7587 	7169 	7289
f 7588 	7007 	7169
f 7587 	7588 	7169
f 7811 	7596 	7590
f 7814 	7817 	7819
f 7819 	7921 	7821
f 7819 	7821 	7814
f 7741 	7822 	7744
f 7822 	7811 	7744
f 7955 	7957 	7819
f 7816 	7827 	7822
f 7816 	7826 	7827
f 7828 	7829 	7830
f 7829 	7832 	7830
f 7822 	7641 	7811
f 7830 	7833 	7828
f 7641 	7822 	7827
f 7641 	7596 	7811
f 7830 	1620 	7833
f 7826 	7842 	7827
f 7826 	7836 	7842
f 7827 	7644 	7641
f 7827 	7842 	7644
f 7836 	7877 	7842
f 7687 	7644 	7842
f 7849 	7220 	7848
f 7220 	7849 	7221
f 7741 	7221 	7849
f 7848 	7851 	7849
f 7853 	7851 	7848
f 7849 	7851 	7816
f 7816 	7851 	7826
f 7861 	7862 	7863
f 7816 	7741 	7849
f 7862 	7864 	7863
f 7816 	7822 	7741
f 7863 	7754 	7861
f 7851 	7853 	7865
f 7853 	7868 	7865
f 7870 	7874 	7863
f 7870 	7863 	7869
f 7864 	7869 	7863
f 7826 	7851 	7865
f 7872 	7706 	7863
f 7885 	7865 	7868
f 7872 	7863 	7874
f 7865 	7836 	7826
f 7875 	7706 	7872
f 7875 	7879 	7706
f 7901 	8017 	7769
f 7881 	7901 	7769
f 7880 	7881 	7769
f 7687 	7842 	7877
f 7769 	7706 	7880
f 7877 	7695 	7687
f 7868 	7886 	7885
f 7885 	7836 	7865
f 7886 	7888 	7889
f 7886 	7889 	7885
f 7885 	7890 	7836
f 7885 	7889 	7890
f 7890 	7877 	7836
f 7888 	7892 	7889
f 7892 	7888 	7893
f 7889 	7892 	7894
f 8015 	7769 	8017
f 7832 	7915 	7830
f 1627 	7830 	7921
f 7889 	7894 	7890
f 7661 	1627 	7921
f 7890 	7918 	7877
f 7819 	7661 	7921
f 7890 	7894 	7918
f 7919 	7920 	7921
f 7918 	7695 	7877
f 7920 	7923 	7921
f 7893 	2398 	2399
f 7915 	7919 	7921
f 7915 	7921 	7830
f 7893 	2399 	7892
f 7923 	7821 	7921
f 2400 	7894 	7892
f 2399 	2400 	7892
f 7894 	2400 	641
f 7894 	641 	7918
f 7918 	620 	7695
f 7918 	641 	620
f 7817 	7955 	7819
f 7957 	7962 	7819
f 552 	7819 	7962
f 561 	552 	560
f 6782 	8087 	7929
f 8015 	8024 	638
f 638 	7769 	8015
f 7006 	7997 	7996
f 7006 	8003 	8001
f 8013 	8015 	8012
f 8011 	8012 	8015
f 8015 	8017 	8018
f 8015 	8018 	8011
f 8049 	8050 	8015
f 8024 	679 	638
f 8024 	676 	679
f 7998 	7006 	8000
f 7997 	7006 	7998
f 8001 	8000 	7006
f 1191 	8031 	7006
f 7006 	8031 	8003
f 1187 	8031 	1191
f 7965 	8058 	7967
f 8062 	7970 	7967
f 8051 	8052 	8024
f 8067 	7972 	7970
f 6851 	8080 	6780
f 8080 	6781 	6780
f 6782 	8083 	8087
f 7961 	8055 	7964
f 8013 	8048 	8015
f 8048 	8049 	8015
f 8050 	8051 	8024
f 676 	8024 	697
f 8052 	697 	8024
f 7929 	8053 	7961
f 8050 	8024 	8015
f 8055 	7961 	8053
f 7964 	8056 	7965
f 7964 	8055 	8056
f 8056 	8058 	7965
f 8056 	8109 	8058
f 8062 	7967 	8058
f 7970 	8062 	8067
f 7972 	8067 	7119
f 8067 	7180 	7119
f 7972 	7119 	7069
f 8100 	8056 	8055
f 8058 	8110 	8062
f 8067 	8111 	7180
f 6781 	8083 	6782
f 8080 	8083 	6781
f 8053 	7929 	8087
f 4187 	4190 	6851
f 6851 	4190 	8080
f 8080 	4196 	8083
f 4190 	4196 	8080
f 4196 	4199 	8083
f 8083 	4199 	8087
f 8098 	8053 	8087
f 8098 	8087 	4199
f 8055 	8053 	8143
f 4199 	4317 	8098
f 8100 	8055 	8143
f 8056 	8100 	8109
f 8058 	8109 	8110
f 8067 	8062 	8111
f 8062 	8110 	8111
f 8100 	8114 	8109
f 8109 	8116 	8110
f 8114 	8116 	8109
f 8122 	7453 	7451
f 8163 	8122 	1129
f 8110 	8116 	8198
f 7453 	8122 	8181
f 8116 	8213 	8198
f 8111 	8110 	8198
f 8098 	8143 	8053
f 4321 	8098 	4317
f 8143 	8098 	4321
f 8100 	8143 	8148
f 8143 	4321 	8148
f 8148 	8114 	8100
f 8163 	1129 	1185
f 8160 	8156 	7023
f 8156 	8155 	7023
f 8322 	7023 	8158
f 8155 	8158 	7023
f 8181 	8122 	8163
f 8176 	859 	8175
f 7024 	8168 	8167
f 8170 	8169 	7024
f 859 	8176 	856
f 1948 	856 	8176
f 8178 	536 	593
f 588 	8178 	8179
f 588 	8179 	867
f 8179 	8175 	867
f 8175 	8183 	8176
f 8185 	8183 	8175
f 8183 	1949 	8176
f 593 	528 	8190
f 8163 	1185 	8209
f 8209 	8296 	8163
f 8178 	593 	8190
f 8178 	8191 	8179
f 8190 	8191 	8178
f 8191 	8185 	8179
f 7560 	7535 	8181
f 8167 	8170 	7024
f 8175 	8179 	8185
f 8172 	7024 	8169
f 8183 	8185 	8238
f 8172 	8160 	7023
f 8172 	7023 	7024
f 8190 	528 	8211
f 528 	1641 	8211
f 8111 	7217 	7180
f 8202 	8203 	1466
f 8111 	8198 	7217
f 8202 	1466 	8205
f 1477 	8205 	1466
f 1466 	8203 	8208
f 8218 	8209 	8208
f 4321 	4364 	8148
f 8191 	8237 	8185
f 4364 	8210 	8148
f 8243 	8237 	8191
f 8114 	8148 	8210
f 7027 	8196 	7024
f 8114 	8212 	8116
f 8168 	7024 	8196
f 8114 	8210 	8212
f 8220 	8226 	8209
f 8206 	7027 	8207
f 8212 	8213 	8116
f 8181 	8163 	8296
f 8198 	7220 	7217
f 7027 	8206 	8197
f 8196 	7027 	8197
f 8198 	8213 	7220
f 1641 	1647 	8217
f 8207 	7027 	8216
f 7027 	7996 	8216
f 1466 	8208 	8209
f 8218 	8219 	8209
f 8212 	8279 	8213
f 8209 	8219 	8220
f 4364 	4527 	8225
f 8226 	8298 	8209
f 8225 	8210 	4364
f 8230 	8212 	8210
f 8296 	7560 	8181
f 8210 	8225 	8230
f 1641 	8217 	8211
f 8217 	8257 	8211
f 8232 	8217 	1647
f 1647 	1669 	8232
f 8232 	69 	8217
f 1687 	8232 	1669
f 1687 	1803 	8232
f 8185 	8237 	8238
f 8237 	8247 	8238
f 8183 	1950 	1949
f 8183 	8238 	1950
f 8240 	7560 	8307
f 8241 	7560 	8240
f 8242 	7560 	8241
f 8190 	8211 	8243
f 8242 	8245 	7560
f 8191 	8190 	8243
f 7567 	7560 	8246
f 8245 	8246 	7560
f 8247 	8237 	8253
f 8247 	1951 	8238
f 1951 	1950 	8238
f 8211 	8257 	8243
f 8248 	8373 	8249
f 8257 	8253 	8243
f 8243 	8253 	8237
f 8253 	8264 	15
f 69 	1802 	8264
f 8247 	8253 	15
f 8255 	8373 	8263
f 8247 	1952 	1951
f 8260 	8259 	8266
f 15 	1952 	8247
f 8263 	8266 	8262
f 8259 	8262 	8266
f 8232 	1803 	69
f 69 	8257 	8217
f 8257 	8264 	8253
f 69 	8264 	8257
f 8279 	8212 	8230
f 7848 	7220 	8213
f 8225 	4527 	4537
f 8213 	8279 	7848
f 8230 	8281 	8279
f 8279 	8281 	7853
f 8279 	7853 	7848
f 8289 	8282 	8281
f 8281 	8282 	7868
f 8282 	7886 	7868
f 8281 	7868 	7853
f 8282 	8295 	8311
f 7886 	8282 	8311
f 8225 	4537 	8289
f 8225 	8289 	8230
f 8281 	8230 	8289
f 8295 	8289 	4537
f 8296 	8209 	8298
f 8299 	8296 	8298
f 8289 	8295 	8282
f 4542 	8308 	8295
f 8302 	8296 	8303
f 8299 	8303 	8296
f 8307 	8296 	8302
f 4542 	4549 	8308
f 8296 	8307 	7560
f 8295 	8308 	8311
f 8316 	8308 	4549
f 7888 	7886 	8311
f 8308 	8316 	8318
f 8271 	8270 	7049
f 8274 	7049 	8270
f 8269 	8274 	8270
f 8266 	7049 	8274
f 8274 	8320 	8260
f 8260 	8266 	8274
f 8269 	8320 	8274
f 8271 	7049 	8324
f 7023 	8322 	7049
f 8322 	8324 	7049
f 7283 	8266 	8373
f 8266 	7080 	7049
f 8266 	7283 	7080
f 8345 	8337 	8336
f 8336 	8340 	8345
f 8341 	8345 	8340
f 8351 	8350 	8353
f 8349 	8353 	8350
f 8347 	8353 	8349
f 8345 	8353 	8347
f 8337 	8345 	8347
f 8366 	8353 	8367
f 8351 	8353 	8366
f 8373 	8370 	8353
f 8367 	8353 	8370
f 8255 	8252 	8373
f 8252 	8250 	8373
f 8249 	8373 	8250
f 8248 	8370 	8373
f 8266 	8263 	8373
f 8345 	8809 	8353
f 8501 	8404 	8403
f 8403 	8402 	8501
f 8410 	8497 	8402
f 8411 	8412 	8419
f 8412 	8414 	8419
f 8419 	8417 	8411
f 8413 	8419 	8414
f 8501 	8419 	8413
f 8404 	8501 	8428
f 8428 	8501 	8413
f 8345 	8435 	8419
f 8435 	8417 	8419
f 8308 	8318 	8311
f 8311 	8318 	7888
f 4555 	8438 	8316
f 8316 	8440 	8318
f 8316 	8438 	8440
f 8318 	8440 	7893
f 8318 	7893 	7888
f 4669 	2426 	8438
f 8438 	2426 	2428
f 8438 	2428 	8440
f 8440 	2398 	7893
f 8440 	2428 	2398
f 6378 	8446 	5959
f 8446 	8451 	5959
f 8446 	8551 	8451
f 8550 	8551 	8446
f 5959 	8451 	5961
f 8451 	8459 	5961
f 5961 	8459 	6070
f 1236 	6070 	8459
f 1320 	1236 	8459
f 6096 	8465 	6099
f 6096 	8461 	8465
f 6099 	8530 	6375
f 6099 	8465 	8530
f 8341 	8435 	8345
f 8501 	8794 	8419
f 8461 	8712 	8465
f 7330 	546 	8480
f 6145 	8480 	8483
f 6147 	8486 	6150
f 8486 	6147 	8483
f 6150 	8486 	8461
f 8497 	8477 	8476
f 8476 	8492 	8497
f 8494 	8497 	8492
f 8497 	8495 	8477
f 8402 	8497 	8501
f 8497 	8410 	8495
f 8790 	8419 	8794
f 6150 	8461 	6096
f 70 	4448 	74
f 8521 	74 	8529
f 4448 	3937 	8529
f 8525 	8529 	8526
f 8524 	8529 	8525
f 8529 	8524 	8522
f 8529 	8522 	8521
f 8532 	6378 	6375
f 8529 	3433 	8533
f 6375 	8530 	8532
f 8526 	8529 	8533
f 8446 	6378 	8532
f 8529 	3940 	3433
f 8533 	3433 	3430
f 3429 	3430 	3433
f 8529 	3937 	3940
f 8530 	8771 	8532
f 8446 	8532 	8550
f 8551 	8697 	8451
f 8548 	375 	8629
f 8552 	4445 	8553
f 8552 	136 	4445
f 135 	4445 	136
f 8553 	4445 	36
f 135 	129 	4445
f 8564 	8557 	8556
f 8560 	8564 	8556
f 25 	24 	4447
f 24 	34 	4447
f 40 	25 	4447
f 8560 	8559 	8564
f 8561 	8564 	8559
f 8569 	8648 	8564
f 8569 	8564 	8561
f 8577 	8564 	8588
f 8557 	8564 	8577
f 8581 	8578 	8588
f 8582 	8581 	8588
f 8578 	8577 	8588
f 8597 	8588 	8602
f 8582 	8588 	8596
f 8597 	8596 	8588
f 8600 	8599 	8602
f 8602 	8601 	8600
f 8597 	8602 	8598
f 8599 	8598 	8602
f 8494 	8493 	8602
f 8497 	8494 	8602
f 8493 	8601 	8602
f 8588 	8819 	8818
f 8588 	8564 	8830
f 8623 	8622 	8629
f 8622 	8624 	8629
f 8548 	8629 	8624
f 8635 	8634 	8637
f 8633 	8637 	8634
f 8623 	8629 	8640
f 8637 	8633 	8629
f 8640 	8629 	8633
f 8648 	8647 	8644
f 8648 	8644 	8643
f 8648 	8643 	8645
f 8648 	8645 	8637
f 8635 	8637 	8656
f 8645 	8656 	8637
f 8569 	8647 	8648
f 8629 	8668 	8637
f 8629 	415 	8668
f 8637 	8668 	8670
f 8648 	8637 	8670
f 415 	1472 	5124
f 5124 	8668 	415
f 8668 	5137 	8670
f 8668 	5124 	5137
f 8670 	5137 	5265
f 8345 	8806 	8809
f 8373 	8353 	7327
f 8550 	8683 	8551
f 8555 	8683 	8550
f 8690 	8683 	8555
f 8697 	8459 	8451
f 8697 	1320 	8459
f 1320 	8697 	1321
f 8551 	8683 	8702
f 8702 	8697 	8551
f 8702 	1321 	8697
f 8704 	8702 	8683
f 8683 	8690 	8704
f 8704 	1644 	8702
f 1722 	1723 	8704
f 8690 	8708 	8704
f 1722 	8704 	1724
f 8708 	1724 	8704
f 8693 	8708 	8690
f 164 	8708 	8693
f 1698 	1699 	8708
f 1937 	1701 	164
f 8712 	8461 	8710
f 8710 	8716 	8712
f 8465 	8712 	8769
f 8716 	8710 	8714
f 8716 	8714 	8795
f 8714 	8720 	8795
f 370 	8720 	8732
f 8725 	8483 	8480
f 8726 	8483 	8725
f 8483 	8726 	8486
f 8710 	8461 	8486
f 8710 	8486 	8726
f 8725 	8728 	8726
f 8726 	8728 	8714
f 8726 	8714 	8710
f 8732 	8728 	8743
f 8728 	8720 	8714
f 8728 	8732 	8720
f 546 	651 	8739
f 8739 	8480 	546
f 8739 	8725 	8480
f 8742 	8739 	651
f 651 	663 	8742
f 8739 	8742 	8743
f 8739 	8743 	8725
f 8743 	8728 	8725
f 663 	8744 	8742
f 8748 	8743 	8742
f 8742 	8744 	8748
f 8732 	8743 	8748
f 669 	8758 	8744
f 8744 	8758 	8760
f 8744 	8760 	8748
f 669 	711 	8758
f 8748 	8761 	8732
f 8748 	8760 	8761
f 370 	8732 	8761
f 8823 	8497 	8602
f 8767 	8564 	8648
f 8758 	401 	404
f 8767 	8648 	8670
f 8760 	8758 	404
f 8760 	404 	372
f 8760 	372 	8761
f 8761 	372 	377
f 8761 	377 	370
f 8602 	8588 	8818
f 8465 	8769 	8530
f 8771 	8530 	8769
f 5265 	8767 	8670
f 8532 	8771 	8550
f 8419 	8785 	8345
f 8769 	8712 	8774
f 8769 	8777 	8771
f 8769 	8774 	8777
f 7327 	7326 	8373
f 8777 	8555 	8771
f 8780 	7329 	8353
f 7327 	8353 	7329
f 8771 	8555 	8550
f 7326 	7331 	8373
f 8774 	8782 	8784
f 8806 	8345 	8807
f 8777 	8774 	8784
f 8807 	8345 	8786
f 8786 	8345 	8785
f 8777 	8788 	8555
f 8419 	8791 	8789
f 8785 	8419 	8789
f 8784 	8788 	8777
f 8788 	8690 	8555
f 8810 	8353 	8809
f 8810 	8780 	8353
f 8791 	8419 	8790
f 8602 	8818 	8822
f 8822 	8823 	8602
f 8497 	8826 	8501
f 8826 	8824 	8501
f 8693 	8690 	8788
f 8825 	8793 	8501
f 8794 	8501 	8793
f 8774 	8712 	8716
f 8830 	8564 	8767
f 45 	8795 	8720
f 8782 	8716 	8795
f 8830 	8821 	8588
f 8795 	52 	8782
f 8795 	45 	52
f 8782 	8774 	8716
f 8720 	370 	45
f 8800 	8784 	8782
f 8782 	52 	8800
f 8800 	8802 	8784
f 8784 	8802 	8788
f 8802 	8693 	8788
f 8800 	52 	8812
f 8814 	8802 	8800
f 8812 	8814 	8800
f 8814 	161 	8802
f 161 	8814 	170
f 8814 	11 	170
f 161 	8693 	8802
f 161 	164 	8693
f 62 	146 	8812
f 8812 	146 	11
f 8812 	11 	8814
f 8819 	8588 	8820
f 8825 	8501 	8824
f 8497 	8823 	8826
f 8821 	8820 	8588
f 5268 	8830 	8767
f 5235 	8828 	8830
f 8830 	8828 	8821
f 2127 	2574 	472
f 2574 	2133 	472
f 1915 	8840 	540
f 1915 	472 	8840
f 35 	8859 	8857
f 8857 	8856 	35
f 8856 	2308 	35
f 2314 	2308 	8856
f 35 	8865 	8859
f 35 	94 	8865
f 300 	35 	2308
# 6019 faces

g group_0_14541540

usemtl color_14541540
s 0

f 90 	64 	39
f 90 	244 	64
f 63 	84 	39
f 84 	90 	39
f 90 	266 	244
f 84 	259 	90
f 259 	266 	90
f 75 	64 	142
f 142 	64 	244
f 149 	259 	84
f 173 	149 	9032
f 173 	281 	149
f 149 	281 	259
f 177 	173 	9036
f 181 	296 	177
f 181 	301 	296
f 194 	199 	193
f 204 	202 	193
f 193 	199 	204
f 498 	202 	204
f 498 	181 	202
f 142 	244 	257
f 259 	274 	266
f 259 	281 	274
f 287 	349 	274
f 281 	173 	284
f 173 	177 	284
f 284 	287 	281
f 287 	274 	281
f 177 	296 	284
f 284 	298 	287
f 296 	298 	284
f 310 	298 	296
f 301 	310 	296
f 310 	301 	320
f 320 	475 	310
f 320 	479 	475
f 331 	257 	244
f 244 	266 	331
f 331 	333 	257
f 266 	274 	339
f 331 	266 	339
f 331 	339 	343
f 331 	343 	333
f 496 	350 	341
f 274 	349 	339
f 350 	422 	341
f 287 	298 	447
f 447 	349 	287
f 366 	360 	327
f 626 	360 	367
f 366 	367 	360
f 398 	393 	380
f 329 	398 	380
f 329 	332 	402
f 402 	398 	329
f 341 	414 	332
f 341 	422 	414
f 402 	332 	414
f 339 	425 	343
f 339 	349 	425
f 5845 	343 	425
f 425 	349 	433
f 435 	5855 	433
f 447 	433 	349
f 451 	447 	298
f 298 	310 	451
f 615 	360 	626
f 451 	435 	447
f 475 	451 	310
f 447 	435 	433
f 435 	451 	5875
f 5875 	451 	475
f 464 	332 	329
f 525 	487 	479
f 485 	464 	1874
f 5877 	479 	487
f 485 	332 	464
f 204 	7736 	503
f 485 	341 	332
f 496 	341 	485
f 498 	301 	181
f 204 	503 	498
f 500 	350 	496
f 503 	507 	498
f 503 	517 	507
f 506 	360 	500
f 498 	507 	301
f 507 	320 	301
f 506 	326 	360
f 500 	360 	350
f 519 	506 	518
f 7780 	517 	503
f 506 	519 	520
f 507 	517 	525
f 8101 	518 	506
f 507 	525 	320
f 7780 	7782 	517
f 326 	327 	360
f 506 	520 	328
f 506 	328 	326
f 525 	479 	320
f 534 	525 	517
f 517 	7782 	534
f 534 	487 	525
f 539 	369 	393
f 369 	539 	529
f 539 	584 	529
f 487 	534 	542
f 545 	592 	539
f 3610 	566 	565
f 568 	690 	687
f 568 	581 	690
f 553 	583 	565
f 581 	526 	529
f 529 	584 	581
f 526 	581 	568
f 539 	592 	584
f 598 	592 	545
f 545 	551 	598
f 784 	781 	598
f 545 	539 	393
f 393 	398 	545
f 551 	398 	402
f 551 	545 	398
f 6171 	611 	608
f 402 	414 	555
f 551 	402 	555
f 608 	611 	7292
f 625 	615 	624
f 625 	631 	615
f 615 	422 	350
f 350 	360 	615
f 624 	615 	626
f 684 	615 	631
f 8398 	633 	659
f 653 	634 	652
f 653 	655 	634
f 784 	598 	656
f 551 	656 	598
f 555 	656 	551
f 650 	654 	659
f 650 	659 	633
f 675 	673 	662
f 654 	666 	659
f 555 	632 	660
f 632 	634 	662
f 654 	6424 	666
f 634 	678 	662
f 662 	660 	632
f 555 	660 	656
f 673 	674 	662
f 675 	662 	678
f 634 	655 	678
f 632 	555 	414
f 632 	422 	634
f 615 	634 	422
f 615 	684 	634
f 422 	632 	414
f 652 	634 	684
f 687 	690 	791
f 690 	800 	791
f 690 	775 	800
f 659 	666 	8437
f 707 	714 	710
f 707 	855 	714
f 8831 	713 	710
f 8831 	8829 	713
f 766 	770 	743
f 770 	772 	743
f 772 	885 	743
f 885 	888 	743
f 743 	888 	891
f 891 	893 	743
f 893 	895 	743
f 895 	896 	743
f 896 	898 	743
f 898 	706 	743
f 706 	707 	743
f 707 	710 	743
f 710 	713 	743
f 765 	766 	743
f 581 	584 	775
f 690 	581 	775
f 584 	777 	775
f 592 	777 	584
f 765 	780 	766
f 592 	598 	781
f 781 	777 	592
f 777 	781 	841
f 784 	844 	781
f 1089 	784 	656
f 784 	847 	844
f 793 	813 	801
f 793 	809 	813
f 777 	803 	775
f 775 	803 	800
f 955 	807 	792
f 792 	807 	809
f 792 	809 	793
f 801 	818 	804
f 801 	813 	818
f 791 	800 	821
f 807 	6474 	809
f 800 	803 	858
f 821 	800 	858
f 803 	777 	841
f 813 	6477 	842
f 813 	842 	818
f 781 	844 	841
f 654 	818 	842
f 910 	844 	847
f 707 	706 	855
f 853 	855 	706
f 851 	850 	862
f 862 	850 	804
f 803 	863 	858
f 851 	865 	853
f 841 	863 	803
f 865 	851 	862
f 1005 	858 	863
f 853 	865 	629
f 862 	633 	865
f 841 	869 	863
f 853 	629 	855
f 8184 	714 	855
f 629 	8184 	855
f 844 	869 	841
f 772 	1022 	885
f 1022 	927 	885
f 888 	929 	891
f 891 	934 	893
f 891 	929 	934
f 893 	937 	895
f 850 	896 	895
f 896 	850 	898
f 851 	898 	850
f 898 	851 	853
f 853 	706 	898
f 888 	885 	927
f 888 	927 	929
f 937 	893 	934
f 895 	937 	850
f 910 	869 	844
f 955 	792 	927
f 927 	792 	929
f 949 	1112 	944
f 943 	944 	1112
f 793 	934 	929
f 929 	792 	793
f 1112 	949 	942
f 793 	801 	934
f 847 	942 	910
f 934 	801 	937
f 910 	1071 	1020
f 937 	804 	850
f 937 	801 	804
f 942 	951 	952
f 650 	804 	818
f 951 	942 	949
f 804 	650 	862
f 942 	1084 	1071
f 650 	633 	862
f 654 	650 	818
f 955 	956 	807
f 956 	6525 	807
f 956 	963 	6525
f 863 	1015 	1005
f 863 	869 	1015
f 910 	942 	1071
f 995 	942 	952
f 1084 	942 	998
f 995 	998 	942
f 858 	1000 	821
f 858 	1005 	1000
f 3104 	1000 	1005
f 1015 	7098 	1005
f 1005 	7098 	3104
f 1014 	5982 	1013
f 766 	780 	1017
f 1017 	770 	766
f 1019 	772 	1017
f 770 	1017 	772
f 869 	1020 	1015
f 1019 	1022 	772
f 780 	1025 	1017
f 1017 	1026 	1019
f 1025 	1026 	1017
f 1026 	1029 	1019
f 1019 	1029 	1022
f 1029 	955 	927
f 1029 	927 	1022
f 1081 	1026 	1025
f 869 	910 	1020
f 1020 	5980 	1015
f 1026 	1121 	1029
f 1071 	5982 	1020
f 1074 	1071 	1073
f 1080 	5982 	1079
f 1013 	5982 	1080
f 1071 	1079 	5982
f 1074 	1079 	1071
f 1015 	5980 	7098
f 1121 	1026 	1081
f 1073 	1071 	1084
f 1092 	1089 	660
f 660 	662 	1092
f 656 	660 	1089
f 847 	784 	1089
f 662 	674 	1103
f 1103 	1092 	662
f 1105 	1092 	1103
f 1145 	1092 	1107
f 1092 	1105 	1107
f 1111 	1324 	1110
f 1092 	1112 	1089
f 1029 	956 	955
f 1121 	956 	1029
f 1081 	1126 	1121
f 1126 	1081 	1125
f 1126 	963 	1121
f 1130 	1203 	1134
f 1134 	1133 	1130
f 1121 	963 	956
f 1110 	1324 	1135
f 1133 	1135 	1130
f 6559 	1125 	1132
f 6562 	6559 	1132
f 1125 	6559 	1126
f 1089 	1112 	847
f 942 	847 	1112
f 1143 	1112 	1144
f 1144 	1112 	1145
f 1112 	1092 	1145
f 1143 	943 	1112
f 1146 	1389 	1137
f 1389 	1382 	1137
f 1175 	1179 	1152
f 1179 	1160 	1152
f 1160 	1180 	1222
f 1179 	1180 	1160
f 1148 	1177 	1154
f 1172 	1177 	1148
f 1174 	1448 	1165
f 1674 	1163 	1154
f 1174 	1312 	1181
f 1175 	1182 	1179
f 1189 	1180 	1179
f 1182 	1189 	1179
f 1217 	1137 	1184
f 1137 	1382 	1184
f 1172 	1183 	1822
f 1189 	1182 	1193
f 1193 	1182 	1192
f 1193 	1256 	1189
f 1172 	1822 	1177
f 1197 	1122 	1233
f 1199 	1130 	1197
f 1192 	553 	1193
f 565 	1193 	553
f 1130 	1199 	1203
f 1202 	1203 	1199
f 1202 	1199 	1204
f 1208 	1204 	1199
f 1197 	1130 	1122
f 1208 	1199 	1207
f 1233 	1122 	1146
f 1210 	1215 	1205
f 1207 	1199 	1211
f 1216 	1205 	1215
f 1215 	1227 	1216
f 1205 	1216 	1206
f 1214 	1219 	1225
f 1219 	1233 	1225
f 1222 	1215 	1210
f 1219 	1277 	1233
f 1214 	1225 	1217
f 1215 	1229 	1227
f 1233 	1146 	1225
f 1180 	1229 	1222
f 1222 	1229 	1215
f 1229 	1247 	1227
f 1245 	1250 	1243
f 1247 	1229 	1246
f 1229 	1180 	1246
f 1199 	1250 	1211
f 1246 	1252 	1247
f 1265 	1255 	1250
f 1246 	1180 	1189
f 1254 	1250 	1255
f 1256 	1252 	1246
f 1254 	1257 	1250
f 1245 	1211 	1250
f 1248 	1250 	1199
f 1272 	1267 	1250
f 1242 	1243 	1250
f 1257 	1242 	1250
f 1189 	1256 	1246
f 1256 	565 	566
f 1248 	1199 	1197
f 1265 	1250 	1267
f 1256 	566 	1252
f 565 	1256 	1193
f 1216 	1282 	1206
f 1227 	1293 	1216
f 1216 	1293 	1282
f 1293 	1296 	1282
f 1282 	1296 	1289
f 1288 	1250 	1248
f 1288 	1292 	1250
f 1293 	1227 	1303
f 1303 	1227 	1247
f 1250 	1292 	1272
f 1310 	1272 	1292
f 1277 	2049 	1248
f 4263 	1293 	1303
f 1277 	1197 	1233
f 1277 	1248 	1197
f 1252 	1307 	1247
f 1309 	1292 	1308
f 1309 	1310 	1292
f 1247 	1307 	1303
f 1303 	4269 	4263
f 4272 	1307 	1252
f 1315 	1181 	1312
f 566 	4272 	1252
f 1315 	1184 	1181
f 1315 	1217 	1184
f 1225 	1137 	1217
f 1225 	1146 	1137
f 1343 	1324 	1342
f 1130 	1135 	1324
f 1324 	1122 	1130
f 1351 	1353 	1329
f 1339 	1341 	1417
f 1342 	1324 	1111
f 1343 	1347 	1324
f 2317 	1209 	1341
f 1351 	1329 	1347
f 1324 	1347 	1329
f 1329 	1373 	1357
f 1372 	1369 	1357
f 1339 	2239 	1341
f 1339 	2089 	2239
f 1323 	1329 	1357
f 1357 	1355 	1323
f 1372 	1357 	1373
f 1367 	1329 	1353
f 1373 	1329 	1367
f 1369 	1370 	1357
f 1366 	1376 	1371
f 1374 	1376 	1366
f 1376 	2089 	1371
f 1455 	1181 	1378
f 1181 	1184 	1378
f 2089 	1339 	1371
f 1184 	1382 	1378
f 1382 	1384 	1378
f 1374 	2260 	1376
f 1389 	1391 	1382
f 1382 	1391 	1384
f 1397 	1122 	1324
f 1324 	1329 	1397
f 1146 	1397 	1389
f 1396 	1414 	1387
f 1146 	1122 	1397
f 1396 	1371 	1414
f 1323 	1391 	1389
f 1397 	1329 	1323
f 1387 	1414 	1390
f 1323 	1389 	1397
f 1323 	1355 	1391
f 1396 	1395 	1366
f 1366 	1371 	1396
f 1416 	1404 	1455
f 1417 	1408 	1390
f 1455 	1378 	1416
f 1414 	1417 	1390
f 1416 	1415 	1404
f 1408 	1417 	1209
f 1417 	1341 	1209
f 1404 	1415 	1403
f 1421 	1571 	1415
f 1339 	1414 	1371
f 1378 	1384 	1416
f 1414 	1339 	1417
f 1416 	1421 	1415
f 1416 	1384 	1421
f 1384 	1432 	1421
f 1391 	1432 	1384
f 1391 	1355 	1432
f 1465 	1431 	1433
f 1465 	1486 	1431
f 1165 	1448 	1442
f 1434 	1439 	1433
f 1449 	1439 	1434
f 1174 	1181 	1455
f 1455 	1448 	1174
f 1404 	1448 	1455
f 2317 	1449 	1209
f 1449 	2309 	1439
f 2317 	2309 	1449
f 1439 	1465 	1433
f 2310 	1465 	1439
f 1465 	1493 	1486
f 1465 	2310 	1493
f 1493 	2366 	1486
f 2217 	1470 	1467
f 1437 	1442 	1514
f 1437 	1514 	1473
f 1473 	1506 	1470
f 1514 	1506 	1473
f 1526 	1514 	1442
f 1526 	1442 	1448
f 1526 	1524 	1514
f 1526 	1403 	1524
f 1514 	1524 	1506
f 1448 	1404 	1526
f 1404 	1403 	1526
f 1533 	1355 	1534
f 1355 	1357 	1534
f 1390 	1408 	1549
f 1357 	1544 	1534
f 1533 	1534 	1551
f 1518 	1434 	1519
f 1357 	1370 	1544
f 1545 	1534 	1544
f 1433 	1502 	1519
f 1534 	1545 	1547
f 1595 	1533 	1551
f 1551 	1655 	1595
f 1553 	1551 	1554
f 1554 	1551 	1555
f 1534 	1555 	1551
f 1547 	1555 	1534
f 1390 	1549 	1387
f 3158 	1387 	1549
f 1553 	1556 	1551
f 1549 	1408 	1515
f 1557 	1403 	1560
f 1403 	1415 	1560
f 1431 	1503 	1502
f 1421 	1432 	1580
f 1431 	1502 	1433
f 1571 	1421 	1580
f 1415 	1571 	1560
f 1607 	1503 	1431
f 1515 	1579 	1518
f 1571 	1587 	1560
f 1408 	1579 	1515
f 1580 	1432 	1533
f 1579 	1434 	1518
f 1592 	1571 	1580
f 1432 	1355 	1533
f 1434 	1433 	1519
f 1560 	1584 	1557
f 1486 	1607 	1431
f 1584 	1646 	1557
f 1579 	1408 	1209
f 1209 	1449 	1579
f 1560 	1587 	1584
f 1579 	1449 	1434
f 1571 	1592 	1587
f 1505 	1504 	1611
f 1595 	1580 	1533
f 1505 	1611 	1596
f 1590 	1505 	1596
f 1580 	1595 	1592
f 1596 	1600 	1590
f 1592 	1595 	1651
f 1596 	2356 	1600
f 1603 	1551 	1556
f 1605 	1467 	1470
f 1503 	1607 	1504
f 1607 	1611 	1504
f 1470 	1506 	1613
f 1616 	1611 	1607
f 1613 	1605 	1470
f 1486 	1616 	1607
f 1605 	1621 	1608
f 1611 	1616 	1625
f 1613 	1621 	1605
f 1486 	2366 	1616
f 1621 	1626 	1608
f 1625 	1596 	1611
f 1506 	1629 	1613
f 1524 	1629 	1506
f 1629 	1633 	1613
f 1629 	1646 	1633
f 1613 	1633 	1621
f 1680 	1626 	1621
f 1636 	1366 	1395
f 1642 	1636 	1634
f 1403 	1557 	1524
f 1557 	1629 	1524
f 1642 	1634 	1640
f 1642 	1374 	1636
f 1557 	1646 	1629
f 1636 	1374 	1366
f 1646 	1690 	1633
f 1148 	1154 	1640
f 1640 	1154 	1642
f 1374 	1642 	1163
f 1154 	1163 	1642
f 1551 	1603 	1653
f 1551 	1653 	1658
f 1655 	1551 	1658
f 1658 	1661 	1655
f 1651 	1595 	1655
f 1655 	1708 	1651
f 1664 	1655 	1665
f 1661 	1665 	1655
f 1664 	1666 	1655
f 1587 	1668 	1584
f 1801 	1851 	1663
f 1587 	1672 	1668
f 1587 	1592 	1672
f 1674 	1678 	1163
f 1592 	1651 	1672
f 1823 	1674 	1177
f 1680 	1621 	1633
f 1674 	1823 	1685
f 1674 	1685 	1678
f 1685 	1689 	1678
f 1633 	1690 	1680
f 1646 	1584 	1692
f 1584 	1668 	1692
f 1690 	1646 	1692
f 1678 	1689 	2097
f 1668 	1740 	1692
f 1695 	1718 	1685
f 1651 	1704 	1672
f 1718 	1689 	1685
f 1651 	1708 	1704
f 1655 	1666 	1712
f 1708 	1655 	1712
f 1714 	1708 	1712
f 1778 	1708 	1716
f 1715 	1716 	1708
f 1714 	1715 	1708
f 1626 	1680 	1717
f 1719 	1717 	1680
f 1680 	1690 	1719
f 1729 	1718 	1695
f 1726 	1729 	1695
f 1719 	1690 	1731
f 1692 	1731 	1690
f 1731 	1747 	1719
f 1692 	1740 	1731
f 1737 	1741 	1726
f 1750 	1731 	1740
f 1659 	1754 	1737
f 1741 	1729 	1726
f 1741 	2295 	1729
f 1754 	1741 	1737
f 1787 	1659 	1737
f 1747 	1731 	1750
f 1672 	1761 	1668
f 1857 	1754 	1659
f 1740 	1668 	1761
f 1857 	1859 	1754
f 1800 	1740 	1761
f 1704 	1776 	1761
f 1750 	3713 	3706
f 1763 	1767 	1787
f 1761 	1672 	1704
f 1787 	1829 	1763
f 1704 	1708 	1778
f 1775 	1778 	1716
f 1776 	1704 	1778
f 1789 	1767 	1773
f 1782 	1778 	1783
f 1778 	1775 	1783
f 1782 	1785 	1778
f 1785 	1790 	1778
f 1787 	1767 	1789
f 1792 	1778 	1790
f 1750 	3706 	1747
f 1787 	1789 	1659
f 1750 	1740 	1800
f 1800 	3713 	1750
f 1789 	1773 	1801
f 1789 	1663 	1659
f 1761 	1776 	1800
f 1789 	1801 	1663
f 1805 	1800 	1776
f 1776 	1778 	1808
f 1810 	1808 	1792
f 1778 	1792 	1808
f 1776 	1808 	1805
f 1810 	1812 	1808
f 1812 	1814 	1808
f 1870 	1806 	1816
f 1154 	1177 	1674
f 1177 	1822 	1823
f 1822 	1183 	1825
f 1822 	1827 	1823
f 1822 	1825 	1827
f 1823 	1695 	1685
f 1823 	1827 	1695
f 6034 	6533 	1763
f 1825 	1763 	1829
f 1829 	1827 	1825
f 1827 	1829 	1726
f 1829 	1737 	1726
f 1827 	1726 	1695
f 1829 	1787 	1737
f 1851 	1870 	380
f 1870 	329 	380
f 464 	329 	1870
f 1741 	1754 	1856
f 1857 	1659 	1663
f 1856 	1754 	1859
f 1865 	1857 	1663
f 1663 	1851 	1865
f 1857 	1865 	369
f 1851 	380 	1865
f 380 	393 	1865
f 1865 	393 	369
f 1859 	1857 	369
f 369 	529 	1859
f 1806 	1851 	1801
f 1851 	1806 	1870
f 464 	1870 	1816
f 1816 	1874 	464
f 8105 	496 	485
f 1932 	2062 	2249
f 2021 	2071 	1946
f 2026 	2176 	2022
f 2022 	2024 	2026
f 2028 	1165 	2024
f 2028 	1174 	1165
f 1165 	2026 	2024
f 1312 	1174 	2028
f 2044 	2036 	2033
f 2033 	2036 	1315
f 1217 	1315 	2036
f 2036 	1214 	1217
f 2073 	2044 	2033
f 2044 	2046 	2036
f 1214 	2036 	2046
f 2046 	2047 	1214
f 2047 	1219 	1214
f 2047 	2048 	1219
f 2048 	2049 	1277
f 2048 	1277 	1219
f 2059 	7624 	2058
f 2063 	7624 	2059
f 2056 	2062 	2060
f 2062 	2067 	2060
f 2062 	2068 	2067
f 2068 	2062 	1932
f 1288 	2049 	5407
f 1932 	1946 	2068
f 1288 	1248 	2049
f 2068 	2070 	2067
f 2068 	2071 	2070
f 2024 	2095 	2069
f 2095 	2024 	2022
f 2073 	2033 	2072
f 2069 	2028 	2024
f 2069 	2072 	2028
f 2072 	2033 	1312
f 1312 	2028 	2072
f 1315 	1312 	2033
f 2071 	2068 	1946
f 2071 	2076 	2077
f 2071 	2077 	2070
f 2075 	2046 	2044
f 2076 	2071 	2021
f 2021 	2027 	2076
f 2027 	2347 	2076
f 2084 	2119 	2111
f 2082 	2087 	2088
f 2087 	2091 	2095
f 2087 	2095 	2088
f 2082 	2088 	2085
f 2085 	2088 	1943
f 2081 	2111 	2090
f 1376 	2092 	2089
f 2090 	2093 	2846
f 2088 	2022 	1943
f 2088 	2095 	2022
f 2097 	2099 	2092
f 2091 	2069 	2095
f 2091 	2098 	2069
f 2098 	2073 	2072
f 2098 	2072 	2069
f 2136 	2105 	2091
f 2105 	2098 	2091
f 2136 	2091 	2087
f 2098 	2105 	2113
f 2117 	2119 	2084
f 2113 	2073 	2098
f 2111 	2123 	2090
f 2113 	2120 	2073
f 2119 	2123 	2111
f 2123 	2093 	2090
f 2075 	2120 	5602
f 2120 	2075 	2044
f 2120 	2044 	2073
f 2119 	2126 	2123
f 2126 	2129 	2123
f 2126 	2132 	2129
f 2129 	2093 	2123
f 2673 	2082 	2125
f 2125 	2085 	2660
f 2125 	2082 	2085
f 2132 	3009 	2129
f 2132 	3021 	3009
f 2128 	2087 	2082
f 2128 	2136 	2087
f 6705 	2139 	2132
f 2139 	3021 	2132
f 2135 	2145 	2105
f 2113 	2105 	2145
f 2135 	2105 	2136
f 2139 	2104 	3021
f 5683 	2145 	5784
f 2343 	2164 	2158
f 2158 	2164 	2166
f 2164 	2171 	2166
f 2164 	2169 	2171
f 2170 	2175 	2165
f 2171 	2216 	2166
f 2165 	2175 	2167
f 1943 	2022 	2176
f 1943 	2176 	2170
f 2176 	2177 	2170
f 2219 	2171 	2169
f 2170 	2177 	2175
f 2177 	2217 	2175
f 2177 	1473 	2217
f 2177 	2176 	1437
f 2176 	2026 	1437
f 2179 	2181 	2182
f 1437 	1473 	2177
f 2179 	2182 	2169
f 1442 	1437 	2026
f 1165 	1442 	2026
f 2181 	2245 	2182
f 2190 	2189 	2185
f 2185 	2189 	2184
f 2256 	2193 	2188
f 2234 	2190 	2185
f 2188 	2193 	2196
f 2193 	2204 	2196
f 2193 	2201 	2204
f 2196 	2204 	4036
f 2211 	2190 	2167
f 2167 	2175 	2211
f 2190 	2205 	2189
f 2211 	2205 	2190
f 1467 	3090 	2205
f 4041 	2204 	2201
f 2171 	2223 	2216
f 2217 	2211 	2175
f 2211 	1467 	2205
f 1467 	2211 	2217
f 2219 	2223 	2171
f 1473 	1470 	2217
f 2219 	2232 	2223
f 2216 	2223 	2224
f 2235 	2229 	2660
f 2219 	2246 	2232
f 2223 	2233 	2224
f 2223 	2232 	2233
f 2235 	2660 	2085
f 2165 	2229 	2235
f 2170 	2165 	2235
f 2232 	2240 	2233
f 2231 	2229 	2165
f 2233 	2240 	2258
f 2231 	2167 	2234
f 1341 	2241 	2317
f 2165 	2167 	2231
f 2167 	2190 	2234
f 1341 	2239 	2241
f 2219 	2169 	2182
f 2085 	1943 	2235
f 2244 	2239 	2089
f 2170 	2235 	1943
f 2246 	2182 	2245
f 2245 	2250 	2246
f 2089 	2092 	2244
f 2244 	2249 	2239
f 2219 	2182 	2246
f 2318 	2250 	2245
f 2239 	2249 	2241
f 2246 	2254 	2232
f 2250 	2254 	2246
f 2254 	2240 	2232
f 2249 	2056 	2241
f 2092 	2099 	2244
f 2250 	2256 	2254
f 2247 	2257 	2248
f 2254 	2256 	2188
f 2244 	1932 	2249
f 2255 	2257 	2247
f 1932 	2244 	2099
f 2231 	2234 	2257
f 2249 	2062 	2056
f 1946 	1932 	2099
f 2269 	1946 	2099
f 2240 	2254 	2188
f 2229 	2252 	2660
f 1163 	2260 	1374
f 1163 	1678 	2260
f 2240 	2188 	2262
f 2255 	2252 	2229
f 2188 	2196 	2262
f 2262 	2258 	2240
f 2229 	2231 	2255
f 2255 	2231 	2257
f 2260 	2092 	1376
f 2260 	2097 	2092
f 2262 	2196 	2267
f 1678 	2097 	2260
f 2097 	2269 	2099
f 1689 	2269 	2097
f 2272 	2269 	1689
f 2271 	2270 	2316
f 2328 	2273 	2256
f 2272 	1689 	1718
f 2273 	2193 	2256
f 2272 	2021 	2269
f 2027 	2021 	2272
f 2021 	1946 	2269
f 1718 	1729 	2285
f 2185 	2271 	2320
f 2273 	2280 	2201
f 2320 	2234 	2185
f 2185 	2184 	2271
f 1718 	2285 	2272
f 2273 	2201 	2193
f 2271 	2184 	2270
f 2272 	2285 	2027
f 2280 	2278 	2296
f 2278 	2292 	2296
f 2280 	4193 	2201
f 2295 	2285 	1729
f 2280 	2296 	4193
f 2295 	2340 	2285
f 2295 	2341 	2340
f 2285 	2340 	2027
f 1856 	2295 	1741
f 4198 	2296 	2292
f 2341 	2295 	1856
f 1439 	2309 	2310
f 2297 	2268 	3135
f 2299 	2312 	2300
f 2181 	2397 	2311
f 2311 	2245 	2181
f 2248 	2312 	2299
f 2312 	2316 	2300
f 2312 	2271 	2316
f 2245 	2311 	2318
f 2311 	2315 	2318
f 2300 	2316 	2303
f 2303 	2268 	2297
f 2316 	2268 	2303
f 2248 	2257 	2320
f 2315 	2319 	2322
f 2309 	2321 	2310
f 2320 	2312 	2248
f 2325 	2321 	2309
f 2315 	2322 	2318
f 2321 	2327 	2310
f 2322 	2328 	2318
f 2320 	2271 	2312
f 2316 	2270 	2268
f 2257 	2234 	2320
f 2328 	2250 	2318
f 2328 	2256 	2250
f 2327 	1493 	2310
f 2327 	2541 	1493
f 2319 	2333 	2322
f 2319 	2331 	2333
f 2333 	2335 	2322
f 2322 	2335 	2328
f 2317 	2241 	2325
f 2317 	2325 	2309
f 2325 	2056 	2337
f 2056 	2060 	2337
f 2325 	2337 	2321
f 2331 	2894 	2338
f 2321 	2545 	2327
f 2331 	2338 	2333
f 2321 	2337 	2545
f 2335 	2273 	2328
f 2273 	2335 	2280
f 2056 	2325 	2241
f 2333 	2278 	2335
f 2333 	2338 	2278
f 2280 	2335 	2278
f 2338 	2292 	2278
f 1856 	1859 	526
f 2341 	1856 	526
f 2339 	2345 	2342
f 1859 	529 	526
f 2339 	2344 	2345
f 2342 	2345 	2346
f 2076 	2347 	2348
f 2342 	2346 	2343
f 2343 	2346 	2164
f 2076 	2348 	2077
f 2347 	2027 	2340
f 2348 	2347 	2900
f 2346 	2345 	2179
f 2336 	2351 	2334
f 2179 	2169 	2346
f 2346 	2169 	2164
f 2340 	2341 	2350
f 2352 	2247 	2336
f 2350 	2347 	2340
f 2350 	568 	687
f 2352 	2255 	2247
f 2341 	568 	2350
f 2336 	2247 	2351
f 2353 	2364 	2354
f 2247 	2248 	2351
f 526 	568 	2341
f 2252 	2255 	2352
f 1596 	1625 	2356
f 2356 	2358 	1600
f 4696 	2360 	2353
f 2364 	2353 	2360
f 2362 	2365 	2357
f 2354 	2367 	2355
f 2354 	2364 	2367
f 2357 	2365 	2359
f 2355 	2367 	2344
f 2369 	1625 	1616
f 2365 	2370 	2359
f 2383 	2344 	2367
f 2334 	2351 	2362
f 2355 	2344 	2339
f 1616 	2366 	2369
f 1625 	2369 	2374
f 2299 	2362 	2351
f 2364 	2360 	2379
f 2379 	2360 	2416
f 2362 	2299 	2365
f 2365 	2300 	2370
f 2299 	2300 	2365
f 2364 	2381 	2367
f 2364 	2379 	2381
f 2374 	2356 	1625
f 2300 	2303 	2370
f 2356 	2403 	2358
f 2299 	2351 	2248
f 2374 	2403 	2356
f 2403 	2404 	2358
f 2367 	2381 	2383
f 2366 	2384 	2369
f 2344 	2386 	2345
f 2366 	2541 	2384
f 2369 	2384 	2388
f 2387 	2359 	2370
f 2344 	2383 	2386
f 2179 	2345 	2386
f 2369 	2388 	2374
f 2380 	2382 	2378
f 2416 	2390 	2379
f 2379 	2390 	2392
f 2384 	2391 	2388
f 2379 	2392 	2381
f 2381 	2395 	2383
f 2391 	2472 	2388
f 2392 	2395 	2381
f 2383 	2395 	2397
f 2383 	2397 	2386
f 2181 	2179 	2386
f 2397 	2181 	2386
f 2390 	2422 	2392
f 2411 	2463 	2403
f 2403 	2463 	2404
f 2374 	2411 	2403
f 2406 	2410 	2416
f 2416 	2360 	2406
f 2410 	2419 	2416
f 2416 	2419 	2390
f 2424 	2395 	2392
f 2424 	2392 	2422
f 2424 	2427 	2395
f 2427 	2397 	2395
f 2427 	2311 	2397
f 2588 	2424 	2422
f 2430 	2444 	2410
f 2440 	2444 	2430
f 2451 	2453 	2437
f 2437 	2453 	2440
f 2440 	2465 	2444
f 2465 	2440 	2453
f 2483 	2453 	2451
f 2374 	2388 	2411
f 2444 	2419 	2410
f 2470 	2419 	2444
f 2444 	2465 	2470
f 2411 	2388 	2472
f 2419 	2470 	2827
f 2463 	2411 	2498
f 2470 	2834 	2827
f 2498 	2411 	2472
f 2827 	2390 	2419
f 2483 	2451 	2457
f 2483 	2490 	2453
f 2513 	2483 	2457
f 2465 	2453 	2490
f 2498 	2472 	2504
f 2522 	6714 	2504
f 2391 	2518 	2472
f 2518 	2504 	2472
f 2389 	2382 	2380
f 2518 	2522 	2504
f 2518 	2792 	2522
f 2522 	6726 	6714
f 2370 	2529 	2387
f 2370 	2303 	2529
f 2387 	2529 	2389
f 2524 	2382 	2389
f 2529 	2524 	2389
f 2070 	2077 	2665
f 2303 	2297 	2529
f 2529 	2297 	2524
f 2483 	2842 	2490
f 2842 	2483 	2513
f 2541 	2366 	1493
f 2607 	2542 	2563
f 2547 	2583 	2563
f 2544 	2081 	2457
f 2546 	2081 	2544
f 2081 	2513 	2457
f 2327 	2545 	2550
f 2540 	2551 	2542
f 2545 	2558 	2550
f 2540 	2548 	2551
f 2541 	2327 	2550
f 2549 	2117 	2084
f 2551 	2357 	2542
f 5101 	2084 	2546
f 2551 	2362 	2357
f 2084 	2111 	2546
f 2550 	2618 	2541
f 2546 	2111 	2081
f 2081 	2090 	2513
f 2542 	2357 	2547
f 2359 	2583 	2547
f 2357 	2359 	2547
f 2359 	2387 	2583
f 2541 	2618 	2384
f 2337 	2060 	2556
f 2681 	2334 	2548
f 2337 	2556 	2545
f 2551 	2548 	2334
f 2334 	2362 	2551
f 2380 	2378 	2566
f 2556 	2558 	2545
f 2550 	2558 	2623
f 2550 	2623 	2618
f 2380 	2566 	2565
f 2556 	2573 	2558
f 2547 	2563 	2542
f 2563 	2583 	2564
f 2584 	2565 	2564
f 2549 	3905 	2117
f 2827 	2422 	2390
f 2583 	2584 	2564
f 2584 	2380 	2565
f 2827 	2586 	2422
f 2422 	2586 	2588
f 2586 	2599 	2604
f 2586 	2604 	2588
f 2591 	2427 	2424
f 2378 	2560 	2566
f 2424 	2588 	2591
f 2427 	2591 	2315
f 2427 	2315 	2311
f 2584 	2583 	2387
f 2387 	2389 	2584
f 2584 	2389 	2380
f 2757 	2759 	2603
f 2605 	2540 	2606
f 2606 	2540 	2542
f 2606 	2542 	2607
f 2561 	2612 	2560
f 2391 	2384 	2618
f 2618 	2628 	2391
f 2623 	2628 	2618
f 2558 	2630 	2623
f 2558 	2573 	2630
f 2645 	2060 	2067
f 2060 	2645 	2556
f 3343 	3348 	2612
f 3348 	3351 	2612
f 2779 	2781 	2612
f 2781 	2783 	2612
f 2783 	2785 	2612
f 2785 	2787 	2612
f 2787 	2603 	2612
f 2603 	2605 	2612
f 2605 	2606 	2612
f 2606 	2607 	2612
f 2607 	2563 	2612
f 2563 	2564 	2612
f 2565 	2566 	2612
f 2645 	2573 	2556
f 2564 	2565 	2612
f 2566 	2560 	2612
f 2659 	2645 	2067
f 2670 	2660 	2252
f 2070 	2659 	2067
f 2659 	2661 	2645
f 2645 	2661 	2573
f 2670 	2252 	2662
f 2070 	2665 	2659
f 2659 	2672 	2661
f 2252 	2352 	2662
f 2665 	2672 	2659
f 2661 	2672 	2749
f 2668 	2673 	2125
f 2668 	2125 	2670
f 2660 	2670 	2125
f 2673 	2128 	2082
f 2763 	2681 	2548
f 2763 	2679 	2681
f 2679 	2695 	2681
f 2679 	2693 	2695
f 2695 	2336 	2681
f 2662 	2695 	2693
f 2695 	2352 	2336
f 2662 	2352 	2695
f 2681 	2336 	2334
f 2686 	2699 	2704
f 2699 	2668 	2704
f 2686 	2704 	2693
f 2662 	2693 	2704
f 2662 	2704 	2670
f 2730 	2668 	2699
f 2668 	2670 	2704
f 2730 	2673 	2668
f 2725 	2665 	2077
f 2077 	2348 	2725
f 2665 	2754 	2672
f 2730 	2699 	2717
f 2717 	2724 	2730
f 2725 	2754 	2665
f 2724 	2735 	2737
f 2628 	2623 	2790
f 2724 	2737 	2730
f 2737 	2673 	2730
f 2739 	2630 	2573
f 2734 	2740 	2735
f 2573 	2661 	2739
f 2734 	5768 	2740
f 2735 	2740 	2741
f 2735 	2741 	2737
f 2741 	2128 	2737
f 2741 	2136 	2128
f 2739 	2749 	2836
f 2737 	2128 	2673
f 2749 	2672 	2756
f 2672 	2754 	2756
f 2749 	2739 	2661
f 2740 	2135 	2741
f 2135 	2136 	2741
f 2605 	2603 	2759
f 2749 	2756 	2856
f 2759 	2540 	2605
f 2757 	2760 	2763
f 2725 	2762 	2754
f 2757 	2763 	2759
f 2762 	2768 	2754
f 2759 	2548 	2540
f 2759 	2763 	2548
f 2760 	2800 	2771
f 2754 	2768 	2756
f 2679 	2760 	2771
f 2693 	2679 	2771
f 2762 	2774 	2768
f 2760 	2679 	2763
f 2774 	2876 	2768
f 2771 	2804 	2686
f 2771 	2686 	2693
f 2628 	2518 	2391
f 2623 	2630 	2790
f 2628 	2790 	2792
f 2779 	2820 	2781
f 2781 	2820 	2822
f 2781 	2822 	2783
f 2785 	2825 	2787
f 2787 	2795 	2757
f 2787 	2757 	2603
f 2795 	2760 	2757
f 2800 	2760 	2795
f 2771 	2800 	2804
f 2801 	2813 	2804
f 2801 	2809 	2813
f 2686 	2804 	2813
f 2818 	2591 	2588
f 2813 	2699 	2686
f 2818 	2588 	2604
f 2319 	2591 	2818
f 2717 	2813 	2809
f 2717 	2699 	2813
f 2591 	2319 	2315
f 2790 	2826 	2792
f 2779 	3474 	2820
f 2792 	2518 	2628
f 2630 	2739 	2824
f 2820 	2828 	2832
f 2820 	2832 	2822
f 2739 	2836 	2824
f 2825 	2785 	2783
f 2331 	2319 	2818
f 2783 	2822 	2825
f 2824 	2790 	2630
f 2795 	2787 	2825
f 2824 	2826 	2790
f 2465 	2490 	2830
f 2830 	2470 	2465
f 2830 	2834 	2470
f 2822 	2838 	2825
f 2822 	2832 	2838
f 2824 	2839 	2826
f 2838 	2800 	2825
f 2795 	2825 	2800
f 2827 	2834 	2586
f 2836 	2839 	2824
f 3480 	2840 	2828
f 2828 	2843 	2832
f 2830 	2490 	2844
f 2828 	2840 	2843
f 2490 	2842 	2844
f 2838 	2832 	2801
f 2832 	2843 	2801
f 2844 	2853 	2830
f 2838 	2801 	2804
f 2834 	2599 	2586
f 2838 	2804 	2800
f 2513 	2846 	2842
f 2836 	2848 	2839
f 2840 	2875 	2843
f 2843 	2875 	2809
f 2843 	2809 	2801
f 2858 	2844 	2842
f 2850 	2809 	2875
f 2717 	2809 	2850
f 2830 	2853 	2834
f 2599 	2834 	2853
f 2749 	2856 	2836
f 2858 	2842 	2846
f 2856 	2848 	2836
f 2857 	2850 	2881
f 2860 	2844 	2858
f 2846 	2868 	2858
f 2724 	2850 	2857
f 2756 	2861 	2856
f 2857 	2735 	2724
f 2844 	2860 	2853
f 2768 	2861 	2756
f 2850 	2724 	2717
f 2861 	2870 	2856
f 2854 	2884 	2863
f 2854 	2863 	2734
f 2856 	2870 	2848
f 2090 	2846 	2513
f 2854 	2734 	2857
f 2734 	2735 	2857
f 2093 	2868 	2846
f 2093 	3003 	2868
f 2868 	3003 	3006
f 2292 	2905 	2874
f 2875 	2840 	2871
f 2874 	4198 	2292
f 2861 	2768 	2876
f 2861 	6991 	2870
f 2876 	6991 	2861
f 2871 	3503 	2879
f 2874 	4217 	4198
f 2871 	2881 	2875
f 2874 	2877 	4217
f 2871 	2879 	2881
f 2875 	2881 	2850
f 2881 	2879 	2854
f 2884 	2854 	2879
f 2881 	2854 	2857
f 2882 	4292 	4280
f 2331 	2818 	2962
f 2331 	2962 	2894
f 2893 	2894 	2962
f 2897 	2895 	2184
f 2184 	2189 	2897
f 2897 	2899 	2895
f 2189 	2205 	2901
f 2900 	2347 	2350
f 2894 	2893 	2904
f 2901 	2897 	2189
f 2901 	3101 	2897
f 3090 	2901 	2205
f 2893 	2902 	2904
f 2894 	2904 	2905
f 687 	2900 	2350
f 2338 	2894 	2905
f 2292 	2338 	2905
f 687 	2922 	2900
f 2348 	2900 	2914
f 2900 	2922 	2914
f 2902 	2916 	2904
f 2914 	2725 	2348
f 2914 	2762 	2725
f 2902 	2911 	2916
f 2904 	2916 	2923
f 2916 	2929 	2923
f 2904 	2923 	2905
f 2923 	2874 	2905
f 2911 	2937 	2926
f 2911 	2926 	2916
f 2929 	2916 	2926
f 2923 	2929 	2877
f 2882 	2929 	2926
f 2929 	4280 	2877
f 2882 	4280 	2929
f 2923 	2877 	2874
f 2926 	2941 	2882
f 3037 	2939 	2937
f 2926 	2937 	2941
f 2937 	2939 	2941
f 2939 	2943 	2948
f 2939 	2948 	2941
f 2957 	2599 	2853
f 2853 	2860 	2957
f 2960 	2604 	2599
f 2599 	2957 	2960
f 2962 	2604 	2960
f 687 	791 	2922
f 2604 	2962 	2818
f 2914 	2922 	2966
f 2860 	2965 	2957
f 2762 	2914 	2966
f 2957 	2968 	2960
f 2966 	2774 	2762
f 2957 	2965 	2968
f 2966 	2922 	2970
f 2960 	2968 	2893
f 2970 	2922 	791
f 2970 	2974 	2966
f 2960 	2893 	2962
f 2974 	2774 	2966
f 821 	2970 	791
f 2965 	2979 	2968
f 2968 	2902 	2893
f 2983 	2979 	2965
f 2902 	2968 	2979
f 3006 	2986 	2983
f 2983 	2988 	2979
f 2986 	2988 	2983
f 2979 	2988 	2911
f 2911 	2902 	2979
f 2986 	3037 	2988
f 2999 	2860 	2858
f 2999 	2858 	2868
f 2860 	2999 	2965
f 2999 	2983 	2965
f 3003 	2093 	2129
f 2999 	2868 	3006
f 2983 	2999 	3006
f 3003 	2129 	3009
f 3003 	3011 	3006
f 3003 	3009 	3011
f 3006 	3011 	2986
f 3009 	3021 	3024
f 3009 	3024 	3011
f 3030 	2974 	2970
f 3011 	3032 	2986
f 3030 	2970 	821
f 3030 	3049 	2974
f 3037 	2986 	3032
f 2988 	2937 	2911
f 2988 	3037 	2937
f 821 	1000 	3030
f 3024 	3042 	3032
f 3032 	3042 	3044
f 3043 	2876 	2774
f 2774 	2974 	3043
f 3042 	3048 	3044
f 3032 	3044 	3037
f 3037 	3044 	2939
f 3044 	2943 	2939
f 3044 	3048 	2943
f 3024 	3032 	3011
f 3021 	3067 	3024
f 2104 	3067 	3021
f 3042 	3024 	3067
f 3074 	3042 	3067
f 3067 	2104 	3072
f 3074 	3067 	3072
f 3074 	3048 	3042
f 3164 	3080 	3078
f 4454 	3074 	3072
f 3074 	3055 	3048
f 2974 	3049 	3043
f 2897 	3101 	2899
f 3049 	7004 	3043
f 2901 	3106 	3101
f 3049 	7012 	7004
f 3090 	3106 	2901
f 1605 	3090 	1467
f 1605 	1608 	3090
f 3090 	1608 	3106
f 3099 	3030 	1000
f 3104 	3099 	1000
f 3049 	3030 	3099
f 3103 	3098 	2899
f 3101 	3103 	2899
f 3103 	3105 	3098
f 3101 	3109 	3103
f 3106 	3109 	3101
f 3116 	3106 	1608
f 3085 	3626 	3083
f 3080 	3083 	3078
f 3106 	3116 	3109
f 1626 	3116 	1608
f 2268 	2270 	3121
f 2895 	3121 	2270
f 2270 	2184 	2895
f 2895 	3147 	3121
f 3121 	3147 	3146
f 3127 	3245 	2524
f 2524 	2297 	3127
f 3127 	3129 	3245
f 3122 	3131 	3118
f 3131 	3122 	8283
f 8376 	3131 	8283
f 3137 	3129 	3127
f 3137 	3141 	3129
f 3129 	3141 	3133
f 2268 	3121 	3135
f 2297 	3135 	3127
f 3135 	3137 	3127
f 3141 	3154 	3133
f 3121 	3146 	3135
f 3135 	3146 	3137
f 3141 	3137 	3159
f 3155 	3144 	1387
f 3146 	3159 	3137
f 3159 	3161 	3141
f 3144 	1396 	1387
f 3141 	3161 	3154
f 3539 	3117 	3145
f 3155 	1387 	3158
f 3117 	3673 	3145
f 1396 	3144 	1395
f 2899 	3147 	2895
f 2899 	3098 	3147
f 3150 	3069 	3362
f 3157 	3078 	3150
f 3078 	3157 	3164
f 3163 	3164 	3157
f 3163 	3157 	3165
f 3169 	3165 	3157
f 3150 	3078 	3069
f 3161 	3167 	3154
f 3169 	3157 	3168
f 3153 	3144 	3155
f 3147 	3170 	3146
f 3153 	3263 	3144
f 3362 	3069 	3124
f 3146 	3170 	3159
f 3159 	3171 	3161
f 3170 	3171 	3159
f 3173 	1502 	1503
f 1504 	1505 	3173
f 3168 	3157 	3176
f 3170 	3147 	3098
f 1505 	1590 	3173
f 3170 	3177 	3171
f 1503 	1504 	3173
f 3177 	3170 	3098
f 1590 	3206 	3173
f 3098 	3105 	3177
f 3441 	3444 	3173
f 3444 	3445 	3173
f 3445 	3447 	3173
f 2560 	2378 	3192
f 2378 	2382 	3194
f 3194 	3192 	2378
f 3152 	3153 	3173
f 3194 	3195 	3192
f 3153 	3155 	3173
f 3155 	3158 	3173
f 3158 	1549 	3173
f 1549 	1515 	3173
f 1518 	1519 	3173
f 1515 	1518 	3173
f 1519 	1502 	3173
f 3173 	3206 	3208
f 3208 	3209 	3173
f 3209 	3211 	3173
f 1590 	1600 	3206
f 3206 	3212 	3208
f 1600 	3212 	3206
f 3274 	3214 	3210
f 3209 	3502 	3211
f 3212 	1600 	2358
f 3293 	3228 	3237
f 3318 	3227 	3205
f 3227 	3321 	3232
f 3318 	3321 	3227
f 2382 	2524 	3245
f 3245 	3194 	2382
f 3244 	3210 	4249
f 3194 	3247 	3195
f 3245 	3247 	3194
f 3301 	3195 	3247
f 3243 	1640 	1634
f 3243 	3299 	1640
f 3195 	3301 	3197
f 1148 	1640 	3299
f 3255 	3269 	3257
f 4257 	3253 	3555
f 3263 	3153 	3152
f 3257 	3263 	3152
f 3253 	3261 	3558
f 3267 	3255 	3490
f 3225 	3267 	3490
f 3253 	3558 	3555
f 3269 	3255 	3267
f 3257 	3269 	3272
f 3210 	3244 	3274
f 3257 	3272 	3263
f 1395 	3144 	3263
f 3263 	3272 	1395
f 3278 	3274 	3244
f 3289 	3267 	3225
f 3269 	3267 	3243
f 3267 	3289 	3243
f 3269 	3243 	1634
f 3269 	1634 	3272
f 1636 	1395 	3272
f 3272 	1634 	1636
f 3289 	3225 	3228
f 3245 	3129 	3247
f 3129 	3133 	3247
f 3228 	3293 	3289
f 3133 	3301 	3247
f 3289 	3293 	3299
f 3303 	3297 	3197
f 3301 	3303 	3197
f 3302 	3482 	3278
f 3303 	3305 	3297
f 3309 	3306 	3313
f 3301 	3307 	3303
f 3307 	3301 	3133
f 3395 	3305 	3303
f 3537 	3309 	3313
f 3154 	3307 	3133
f 3315 	3316 	2612
f 3318 	3205 	3214
f 2561 	3315 	2612
f 3192 	2561 	2560
f 3324 	3315 	2561
f 3192 	3324 	2561
f 3324 	3326 	3315
f 3318 	3327 	3321
f 3325 	3327 	3318
f 3316 	3315 	3326
f 3330 	3316 	3326
f 3293 	3339 	3299
f 3316 	3330 	3322
f 3330 	3335 	3322
f 3243 	3289 	3299
f 3192 	3195 	3324
f 3326 	3324 	3197
f 3195 	3197 	3324
f 3299 	3339 	1148
f 2612 	3316 	3322
f 2612 	3322 	3341
f 3339 	1172 	1148
f 3341 	3343 	2612
f 3339 	6010 	1172
f 3335 	3341 	3322
f 3346 	3553 	3178
f 3341 	3354 	3343
f 3346 	3362 	3553
f 3335 	3354 	3341
f 3362 	3346 	3591
f 3343 	3423 	3348
f 3423 	3351 	3348
f 3591 	3150 	3362
f 3350 	3393 	3371
f 3197 	3297 	3326
f 3297 	3330 	3326
f 3375 	3335 	3330
f 3330 	3297 	3375
f 3375 	3380 	3335
f 3305 	3375 	3297
f 3376 	3417 	3382
f 3335 	3380 	3354
f 3350 	3515 	3386
f 3449 	3380 	3375
f 3350 	3386 	3393
f 3305 	3449 	3375
f 3307 	3395 	3303
f 3395 	3307 	3403
f 3154 	3403 	3307
f 3325 	3396 	3327
f 3154 	3167 	3403
f 3161 	3413 	3167
f 3371 	3393 	3415
f 3171 	3413 	3161
f 3371 	3415 	3376
f 3417 	3376 	3415
f 3177 	3720 	3171
f 3382 	3228 	3225
f 3382 	3417 	3228
f 3419 	3386 	3768
f 3393 	3386 	7290
f 3351 	3420 	2612
f 3421 	2612 	3420
f 3386 	3419 	7290
f 3421 	2779 	2612
f 3343 	3354 	3423
f 3351 	3423 	3427
f 3420 	3351 	3428
f 3351 	3427 	3428
f 3428 	3473 	3420
f 7236 	3417 	3415
f 3237 	3228 	3417
f 3211 	3439 	3173
f 3439 	3441 	3173
f 3354 	3380 	3442
f 3423 	3354 	3442
f 3423 	3446 	3427
f 3442 	3446 	3423
f 3447 	3450 	3173
f 3450 	3452 	3173
f 3452 	3152 	3173
f 3449 	3454 	3380
f 3454 	3442 	3380
f 3442 	3459 	3446
f 3454 	3459 	3442
f 3445 	3488 	3447
f 3447 	3490 	3450
f 3447 	3488 	3490
f 3255 	3452 	3490
f 3450 	3490 	3452
f 3454 	3465 	3459
f 3452 	3255 	3257
f 3257 	3152 	3452
f 3421 	3420 	3473
f 3474 	3421 	3473
f 3473 	3477 	3480
f 3473 	3480 	3474
f 3214 	3274 	3325
f 3421 	3474 	2779
f 3478 	3325 	3274
f 3427 	3446 	3475
f 3475 	3428 	3427
f 3318 	3214 	3325
f 3428 	3475 	3473
f 3477 	3473 	3475
f 3478 	3274 	3278
f 3478 	3396 	3325
f 3474 	2828 	2820
f 3474 	3480 	2828
f 3441 	3483 	3444
f 3475 	3485 	3477
f 3444 	3486 	3445
f 3475 	3493 	3485
f 3486 	3444 	3483
f 3477 	3485 	3487
f 3488 	3445 	3486
f 3477 	3487 	3480
f 3382 	3488 	3486
f 2840 	3480 	3487
f 3503 	3485 	3497
f 3487 	2871 	2840
f 3446 	3459 	3493
f 3475 	3446 	3493
f 3486 	3483 	3376
f 3483 	3371 	3376
f 3495 	3493 	3459
f 3382 	3486 	3376
f 3459 	3465 	3495
f 3493 	3495 	3497
f 3485 	3493 	3497
f 3488 	3225 	3490
f 3465 	3506 	3495
f 3382 	3225 	3488
f 3212 	3502 	3208
f 3485 	3503 	3487
f 3208 	3502 	3209
f 2871 	3487 	3503
f 3505 	3211 	3502
f 3439 	3211 	3507
f 3211 	3505 	3507
f 3510 	3497 	3495
f 3441 	3439 	3511
f 3507 	3511 	3439
f 3511 	3483 	3441
f 3495 	3506 	3510
f 3497 	3510 	3512
f 3502 	3513 	3505
f 3497 	3512 	3503
f 2879 	3503 	3512
f 3513 	3515 	3505
f 3506 	3518 	3510
f 3505 	3515 	3507
f 3511 	3515 	3350
f 3506 	3607 	3518
f 3515 	3511 	3507
f 3591 	3566 	3150
f 3510 	3519 	3512
f 3511 	3350 	3371
f 3511 	3371 	3483
f 3510 	3518 	3519
f 3512 	3519 	2884
f 3522 	3482 	3302
f 3527 	3568 	3524
f 3302 	3309 	3522
f 3512 	2884 	2879
f 3309 	3537 	3522
f 3157 	3568 	3176
f 3278 	3482 	3478
f 3518 	3528 	3519
f 3478 	3405 	3396
f 3518 	3526 	3528
f 5846 	3519 	3528
f 3482 	3405 	3478
f 3540 	3542 	3522
f 3531 	3142 	3529
f 3543 	3544 	3522
f 3539 	3145 	3531
f 3541 	3405 	3482
f 3531 	3145 	3142
f 6106 	3528 	3526
f 3529 	3142 	3139
f 3540 	3522 	3537
f 3543 	3522 	3542
f 3541 	3482 	3522
f 3531 	4435 	3539
f 3395 	3572 	3305
f 3395 	3403 	3546
f 3545 	3541 	3544
f 3541 	3522 	3544
f 3539 	4435 	3178
f 3546 	3572 	3395
f 3545 	3547 	3541
f 3547 	3549 	3541
f 3403 	3548 	3546
f 3403 	3167 	3548
f 3548 	3552 	3546
f 3707 	3541 	3551
f 3549 	3551 	3541
f 3539 	3178 	3553
f 3167 	3413 	3557
f 3553 	3117 	3539
f 3167 	3557 	3548
f 3553 	3124 	3117
f 3548 	3560 	3552
f 3362 	3124 	3553
f 3548 	3557 	3560
f 3560 	3611 	3552
f 3563 	3565 	3564
f 3562 	3563 	3564
f 3413 	3722 	3557
f 3565 	3569 	3564
f 3581 	3575 	3568
f 3571 	3564 	3569
f 3558 	3564 	3309
f 3558 	3309 	3302
f 3305 	3572 	3449
f 3574 	3568 	3575
f 3244 	3555 	3278
f 3572 	3576 	3449
f 3574 	3577 	3568
f 3278 	3555 	3302
f 3572 	3582 	3576
f 3558 	3302 	3555
f 3527 	3176 	3568
f 3564 	3571 	3579
f 3449 	3576 	3454
f 3576 	3465 	3454
f 3566 	3568 	3157
f 3309 	3564 	3579
f 3580 	3309 	3579
f 3584 	3309 	3580
f 3589 	3583 	3568
f 3546 	3582 	3572
f 3523 	3524 	3568
f 3577 	3523 	3568
f 3576 	3586 	3465
f 3584 	3587 	3309
f 3582 	3586 	3576
f 3566 	3157 	3150
f 3586 	3506 	3465
f 3581 	3568 	3583
f 3587 	3306 	3309
f 3546 	3552 	3582
f 3603 	3586 	3582
f 3586 	3603 	3607
f 3586 	3607 	3506
f 3595 	3596 	3594
f 3595 	3599 	3596
f 3599 	3602 	3596
f 3552 	3603 	3582
f 3562 	3564 	3604
f 3261 	3564 	3558
f 3596 	3604 	3564
f 3596 	3602 	3606
f 3596 	3606 	3604
f 3261 	3596 	3564
f 3232 	583 	553
f 3601 	3568 	3566
f 3603 	3552 	3611
f 3601 	3605 	3568
f 3603 	3614 	3607
f 3568 	3605 	3589
f 3623 	3589 	3605
f 3611 	3614 	3603
f 3607 	3614 	3526
f 566 	3617 	4272
f 3607 	3526 	3518
f 566 	3610 	3617
f 3557 	3781 	3560
f 3621 	3605 	3620
f 3560 	3624 	3611
f 3621 	3623 	3605
f 3781 	3624 	3560
f 3614 	3611 	3625
f 3611 	3624 	3625
f 3635 	3622 	3617
f 3638 	3626 	3637
f 3638 	3641 	3626
f 6100 	3526 	3614
f 3610 	3714 	3617
f 3781 	3634 	3624
f 3688 	3647 	3644
f 3626 	3647 	3688
f 3642 	3647 	3641
f 3626 	3641 	3647
f 3103 	3652 	3105
f 3109 	3652 	3103
f 3105 	3652 	3743
f 3116 	3656 	3109
f 565 	583 	3610
f 3656 	3652 	3109
f 3660 	3661 	3647
f 3667 	3786 	3666
f 3656 	3116 	3662
f 3666 	3647 	3664
f 3661 	3664 	3647
f 3116 	1626 	3662
f 3662 	3672 	3656
f 3660 	3647 	3642
f 3321 	3671 	3658
f 3662 	3675 	3672
f 1717 	3675 	3662
f 1626 	1717 	3662
f 3610 	3709 	3714
f 3232 	3658 	583
f 3658 	3232 	3321
f 3656 	3669 	3652
f 3670 	3142 	3145
f 3669 	3656 	3672
f 3327 	3679 	3671
f 3145 	3673 	3670
f 3321 	3327 	3671
f 3682 	3731 	3673
f 1717 	1719 	3681
f 1717 	3681 	3675
f 3124 	3682 	3117
f 3691 	3675 	3681
f 3673 	3117 	3682
f 1719 	1747 	3681
f 3681 	1747 	3696
f 3327 	3396 	3679
f 3675 	3687 	3672
f 3396 	3405 	3685
f 3694 	3685 	3405
f 3682 	3124 	3688
f 3687 	3675 	3691
f 3626 	3688 	3069
f 3679 	3396 	3685
f 3078 	3626 	3069
f 3640 	3626 	3085
f 3078 	3083 	3626
f 3685 	3694 	3862
f 3124 	3069 	3688
f 3698 	3862 	3697
f 3694 	3699 	3697
f 1747 	3706 	3696
f 3699 	3694 	3700
f 3681 	3696 	3691
f 3688 	3644 	3682
f 3637 	3626 	3640
f 3405 	3541 	3694
f 3700 	3694 	3707
f 3541 	3707 	3694
f 3709 	583 	3658
f 3658 	3718 	3709
f 3610 	583 	3709
f 3752 	3712 	3704
f 3712 	3752 	3670
f 3718 	3719 	3709
f 3709 	3719 	3714
f 3670 	3673 	3717
f 3658 	3671 	3718
f 1800 	1805 	3713
f 3720 	3413 	3171
f 3718 	3820 	3719
f 3720 	3722 	3413
f 3717 	3712 	3670
f 3671 	3679 	3726
f 3177 	3727 	3720
f 3177 	3105 	3727
f 3728 	3726 	3679
f 3679 	3685 	3728
f 3673 	3731 	3717
f 3726 	3718 	3671
f 3682 	3644 	3731
f 3726 	3820 	3718
f 3720 	3730 	3722
f 3727 	3730 	3720
f 3832 	3726 	3728
f 3832 	3728 	3833
f 3652 	3669 	3743
f 3105 	3743 	3727
f 3727 	3745 	3730
f 3714 	3635 	3617
f 3743 	3745 	3727
f 3635 	3714 	6306
f 3386 	3515 	3768
f 3669 	3746 	3743
f 3743 	3746 	3745
f 3739 	3139 	3747
f 3746 	3757 	3745
f 3739 	3747 	3742
f 3212 	2358 	3750
f 3742 	3747 	3775
f 3722 	3730 	3782
f 3750 	3502 	3212
f 3752 	3139 	3142
f 3750 	3513 	3502
f 2358 	2404 	3750
f 3722 	3782 	3781
f 3139 	3752 	3747
f 3750 	3753 	3513
f 3745 	3754 	3730
f 3704 	3747 	3752
f 3757 	3754 	3745
f 2404 	3753 	3750
f 3768 	3513 	3753
f 3704 	3775 	3747
f 3753 	3773 	3768
f 3142 	3670 	3752
f 3761 	3746 	3669
f 3768 	3515 	3513
f 2404 	2463 	3769
f 3669 	3672 	3761
f 3761 	3764 	3746
f 3779 	3769 	2463
f 3746 	3764 	3757
f 3764 	6677 	3757
f 3736 	3742 	3770
f 3672 	3687 	3761
f 3772 	3764 	3761
f 2404 	3769 	3753
f 3736 	3770 	3763
f 3772 	3761 	3687
f 3764 	3772 	6687
f 3753 	3769 	3773
f 3775 	3770 	3742
f 3772 	6695 	6687
f 3419 	3768 	3773
f 3764 	6687 	6677
f 3687 	3691 	6692
f 6692 	3772 	3687
f 6692 	6695 	3772
f 3557 	3722 	3781
f 3779 	2463 	2498
f 7398 	3769 	3779
f 3730 	3754 	3782
f 3779 	6709 	7404
f 3782 	3634 	3781
f 3779 	7404 	7398
f 3773 	7401 	3419
f 3782 	3788 	3634
f 3754 	3788 	3782
f 3779 	2498 	6709
f 3731 	3644 	3784
f 6831 	3788 	3754
f 3644 	3647 	3786
f 3647 	3666 	3786
f 3786 	3784 	3644
f 3786 	3796 	3797
f 3798 	3796 	3786
f 3802 	3806 	3797
f 3792 	3814 	3799
f 3798 	3786 	3667
f 3812 	3814 	3792
f 3804 	3784 	3806
f 3786 	3806 	3784
f 3786 	3797 	3806
f 3806 	3811 	3804
f 3809 	3827 	3810
f 3809 	3824 	3827
f 3815 	3806 	3802
f 3816 	3811 	3817
f 3817 	3811 	3818
f 3806 	3818 	3811
f 2166 	3813 	2158
f 3815 	3818 	3806
f 3816 	3821 	3811
f 3807 	3819 	3824
f 3807 	3824 	3809
f 3810 	3827 	3948
f 3822 	3957 	3775
f 3833 	3728 	3862
f 3813 	3834 	3819
f 3704 	3822 	3775
f 3822 	3836 	3823
f 3862 	3867 	3833
f 3822 	3841 	3836
f 3836 	3877 	3823
f 3832 	3820 	3726
f 3836 	3887 	3877
f 3704 	3712 	3841
f 3870 	3857 	3833
f 3841 	3822 	3704
f 3841 	3854 	3855
f 3854 	3893 	3855
f 3867 	3870 	3833
f 3841 	3855 	3836
f 3833 	3857 	3858
f 3854 	3841 	3712
f 3712 	3717 	3854
f 3698 	3863 	3862
f 3694 	3697 	3862
f 3854 	3864 	3893
f 3863 	3865 	3862
f 3854 	3717 	3864
f 3685 	3862 	3728
f 3865 	3866 	3862
f 3866 	3867 	3862
f 3864 	3784 	3804
f 3864 	3717 	3731
f 3864 	3731 	3784
f 3261 	3253 	4318
f 3880 	3881 	3879
f 3880 	3882 	3881
f 3836 	3855 	3887
f 3882 	3891 	3881
f 3593 	3881 	3891
f 3864 	3804 	3893
f 3855 	3895 	3887
f 3893 	3895 	3855
f 3881 	3902 	3899
f 3881 	3899 	3879
f 3594 	3881 	3593
f 3881 	3594 	3596
f 3904 	3893 	3804
f 3804 	3811 	3904
f 3893 	3904 	3895
f 1296 	6659 	3905
f 3905 	6663 	2117
f 2166 	3834 	3813
f 3968 	3824 	3819
f 2166 	2216 	3834
f 3930 	3935 	3932
f 8699 	3936 	3812
f 2224 	3938 	3978
f 3812 	3936 	3814
f 2224 	2233 	3939
f 3939 	3938 	2224
f 3938 	3939 	4010
f 3935 	3941 	3942
f 3935 	3942 	3932
f 2233 	2258 	3939
f 3939 	2258 	4013
f 3122 	3943 	8707
f 3941 	3935 	3763
f 3763 	3770 	3941
f 3941 	3952 	3942
f 3827 	3953 	3948
f 3952 	3941 	3957
f 3953 	3958 	3948
f 3948 	3958 	3950
f 3770 	3775 	3957
f 3957 	3941 	3770
f 3957 	3822 	3823
f 3967 	3954 	3966
f 3957 	3823 	3952
f 3819 	3834 	3968
f 3954 	3967 	3956
f 3824 	3968 	3971
f 3824 	3971 	3827
f 3967 	4096 	3956
f 3827 	3971 	3953
f 3932 	3975 	3970
f 3834 	2216 	3978
f 3942 	3975 	3932
f 3834 	3978 	3968
f 3960 	3966 	3954
f 3970 	3975 	4046
f 3968 	3980 	3971
f 3976 	3966 	3960
f 3968 	3978 	3980
f 3971 	3981 	3953
f 3971 	3980 	3981
f 3981 	3989 	3953
f 2224 	3978 	2216
f 3952 	3984 	3942
f 3952 	3990 	3984
f 3978 	3938 	3980
f 3952 	3823 	3990
f 3975 	3942 	3984
f 3987 	3976 	3799
f 3799 	3814 	3987
f 3987 	3983 	3976
f 3953 	3989 	3958
f 3989 	3991 	3958
f 3976 	3983 	3966
f 3823 	3877 	3990
f 3980 	3993 	3981
f 3877 	4059 	3990
f 3980 	3938 	3993
f 3981 	3995 	3989
f 3821 	3997 	3811
f 4008 	4007 	3811
f 3993 	3995 	3981
f 3995 	3999 	3989
f 3811 	4007 	3904
f 3895 	3904 	4002
f 3989 	3999 	3991
f 3938 	4010 	3993
f 3811 	3997 	4005
f 3811 	4005 	4008
f 3993 	4037 	3995
f 4007 	4002 	3904
f 3072 	2104 	3931
f 3939 	4013 	4010
f 4008 	4012 	4007
f 4007 	4069 	4002
f 2258 	4023 	4013
f 4015 	4007 	4016
f 4012 	4016 	4007
f 4010 	4013 	4017
f 4075 	4007 	4018
f 4015 	4018 	4007
f 4013 	4025 	4017
f 4013 	4023 	4025
f 4010 	4017 	4037
f 4022 	3814 	3936
f 2258 	2262 	4023
f 3936 	4087 	4022
f 3814 	4022 	3987
f 3987 	4004 	3983
f 4022 	4004 	3987
f 3877 	4021 	4059
f 7261 	4029 	4030
f 2262 	2267 	4023
f 3887 	4021 	3877
f 4023 	1152 	4025
f 4023 	2267 	1152
f 3887 	4033 	4021
f 4481 	7261 	4034
f 4030 	4034 	7261
f 1152 	1160 	4025
f 3895 	4033 	3887
f 3993 	4010 	4037
f 2204 	4045 	4036
f 4039 	3999 	3995
f 4045 	2204 	4041
f 3995 	4037 	4039
f 3895 	4002 	4033
f 4037 	4017 	4044
f 4037 	4044 	4039
f 4049 	4044 	4017
f 4017 	4025 	4049
f 4036 	4045 	4088
f 4046 	3975 	4050
f 4049 	1210 	4044
f 3975 	3984 	4050
f 4046 	4050 	4080
f 4025 	1160 	4049
f 1160 	1222 	4049
f 4049 	1222 	1210
f 4054 	4045 	4041
f 4050 	3984 	4056
f 4245 	4055 	4246
f 4041 	4052 	4054
f 3984 	3990 	4056
f 4050 	4083 	4080
f 4056 	4083 	4050
f 4055 	4057 	4246
f 3990 	4059 	4056
f 4052 	4064 	4054
f 4033 	4002 	4065
f 4223 	4070 	4064
f 4002 	4069 	4065
f 3205 	4094 	4064
f 4076 	4069 	4075
f 4007 	4075 	4069
f 3205 	4064 	4070
f 4166 	4069 	4079
f 4078 	4079 	4069
f 4076 	4078 	4069
f 4243 	3210 	4070
f 4070 	3210 	3214
f 4070 	3214 	3205
f 2196 	4036 	2267
f 1175 	2267 	4036
f 4088 	1175 	4036
f 2267 	1175 	1152
f 4087 	3936 	3943
f 4087 	4085 	4022
f 4088 	1182 	1175
f 3943 	3122 	4087
f 4092 	4045 	4054
f 4087 	3118 	4085
f 3122 	3118 	4087
f 4022 	4085 	4004
f 4092 	4088 	4045
f 1192 	1182 	4088
f 4092 	1192 	4088
f 4094 	4092 	4054
f 4094 	4054 	4064
f 4094 	4097 	4092
f 4094 	3227 	4097
f 4092 	4097 	1192
f 4100 	3967 	3966
f 3966 	3983 	4100
f 4100 	4107 	3967
f 4120 	4083 	4056
f 4100 	4124 	4107
f 4056 	4059 	4120
f 3967 	4107 	4096
f 4107 	4113 	4096
f 4096 	4113 	4098
f 4120 	4125 	4083
f 8711 	4107 	4124
f 6221 	4083 	4125
f 4021 	4129 	4059
f 4059 	4129 	4120
f 4120 	4133 	4125
f 4124 	8713 	8711
f 3983 	4004 	4134
f 4129 	4133 	4120
f 4134 	4100 	3983
f 4134 	4124 	4100
f 4004 	4137 	4134
f 4137 	4004 	4085
f 4137 	4142 	4134
f 4021 	4033 	4144
f 4134 	4142 	4124
f 4129 	4021 	4144
f 4144 	4181 	4129
f 4085 	3118 	3136
f 3136 	4137 	4085
f 4142 	4137 	8718
f 3136 	8718 	4137
f 4129 	4181 	4133
f 4181 	6237 	4133
f 4144 	4033 	4065
f 4057 	4200 	4058
f 4065 	4069 	4166
f 4167 	4200 	4057
f 4162 	4166 	4079
f 4065 	4164 	4144
f 4164 	4065 	4166
f 4167 	4055 	3810
f 3810 	3948 	4167
f 4169 	4166 	4170
f 4055 	4167 	4057
f 4166 	4162 	4170
f 4169 	4172 	4166
f 4166 	4186 	4164
f 4172 	4177 	4166
f 4189 	4186 	4177
f 4181 	4144 	4164
f 4185 	4181 	4164
f 4097 	553 	1192
f 3205 	3227 	4094
f 3227 	3232 	4097
f 3232 	553 	4097
f 2201 	4193 	4041
f 4198 	4207 	2296
f 4193 	2296 	4207
f 4193 	4052 	4041
f 4193 	4207 	4052
f 4200 	4204 	4058
f 3950 	4167 	3948
f 4198 	4220 	4207
f 4198 	4217 	4220
f 4207 	4220 	4223
f 4207 	4223 	4052
f 4223 	4064 	4052
f 4220 	4217 	4231
f 4248 	4058 	4228
f 4229 	4259 	4230
f 4230 	4256 	4224
f 4259 	4256 	4230
f 4225 	4237 	4224
f 4495 	4496 	4237
f 4496 	4497 	4237
f 4287 	4288 	4237
f 4288 	4291 	4237
f 4291 	4293 	4237
f 4220 	4231 	4243
f 4293 	4294 	4237
f 4294 	4296 	4237
f 4220 	4243 	4223
f 4296 	4244 	4237
f 4244 	4245 	4237
f 4245 	4246 	4237
f 4243 	4070 	4223
f 4246 	4248 	4237
f 4248 	4228 	4237
f 4243 	4231 	4249
f 4228 	4229 	4237
f 4229 	4230 	4237
f 4230 	4224 	4237
f 3210 	4243 	4249
f 4246 	4057 	4248
f 4057 	4058 	4248
f 4284 	4254 	4231
f 4231 	4254 	4249
f 4228 	4058 	4258
f 4058 	4204 	4258
f 4228 	4258 	4229
f 4254 	4257 	4249
f 4258 	4259 	4229
f 4257 	3244 	4249
f 4256 	4721 	4836
f 4257 	3555 	3244
f 4204 	4722 	4258
f 4259 	4258 	4722
f 4166 	4177 	4186
f 2549 	1289 	3905
f 4721 	4256 	4259
f 4164 	4186 	4185
f 1289 	1296 	3905
f 4263 	1296 	1293
f 4189 	4264 	4186
f 86 	85 	4186
f 4264 	86 	4186
f 4263 	6659 	1296
f 1303 	1307 	4269
f 4265 	4271 	4267
f 4265 	4270 	4271
f 4270 	2339 	2342
f 1307 	4274 	4269
f 2342 	4271 	4270
f 4272 	4274 	1307
f 3617 	3622 	4272
f 3622 	4274 	4272
f 4244 	4277 	4278
f 3622 	6694 	4274
f 4244 	4278 	4245
f 4055 	4245 	4278
f 4275 	4310 	4276
f 4275 	4308 	4310
f 4276 	3807 	4277
f 3807 	4276 	4310
f 4277 	3809 	4278
f 2877 	4280 	4284
f 4277 	3807 	3809
f 3809 	3810 	4278
f 4278 	3810 	4055
f 3819 	3807 	4310
f 4217 	2877 	4284
f 4231 	4217 	4284
f 4282 	4285 	4286
f 4295 	7477 	4283
f 4299 	4280 	4292
f 4287 	4265 	4288
f 4285 	7445 	4286
f 4292 	4304 	4299
f 4288 	4267 	4291
f 4286 	7445 	7450
f 4299 	4284 	4280
f 4288 	4265 	4267
f 4291 	4267 	4268
f 4291 	4268 	4293
f 4294 	4293 	4275
f 4254 	4284 	4299
f 4268 	4275 	4293
f 4294 	4275 	4276
f 7478 	4295 	4290
f 4294 	4276 	4296
f 4295 	7482 	7477
f 4296 	4277 	4244
f 4276 	4277 	4296
f 4302 	7478 	4290
f 4308 	4275 	4268
f 4304 	4292 	4301
f 4306 	4268 	4267
f 4306 	4267 	4271
f 4306 	4308 	4268
f 4301 	4334 	4304
f 4306 	4271 	2343
f 4271 	2342 	2343
f 4309 	4338 	4313
f 4306 	2158 	4308
f 4306 	2343 	2158
f 4338 	4311 	4313
f 4313 	4421 	4309
f 4299 	4315 	4254
f 4299 	4304 	4315
f 4315 	4257 	4254
f 4309 	4421 	6342
f 4304 	4318 	4315
f 4315 	3253 	4257
f 3261 	4318 	4319
f 3261 	4319 	3596
f 4315 	4318 	3253
f 3881 	3596 	4319
f 3881 	4319 	4337
f 4326 	4332 	4335
f 4304 	4334 	4318
f 4326 	4335 	4328
f 4328 	4338 	4331
f 4328 	4335 	4338
f 4334 	4319 	4318
f 4334 	4337 	4319
f 4331 	4338 	4309
f 4344 	4342 	4343
f 4344 	4345 	4342
f 4342 	3902 	3881
f 4342 	4345 	3902
f 4335 	4311 	4338
f 3881 	4337 	4342
f 2941 	4347 	2882
f 4347 	4292 	2882
f 4349 	4301 	4347
f 4355 	6832 	4351
f 4365 	4355 	4351
f 4326 	4355 	4332
f 4347 	4301 	4292
f 4355 	4365 	4332
f 4349 	4359 	4301
f 4359 	4334 	4301
f 4348 	4361 	4351
f 4348 	4358 	4361
f 4351 	4361 	4365
f 4359 	4363 	4337
f 4370 	4361 	4358
f 4358 	4929 	4370
f 4359 	4337 	4334
f 4361 	4370 	4373
f 4365 	4361 	4373
f 4410 	4374 	4349
f 4365 	4377 	4332
f 4374 	4359 	4349
f 4377 	4365 	4373
f 4332 	4377 	4380
f 4374 	4378 	4363
f 4380 	4335 	4332
f 4380 	4311 	4335
f 4374 	4363 	4359
f 4929 	4381 	4370
f 4370 	4383 	4373
f 4385 	4382 	4384
f 4370 	4381 	4383
f 4385 	4387 	4382
f 4373 	4383 	4388
f 4378 	4424 	4382
f 4382 	4387 	4390
f 4382 	4390 	4394
f 4373 	4388 	4377
f 4391 	4380 	4377
f 4377 	4388 	4391
f 4380 	4391 	4320
f 4393 	4363 	4378
f 4382 	4394 	4393
f 4395 	4393 	4394
f 4380 	4320 	4311
f 4395 	4396 	4393
f 4393 	4378 	4382
f 4342 	4363 	4393
f 4393 	4396 	4399
f 4343 	4342 	4399
f 4393 	4399 	4342
f 4342 	4337 	4363
f 4347 	2941 	2948
f 4405 	2943 	3048
f 4408 	4383 	4381
f 2943 	4410 	2948
f 2943 	4405 	4410
f 4408 	4381 	4406
f 4347 	2948 	4349
f 4383 	4408 	4413
f 2948 	4410 	4349
f 4383 	4413 	4388
f 4407 	4412 	3739
f 4405 	4416 	4410
f 3139 	3739 	4412
f 4405 	4414 	4416
f 3529 	3139 	4412
f 4406 	4820 	4408
f 4410 	4416 	4374
f 4378 	4374 	4416
f 4413 	4823 	4613
f 4313 	4428 	4421
f 4420 	4412 	4407
f 4426 	4412 	4420
f 4311 	4320 	4425
f 4414 	4424 	4416
f 4425 	4313 	4311
f 4425 	4428 	4313
f 4421 	4428 	4431
f 4426 	4429 	3529
f 4429 	3531 	3529
f 4421 	4431 	6889
f 4416 	4424 	4378
f 4412 	4426 	3529
f 4424 	4494 	4382
f 4443 	4446 	4435
f 4494 	4384 	4382
f 4435 	4429 	4443
f 4384 	4494 	4386
f 4439 	4386 	4494
f 4428 	4425 	4437
f 4429 	4435 	3531
f 4428 	4440 	4431
f 3055 	4405 	3048
f 4428 	4437 	4440
f 3055 	4517 	4414
f 4437 	4575 	4444
f 4405 	3055 	4414
f 4426 	4513 	4429
f 4437 	4444 	4440
f 4440 	4444 	4587
f 3931 	4451 	3072
f 3178 	4435 	4446
f 4446 	4450 	3178
f 4454 	3072 	4451
f 4451 	4461 	4463
f 4450 	3346 	3178
f 4451 	4463 	4454
f 4450 	4455 	3346
f 4454 	3055 	3074
f 4455 	4458 	3591
f 4458 	3566 	3591
f 3591 	3346 	4455
f 4458 	8482 	3601
f 3601 	3566 	4458
f 4469 	4473 	4475
f 4469 	4475 	4471
f 4472 	4461 	7257
f 4472 	4540 	4544
f 4473 	4478 	4479
f 4475 	4473 	4479
f 4475 	4479 	4404
f 4308 	2158 	3813
f 4420 	4479 	4478
f 4310 	4308 	3813
f 4420 	4478 	4483
f 4479 	4420 	4407
f 4310 	3813 	3819
f 4479 	4407 	4404
f 4237 	4225 	4488
f 4483 	4513 	4426
f 4483 	4426 	4420
f 4488 	4490 	4237
f 4484 	4414 	4517
f 4492 	4237 	4490
f 4484 	4494 	4424
f 4492 	4495 	4237
f 4484 	4486 	4494
f 4583 	4237 	4497
f 4493 	4483 	4478
f 4486 	4506 	4512
f 4512 	4494 	4486
f 4225 	4520 	4523
f 4225 	4523 	4488
f 4484 	4424 	4414
f 4483 	4493 	4500
f 4503 	4492 	4490
f 4506 	4486 	4504
f 4507 	4504 	4486
f 4490 	4525 	4503
f 4503 	4511 	4492
f 4500 	4513 	4483
f 4514 	4494 	4512
f 4500 	4508 	4513
f 4492 	4511 	4495
f 4439 	4494 	4514
f 4517 	3055 	4454
f 4454 	4463 	4517
f 4508 	4516 	4443
f 4517 	4463 	4519
f 4508 	4443 	4513
f 4513 	4443 	4429
f 4516 	4446 	4443
f 4256 	4520 	4224
f 4516 	8626 	4446
f 4224 	4520 	4225
f 4517 	4519 	4484
f 4520 	4530 	4523
f 4827 	4522 	4469
f 4519 	4486 	4484
f 4488 	4525 	4490
f 4519 	4521 	4486
f 4523 	4525 	4488
f 4522 	4473 	4469
f 4507 	4486 	4521
f 4522 	4524 	4473
f 4836 	4520 	4256
f 4533 	4540 	4532
f 4535 	4540 	4533
f 4493 	4897 	4528
f 4836 	4530 	4520
f 4540 	4535 	4521
f 4530 	4541 	4523
f 4528 	4500 	4493
f 4897 	4493 	4524
f 4536 	4521 	4535
f 4524 	4493 	4478
f 4541 	4525 	4523
f 4524 	4478 	4473
f 4521 	4536 	4509
f 4521 	4509 	4507
f 4540 	4472 	4538
f 4538 	4553 	4540
f 4541 	4545 	4525
f 4553 	4554 	4540
f 4525 	4545 	4503
f 4503 	4547 	4511
f 4545 	4547 	4503
f 4538 	4551 	4553
f 4546 	4548 	4539
f 4461 	4472 	4544
f 4546 	4557 	4548
f 4538 	4472 	7259
f 4551 	4538 	4550
f 4404 	4552 	4543
f 4552 	4546 	4543
f 4552 	4557 	4546
f 4562 	4552 	4404
f 4586 	4558 	4287
f 4586 	4556 	4558
f 4558 	4265 	4287
f 4544 	4463 	4461
f 4557 	4595 	4548
f 4556 	4560 	4558
f 4558 	4560 	4270
f 4544 	4519 	4463
f 4404 	4407 	4562
f 4558 	4270 	4265
f 4557 	4552 	3736
f 4540 	4521 	4544
f 4560 	2339 	4270
f 4565 	4540 	4564
f 4562 	3736 	4552
f 4532 	4540 	4565
f 4544 	4521 	4519
f 3736 	3763 	4557
f 4568 	4320 	4391
f 7261 	4481 	4569
f 4407 	3739 	4562
f 4550 	4538 	4569
f 7261 	4569 	4538
f 4562 	3742 	3736
f 4564 	4540 	4554
f 3739 	3742 	4562
f 4568 	4570 	4320
f 4568 	4574 	4570
f 4320 	4570 	4425
f 4437 	4425 	4570
f 4616 	4574 	4568
f 4570 	4575 	4437
f 4574 	4575 	4570
f 4574 	4582 	4575
f 4560 	2355 	2339
f 4548 	4592 	4576
f 4237 	4583 	4584
f 4237 	4584 	4586
f 4586 	4287 	4237
f 4592 	4580 	4576
f 4496 	4589 	4497
f 4539 	4548 	4576
f 4590 	4444 	4575
f 4589 	4496 	4605
f 4589 	4593 	4497
f 4582 	4590 	4575
f 4590 	4594 	4444
f 4592 	5072 	4580
f 4590 	4600 	4594
f 4497 	4593 	4583
f 4587 	4444 	4594
f 4595 	4592 	4548
f 4596 	4584 	4583
f 6981 	6970 	4587
f 4583 	4593 	4596
f 4595 	3930 	4592
f 4584 	4596 	4556
f 4595 	4557 	3763
f 3763 	3935 	4595
f 4584 	4556 	4586
f 4582 	4282 	4590
f 4595 	3935 	3930
f 4600 	4590 	4282
f 4594 	4600 	4602
f 4282 	4286 	4600
f 4495 	4605 	4496
f 4495 	4511 	4605
f 4606 	4605 	4511
f 4604 	4609 	4601
f 4608 	4391 	4388
f 4568 	4391 	4608
f 4608 	4616 	4568
f 4608 	4613 	4616
f 4603 	4615 	4604
f 4615 	4618 	4604
f 4604 	4618 	4609
f 4613 	4619 	4620
f 4613 	4620 	4616
f 4620 	4622 	4616
f 4547 	4606 	4511
f 4539 	4615 	4621
f 4606 	4624 	4605
f 4620 	4629 	4622
f 4616 	4622 	4574
f 4546 	4539 	4621
f 4622 	4582 	4574
f 4618 	4615 	4539
f 4589 	4605 	4624
f 4539 	4576 	4618
f 4475 	4543 	4471
f 4619 	4627 	4620
f 4475 	4404 	4543
f 4619 	4625 	4627
f 4621 	4471 	4543
f 4627 	4629 	4620
f 4543 	4546 	4621
f 4629 	4799 	4622
f 4630 	5133 	4659
f 4625 	5205 	4801
f 4625 	4801 	4627
f 4668 	4571 	4630
f 4593 	4691 	4596
f 4635 	4655 	4637
f 4651 	4655 	4635
f 4655 	4659 	4637
f 4637 	4659 	4638
f 4601 	4609 	4651
f 4609 	4668 	4651
f 4651 	4668 	4655
f 4655 	4630 	4659
f 4668 	4630 	4655
f 4668 	4609 	4672
f 4609 	4618 	4672
f 4672 	4571 	4668
f 4618 	4576 	4672
f 4576 	4580 	4672
f 4672 	4580 	4571
f 4678 	4601 	4676
f 4678 	4604 	4601
f 4676 	4601 	4697
f 4603 	4604 	4678
f 4707 	4606 	4547
f 4624 	4688 	4589
f 4589 	4688 	4593
f 4687 	4690 	4684
f 4688 	4691 	4593
f 4688 	2353 	4691
f 4687 	4635 	4690
f 4596 	4694 	4556
f 4694 	4596 	4691
f 4694 	4560 	4556
f 4686 	4923 	4676
f 4696 	4688 	4624
f 4696 	4624 	4710
f 4686 	4697 	4687
f 4676 	4697 	4686
f 4696 	2353 	4688
f 4697 	4635 	4687
f 4691 	2353 	2354
f 4694 	4691 	2354
f 4694 	2354 	2355
f 4694 	2355 	4560
f 4635 	4637 	4690
f 2406 	4696 	4710
f 4697 	4651 	4635
f 4601 	4651 	4697
f 4545 	4704 	4547
f 4707 	4547 	4704
f 4704 	4942 	4707
f 4606 	4710 	4624
f 4606 	4707 	4710
f 4706 	4717 	4709
f 4704 	4938 	4942
f 4707 	4713 	4710
f 2406 	4710 	4713
f 4713 	2410 	2406
f 4684 	4690 	4706
f 2406 	2360 	4696
f 2430 	4713 	4942
f 4717 	4706 	4690
f 2430 	2410 	4713
f 4717 	4720 	4709
f 4709 	4720 	4712
f 4722 	4721 	4259
f 4637 	4717 	4690
f 4717 	4638 	4720
f 4637 	4638 	4717
f 4200 	4167 	3950
f 4729 	4687 	4684
f 4686 	4727 	4923
f 4686 	4729 	4727
f 4729 	4686 	4687
f 4733 	4736 	4738
f 4733 	4739 	4734
f 4738 	4739 	4733
f 4734 	4740 	4735
f 4739 	4740 	4734
f 4740 	4705 	4735
f 4729 	4684 	4736
f 4736 	4684 	4738
f 4738 	4706 	4739
f 4684 	4706 	4738
f 4706 	4709 	4739
f 4740 	4739 	4709
f 4709 	4712 	4740
f 4740 	4712 	4705
f 4784 	4792 	4785
f 3950 	4794 	4200
f 4200 	4794 	4204
f 4784 	4946 	4792
f 4794 	4797 	4204
f 4785 	4792 	4736
f 4801 	4804 	4627
f 4804 	4629 	4627
f 4785 	4736 	4788
f 4204 	4797 	4722
f 4736 	4733 	4788
f 4622 	4799 	4582
f 4722 	4726 	4721
f 4799 	4282 	4582
f 4797 	4726 	4722
f 4727 	4792 	4946
f 4946 	4910 	4727
f 4792 	4729 	4736
f 4729 	4792 	4727
f 4283 	4799 	4629
f 4283 	4629 	4804
f 4799 	4283 	4285
f 4805 	4615 	4603
f 4799 	4285 	4282
f 4807 	4794 	3950
f 4471 	4805 	4830
f 4807 	3950 	3958
f 4290 	4801 	5210
f 4794 	4807 	4810
f 4805 	4621 	4615
f 4801 	4290 	4804
f 4805 	4471 	4621
f 4295 	4283 	4804
f 4804 	4290 	4295
f 4794 	4810 	4797
f 4797 	4802 	4726
f 4810 	4802 	4797
f 4388 	4413 	4608
f 4413 	4613 	4608
f 4676 	4841 	4678
f 3958 	3991 	4807
f 4406 	5115 	4815
f 4826 	4810 	4807
f 4820 	4406 	4815
f 4815 	4829 	4832
f 4815 	4832 	4820
f 4408 	4823 	4413
f 4813 	4821 	4603
f 4802 	4824 	4876
f 4408 	4820 	4823
f 4603 	4678 	4813
f 4807 	3991 	4826
f 4613 	4823 	4619
f 4826 	4824 	4810
f 4817 	4827 	4830
f 4810 	4824 	4802
f 4817 	4830 	4821
f 4603 	4821 	4805
f 3991 	4890 	4826
f 4821 	4830 	4805
f 4890 	3991 	3999
f 4820 	4835 	4823
f 4826 	4889 	4824
f 4820 	4832 	4835
f 4823 	4835 	4619
f 4827 	4469 	4830
f 4830 	4469 	4471
f 4721 	4726 	4839
f 4835 	4625 	4619
f 4839 	4836 	4721
f 4836 	4842 	4530
f 4839 	4842 	4836
f 4676 	4923 	4841
f 4541 	4530 	4844
f 4842 	4844 	4530
f 4868 	7528 	4869
f 4844 	4848 	4541
f 4846 	4817 	4850
f 4541 	4848 	4545
f 4848 	4704 	4545
f 4726 	4802 	4855
f 4850 	4813 	4840
f 4855 	4839 	4726
f 4850 	4821 	4813
f 4839 	4858 	4842
f 4840 	4813 	4841
f 4855 	4858 	4839
f 4858 	4859 	4842
f 4813 	4678 	4841
f 4842 	4859 	4844
f 4817 	4846 	4870
f 4817 	4821 	4850
f 4827 	4817 	4870
f 4802 	4876 	4855
f 7528 	4866 	4867
f 7528 	4868 	4866
f 4869 	7528 	4871
f 7528 	4872 	4871
f 4865 	4874 	4878
f 4876 	4879 	4855
f 4920 	4886 	4876
f 4876 	4886 	4879
f 4855 	4879 	4858
f 4865 	4878 	4870
f 4878 	4827 	4870
f 4824 	4920 	4876
f 5053 	4883 	4874
f 4874 	4883 	4888
f 4888 	4878 	4874
f 4878 	4888 	4522
f 4889 	4826 	4890
f 4896 	4890 	3999
f 4878 	4522 	4827
f 4896 	4894 	4890
f 4890 	4894 	4889
f 4896 	3999 	4039
f 4883 	8751 	4897
f 4900 	4904 	4898
f 4888 	4883 	4897
f 4888 	4524 	4522
f 4888 	4897 	4524
f 8751 	4528 	4897
f 4894 	4907 	4926
f 4832 	5278 	5286
f 4908 	4896 	4039
f 4044 	4908 	4039
f 5286 	4835 	4832
f 4908 	4907 	4896
f 4835 	5286 	4625
f 4908 	1205 	4907
f 4896 	4907 	4894
f 1210 	4908 	4044
f 4908 	1210 	1205
f 4914 	4927 	4928
f 4909 	4915 	4919
f 4889 	4920 	4824
f 4909 	4919 	4910
f 4912 	4918 	4358
f 4920 	4889 	4922
f 4928 	4918 	4914
f 4894 	4922 	4889
f 4910 	4923 	4727
f 4910 	4919 	4923
f 4886 	4920 	5076
f 4912 	4358 	4348
f 4926 	4922 	4894
f 4915 	4961 	4925
f 4915 	4840 	4919
f 4926 	5085 	4922
f 4915 	4925 	4840
f 4927 	4930 	4928
f 4919 	4841 	4923
f 4919 	4840 	4841
f 4907 	1205 	1206
f 4918 	4929 	4358
f 4918 	4928 	4929
f 1206 	4926 	4907
f 4931 	4929 	4928
f 4925 	4846 	4850
f 4925 	4850 	4840
f 4931 	4928 	4930
f 4844 	4933 	4848
f 4929 	4931 	4381
f 4933 	4844 	4859
f 4938 	4848 	4933
f 4936 	4974 	4939
f 4974 	4936 	4932
f 4936 	4939 	4940
f 4848 	4938 	4704
f 4931 	4406 	4381
f 4942 	4713 	4707
f 4406 	4931 	5115
f 4936 	4940 	4782
f 4784 	4782 	4946
f 4940 	4946 	4782
f 4933 	4859 	4949
f 4940 	4939 	4909
f 4995 	4949 	4859
f 4949 	4954 	4933
f 4940 	4909 	4910
f 4940 	4910 	4946
f 4999 	5002 	4949
f 4948 	4957 	4927
f 4949 	5002 	4954
f 4955 	4957 	4948
f 4933 	4954 	4938
f 4957 	4930 	4927
f 4954 	4959 	4938
f 4938 	4959 	4942
f 4983 	4915 	4909
f 4960 	4963 	4950
f 4961 	4915 	4983
f 2430 	4942 	4959
f 4950 	4963 	4955
f 4995 	4999 	4949
f 4955 	4979 	4957
f 4963 	4979 	4955
f 2437 	4959 	4954
f 4925 	4961 	4966
f 4966 	4846 	4925
f 4966 	4964 	5027
f 5027 	4846 	4966
f 4963 	4960 	4992
f 4968 	4992 	4960
f 4973 	4981 	4974
f 4973 	4977 	4981
f 4939 	4974 	4983
f 4981 	4983 	4974
f 4957 	4982 	4930
f 4909 	4939 	4983
f 4957 	4979 	4982
f 5115 	4930 	4982
f 4977 	4989 	4981
f 4982 	5123 	5115
f 4977 	4986 	4989
f 4981 	4989 	4961
f 4959 	2440 	2430
f 2437 	2440 	4959
f 4995 	4859 	4858
f 4858 	4879 	4995
f 4996 	4963 	4992
f 4879 	4997 	4995
f 4997 	4879 	4886
f 4963 	4996 	4979
f 4997 	4999 	4995
f 4979 	4996 	5119
f 5119 	4982 	4979
f 4999 	5011 	5002
f 4968 	5006 	4992
f 4992 	5126 	4996
f 4966 	4961 	4989
f 5126 	4992 	5006
f 4981 	4961 	4983
f 5002 	2437 	4954
f 4964 	4989 	4986
f 7430 	5016 	5012
f 4964 	4966 	4989
f 5035 	5012 	5016
f 5018 	4964 	4986
f 5025 	4964 	5018
f 5018 	5022 	5025
f 5027 	4964 	5025
f 5016 	5041 	5035
f 5012 	5035 	4968
f 5035 	5006 	4968
f 5022 	5032 	5039
f 5037 	5041 	5016
f 5045 	5050 	5037
f 5037 	5050 	5041
f 5022 	5039 	5025
f 5025 	5039 	4865
f 5053 	5039 	5032
f 5035 	5177 	5006
f 5039 	4874 	4865
f 5053 	4874 	5039
f 5025 	4865 	5027
f 5027 	4870 	4846
f 5045 	5037 	5020
f 5027 	4865 	4870
f 5070 	4904 	5056
f 5032 	5048 	5053
f 5048 	8803 	5053
f 4630 	4571 	5060
f 5060 	5066 	5059
f 5060 	5067 	5066
f 4904 	5055 	5056
f 5055 	4904 	4900
f 2451 	2437 	5002
f 5070 	1345 	4904
f 4571 	4580 	5067
f 5002 	5011 	2451
f 5081 	2544 	5011
f 5067 	5060 	4571
f 5067 	5072 	5073
f 2544 	2457 	5011
f 5011 	2457 	2451
f 5076 	4920 	4922
f 5067 	5073 	5066
f 5078 	4886 	5076
f 5085 	5076 	4922
f 5073 	5107 	5066
f 5076 	5087 	5078
f 5085 	5087 	5076
f 4997 	4886 	5078
f 5078 	5081 	4997
f 5072 	5067 	4580
f 4997 	5081 	4999
f 5072 	3930 	5084
f 5011 	4999 	5081
f 5073 	5072 	5084
f 5078 	5088 	5081
f 5087 	5088 	5078
f 5072 	4592 	3930
f 5454 	5077 	5086
f 5088 	2544 	5081
f 4926 	1206 	5092
f 3930 	3932 	5084
f 3932 	3970 	5084
f 4926 	5092 	5085
f 5092 	5096 	5085
f 1289 	5096 	5092
f 5095 	5458 	5086
f 5085 	5096 	5087
f 5097 	5059 	5066
f 5096 	5101 	5087
f 5107 	5097 	5066
f 5097 	5110 	5102
f 5107 	5110 	5097
f 5086 	5458 	5454
f 5087 	5101 	5088
f 5101 	2546 	5088
f 5088 	2546 	2544
f 1282 	5092 	1206
f 5073 	5116 	5107
f 5115 	4931 	4930
f 5084 	5116 	5073
f 5107 	5117 	5110
f 5116 	5117 	5107
f 1282 	1289 	5092
f 5110 	5117 	6058
f 1289 	2549 	5096
f 5116 	5084 	3970
f 4982 	5119 	5123
f 5128 	5119 	4996
f 6431 	5122 	5118
f 5116 	3970 	6065
f 5096 	2549 	5101
f 2549 	2084 	5101
f 5115 	5123 	4815
f 4638 	4659 	5129
f 6437 	5125 	5077
f 5129 	5131 	5155
f 5129 	5133 	5131
f 5129 	4659 	5133
f 5133 	5059 	5131
f 6437 	5077 	5122
f 5133 	5060 	5059
f 5077 	5080 	5122
f 4630 	5060 	5133
f 5125 	5086 	5077
f 5086 	5125 	5141
f 4996 	5126 	5128
f 5119 	5158 	5123
f 5157 	5144 	5139
f 5158 	5119 	5128
f 5157 	5199 	5144
f 4815 	5123 	4829
f 5144 	5199 	5148
f 5123 	5158 	4829
f 5141 	5095 	5086
f 5006 	5151 	5126
f 4720 	4638 	5143
f 5141 	5150 	5095
f 5006 	5177 	5151
f 5160 	5128 	5126
f 5143 	5129 	5155
f 5147 	5156 	5150
f 5143 	5155 	5139
f 5147 	5153 	5156
f 5095 	5150 	5475
f 5155 	5157 	5139
f 5150 	5156 	5475
f 5160 	5126 	5151
f 5162 	5128 	5160
f 5129 	5143 	4638
f 5153 	5161 	5156
f 5158 	5128 	5162
f 5131 	5166 	5155
f 5435 	5162 	5160
f 5155 	5166 	5157
f 5184 	5171 	5151
f 5174 	5166 	5131
f 5171 	5160 	5151
f 5171 	5435 	5160
f 5131 	5059 	5174
f 5041 	5177 	5035
f 5166 	5174 	5180
f 5181 	5177 	5041
f 5050 	5181 	5041
f 5181 	5184 	5177
f 5209 	5166 	5180
f 5181 	5195 	5184
f 5177 	5184 	5151
f 5174 	5059 	5097
f 5097 	5102 	5174
f 5174 	5102 	5180
f 8746 	5189 	5050
f 5180 	5190 	5185
f 5102 	5190 	5180
f 5189 	5181 	5050
f 5189 	5195 	5181
f 5199 	5202 	5148
f 5205 	4625 	5286
f 5209 	5199 	5157
f 5209 	5157 	5166
f 5205 	5208 	5210
f 5199 	5209 	5211
f 5209 	5185 	5211
f 5185 	5209 	5180
f 5199 	5211 	5202
f 5205 	5210 	4801
f 5211 	5212 	5202
f 5388 	5214 	5208
f 5208 	5214 	5218
f 5214 	5227 	5218
f 5208 	5218 	5210
f 4302 	4290 	5210
f 5210 	5218 	4302
f 5393 	5222 	5214
f 5224 	5230 	5231
f 5227 	5214 	5222
f 5218 	5227 	4303
f 5230 	5243 	5244
f 5230 	5244 	5231
f 5218 	4303 	4302
f 5224 	5231 	5225
f 5231 	5239 	5225
f 5222 	5240 	5227
f 5230 	5224 	4705
f 4705 	4712 	5230
f 5240 	7887 	5227
f 5243 	5139 	5244
f 5243 	5143 	5139
f 5243 	5230 	4712
f 5243 	4712 	4720
f 4832 	4829 	5278
f 4829 	5276 	5278
f 5276 	5290 	5278
f 5436 	5290 	5276
f 5278 	5290 	5291
f 5278 	5291 	5286
f 5205 	5286 	5291
f 5291 	5208 	5205
f 5139 	5144 	5244
f 5144 	5308 	5244
f 5143 	5243 	4720
f 5239 	5301 	5350
f 5482 	5161 	5516
f 5231 	5308 	5239
f 5231 	5244 	5308
f 5308 	5311 	5239
f 5311 	5301 	5239
f 5318 	5153 	5307
f 5301 	5317 	5305
f 5307 	5312 	5318
f 5311 	5317 	5301
f 5318 	5161 	5153
f 5317 	5490 	5305
f 5312 	5322 	5327
f 5322 	5333 	5327
f 5144 	5148 	5308
f 5312 	5327 	5318
f 5308 	5148 	5311
f 5516 	5161 	5318
f 5492 	5317 	5311
f 5148 	5492 	5311
f 5317 	5496 	5490
f 5148 	5202 	5492
f 5788 	5332 	5322
f 5334 	5224 	5225
f 5333 	5322 	5332
f 5332 	5343 	5333
f 5332 	5353 	5343
f 5334 	5225 	5335
f 5335 	5350 	5337
f 5225 	5350 	5335
f 5350 	5352 	5337
f 5337 	5352 	5338
f 5548 	5353 	5355
f 5456 	5439 	5342
f 4735 	4705 	5345
f 5810 	5359 	5355
f 5224 	5345 	4705
f 5224 	5334 	5345
f 5239 	5350 	5225
f 5364 	5360 	5366
f 5368 	5372 	5360
f 5364 	5368 	5360
f 5360 	5383 	1292
f 5305 	5453 	5352
f 5335 	5369 	5334
f 5337 	5338 	5369
f 5335 	5337 	5369
f 5383 	5360 	5372
f 1308 	1292 	5383
f 5644 	5645 	5369
f 5645 	5668 	5369
f 5668 	5672 	5369
f 4932 	4936 	5369
f 4936 	4782 	5369
f 4782 	4784 	5369
f 4784 	4785 	5369
f 4785 	4788 	5369
f 4788 	4733 	5369
f 5366 	5360 	5371
f 4733 	4734 	5369
f 4735 	5345 	5369
f 5371 	5360 	5380
f 5434 	5446 	5360
f 5380 	5360 	5382
f 5291 	5388 	5208
f 5290 	5388 	5291
f 5290 	5293 	5388
f 5504 	5389 	5293
f 5293 	5389 	5393
f 5386 	5390 	2048
f 5393 	5388 	5293
f 5388 	5393 	5214
f 5386 	2048 	2047
f 5389 	5405 	5393
f 5399 	5405 	5389
f 5393 	5405 	5222
f 5535 	5399 	5389
f 5399 	5413 	5405
f 5399 	5409 	5413
f 2048 	5390 	2049
f 5405 	5415 	5222
f 5405 	5413 	5415
f 5407 	2049 	5390
f 5415 	5240 	5222
f 5409 	5422 	5413
f 5409 	5420 	5422
f 5413 	5422 	5425
f 5419 	5585 	5360
f 5360 	1292 	5419
f 5413 	5425 	5415
f 5419 	1292 	1288
f 1288 	5407 	5419
f 5431 	5360 	5446
f 5382 	5360 	5431
f 8811 	5420 	5428
f 5276 	4829 	5158
f 5158 	5162 	5276
f 5162 	5435 	5436
f 4734 	4735 	5369
f 5345 	5334 	5369
f 5338 	5342 	5369
f 5342 	5439 	5369
f 5434 	5360 	5585
f 5369 	5439 	5440
f 5441 	5434 	5443
f 5440 	5442 	5369
f 5442 	5444 	5369
f 5446 	5434 	5445
f 5441 	5445 	5434
f 5443 	5434 	5448
f 5407 	5576 	5419
f 5451 	5448 	5434
f 5352 	5453 	5338
f 5077 	5454 	5080
f 5453 	5342 	5338
f 5453 	5456 	5342
f 2075 	5602 	5606
f 5439 	5457 	5440
f 5457 	5439 	5456
f 5350 	5301 	5352
f 5305 	5352 	5301
f 5458 	5095 	5468
f 5453 	5471 	5456
f 5468 	8445 	5458
f 5305 	5471 	5453
f 5471 	5472 	5456
f 5468 	6151 	8445
f 5370 	5468 	5475
f 5435 	5504 	5436
f 5436 	5276 	5162
f 6151 	5468 	5370
f 5468 	5095 	5475
f 5156 	5161 	5479
f 5457 	5456 	5472
f 5479 	5475 	5156
f 5479 	5370 	5475
f 5479 	5161 	5482
f 5472 	5471 	5819
f 5437 	5482 	5516
f 5437 	5516 	5519
f 5471 	5305 	5490
f 5437 	6197 	5482
f 5519 	5450 	5437
f 5819 	5471 	5490
f 5519 	5525 	5450
f 5317 	5492 	5496
f 5436 	5504 	5293
f 5436 	5293 	5290
f 5500 	5171 	5184
f 5502 	5435 	5171
f 5171 	5500 	5502
f 5502 	5504 	5435
f 5507 	5650 	5505
f 5509 	5650 	5510
f 5510 	5650 	5513
f 5505 	5650 	5509
f 5318 	5327 	5516
f 5500 	5517 	5502
f 5500 	5514 	5517
f 5327 	5333 	5519
f 5327 	5519 	5516
f 5492 	5523 	5496
f 5333 	5343 	5525
f 5202 	5523 	5492
f 5523 	5807 	5496
f 5523 	5809 	5807
f 5519 	5333 	5525
f 5523 	5202 	5212
f 5525 	5343 	5532
f 5211 	5533 	5212
f 5502 	5517 	5535
f 5525 	6333 	5450
f 5517 	5565 	5535
f 5525 	5532 	6333
f 5502 	5535 	5504
f 5504 	5535 	5389
f 5552 	5540 	5514
f 5514 	5540 	5543
f 5514 	5543 	5517
f 5565 	5517 	5543
f 5343 	5548 	5532
f 5195 	5500 	5184
f 5189 	5552 	5195
f 5552 	5514 	5195
f 5500 	5195 	5514
f 5552 	5556 	5540
f 5460 	2075 	5606
f 5460 	2046 	2075
f 5561 	5556 	8846
f 5556 	5561 	5540
f 5460 	5386 	2047
f 5460 	2047 	2046
f 5399 	5535 	5565
f 5560 	5637 	5574
f 5540 	5569 	5543
f 5560 	5390 	5386
f 5561 	5569 	5540
f 5560 	5574 	5390
f 5543 	5569 	5572
f 5407 	5390 	5574
f 5565 	5543 	5572
f 5565 	5572 	5409
f 5420 	5409 	5572
f 5565 	5409 	5399
f 5569 	5561 	5579
f 5576 	5407 	5574
f 5569 	5580 	5572
f 5569 	5579 	5580
f 5576 	5585 	5419
f 5572 	5580 	5420
f 5420 	5580 	5428
f 5579 	8884 	8885
f 8885 	5580 	5579
f 5580 	8885 	5428
f 5594 	5600 	5593
f 5594 	5596 	5597
f 5598 	5451 	5434
f 5600 	5601 	5593
f 5597 	5600 	5594
f 5594 	5603 	5596
f 5611 	5594 	5593
f 5683 	5602 	2120
f 5594 	5607 	5603
f 5964 	5621 	5593
f 5622 	5620 	5593
f 5610 	5611 	5593
f 5593 	5613 	5610
f 5594 	5611 	5615
f 5616 	5593 	5620
f 5613 	5593 	5616
f 5594 	5615 	5607
f 5622 	5593 	5621
f 5606 	5618 	5460
f 5618 	5386 	5460
f 5618 	5560 	5386
f 5618 	5634 	5560
f 5634 	5637 	5560
f 5537 	5548 	5551
f 5548 	5537 	5532
f 5211 	5185 	5533
f 6246 	6251 	5533
f 5551 	5638 	5641
f 5638 	5650 	5641
f 5641 	5537 	5551
f 5644 	5369 	5444
f 5574 	5637 	5642
f 5513 	5650 	5654
f 5660 	5654 	5650
f 5650 	5638 	5660
f 5642 	5657 	5576
f 5359 	5677 	5638
f 5657 	5585 	5576
f 5642 	5576 	5574
f 5660 	5662 	5663
f 5663 	5664 	5660
f 5638 	5677 	5660
f 5585 	5712 	5434
f 5654 	5660 	5653
f 5664 	5653 	5660
f 5712 	5718 	5434
f 5585 	5657 	5712
f 5355 	5551 	5548
f 5343 	5353 	5548
f 5718 	5669 	5671
f 5671 	5598 	5718
f 5434 	5718 	5598
f 5672 	5674 	5369
f 5355 	5359 	5551
f 5369 	5674 	4932
f 7105 	7086 	5680
f 5683 	2113 	2145
f 5692 	5679 	5689
f 5677 	5680 	5660
f 5681 	5685 	5602
f 5679 	5688 	5689
f 5638 	5551 	5359
f 5692 	5698 	5679
f 5606 	5602 	5685
f 5662 	5660 	5693
f 5680 	5693 	5660
f 5681 	5602 	5683
f 5683 	2120 	2113
f 5688 	5679 	5694
f 5693 	5680 	5695
f 5606 	5685 	5699
f 5644 	5444 	5682
f 5699 	5618 	5606
f 5828 	5834 	5634
f 5731 	5668 	5645
f 5699 	5828 	5634
f 5703 	5705 	5749
f 5618 	5699 	5634
f 5674 	4974 	4932
f 5674 	4973 	4974
f 5704 	5707 	6640
f 5755 	5705 	5726
f 5637 	5634 	5834
f 5440 	5457 	5710
f 5710 	5442 	5440
f 5442 	5710 	5444
f 5714 	5444 	5710
f 5682 	5444 	5714
f 5457 	5472 	5715
f 5715 	5710 	5457
f 5707 	5716 	6640
f 5710 	5717 	5714
f 5711 	5705 	5703
f 5717 	5710 	5715
f 5707 	5713 	5716
f 5720 	5718 	5719
f 5720 	5721 	5718
f 5721 	5669 	5718
f 5472 	5821 	5715
f 5717 	5715 	5723
f 5709 	5722 	5713
f 5713 	5738 	5716
f 5733 	5724 	5725
f 5733 	5725 	5835
f 5713 	5722 	5738
f 5723 	5821 	5827
f 5705 	5711 	5726
f 5645 	5644 	5729
f 5682 	5729 	5644
f 5645 	5729 	5731
f 5729 	5740 	5731
f 5726 	6601 	5730
f 5732 	5672 	5668
f 5732 	5668 	5731
f 5672 	5732 	4973
f 5732 	5747 	4977
f 4977 	4973 	5732
f 5672 	4973 	5674
f 5682 	5759 	5729
f 5740 	5729 	5739
f 5727 	5742 	5722
f 5748 	5733 	5841
f 5738 	5722 	5742
f 5745 	5733 	5744
f 5744 	5733 	5748
f 5731 	5747 	5732
f 5738 	5742 	5700
f 5733 	5745 	5724
f 5731 	5740 	5747
f 8105 	5703 	5749
f 5727 	5898 	5751
f 5739 	5750 	5740
f 5740 	5750 	5752
f 5742 	5727 	5751
f 5749 	5705 	5676
f 5742 	5751 	5753
f 5747 	5740 	5752
f 5747 	4986 	4977
f 5747 	5752 	4986
f 5742 	5753 	5700
f 5753 	5769 	5700
f 5755 	5730 	5756
f 5752 	5018 	4986
f 5717 	5759 	5714
f 5714 	5759 	5682
f 5739 	5729 	5759
f 5717 	5723 	5761
f 5761 	5759 	5717
f 5718 	5996 	5719
f 5759 	5764 	5739
f 5759 	5761 	5764
f 5764 	5750 	5739
f 5642 	5637 	5840
f 5765 	5761 	5723
f 5761 	5765 	5767
f 2863 	5768 	2734
f 5761 	5767 	5764
f 5773 	5750 	5764
f 5874 	5771 	5768
f 5768 	5771 	5775
f 5750 	5776 	5752
f 5750 	5773 	5776
f 5752 	5776 	5018
f 5775 	2740 	5768
f 2135 	2740 	5775
f 5767 	5777 	5773
f 5773 	5777 	5781
f 5769 	5774 	5780
f 5773 	5781 	5776
f 5771 	5784 	5775
f 5776 	5022 	5018
f 5771 	5782 	5784
f 5776 	5781 	5022
f 5775 	2145 	2135
f 5775 	5784 	2145
f 5777 	5785 	5781
f 5781 	5032 	5022
f 5781 	5785 	5032
f 5914 	5787 	5782
f 5774 	5786 	5788
f 5782 	5681 	5784
f 5785 	5048 	5032
f 5785 	8896 	5048
f 5774 	5788 	5780
f 5780 	5322 	5312
f 5773 	5764 	5767
f 5780 	5788 	5322
f 5789 	5767 	5765
f 5767 	5789 	5777
f 5800 	5786 	5790
f 5790 	5805 	5800
f 5788 	5800 	5332
f 5798 	5777 	5789
f 5789 	5797 	5798
f 5805 	5790 	5803
f 5798 	5785 	5777
f 5800 	5353 	5332
f 5797 	5801 	5798
f 5786 	5800 	5788
f 5798 	5801 	8896
f 5798 	8896 	5785
f 5800 	5805 	5353
f 5353 	5805 	5355
f 5803 	5808 	5810
f 5809 	5523 	5212
f 5809 	5811 	5807
f 5803 	5810 	5805
f 5355 	5805 	5810
f 6312 	5809 	5212
f 5809 	5815 	5811
f 5809 	6312 	5815
f 5808 	5817 	5810
f 5808 	5814 	5817
f 5810 	5817 	5359
f 6312 	6316 	5815
f 6316 	6040 	5815
f 5472 	5819 	5821
f 5782 	5787 	5681
f 5784 	5681 	5683
f 5814 	5822 	5817
f 5821 	5723 	5715
f 5817 	5677 	5359
f 5787 	5826 	5685
f 5823 	5819 	5490
f 5822 	5680 	5677
f 5826 	5699 	5685
f 5726 	5730 	5755
f 5490 	5496 	5823
f 5787 	5685 	5681
f 5817 	5822 	5677
f 5823 	5824 	5819
f 5807 	5823 	5496
f 5705 	5755 	5676
f 5823 	5831 	5824
f 5751 	5825 	5753
f 5755 	5679 	5676
f 5807 	5831 	5823
f 5755 	5756 	5679
f 5819 	5824 	5821
f 5751 	5757 	5825
f 5824 	5827 	5821
f 5679 	5756 	5694
f 5774 	5753 	5825
f 5825 	5786 	5774
f 5786 	5825 	5833
f 5830 	5756 	5829
f 5774 	5769 	5753
f 5830 	5701 	5756
f 5701 	5697 	5756
f 5694 	5756 	5697
f 5937 	5828 	5826
f 5733 	5756 	5730
f 5733 	5835 	5756
f 5757 	5971 	5833
f 5824 	5832 	5827
f 5826 	5828 	5699
f 5831 	5832 	5824
f 5832 	6024 	5827
f 5825 	5757 	5833
f 5829 	5756 	5835
f 5971 	5836 	5833
f 5833 	5836 	5790
f 5807 	5811 	5831
f 5831 	5811 	6027
f 5841 	6617 	5839
f 5840 	5834 	5957
f 5833 	5790 	5786
f 6617 	5841 	5733
f 6027 	5832 	5831
f 5811 	5815 	6033
f 5834 	5840 	5637
f 5836 	5842 	5803
f 5842 	5808 	5803
f 5836 	5803 	5790
f 5845 	5709 	343
f 5846 	2884 	3519
f 5845 	5722 	5709
f 5846 	2863 	2884
f 5845 	5727 	5722
f 5845 	5849 	5727
f 5845 	425 	5849
f 425 	433 	5849
f 433 	5855 	5849
f 5849 	5898 	5727
f 5858 	5855 	435
f 5858 	5906 	5855
f 5858 	5875 	5866
f 5827 	5765 	5723
f 5846 	5847 	5874
f 5858 	435 	5875
f 475 	479 	5876
f 5876 	5875 	475
f 5876 	5866 	5875
f 5876 	479 	5877
f 5881 	5882 	5593
f 5882 	5884 	5593
f 5593 	5884 	5887
f 5877 	487 	7639
f 5846 	5874 	2863
f 5849 	5855 	5898
f 5768 	2863 	5874
f 5906 	5898 	5855
f 5847 	5910 	5874
f 5898 	5757 	5751
f 5898 	5906 	5757
f 5847 	5907 	5910
f 5858 	5866 	5912
f 5866 	5918 	5912
f 5874 	5910 	5771
f 5906 	5858 	5912
f 5907 	5914 	5910
f 5907 	5913 	5914
f 5910 	5914 	5782
f 5866 	5915 	5918
f 5912 	5918 	5974
f 5910 	5782 	5771
f 5942 	5927 	5915
f 5927 	5918 	5915
f 5913 	5930 	5931
f 5913 	5931 	5914
f 5787 	5914 	5931
f 5932 	5930 	6134
f 6134 	6137 	5932
f 5930 	5932 	5937
f 5877 	5915 	5876
f 5932 	5948 	5937
f 5915 	5877 	5942
f 5932 	5946 	5948
f 5915 	5866 	5876
f 5930 	5937 	5931
f 5931 	5826 	5787
f 7639 	7656 	5942
f 5931 	5937 	5826
f 6137 	5946 	5932
f 7639 	487 	542
f 5937 	5948 	5828
f 5948 	5834 	5828
f 5948 	5957 	5834
f 6059 	5956 	5814
f 5946 	5957 	5948
f 5956 	5822 	5814
f 5680 	5822 	7105
f 5601 	5881 	5593
f 5887 	5962 	5593
f 5963 	5964 	5593
f 5962 	5963 	5593
f 5968 	5965 	5967
f 6082 	5967 	5965
f 5956 	7105 	5822
f 5956 	5965 	7105
f 5906 	5971 	5757
f 5906 	5912 	5971
f 5971 	5912 	5974
f 5836 	5971 	5974
f 5974 	5842 	5836
f 5712 	5657 	5973
f 5974 	5990 	5842
f 1020 	5982 	5980
f 5990 	6056 	5842
f 5973 	5981 	5712
f 5981 	5718 	5712
f 5918 	5990 	5974
f 5918 	5927 	5990
f 6011 	6002 	5989
f 5993 	5982 	5992
f 5992 	5982 	5995
f 5995 	5982 	1014
f 5942 	7656 	5999
f 5993 	5998 	5982
f 6001 	5989 	6002
f 6004 	5996 	6003
f 5989 	6003 	5996
f 5989 	6001 	6003
f 5999 	5927 	5942
f 6004 	6006 	5996
f 5999 	6008 	5927
f 5998 	6007 	5982
f 7656 	6020 	5999
f 5996 	6006 	5760
f 5996 	5760 	5762
f 6007 	6009 	5982
f 5762 	5719 	5996
f 5996 	5718 	5981
f 5990 	5927 	6008
f 6076 	5989 	6074
f 6023 	6008 	5999
f 6011 	5989 	6017
f 6017 	5989 	6016
f 6076 	6016 	5989
f 6010 	1183 	1172
f 6010 	6012 	1183
f 5827 	6024 	5765
f 5832 	6030 	6024
f 5999 	6020 	6023
f 6024 	5789 	5765
f 6027 	6030 	5832
f 5642 	5840 	6026
f 6022 	6041 	6028
f 6024 	5797 	5789
f 6024 	6030 	5797
f 6028 	6034 	6012
f 5811 	6033 	6027
f 6025 	5973 	6026
f 6027 	6035 	6030
f 6025 	6032 	5973
f 6033 	6035 	6027
f 6026 	5973 	5657
f 6030 	6035 	6037
f 6034 	1183 	6012
f 6026 	5657 	5642
f 1825 	1183 	6034
f 6030 	6037 	5797
f 6074 	5989 	6038
f 6037 	5801 	5797
f 6103 	6098 	6105
f 5815 	6040 	6033
f 6032 	6038 	5981
f 6033 	6042 	6035
f 6045 	6049 	6044
f 6033 	6040 	6042
f 6038 	5996 	5981
f 5981 	5973 	6032
f 6034 	1763 	1825
f 6038 	5989 	5996
f 6020 	7668 	6046
f 7797 	6049 	7795
f 6048 	5957 	5946
f 6037 	8900 	5801
f 7797 	6054 	6049
f 6092 	6020 	6046
f 6040 	8971 	6042
f 6048 	6051 	6052
f 8972 	6042 	8971
f 6048 	6052 	5957
f 6052 	5840 	5957
f 6054 	6044 	6049
f 5110 	6055 	5102
f 5990 	6008 	6056
f 6053 	6051 	6528
f 5190 	5102 	6055
f 6025 	6052 	6051
f 5808 	5842 	6056
f 6055 	6255 	5190
f 6057 	6041 	6022
f 5110 	6058 	6055
f 6053 	6025 	6051
f 6008 	6059 	6056
f 6052 	6025 	6026
f 6057 	6050 	6041
f 6052 	6026 	5840
f 6057 	6061 	6050
f 6056 	6059 	5814
f 6071 	6059 	6023
f 6071 	5956 	6059
f 5808 	6056 	5814
f 6053 	6063 	6032
f 6032 	6063 	6038
f 6063 	6074 	6038
f 6032 	6025 	6053
f 6083 	6098 	6078
f 6061 	6542 	6050
f 6092 	6082 	6071
f 6014 	6076 	6021
f 6013 	6076 	6014
f 6456 	6465 	6076
f 6076 	6013 	6016
f 6083 	6084 	6082
f 6084 	6085 	6082
f 6071 	5965 	5956
f 5967 	6082 	5966
f 6085 	5966 	6082
f 6071 	6082 	5965
f 6008 	6023 	6059
f 1808 	6630 	6572
f 6630 	1808 	6094
f 1814 	6094 	1808
f 6020 	6092 	6023
f 6092 	6071 	6023
f 6046 	6049 	6098
f 6046 	6098 	6092
f 6082 	6092 	6098
f 6102 	6098 	6103
f 6098 	6083 	6082
f 6077 	6078 	6098
f 6102 	6077 	6098
f 3526 	6100 	6106
f 5116 	6065 	5117
f 6049 	6105 	6098
f 6045 	6105 	6049
f 6065 	6107 	5117
f 3622 	3635 	6109
f 5846 	3528 	5847
f 6106 	5847 	3528
f 3635 	6306 	6122
f 6100 	6116 	6106
f 6106 	6116 	5907
f 3635 	6122 	6109
f 5913 	5907 	6116
f 6058 	5117 	6107
f 6106 	5907 	5847
f 6107 	6199 	6058
f 3970 	4046 	6065
f 6125 	6107 	6065
f 4046 	6125 	6065
f 6116 	6124 	5913
f 6107 	6125 	6202
f 6352 	6129 	6122
f 6124 	5930 	5913
f 6107 	6202 	6199
f 4046 	4080 	6125
f 6309 	6134 	6124
f 5930 	6124 	6134
f 6142 	5370 	5479
f 5946 	6137 	6143
f 6152 	5370 	6142
f 6048 	6143 	6149
f 6347 	6149 	6143
f 6149 	6051 	6048
f 6151 	5370 	6152
f 6152 	591 	6151
f 6061 	6067 	6542
f 6152 	6142 	6158
f 6152 	6158 	603
f 6064 	6164 	6067
f 6067 	6164 	6544
f 6152 	603 	591
f 6158 	608 	603
f 608 	6158 	6171
f 6171 	6183 	611
f 6184 	6067 	6061
f 6183 	6186 	6285
f 6184 	6064 	6067
f 6193 	6164 	6064
f 6183 	6285 	611
f 6142 	5479 	5482
f 5482 	6197 	6142
f 6158 	6142 	6197
f 5450 	6228 	6219
f 6228 	5450 	6333
f 6125 	6212 	6202
f 4080 	6212 	6125
f 6212 	6216 	6202
f 6253 	6217 	6218
f 6253 	6218 	6302
f 4083 	6221 	4080
f 6219 	6197 	5437
f 6212 	4080 	6221
f 5437 	5450 	6219
f 6212 	6227 	6216
f 6197 	6219 	6171
f 6221 	6227 	6212
f 6219 	6228 	6183
f 6231 	6221 	4125
f 6219 	6183 	6171
f 6221 	6231 	6227
f 6171 	6158 	6197
f 6231 	9050 	6227
f 6234 	4125 	4133
f 6193 	6634 	6164
f 4133 	6237 	6234
f 4125 	6234 	6231
f 6193 	6195 	6634
f 6183 	6228 	6186
f 6242 	6186 	6228
f 4181 	4185 	6237
f 6228 	6333 	6242
f 6653 	6593 	6239
f 5185 	5190 	6246
f 6246 	5533 	5185
f 6255 	6246 	5190
f 6246 	6256 	6251
f 6255 	6256 	6246
f 6318 	6251 	6256
f 6055 	6058 	6262
f 6267 	6217 	6253
f 6058 	6199 	6262
f 6258 	6273 	6261
f 6255 	6055 	6262
f 6255 	6263 	6256
f 6262 	6263 	6255
f 6370 	6372 	6253
f 6254 	6193 	6064
f 6269 	6253 	6389
f 6254 	6261 	6193
f 6370 	6253 	6247
f 6267 	6253 	6266
f 6199 	6268 	6262
f 6266 	6253 	6269
f 6372 	6389 	6253
f 6262 	6268 	6263
f 6268 	6278 	6263
f 6273 	6258 	6265
f 6261 	6273 	6195
f 6256 	6263 	6276
f 6273 	6236 	6195
f 6263 	6278 	6276
f 6261 	6195 	6193
f 6281 	6275 	6280
f 6275 	6281 	4901
f 6275 	4901 	4898
f 6265 	6283 	6273
f 6265 	6344 	6283
f 6274 	6186 	6242
f 6247 	6275 	6274
f 6247 	6274 	6242
f 6274 	4903 	6186
f 4904 	4903 	6274
f 6275 	4904 	6274
f 6275 	4898 	4904
f 6100 	3614 	3625
f 6268 	6284 	6278
f 6285 	6186 	4903
f 9061 	6278 	6284
f 6296 	3625 	3624
f 6253 	6275 	6247
f 3624 	3634 	6296
f 6253 	6302 	6275
f 6100 	3625 	6299
f 6280 	6275 	6302
f 6296 	6299 	3625
f 6116 	6100 	6299
f 6304 	6268 	6199
f 6202 	6304 	6199
f 6304 	6284 	6268
f 6202 	6216 	6304
f 3714 	3719 	6306
f 6304 	6307 	6284
f 6307 	6304 	6216
f 3634 	6305 	6296
f 3719 	3820 	6308
f 9062 	6284 	6307
f 6296 	6305 	6309
f 6314 	6305 	3788
f 6308 	6306 	3719
f 6305 	6314 	6321
f 6352 	6306 	6308
f 6305 	6321 	6309
f 6296 	6309 	6299
f 5533 	6312 	5212
f 6299 	6124 	6116
f 5533 	6251 	6312
f 6299 	6309 	6124
f 6306 	6352 	6122
f 6251 	6316 	6312
f 6308 	3820 	6315
f 3820 	3832 	6315
f 6276 	6318 	6256
f 6315 	6357 	6308
f 6251 	6318 	6316
f 6326 	6315 	3832
f 6318 	6322 	6316
f 6314 	6341 	6321
f 6318 	6327 	6322
f 6314 	6329 	6341
f 6276 	6327 	6318
f 6040 	6316 	6322
f 6322 	8971 	6040
f 6325 	6326 	6324
f 3833 	6324 	6326
f 3833 	3858 	6328
f 3833 	6328 	6324
f 6309 	6321 	6134
f 3832 	3833 	6326
f 6329 	6314 	6831
f 6322 	6327 	8975
f 6322 	8975 	8971
f 5532 	5537 	6338
f 6283 	6236 	6273
f 6338 	6333 	5532
f 6335 	6718 	6342
f 6283 	6239 	6236
f 6137 	6321 	6341
f 6137 	6341 	6143
f 6321 	6137 	6134
f 5641 	5650 	6372
f 6347 	6329 	6839
f 6839 	6353 	6347
f 6344 	6346 	6348
f 6346 	6356 	6348
f 6350 	5650 	5507
f 6347 	6341 	6329
f 6283 	6344 	6348
f 6239 	6283 	6348
f 6143 	6341 	6347
f 6308 	6357 	6352
f 6149 	6347 	6353
f 6356 	6346 	6354
f 6352 	6132 	6129
f 6132 	6352 	6357
f 6358 	6357 	6315
f 6363 	6358 	6362
f 6396 	6362 	6358
f 6354 	6360 	6365
f 6404 	6358 	6366
f 6363 	6366 	6358
f 6358 	6404 	6407
f 6357 	6358 	6407
f 6354 	6365 	6356
f 6242 	6333 	6338
f 5537 	6370 	6338
f 6370 	5641 	6372
f 5641 	6370 	5537
f 6247 	6338 	6370
f 6384 	6386 	6372
f 6372 	6383 	6384
f 6389 	6372 	6386
f 6242 	6338 	6247
f 6350 	6388 	5650
f 6383 	6372 	6388
f 5650 	6388 	6372
f 6391 	6392 	6326
f 6394 	6358 	6393
f 6392 	6393 	6326
f 6394 	6396 	6358
f 6398 	6391 	6326
f 6326 	6393 	6358
f 6358 	6315 	6326
f 6398 	6326 	6325
f 6360 	6693 	6365
f 6406 	6407 	6404
f 6406 	6408 	6407
f 6408 	6409 	6407
f 6399 	6693 	6360
f 4309 	6342 	6718
f 6407 	6132 	6357
f 6335 	6885 	6337
f 6409 	6412 	6407
f 6885 	6335 	6342
f 6337 	6885 	6886
f 6337 	6886 	6340
f 842 	6415 	6424
f 6424 	654 	842
f 6415 	6428 	6431
f 6428 	6437 	6431
f 6415 	6431 	6424
f 5118 	666 	6424
f 6424 	6431 	5118
f 6434 	6437 	6428
f 5122 	6431 	6437
f 6439 	6444 	6467
f 5125 	6437 	6434
f 6434 	6450 	5125
f 6444 	6992 	6449
f 5141 	6450 	6451
f 5150 	5141 	6451
f 6451 	5147 	5150
f 6450 	5141 	5125
f 6461 	6456 	6460
f 6461 	6462 	6456
f 6456 	6462 	6465
f 6021 	6076 	6465
f 6453 	6467 	6454
f 6454 	6470 	6457
f 6467 	6470 	6454
f 6488 	6472 	6473
f 6470 	6483 	6457
f 6460 	6456 	6473
f 6488 	6473 	6456
f 6485 	6488 	6456
f 6483 	6459 	6457
f 809 	6474 	6477
f 6474 	6484 	6477
f 809 	6477 	813
f 6533 	6429 	1767
f 6467 	6444 	6470
f 6525 	6482 	6474
f 6533 	1767 	1763
f 6484 	6474 	6482
f 6486 	6459 	6483
f 6487 	6050 	6542
f 6483 	6495 	6486
f 6459 	6486 	6463
f 842 	6477 	6415
f 6492 	6488 	6491
f 6877 	6882 	6488
f 6486 	6489 	6463
f 6477 	6484 	6415
f 6492 	6493 	6488
f 6429 	6050 	6487
f 6487 	1773 	6429
f 6499 	6487 	6542
f 6483 	6470 	6449
f 6472 	6488 	6493
f 6449 	6470 	6444
f 6487 	6502 	1773
f 6487 	6499 	6502
f 6482 	6496 	6484
f 1773 	1767 	6429
f 6495 	6483 	6449
f 6495 	6989 	6486
f 6494 	6496 	6482
f 6449 	6999 	6495
f 6484 	6496 	6428
f 6434 	6428 	6496
f 1801 	1773 	6502
f 6428 	6415 	6484
f 6499 	6507 	6513
f 6507 	6517 	6513
f 6514 	6496 	6494
f 6499 	6513 	6502
f 6494 	6573 	6514
f 6502 	1806 	1801
f 6496 	6514 	6434
f 6502 	6513 	1806
f 6517 	6507 	6555
f 6517 	1816 	6513
f 5946 	6143 	6048
f 1816 	1806 	6513
f 6474 	807 	6525
f 6353 	6359 	6528
f 6532 	6535 	6359
f 6529 	963 	1126
f 6528 	6149 	6353
f 6517 	1874 	1816
f 6051 	6149 	6528
f 963 	6529 	6531
f 5702 	1874 	6517
f 6533 	6034 	6028
f 6028 	6041 	6533
f 6532 	6359 	6793
f 963 	6531 	6525
f 6528 	6359 	6535
f 6429 	6041 	6050
f 6531 	6482 	6525
f 6041 	6429 	6533
f 6531 	6494 	6482
f 6529 	6543 	6531
f 6544 	6542 	6067
f 6494 	6531 	6543
f 6544 	6499 	6542
f 6544 	6507 	6499
f 6548 	6507 	6544
f 6550 	6573 	6543
f 6053 	6528 	6535
f 6552 	6555 	6548
f 6543 	6573 	6494
f 6535 	6063 	6053
f 6548 	6555 	6507
f 6550 	6575 	6573
f 6532 	6478 	6557
f 6532 	6557 	6535
f 6063 	6535 	6557
f 6567 	6552 	6558
f 6529 	1126 	6559
f 6561 	6557 	6478
f 6478 	6485 	6561
f 6989 	6489 	6486
f 6559 	6564 	6529
f 6557 	6561 	6074
f 6559 	6562 	6564
f 6543 	6529 	6564
f 6561 	6076 	6074
f 6076 	6561 	6456
f 6552 	6567 	6555
f 6562 	6566 	6564
f 6557 	6074 	6063
f 6564 	6550 	6543
f 6485 	6456 	6561
f 6566 	6550 	6564
f 3696 	3706 	6639
f 6567 	5702 	6555
f 6567 	5711 	5703
f 6567 	5703 	5702
f 5702 	6517 	6555
f 6566 	6608 	6550
f 6570 	6569 	6712
f 6558 	5711 	6567
f 6571 	6712 	6569
f 6597 	5711 	6558
f 1808 	6572 	1805
f 6597 	6601 	5726
f 4328 	6571 	4326
f 5726 	5711 	6597
f 6573 	6575 	6578
f 6576 	6467 	6453
f 6514 	6573 	6578
f 6544 	6164 	6548
f 6715 	6580 	6602
f 6450 	6434 	6514
f 6450 	6514 	6578
f 6582 	6439 	6576
f 6634 	6636 	6552
f 6575 	6588 	6578
f 6439 	6467 	6576
f 6580 	6715 	6335
f 6575 	6584 	6588
f 6578 	6451 	6450
f 6580 	6335 	6337
f 6578 	6588 	6451
f 6580 	6337 	6582
f 6582 	6340 	6439
f 6582 	6337 	6340
f 6584 	6594 	6588
f 6597 	6558 	6589
f 6589 	6593 	6597
f 6594 	6584 	6591
f 6588 	6594 	5147
f 6595 	6844 	6570
f 6595 	6600 	6596
f 6594 	5153 	5147
f 6595 	6570 	6600
f 6593 	6599 	6601
f 6596 	6600 	6602
f 6588 	5147 	6451
f 6599 	6615 	6601
f 6596 	6602 	6598
f 6593 	6601 	6597
f 6598 	6603 	6452
f 6602 	6603 	6598
f 6452 	6603 	6576
f 6603 	6582 	6576
f 5716 	6614 	6606
f 6608 	6566 	6606
f 6606 	6614 	6618
f 6606 	6618 	6608
f 6648 	6612 	6613
f 6575 	6550 	6608
f 6617 	6615 	6644
f 6608 	6618 	6584
f 5730 	6601 	6615
f 5733 	6615 	6617
f 6632 	6627 	6617
f 6608 	6584 	6575
f 5837 	5839 	6617
f 6615 	5733 	5730
f 6614 	6625 	6618
f 5837 	6617 	5838
f 6628 	6572 	6629
f 6629 	6572 	6630
f 6614 	5700 	6625
f 6613 	6632 	6648
f 6618 	6625 	6591
f 6628 	6633 	6572
f 6627 	5838 	6617
f 6648 	6632 	6617
f 6548 	6164 	6634
f 6618 	6591 	6584
f 6633 	6635 	6572
f 6195 	6236 	6636
f 5769 	6625 	5700
f 6195 	6636 	6634
f 6634 	6552 	6548
f 3696 	6637 	3691
f 5704 	6562 	1132
f 6236 	6239 	6589
f 6562 	5704 	6640
f 6239 	6593 	6589
f 3696 	6639 	6637
f 6640 	6566 	6562
f 6589 	6636 	6236
f 6636 	6558 	6552
f 6636 	6589 	6558
f 6640 	5716 	6606
f 6640 	6606 	6566
f 3706 	3713 	6642
f 6614 	5716 	5738
f 5738 	5700 	6614
f 3706 	6642 	6639
f 6645 	6591 	6625
f 3713 	1805 	6647
f 5769 	6645 	6625
f 1805 	6572 	6647
f 6644 	6615 	6599
f 5307 	6591 	6645
f 6679 	6649 	6650
f 6647 	6642 	3713
f 6650 	6648 	6679
f 6651 	6648 	6650
f 6651 	6652 	6648
f 6648 	6617 	6644
f 6591 	5307 	6594
f 6652 	6612 	6648
f 5307 	5153 	6594
f 6348 	6356 	6653
f 6670 	6572 	6654
f 6635 	6654 	6572
f 5769 	5780 	6645
f 6645 	5780 	5312
f 6239 	6348 	6653
f 6645 	5312 	5307
f 6653 	6356 	6658
f 6658 	6599 	6653
f 3905 	6659 	6663
f 6653 	6599 	6593
f 6647 	6572 	6665
f 6572 	6670 	6665
f 6658 	6666 	6644
f 4263 	6668 	6659
f 6666 	6648 	6644
f 4263 	4269 	6668
f 6658 	6644 	6599
f 6671 	6665 	6670
f 6668 	6672 	6659
f 6649 	6679 	6674
f 6671 	6675 	6665
f 6659 	6672 	6663
f 6663 	6672 	6704
f 6658 	6365 	6666
f 6679 	6697 	6682
f 6683 	6679 	6682
f 6697 	6684 	6682
f 6668 	4269 	6691
f 6683 	6686 	6679
f 6674 	6679 	6686
f 6679 	6648 	6666
f 4269 	4274 	6691
f 6365 	6658 	6356
f 6692 	3691 	6637
f 6691 	4274 	6694
f 6719 	6691 	6694
f 6399 	6697 	6693
f 6679 	6693 	6697
f 6694 	3622 	6109
f 6109 	6723 	6694
f 6694 	6723 	6719
f 6666 	6365 	6693
f 6703 	2119 	2117
f 2117 	6663 	6703
f 6693 	6679 	6666
f 6703 	2126 	2119
f 6663 	6704 	6703
f 6705 	2126 	6703
f 6704 	6705 	6703
f 6705 	2132 	2126
f 6706 	6672 	6668
f 6684 	6697 	6707
f 6668 	6691 	6706
f 6603 	6580 	6582
f 6672 	6708 	6704
f 6576 	6453 	6452
f 6706 	6708 	6672
f 2498 	2504 	6709
f 6708 	6710 	6704
f 6602 	6580 	6603
f 6704 	6710 	6705
f 6714 	6709 	2504
f 6570 	6712 	6713
f 6570 	6713 	6600
f 6600 	6715 	6602
f 6600 	6713 	6715
f 6706 	6716 	6708
f 7411 	6709 	6714
f 6719 	6716 	6706
f 6571 	4328 	6712
f 6708 	7152 	6710
f 6712 	4331 	6713
f 6716 	7152 	6708
f 6712 	4328 	4331
f 6726 	6717 	6714
f 6713 	4331 	6718
f 7152 	7155 	6710
f 6713 	6718 	6715
f 6715 	6718 	6335
f 6726 	6743 	6717
f 4309 	6718 	4331
f 6687 	6695 	6791
f 6706 	6691 	6719
f 6720 	2522 	2792
f 2792 	2826 	6720
f 6723 	6727 	6719
f 6720 	6726 	2522
f 6729 	6692 	6637
f 6727 	6716 	6719
f 6721 	6750 	6722
f 6723 	6109 	6731
f 6109 	6122 	6731
f 6729 	6695 	6692
f 6720 	6730 	6726
f 6724 	6757 	6725
f 7187 	6727 	6723
f 6726 	6730 	6743
f 6731 	7187 	6723
f 6463 	6489 	6728
f 6749 	6721 	6728
f 6129 	6731 	6122
f 6722 	6733 	6721
f 6730 	6732 	6751
f 6724 	6733 	6722
f 6129 	7205 	6731
f 6725 	6733 	6724
f 6733 	6725 	6734
f 6731 	7205 	7187
f 6734 	6735 	6733
f 6730 	6751 	6743
f 6735 	6736 	6733
f 6736 	6739 	6733
f 6598 	6452 	6733
f 6452 	6453 	6733
f 6453 	6454 	6733
f 6454 	6457 	6733
f 6457 	6459 	6733
f 6459 	6463 	6733
f 6463 	6728 	6733
f 6728 	6721 	6733
f 6744 	6745 	6758
f 6721 	6749 	6750
f 6751 	6744 	6743
f 6750 	6752 	6722
f 6750 	6801 	6752
f 6722 	6752 	6724
f 6752 	6757 	6724
f 6732 	6753 	6751
f 6751 	6753 	6745
f 6749 	6728 	6489
f 6755 	6761 	6753
f 6751 	6745 	6744
f 6753 	6830 	6755
f 6793 	6695 	6729
f 6734 	6725 	6759
f 6761 	6745 	6753
f 6725 	6757 	6759
f 6759 	6763 	6734
f 6810 	7182 	6759
f 6734 	6763 	6735
f 6767 	6729 	6637
f 6765 	6745 	6761
f 6735 	6852 	6736
f 6763 	6852 	6735
f 6758 	6745 	6765
f 6765 	6258 	6758
f 6637 	6639 	6767
f 6639 	6818 	6767
f 6761 	6770 	6765
f 6761 	6768 	6770
f 6765 	6770 	6265
f 6770 	6778 	6344
f 6770 	6344 	6265
f 6765 	6265 	6258
f 6768 	6774 	6778
f 6788 	6877 	6787
f 6768 	6778 	6770
f 6787 	6665 	6785
f 6778 	6346 	6344
f 6695 	6793 	6791
f 6729 	6767 	6794
f 6768 	6755 	6863
f 6793 	6729 	6794
f 6774 	6768 	6863
f 6532 	6793 	6794
f 6799 	6794 	6767
f 6761 	6755 	6768
f 6478 	6532 	6794
f 6863 	6866 	6774
f 6774 	6866 	6786
f 6767 	6818 	6799
f 6786 	6802 	6774
f 6804 	6752 	6801
f 6774 	6802 	6778
f 6346 	6778 	6802
f 6752 	6804 	6757
f 6802 	6786 	6809
f 6804 	6810 	6757
f 6809 	6786 	6897
f 6809 	6354 	6802
f 6759 	6757 	6810
f 6763 	6759 	7182
f 6354 	6346 	6802
f 6809 	6360 	6354
f 7279 	6804 	6801
f 6809 	6816 	6360
f 6818 	6639 	6642
f 6890 	6399 	6816
f 6816 	6399 	6360
f 2826 	2839 	6821
f 6820 	6818 	6642
f 6647 	6665 	6820
f 6821 	6720 	2826
f 6821 	6730 	6720
f 6647 	6820 	6642
f 6825 	6821 	2839
f 6820 	6847 	6818
f 2839 	2848 	6825
f 6821 	6732 	6730
f 6821 	6825 	6732
f 6675 	6784 	6665
f 2848 	6829 	6825
f 6829 	2848 	2870
f 6785 	6665 	6784
f 6569 	6843 	6827
f 6569 	6570 	6844
f 6830 	6732 	6825
f 6305 	3634 	3788
f 6825 	6829 	6830
f 6753 	6732 	6830
f 6824 	6822 	6832
f 6824 	6832 	6834
f 6831 	3754 	3757
f 6829 	6833 	6830
f 6832 	4355 	6834
f 3788 	6831 	6314
f 6824 	6834 	6827
f 6827 	6571 	6569
f 6833 	6755 	6830
f 6827 	6834 	6571
f 3757 	6677 	6831
f 6834 	4355 	4326
f 6834 	4326 	6571
f 6329 	6831 	6677
f 6739 	6837 	6733
f 6837 	6838 	6733
f 6839 	6329 	6677
f 6733 	6838 	6840
f 6677 	6687 	6839
f 6840 	6841 	6733
f 6733 	6841 	6843
f 6791 	6839 	6687
f 6843 	6844 	6733
f 6595 	6733 	6844
f 6791 	6353 	6839
f 6596 	6733 	6595
f 6359 	6353 	6791
f 6596 	6598 	6733
f 6791 	6793 	6359
f 6794 	6799 	6478
f 6829 	2870 	6846
f 6862 	6822 	6838
f 6799 	6818 	6847
f 6986 	6835 	6846
f 6478 	6799 	6485
f 6838 	6822 	6840
f 6840 	6824 	6841
f 6840 	6822 	6824
f 6841 	6824 	6827
f 6846 	2870 	6991
f 6841 	6827 	6843
f 6846 	6833 	6829
f 6569 	6844 	6843
f 6846 	6835 	6833
f 6853 	6866 	6835
f 6854 	6739 	6736
f 6736 	6852 	6854
f 6854 	6857 	6739
f 6739 	6857 	6837
f 6837 	6862 	6838
f 6857 	6862 	6837
f 6833 	6863 	6755
f 6833 	6835 	6863
f 6853 	6871 	6866
f 6835 	6866 	6863
f 6853 	6855 	6871
f 6866 	6871 	6786
f 6854 	6873 	6857
f 6873 	6875 	6857
f 6857 	6875 	6862
f 6871 	6855 	6874
f 6862 	6876 	6822
f 6876 	6862 	6875
f 6876 	6832 	6822
f 6799 	6847 	6485
f 6820 	6665 	6877
f 4912 	6875 	6873
f 6875 	4912 	4348
f 6665 	6787 	6877
f 6876 	6875 	4348
f 6897 	6786 	6871
f 6876 	4348 	4351
f 4351 	6832 	6876
f 6820 	6877 	6847
f 4431 	4440 	6878
f 6847 	6877 	6488
f 6880 	6881 	6877
f 6491 	6488 	6882
f 4440 	4587 	6878
f 6877 	6881 	6882
f 6898 	6874 	6879
f 6847 	6488 	6485
f 6880 	6877 	6788
f 6340 	6886 	6888
f 6816 	6898 	6890
f 6894 	6895 	6892
f 6871 	6874 	6897
f 6898 	6897 	6874
f 6816 	6897 	6898
f 6897 	6816 	6809
f 6890 	6898 	6901
f 6905 	6916 	6901
f 6879 	6901 	6898
f 6879 	6905 	6901
f 6342 	4421 	6889
f 6342 	6889 	6885
f 6905 	6908 	6916
f 6885 	6910 	6886
f 6885 	6889 	6910
f 6886 	6911 	6888
f 6913 	6914 	6908
f 6908 	6914 	6918
f 6886 	6910 	6911
f 6911 	6950 	6888
f 6920 	6916 	6918
f 6908 	6918 	6916
f 6920 	6922 	6916
f 6890 	6901 	6892
f 6894 	6916 	6893
f 6922 	6893 	6916
f 6916 	6894 	6892
f 6916 	6892 	6901
f 7139 	6879 	6874
f 6888 	6950 	7008
f 7177 	6941 	6942
f 6944 	6908 	7177
f 4431 	6952 	6889
f 6889 	6952 	6910
f 6945 	6908 	6944
f 6942 	6944 	7177
f 6945 	6913 	6908
f 8258 	7475 	6948
f 6910 	6954 	6911
f 6910 	6952 	6954
f 6955 	6950 	6911
f 6954 	6955 	6911
f 4431 	6878 	6952
f 6878 	6965 	6952
f 6952 	6965 	6954
f 6954 	6966 	6955
f 6878 	6970 	6965
f 6954 	6965 	6966
f 6963 	7114 	6948
f 6955 	6966 	6967
f 4587 	6970 	6878
f 6965 	6970 	6973
f 6970 	6982 	6973
f 6970 	6981 	6982
f 6965 	6973 	6966
f 6973 	6976 	6966
f 7157 	7537 	6972
f 6966 	6976 	6967
f 4587 	4594 	6981
f 6973 	6983 	6976
f 6982 	6983 	6973
f 6983 	3960 	6976
f 4594 	4602 	6981
f 6981 	3792 	6982
f 6981 	4602 	3792
f 3792 	3799 	6982
f 6982 	3799 	6983
f 3799 	3976 	6983
f 6983 	3976 	3960
f 6495 	7003 	6989
f 6990 	6444 	6439
f 6439 	6340 	6990
f 2876 	3043 	6997
f 6990 	6992 	6444
f 6449 	6992 	6999
f 6991 	2876 	6997
f 6846 	6991 	6986
f 6997 	6986 	6991
f 7003 	6495 	6999
f 7011 	6999 	6992
f 6997 	3043 	7004
f 7011 	7014 	6999
f 6999 	7014 	7003
f 6340 	6888 	6990
f 6888 	7008 	6990
f 6990 	7008 	6992
f 3049 	3099 	7012
f 6992 	7008 	7011
f 7012 	7046 	7004
f 7012 	7047 	7046
f 7047 	7012 	7016
f 7021 	7011 	7008
f 7021 	7008 	6950
f 7104 	7072 	7020
f 7011 	7022 	7014
f 7021 	7022 	7011
f 7022 	7117 	7014
f 6950 	6955 	7029
f 6986 	6853 	6835
f 7029 	7021 	6950
f 7131 	7148 	7022
f 7030 	6853 	6986
f 6955 	6967 	7029
f 6855 	7030 	7046
f 7035 	7036 	6749
f 7035 	6749 	6489
f 7035 	7096 	7097
f 6855 	6853 	7030
f 7035 	7097 	7036
f 6750 	6749 	7036
f 7036 	6801 	6750
f 7139 	6874 	6855
f 7030 	6997 	7004
f 7030 	6986 	6997
f 7004 	7046 	7030
f 7139 	7046 	7047
f 7016 	7068 	7047
f 7104 	7075 	7072
f 7020 	7068 	7016
f 7068 	7020 	7072
f 7072 	7177 	7176
f 7072 	7176 	7068
f 7083 	7075 	7082
f 7082 	7075 	7084
f 7090 	7084 	7075
f 7083 	7085 	7075
f 5680 	7086 	7087
f 7075 	7186 	7177
f 7105 	7089 	7086
f 5695 	5680 	7087
f 7075 	7107 	7090
f 3099 	3104 	7016
f 7020 	7016 	3104
f 6489 	6989 	7035
f 7012 	3099 	7016
f 3104 	7098 	7020
f 7036 	7100 	6801
f 7097 	7100 	7036
f 5980 	7104 	7098
f 6989 	7096 	7035
f 6989 	7003 	7096
f 7103 	7096 	7102
f 7102 	7115 	7103
f 7020 	7098 	7104
f 7096 	7103 	7097
f 7097 	7106 	7100
f 5980 	5982 	7107
f 7103 	7106 	7097
f 5965 	7108 	7109
f 7107 	5982 	7110
f 7106 	7284 	7100
f 5968 	7108 	5965
f 5980 	7107 	7104
f 7107 	7075 	7104
f 5982 	6009 	7110
f 7102 	7096 	7003
f 7111 	7107 	7110
f 7102 	7003 	7014
f 7112 	7091 	7107
f 7111 	7112 	7107
f 7090 	7107 	7091
f 7014 	7117 	7102
f 7102 	7117 	7115
f 7115 	7364 	7103
f 7157 	7121 	7116
f 7364 	7106 	7103
f 7121 	8327 	7116
f 7124 	5965 	7109
f 7126 	7105 	7124
f 7105 	5965 	7124
f 7121 	8328 	8327
f 7128 	7130 	7127
f 7089 	7105 	7126
f 7130 	8328 	7121
f 7148 	7117 	7022
f 7021 	7131 	7022
f 7029 	7131 	7021
f 7128 	8342 	7130
f 7134 	7135 	7133
f 7029 	6967 	7136
f 7134 	7138 	7135
f 7198 	7200 	7130
f 7131 	7029 	7136
f 7047 	7144 	7139
f 7135 	6407 	7133
f 6407 	7140 	7137
f 6407 	7137 	7133
f 7139 	6855 	7046
f 7138 	7141 	7135
f 7142 	7136 	6967
f 6132 	6407 	7135
f 6976 	7142 	6967
f 7141 	7143 	7135
f 7142 	7171 	7136
f 3960 	7142 	6976
f 7143 	7145 	7135
f 6879 	7139 	7144
f 6412 	7140 	6407
f 7117 	7146 	7115
f 7146 	7117 	7148
f 2139 	6705 	6710
f 6908 	7176 	7177
f 7148 	7149 	7146
f 7148 	7150 	7149
f 7131 	7136 	7150
f 7144 	6905 	6879
f 7131 	7150 	7148
f 6710 	7155 	2139
f 6963 	7537 	7157
f 2104 	2139 	7155
f 7114 	6963 	7116
f 7152 	6716 	7160
f 6963 	7157 	7116
f 6716 	6727 	7160
f 7152 	7163 	7155
f 7160 	7163 	7152
f 7162 	7121 	7157
f 7150 	7153 	7149
f 7165 	7166 	7167
f 7150 	7171 	7153
f 7153 	7427 	7149
f 6727 	7172 	7160
f 7162 	7167 	7130
f 7172 	7175 	7160
f 7162 	7130 	7121
f 7136 	7171 	7150
f 7171 	3954 	3956
f 7047 	7068 	7144
f 7068 	7176 	7144
f 3956 	7153 	7171
f 7072 	7075 	7177
f 7160 	7175 	7163
f 7142 	3954 	7171
f 7176 	6905 	7144
f 7142 	3960 	3954
f 7188 	7156 	7177
f 7176 	6908 	6905
f 7075 	7085 	7186
f 7188 	7177 	7186
f 7156 	6941 	7177
f 7191 	7192 	7167
f 7191 	7167 	7194
f 7192 	7197 	7167
f 7198 	7130 	7197
f 7167 	7197 	7130
f 7172 	6727 	7187
f 7194 	7167 	7166
f 7202 	7130 	7200
f 7127 	7130 	7202
f 6972 	6979 	7162
f 7206 	7205 	6129
f 6129 	6132 	7206
f 7162 	7157 	6972
f 7209 	7210 	7208
f 7209 	7211 	7210
f 7211 	7213 	7210
f 7165 	7167 	7214
f 6979 	7167 	7162
f 7210 	7214 	7167
f 7210 	7213 	7215
f 7210 	7215 	7214
f 7205 	7225 	7187
f 6979 	7210 	7167
f 7205 	7206 	7227
f 3339 	7267 	6010
f 6132 	7135 	7206
f 7205 	7227 	7225
f 7233 	7206 	7135
f 7225 	7172 	7187
f 6022 	7219 	7281
f 7219 	6022 	6028
f 7219 	6028 	6012
f 7135 	7145 	7230
f 7233 	7135 	7230
f 7232 	7233 	7230
f 7232 	7234 	7233
f 7234 	7235 	7233
f 7206 	7233 	7227
f 7235 	7237 	7233
f 7155 	7163 	3931
f 7236 	3237 	3417
f 7155 	3931 	2104
f 3931 	7163 	7243
f 7163 	7175 	7243
f 7236 	7242 	3237
f 4451 	3931 	7243
f 7172 	7225 	7245
f 7236 	7238 	7242
f 3237 	7242 	7267
f 7245 	7175 	7172
f 7245 	7257 	7175
f 7182 	7251 	7254
f 7243 	7175 	7257
f 7248 	6852 	6763
f 7243 	4461 	4451
f 7243 	7257 	4461
f 7182 	7248 	6763
f 7238 	7247 	7269
f 7248 	7250 	6852
f 6852 	7250 	6854
f 6873 	6854 	7250
f 7282 	7251 	6810
f 7238 	7269 	7242
f 7251 	7182 	6810
f 7254 	7248 	7182
f 7256 	7247 	7309
f 7248 	7258 	7250
f 7248 	7254 	7258
f 7250 	7260 	6873
f 7245 	7259 	7257
f 7258 	7260 	7250
f 7245 	7249 	7259
f 4472 	7257 	7259
f 6873 	7260 	4912
f 7262 	7263 	7261
f 7263 	7264 	7261
f 7254 	7294 	7266
f 4028 	4029 	7261
f 4538 	7259 	7261
f 7254 	7266 	7258
f 7264 	4028 	7261
f 7258 	7266 	4914
f 3293 	3237 	7267
f 7267 	3339 	3293
f 4927 	4914 	7266
f 7249 	7276 	7261
f 7262 	7261 	7270
f 7270 	7261 	7276
f 7260 	7258 	4914
f 7276 	7271 	7270
f 7260 	4914 	4918
f 7249 	7261 	7259
f 7260 	4918 	4912
f 7249 	7245 	7225
f 7272 	7242 	7269
f 7227 	7249 	7225
f 7294 	4948 	7266
f 7275 	7276 	7274
f 7269 	7219 	7272
f 7275 	7278 	7276
f 4948 	4927 	7266
f 7242 	7272 	7267
f 6010 	7267 	7272
f 7279 	6801 	7100
f 7247 	7256 	7281
f 6804 	7279 	7282
f 7281 	7269 	7247
f 6804 	7282 	6810
f 7219 	7269 	7281
f 7100 	7284 	7279
f 7272 	7219 	6012
f 1326 	7550 	7349
f 1325 	7550 	1326
f 7272 	6012 	6010
f 7349 	1328 	1326
f 7279 	7286 	7282
f 1325 	1330 	7550
f 7339 	7281 	7256
f 7279 	7284 	7286
f 7286 	7293 	7282
f 7287 	8731 	603
f 7281 	7339 	6022
f 603 	608 	7287
f 7251 	7282 	7293
f 7365 	7284 	7106
f 3415 	3393 	7291
f 7297 	7286 	7284
f 7365 	7297 	7284
f 7291 	3393 	7290
f 608 	7292 	7287
f 7236 	3415 	7291
f 7238 	7236 	7291
f 7292 	611 	7307
f 7251 	7294 	7254
f 7293 	7294 	7251
f 6285 	7307 	611
f 7297 	7300 	7286
f 7299 	7290 	3419
f 7293 	7286 	7300
f 7290 	7299 	7302
f 7290 	7302 	7291
f 7238 	7291 	7302
f 1344 	4904 	1345
f 7299 	7306 	7309
f 7306 	7313 	7358
f 7306 	7358 	7309
f 7299 	7309 	7302
f 7302 	7247 	7238
f 7302 	7309 	7247
f 7407 	7313 	7306
f 7309 	7358 	7256
f 7336 	7256 	7358
f 7256 	7336 	7339
f 7534 	7292 	7307
f 7336 	7345 	7339
f 7346 	7307 	6285
f 7343 	7345 	7336
f 7339 	7345 	6057
f 6285 	4903 	7346
f 7346 	7542 	7307
f 7339 	6057 	6022
f 7348 	7343 	7376
f 4903 	7349 	7346
f 7349 	7550 	7346
f 7343 	7348 	6184
f 1362 	1365 	7349
f 7550 	7542 	7346
f 7343 	6184 	7345
f 1368 	1363 	7349
f 7345 	6061 	6057
f 7300 	7354 	7293
f 7345 	6184 	6061
f 7293 	7354 	7294
f 7294 	7354 	4948
f 7348 	6064 	6184
f 1328 	7349 	1365
f 7313 	7363 	7358
f 7307 	7542 	7534
f 4904 	7349 	4903
f 7349 	4904 	1368
f 7360 	7313 	7414
f 1344 	1368 	4904
f 1362 	7349 	1363
f 7365 	7106 	7364
f 7313 	7360 	7363
f 7115 	7146 	7367
f 7336 	7358 	7363
f 7367 	7364 	7115
f 7336 	7363 	7343
f 7364 	7368 	7365
f 7367 	7368 	7364
f 7368 	7372 	7365
f 7360 	7374 	7376
f 7365 	7372 	7297
f 7382 	7297 	7372
f 7276 	7249 	7227
f 7374 	7379 	7381
f 7372 	7405 	7382
f 7374 	7381 	7376
f 7233 	7274 	7276
f 7274 	7233 	7277
f 7237 	7277 	7233
f 7360 	7376 	7363
f 7278 	7377 	7276
f 7233 	7276 	7227
f 7343 	7363 	7376
f 7377 	7271 	7276
f 7300 	7297 	7382
f 7379 	7390 	7381
f 7300 	4950 	7354
f 4950 	7300 	7382
f 7354 	4955 	4948
f 7348 	7376 	7381
f 4950 	4955 	7354
f 6254 	7348 	7381
f 7390 	7379 	6758
f 7564 	7393 	7388
f 7381 	7390 	6254
f 7393 	7714 	7388
f 6254 	6064 	7348
f 7390 	6758 	6258
f 7390 	6258 	6261
f 6261 	6254 	7390
f 7398 	3773 	3769
f 3773 	7398 	7401
f 7299 	3419 	7401
f 7424 	7372 	7368
f 7405 	7372 	7424
f 7398 	7407 	7401
f 7382 	4960 	4950
f 7398 	7404 	7407
f 7405 	4960 	7382
f 7306 	7299 	7401
f 7424 	5012 	7405
f 7401 	7407 	7306
f 5012 	4968 	7405
f 7411 	7404 	6709
f 7404 	7411 	7414
f 7404 	7414 	7407
f 7407 	7414 	7313
f 7405 	4968 	4960
f 7411 	6714 	6717
f 7411 	6717 	7425
f 7419 	7367 	7146
f 7149 	7419 	7146
f 7419 	7421 	7367
f 7425 	7414 	7411
f 7368 	7367 	7421
f 7421 	7424 	7368
f 7429 	7421 	7419
f 7421 	7430 	7424
f 7429 	7430 	7421
f 7414 	7425 	7360
f 7419 	7149 	7427
f 7419 	7427 	7429
f 7425 	6717 	7431
f 5012 	7424 	7430
f 3956 	7433 	7153
f 7153 	7433 	7427
f 7433 	7437 	7427
f 7431 	6717 	6743
f 7431 	7374 	7425
f 7427 	7437 	7429
f 7437 	7438 	7429
f 7425 	7374 	7360
f 7429 	7438 	7430
f 6743 	6744 	7431
f 7438 	5016 	7430
f 7431 	7379 	7374
f 7431 	6744 	7379
f 7433 	3956 	4096
f 6758 	7379 	6744
f 4098 	7437 	7433
f 4096 	4098 	7433
f 5020 	7437 	4098
f 7438 	7437 	5020
f 5020 	5037 	7438
f 7438 	5037 	5016
f 7445 	7456 	7450
f 7445 	7454 	7456
f 7454 	7495 	7471
f 7454 	7471 	7456
f 7475 	7471 	7495
f 7477 	4285 	4283
f 7477 	7445 	4285
f 7478 	7482 	4295
f 7485 	7480 	7287
f 7477 	7454 	7445
f 7485 	7287 	7292
f 7477 	7482 	7454
f 7489 	7478 	4302
f 7478 	7491 	7482
f 7478 	7489 	7491
f 7482 	7491 	7495
f 7482 	7495 	7454
f 7891 	7502 	7489
f 7489 	7502 	7491
f 7502 	7529 	7519
f 7491 	7502 	7516
f 7491 	7516 	7495
f 7516 	7475 	7495
f 7502 	7519 	7516
f 7516 	6948 	7475
f 7516 	7519 	6948
f 7519 	7537 	6963
f 7485 	7459 	7480
f 7523 	7525 	7526
f 7519 	6963 	6948
f 7525 	7527 	7528
f 7525 	7528 	7526
f 7527 	7530 	7528
f 7532 	7539 	7528
f 7530 	7532 	7528
f 7459 	7485 	7468
f 7526 	7533 	7523
f 7459 	7573 	7480
f 7292 	7534 	7485
f 7526 	7536 	7533
f 7539 	7554 	7528
f 7485 	7534 	7468
f 7529 	7537 	7519
f 7927 	6972 	7537
f 7534 	7474 	7468
f 7636 	7542 	7550
f 7534 	7542 	7474
f 7550 	1401 	7636
f 7550 	1330 	1385
f 1401 	7550 	1385
f 7526 	7553 	7536
f 7564 	7388 	7552
f 7552 	7388 	7370
f 7573 	7564 	7434
f 7434 	7480 	7573
f 7393 	7564 	7573
f 7459 	7418 	7573
f 7573 	7418 	7393
f 7468 	7420 	7459
f 7468 	7612 	7420
f 7468 	7474 	7612
f 7459 	7420 	7418
f 4867 	7582 	7528
f 7526 	7528 	7582
f 7582 	7584 	7526
f 7526 	7584 	7553
f 7585 	4873 	7528
f 7528 	7554 	7585
f 4872 	7528 	4873
f 7615 	7612 	7474
f 7612 	8102 	7420
f 2063 	7631 	7624
f 7622 	7624 	7750
f 7624 	7629 	7630
f 1393 	1392 	7615
f 7630 	7633 	7624
f 1394 	7615 	1392
f 7629 	7624 	7631
f 7637 	7624 	7633
f 7637 	7638 	7624
f 7474 	7636 	7615
f 1399 	1402 	7636
f 7636 	1402 	7615
f 5942 	5877 	7639
f 7640 	7639 	542
f 7640 	7656 	7639
f 7636 	7474 	7542
f 7636 	1400 	1399
f 1401 	1400 	7636
f 7640 	7668 	7656
f 1393 	7615 	1402
f 7664 	7750 	7663
f 7640 	7645 	7668
f 7656 	7668 	6020
f 7675 	6046 	7668
f 7750 	7691 	7676
f 7668 	7645 	7675
f 7689 	7676 	7688
f 7688 	7676 	7691
f 7664 	7691 	7750
f 7689 	7693 	7676
f 7640 	542 	2064
f 7640 	2064 	7645
f 7704 	7660 	7366
f 7370 	7704 	7366
f 7704 	7370 	7707
f 7707 	7370 	7388
f 7388 	7714 	7707
f 7393 	7719 	7714
f 7719 	7393 	7418
f 199 	7660 	7736
f 7736 	204 	199
f 7660 	7738 	7736
f 7704 	7747 	7738
f 7748 	7702 	7622
f 7704 	7738 	7660
f 7707 	7747 	7704
f 7645 	2064 	7702
f 7748 	7645 	7702
f 7748 	7675 	7645
f 7624 	7758 	7750
f 7747 	7707 	7752
f 7748 	7622 	7750
f 7714 	7752 	7707
f 7752 	7787 	7747
f 7624 	7638 	7758
f 7759 	7750 	7758
f 7759 	7761 	7750
f 7748 	7676 	7675
f 7719 	7762 	7714
f 7719 	7765 	7762
f 7750 	7676 	7748
f 7714 	7762 	7752
f 7761 	7663 	7750
f 7787 	7752 	7788
f 7752 	7762 	7788
f 7762 	7790 	7788
f 7762 	7765 	7790
f 7786 	7738 	7747
f 7736 	7738 	7780
f 7736 	7780 	503
f 7780 	7738 	7786
f 7786 	7782 	7780
f 7786 	7747 	7787
f 7782 	7786 	7935
f 7788 	7944 	7939
f 6049 	6046 	7675
f 7675 	7676 	6049
f 7676 	7795 	6049
f 7693 	7795 	7676
f 7790 	7944 	7788
f 7790 	7765 	7798
f 7790 	7798 	7954
f 6399 	6890 	7831
f 6892 	7831 	6890
f 7831 	6697 	6399
f 7838 	7831 	7837
f 7831 	6892 	7837
f 6697 	7843 	7844
f 7831 	7843 	6697
f 7831 	7838 	7843
f 7844 	6707 	6697
f 6895 	7846 	6892
f 7837 	6892 	7835
f 7846 	7835 	6892
f 7855 	7856 	7854
f 7855 	7858 	7856
f 7878 	7854 	7856
f 7858 	7867 	7856
f 7856 	7867 	7871
f 7932 	7856 	7210
f 7932 	7210 	6979
f 7856 	7882 	7878
f 7208 	7856 	7207
f 7871 	7207 	7856
f 7856 	7208 	7210
f 7489 	4302 	4303
f 5227 	7887 	4303
f 4303 	7887 	7891
f 7489 	4303 	7891
f 7887 	7895 	7900
f 7895 	7912 	7900
f 7895 	7909 	7912
f 7887 	7900 	7891
f 7891 	7900 	7529
f 7891 	7529 	7502
f 7927 	7900 	7912
f 7909 	7945 	7912
f 7912 	7931 	7927
f 7900 	7927 	7529
f 7927 	7537 	7529
f 7786 	7787 	7935
f 7939 	7935 	7787
f 6972 	7927 	7931
f 7931 	7932 	6979
f 7787 	7788 	7939
f 7932 	7947 	7856
f 7939 	8072 	7935
f 7931 	6979 	6972
f 7947 	7948 	7856
f 7931 	7912 	7945
f 8091 	7939 	7944
f 7945 	7932 	7931
f 7944 	8093 	8091
f 7945 	7947 	7932
f 7950 	7948 	7949
f 7950 	7951 	7948
f 7948 	7882 	7856
f 7948 	7951 	7883
f 7948 	7883 	7882
f 7790 	7954 	7944
f 1411 	8177 	1405
f 1406 	1405 	8177
f 1411 	7969 	8177
f 7909 	7895 	8799
f 7960 	8813 	7992
f 7960 	7976 	7909
f 7960 	7992 	7976
f 7976 	7945 	7909
f 7976 	7992 	7978
f 7976 	7978 	7947
f 7976 	7947 	7945
f 7978 	7992 	7995
f 8002 	8930 	8004
f 8005 	8002 	8004
f 8930 	8006 	8004
f 8005 	8007 	8002
f 8002 	8007 	8008
f 8002 	8008 	8016
f 8002 	8016 	8014
f 8014 	7995 	8002
f 7995 	8014 	7978
f 8016 	8020 	8014
f 8020 	8021 	8014
f 8014 	8021 	8022
f 7948 	7978 	8014
f 8014 	8022 	8025
f 7949 	7948 	8025
f 8014 	8025 	7948
f 7947 	7978 	7948
f 7798 	7969 	7954
f 1409 	7969 	1410
f 1410 	7969 	1411
f 1409 	1413 	7969
f 8093 	7944 	7954
f 1413 	1420 	7969
f 534 	7782 	8059
f 8059 	7782 	7935
f 8059 	542 	534
f 8059 	2064 	542
f 8072 	2064 	8059
f 8059 	7935 	8072
f 8072 	8091 	7702
f 8091 	7622 	7702
f 2064 	8072 	7702
f 7939 	8091 	8072
f 8093 	7622 	8091
f 8093 	7624 	7622
f 8093 	8095 	7624
f 1426 	8095 	1427
f 8095 	2058 	7624
f 2058 	8095 	1428
f 1426 	1428 	8095
f 500 	5749 	5676
f 8093 	7954 	8095
f 7954 	7969 	8095
f 5676 	5679 	506
f 1420 	1430 	7969
f 1427 	8095 	1430
f 8095 	7969 	1430
f 5679 	8101 	506
f 7765 	7719 	8099
f 7418 	8099 	7719
f 506 	500 	5676
f 7418 	7420 	8099
f 8101 	5679 	5698
f 1874 	5702 	8105
f 5702 	5703 	8105
f 485 	1874 	8105
f 8105 	5749 	496
f 8099 	8102 	8113
f 496 	5749 	500
f 7612 	7615 	8104
f 8104 	8102 	7612
f 7615 	1444 	8104
f 7420 	8102 	8099
f 1441 	1440 	8104
f 1443 	1441 	8104
f 1443 	8104 	1444
f 1444 	7615 	1394
f 8113 	7765 	8099
f 8102 	8115 	8113
f 8104 	8115 	8102
f 8113 	8115 	8177
f 1440 	1452 	8104
f 1451 	8115 	1452
f 8104 	1452 	8115
f 1451 	1454 	8115
f 1454 	1460 	8115
f 7798 	7765 	8113
f 8113 	8177 	7798
f 7969 	7798 	8177
f 1462 	8177 	1463
f 1463 	8177 	1464
f 8177 	8115 	1464
f 1460 	1464 	8115
f 1462 	1406 	8177
f 8189 	714 	8184
f 8184 	8192 	8189
f 8244 	8283 	8707
f 8192 	8251 	8189
f 8267 	8558 	8251
f 8251 	8558 	8256
f 8192 	8267 	8251
f 8265 	8267 	8192
f 8239 	8287 	8244
f 8277 	8604 	8265
f 6948 	7114 	8258
f 8258 	7114 	8297
f 8277 	8618 	8604
f 8265 	8604 	8267
f 8604 	8562 	8267
f 3122 	8707 	8283
f 8287 	8239 	8258
f 8287 	8291 	8244
f 8258 	8297 	8287
f 8287 	8304 	8291
f 8297 	8304 	8287
f 8325 	8310 	8297
f 8297 	8310 	8304
f 5122 	8315 	5118
f 8313 	8327 	8357
f 8325 	8297 	7114
f 7114 	7116 	8325
f 3620 	3605 	8326
f 8330 	8363 	3605
f 7116 	8327 	8325
f 8325 	8313 	8310
f 3605 	8488 	8330
f 8334 	8330 	8335
f 8339 	8346 	8330
f 8334 	8339 	8330
f 8327 	8313 	8325
f 8328 	8357 	8327
f 8355 	8360 	8328
f 8363 	8330 	8346
f 8357 	8328 	8364
f 8326 	3605 	8363
f 8361 	8364 	8328
f 7130 	8342 	8352
f 8335 	8330 	8343
f 8328 	7130 	8352
f 8355 	8328 	8352
f 8343 	8330 	8356
f 8508 	8516 	8330
f 8356 	8330 	8358
f 8361 	8328 	8360
f 8365 	8357 	8364
f 8365 	8371 	8357
f 8374 	8357 	8371
f 8626 	8368 	4450
f 8375 	8368 	8632
f 8368 	8375 	4455
f 8368 	4455 	4450
f 8283 	8244 	8291
f 8315 	8688 	8681
f 8291 	8376 	8283
f 5080 	8315 	5122
f 8384 	8391 	8517
f 8688 	8315 	5080
f 8384 	8304 	8391
f 8695 	8688 	5080
f 8291 	8384 	8376
f 8291 	8304 	8384
f 865 	633 	8393
f 633 	8398 	8393
f 865 	8393 	629
f 629 	8396 	8184
f 8396 	629 	8393
f 8396 	8192 	8184
f 8310 	8391 	8304
f 8393 	8399 	8396
f 8519 	8391 	8400
f 8393 	8398 	8399
f 8310 	8313 	8400
f 8399 	8265 	8396
f 8391 	8310 	8400
f 8400 	8415 	8570
f 8396 	8265 	8192
f 8400 	8570 	8519
f 8437 	8398 	659
f 8398 	8437 	8418
f 8424 	8415 	8423
f 8398 	8418 	8399
f 8423 	8415 	8425
f 8357 	8432 	8415
f 8399 	8277 	8265
f 8313 	8415 	8400
f 8418 	8277 	8399
f 8415 	8313 	8357
f 8374 	8427 	8357
f 8432 	8357 	8427
f 8425 	8415 	8432
f 8434 	3136 	3118
f 3118 	3131 	8434
f 8436 	8718 	3136
f 8434 	8436 	3136
f 8439 	8437 	666
f 8439 	666 	5118
f 8437 	8312 	8418
f 8439 	8312 	8437
f 8315 	8439 	5118
f 8498 	8436 	8434
f 8439 	8315 	8681
f 8681 	8312 	8439
f 8445 	8706 	5458
f 8452 	8445 	6151
f 8455 	8458 	8448
f 8455 	8448 	8436
f 8452 	6151 	591
f 8455 	8589 	8467
f 8455 	8467 	8458
f 4455 	8375 	4458
f 8482 	4458 	8375
f 3131 	8376 	8490
f 8434 	3131 	8490
f 8488 	3605 	3601
f 8490 	8498 	8434
f 8482 	8488 	3601
f 8505 	8490 	8376
f 8505 	8510 	8490
f 8490 	8510 	8498
f 8504 	8330 	8516
f 8358 	8330 	8504
f 8455 	8436 	8498
f 8376 	8384 	8505
f 8733 	8687 	8508
f 8512 	8508 	8513
f 8516 	8508 	8515
f 8512 	8515 	8508
f 8519 	8517 	8391
f 8513 	8508 	8520
f 8482 	8653 	8488
f 8520 	8508 	8527
f 4500 	4528 	8709
f 8505 	8384 	8517
f 8505 	8543 	8510
f 8505 	8517 	8543
f 8470 	8659 	8642
f 8534 	8659 	8470
f 8519 	8546 	8517
f 8546 	8519 	8547
f 8536 	8540 	8534
f 8534 	8540 	8659
f 8715 	8542 	8536
f 8536 	8544 	8540
f 8542 	8544 	8536
f 8545 	8747 	8542
f 8542 	8747 	8544
f 8517 	8546 	8543
f 8584 	8566 	8547
f 8267 	8562 	8558
f 8584 	8547 	8583
f 8570 	8583 	8547
f 8547 	8566 	8567
f 8562 	8565 	8558
f 8575 	8570 	8573
f 8415 	8573 	8570
f 8415 	8424 	8573
f 8575 	8576 	8570
f 8568 	8579 	8562
f 8576 	8580 	8570
f 8519 	8570 	8547
f 8580 	8583 	8570
f 8562 	8579 	8565
f 8455 	8498 	8589
f 8510 	8589 	8498
f 8543 	8594 	8510
f 8510 	8594 	8589
f 8568 	8590 	8638
f 8603 	8594 	8543
f 8546 	8603 	8543
f 8614 	8547 	8611
f 8613 	8614 	8611
f 8547 	8567 	8617
f 8547 	8617 	8611
f 8546 	8547 	8614
f 8418 	8610 	8277
f 4500 	8709 	4508
f 8610 	8618 	8277
f 8603 	8546 	8614
f 8610 	8625 	8618
f 8615 	4516 	4508
f 8604 	8568 	8562
f 8589 	8594 	8636
f 8594 	8641 	8636
f 8618 	8568 	8604
f 8615 	8620 	4516
f 8467 	8589 	8636
f 8594 	8603 	8641
f 8620 	8621 	8626
f 8627 	8628 	8614
f 8628 	8650 	8614
f 8625 	8590 	8618
f 8620 	8626 	4516
f 8631 	8627 	8614
f 8631 	8614 	8613
f 8618 	8590 	8568
f 8621 	8368 	8626
f 8642 	8625 	8470
f 8625 	8642 	8590
f 8621 	8632 	8368
f 8568 	8638 	8579
f 8636 	8474 	8467
f 4450 	4446 	8626
f 8474 	8636 	8478
f 8641 	8478 	8636
f 8650 	8651 	8652
f 8590 	8649 	8638
f 8482 	8375 	8674
f 8651 	8654 	8652
f 8642 	8649 	8590
f 8603 	8652 	8641
f 8614 	8650 	8652
f 8654 	8657 	8652
f 8653 	8482 	8674
f 8614 	8652 	8603
f 8657 	8658 	8652
f 8653 	8661 	8488
f 8659 	8662 	8642
f 8652 	8658 	8664
f 8665 	8666 	8664
f 8666 	8652 	8664
f 8508 	8330 	8661
f 8665 	8667 	8666
f 8527 	8508 	8672
f 8652 	8666 	8641
f 8667 	8669 	8666
f 8642 	8662 	8649
f 8641 	8666 	8478
f 8661 	8330 	8488
f 8662 	9026 	8649
f 8669 	8671 	8666
f 8659 	8540 	8673
f 8540 	8763 	8673
f 8871 	8474 	8478
f 8659 	8673 	8662
f 8375 	8632 	8674
f 8674 	8700 	8653
f 8677 	8680 	8678
f 8740 	8673 	8763
f 8676 	8677 	8678
f 8666 	8676 	8678
f 8680 	8682 	8678
f 8312 	8684 	8610
f 8478 	8666 	8678
f 8701 	8729 	8661
f 8681 	8684 	8312
f 8682 	8685 	8678
f 8684 	8625 	8610
f 8733 	8686 	8687
f 8672 	8508 	8687
f 8685 	8689 	8678
f 8681 	8692 	8684
f 8681 	8688 	8692
f 8671 	8676 	8666
f 8684 	8470 	8625
f 4600 	4286 	8694
f 8684 	8692 	8470
f 4602 	4600 	8694
f 3812 	4602 	8694
f 8694 	7450 	8699
f 8694 	8699 	3812
f 5080 	5454 	8695
f 4602 	3812 	3792
f 8691 	8632 	8621
f 8694 	4286 	7450
f 8688 	8695 	8698
f 8691 	8696 	8632
f 7450 	7456 	8703
f 8696 	8674 	8632
f 8696 	8700 	8674
f 8688 	8698 	8692
f 3943 	3936 	8699
f 8692 	8698 	8534
f 7450 	8703 	8699
f 8703 	3943 	8699
f 8705 	8703 	7456
f 8692 	8534 	8470
f 8700 	8701 	8653
f 5454 	5458 	8706
f 8705 	7456 	7471
f 8701 	8661 	8653
f 8705 	8707 	8703
f 8703 	8707 	3943
f 8706 	8695 	5454
f 7471 	8239 	8705
f 7471 	7475 	8239
f 8695 	8706 	8715
f 8705 	8244 	8707
f 8239 	8244 	8705
f 8759 	8709 	4528
f 7475 	8258 	8239
f 8695 	8715 	8698
f 5020 	4098 	8722
f 8711 	4113 	4107
f 8713 	4124 	4142
f 8620 	8615 	8768
f 8615 	8709 	8765
f 8706 	8445 	8721
f 8709 	8615 	4508
f 8698 	8536 	8534
f 8713 	4142 	8719
f 8698 	8715 	8536
f 4142 	8718 	8719
f 8717 	8776 	8778
f 8706 	8721 	8715
f 8713 	8719 	8738
f 8768 	8717 	8620
f 8717 	8621 	8620
f 8542 	8715 	8721
f 8436 	8448 	8718
f 4098 	4113 	8722
f 8445 	8452 	8721
f 5020 	8722 	5045
f 8723 	8722 	4113
f 8721 	8545 	8542
f 8721 	8452 	8545
f 8723 	4113 	8711
f 8778 	8691 	8717
f 8723 	8724 	8722
f 8610 	8418 	8312
f 8717 	8691 	8621
f 8724 	5045 	8722
f 8724 	8746 	5045
f 8711 	8727 	8723
f 8452 	591 	8752
f 8711 	8713 	8727
f 591 	8731 	8752
f 8727 	8730 	8723
f 8752 	8545 	8452
f 8723 	8730 	8724
f 603 	8731 	591
f 8729 	8508 	8661
f 8729 	8733 	8508
f 7287 	7480 	8731
f 8731 	7480 	7434
f 8736 	8733 	8735
f 8662 	8673 	194
f 8736 	8737 	8733
f 9026 	8662 	194
f 194 	8673 	8740
f 8738 	8727 	8713
f 8737 	8686 	8733
f 8719 	8718 	8448
f 8740 	199 	194
f 8448 	8741 	8719
f 8763 	8766 	7366
f 8719 	8741 	8738
f 8766 	7370 	7366
f 8738 	8741 	8770
f 8448 	8458 	8741
f 7366 	8740 	8763
f 8740 	7660 	199
f 7660 	8740 	7366
f 8741 	8772 	8770
f 8763 	8540 	8544
f 5050 	5045 	8746
f 8724 	8730 	8749
f 8730 	8755 	8749
f 8746 	8724 	8749
f 8746 	8750 	5189
f 8749 	8750 	8746
f 5552 	5189 	8750
f 8753 	8730 	8727
f 8727 	8738 	8753
f 8545 	8754 	8747
f 8751 	4883 	8803
f 8753 	8755 	8730
f 8752 	8754 	8545
f 8755 	8756 	8749
f 8764 	8755 	8753
f 7552 	8747 	8754
f 8745 	8808 	8757
f 7434 	7564 	8754
f 8749 	8756 	8750
f 8745 	8759 	8751
f 8754 	7564 	7552
f 5556 	8750 	8756
f 8745 	8757 	8759
f 8731 	7434 	8752
f 8751 	8759 	4528
f 7434 	8754 	8752
f 8757 	8765 	8759
f 8770 	8764 	8753
f 8757 	8762 	8765
f 8755 	8843 	8756
f 8766 	8763 	8544
f 8759 	8765 	8709
f 8764 	8843 	8755
f 8544 	8747 	8766
f 7552 	7370 	8766
f 8762 	8768 	8765
f 7552 	8766 	8747
f 8768 	8615 	8765
f 8753 	8738 	8770
f 8772 	8741 	8458
f 8717 	8768 	8776
f 8772 	8775 	8770
f 8776 	8762 	8832
f 8776 	8768 	8762
f 8775 	8764 	8770
f 8775 	8847 	8764
f 8781 	8772 	8458
f 8458 	8467 	8781
f 8869 	8775 	8772
f 8778 	8835 	8783
f 8781 	8869 	8772
f 8778 	8783 	8691
f 8256 	8787 	8845
f 9049 	8773 	8787
f 8474 	8781 	8467
f 8474 	8870 	8781
f 8783 	8792 	8696
f 9053 	8787 	8256
f 8781 	8870 	8869
f 8792 	8700 	8696
f 8783 	8696 	8691
f 7887 	5240 	7895
f 8799 	7895 	5240
f 5240 	5415 	8799
f 8792 	8876 	8700
f 5415 	5425 	8799
f 8813 	5425 	5422
f 8799 	5425 	7960
f 8896 	8801 	5048
f 8803 	5048 	8801
f 7960 	5425 	8813
f 8797 	8804 	8805
f 7960 	7909 	8799
f 4883 	5053 	8803
f 8803 	8801 	8745
f 8797 	8805 	8796
f 8808 	8745 	8801
f 8803 	8745 	8751
f 5422 	8811 	8813
f 8798 	8804 	8797
f 5428 	8816 	8811
f 8804 	8798 	8779
f 8811 	8817 	8813
f 8808 	8815 	8757
f 8811 	8816 	8817
f 9047 	8805 	8804
f 7992 	8813 	8817
f 8817 	7995 	7992
f 8779 	9046 	8804
f 8815 	8762 	8757
f 8816 	8827 	8817
f 710 	714 	8831
f 8816 	8926 	8827
f 8762 	8815 	8832
f 8829 	8831 	8833
f 8833 	8838 	8829
f 8942 	8834 	8832
f 7995 	8817 	8827
f 8827 	8930 	8002
f 8832 	8834 	8776
f 8006 	8930 	8836
f 8827 	8002 	7995
f 8834 	8835 	8778
f 5422 	5420 	8811
f 8189 	8831 	714
f 8837 	8783 	8835
f 8834 	8778 	8776
f 8831 	8842 	8833
f 8837 	8792 	8783
f 8750 	5556 	5552
f 8842 	8831 	8189
f 8756 	8846 	5556
f 8833 	8845 	8838
f 8756 	8843 	8846
f 8833 	8842 	8845
f 8843 	8764 	8847
f 8838 	8845 	8773
f 8729 	8701 	8841
f 8787 	8773 	8845
f 8876 	8701 	8700
f 8843 	8848 	8846
f 8839 	8838 	8773
f 8847 	8848 	8843
f 8773 	8779 	8839
f 8846 	8848 	8894
f 8729 	8841 	8851
f 8729 	8851 	8733
f 8189 	8251 	8842
f 8251 	8256 	8842
f 8256 	8845 	8842
f 5561 	8846 	8894
f 8858 	8860 	8855
f 8854 	8861 	8847
f 8855 	8860 	8734
f 8855 	8734 	8735
f 8855 	8735 	8733
f 8733 	8851 	8855
f 8847 	8861 	8848
f 8858 	8855 	8866
f 8882 	8888 	8851
f 8868 	38 	8867
f 8854 	8775 	8869
f 8775 	8854 	8847
f 29 	8867 	30
f 8870 	8474 	8871
f 8867 	8866 	8855
f 8867 	29 	37
f 8867 	37 	8866
f 8829 	8838 	8862
f 30 	8867 	38
f 8862 	8839 	8863
f 8838 	8839 	8862
f 8870 	8874 	8869
f 8870 	8871 	8875
f 8478 	8678 	8871
f 8871 	8678 	8879
f 8863 	8798 	8864
f 8879 	8875 	8871
f 8837 	8872 	8792
f 8870 	8875 	8874
f 8864 	8797 	8849
f 8874 	8854 	8869
f 743 	8849 	8850
f 8897 	8854 	8874
f 8872 	8873 	8876
f 8852 	743 	8850
f 8678 	8689 	8877
f 743 	713 	8829
f 8878 	8879 	8877
f 8879 	8678 	8877
f 8876 	8792 	8872
f 8878 	8880 	8879
f 8862 	743 	8829
f 8880 	8881 	8879
f 8864 	743 	8863
f 8881 	8883 	8879
f 8864 	8849 	743
f 8879 	8920 	8875
f 8862 	8863 	743
f 8841 	8876 	8873
f 743 	8852 	8853
f 8884 	8887 	8889
f 8853 	8886 	743
f 8884 	8889 	8885
f 8841 	8873 	8882
f 8876 	8841 	8701
f 8886 	765 	743
f 9022 	8888 	8882
f 8887 	8890 	8952
f 8915 	8917 	8886
f 8887 	8952 	8889
f 8850 	8849 	8796
f 9025 	8867 	8888
f 8796 	8849 	8797
f 8850 	8891 	8852
f 8850 	8796 	8891
f 8888 	9022 	9025
f 8887 	8904 	8890
f 8938 	8852 	8891
f 8798 	8863 	8839
f 8839 	8779 	8798
f 8882 	8851 	8841
f 8906 	8892 	8893
f 8855 	8888 	8867
f 8888 	8855 	8851
f 8797 	8864 	8798
f 5561 	8894 	5579
f 8895 	8894 	8848
f 8895 	8848 	8861
f 198 	4186 	85
f 8894 	8895 	8884
f 8894 	8884 	5579
f 8796 	8898 	8891
f 8805 	8898 	8796
f 8897 	8861 	8854
f 8898 	8941 	8891
f 8805 	8899 	8898
f 6037 	8970 	8900
f 8884 	8895 	8887
f 8899 	8902 	8898
f 5801 	8903 	8896
f 5801 	8900 	8903
f 8897 	8904 	8861
f 8896 	8903 	8801
f 8895 	8861 	8904
f 8887 	8895 	8904
f 8903 	8808 	8801
f 8904 	8897 	8905
f 8897 	8901 	8905
f 8890 	8904 	8905
f 8908 	8909 	8906
f 8909 	8910 	8906
f 8906 	8910 	8911
f 8912 	8906 	8911
f 8900 	8907 	8913
f 8901 	8920 	8906
f 8908 	8906 	8914
f 8914 	8906 	8920
f 8920 	8916 	8914
f 8907 	8924 	8929
f 8905 	8901 	8906
f 8892 	8906 	8912
f 8907 	8929 	8913
f 8915 	8886 	8853
f 8901 	8897 	8874
f 8900 	8913 	8903
f 8875 	8901 	8874
f 765 	8886 	8917
f 8919 	8920 	8918
f 8919 	8922 	8920
f 765 	8917 	780
f 8875 	8920 	8901
f 8903 	8913 	8808
f 8920 	8879 	8918
f 8918 	8879 	8921
f 8883 	8921 	8879
f 8922 	8925 	8920
f 8915 	8923 	8917
f 8925 	8916 	8920
f 8945 	8923 	8915
f 8923 	8928 	8917
f 8931 	8927 	8933
f 8827 	8926 	8930
f 8926 	8927 	8930
f 8939 	8949 	8927
f 8928 	780 	8917
f 8913 	8815 	8808
f 8927 	8934 	8930
f 8928 	1025 	780
f 8935 	8836 	8930
f 8913 	8929 	8815
f 8932 	8927 	8931
f 8927 	8932 	8934
f 8935 	8930 	8934
f 8936 	5428 	8885
f 8816 	5428 	8936
f 8929 	8832 	8815
f 8936 	8937 	8926
f 8891 	8941 	8938
f 8852 	8938 	8853
f 8937 	8927 	8926
f 8915 	8853 	8938
f 8927 	8937 	8939
f 8924 	8942 	8929
f 8939 	8948 	8949
f 8936 	8926 	8816
f 8924 	8940 	8942
f 8950 	8943 	8944
f 8929 	8942 	8832
f 8950 	8947 	8939
f 8938 	8941 	8945
f 8937 	8952 	8939
f 8950 	8944 	8947
f 8898 	8902 	8941
f 8948 	8939 	8947
f 8933 	8927 	8949
f 8885 	8889 	8936
f 8951 	8942 	8940
f 8915 	8938 	8945
f 8951 	8940 	8946
f 8942 	8951 	8834
f 8957 	8941 	8902
f 8951 	8835 	8834
f 8835 	8951 	8961
f 8936 	8889 	8937
f 8937 	8889 	8952
f 8939 	8952 	8950
f 8941 	8957 	8945
f 8950 	8958 	8959
f 8954 	8960 	8950
f 8958 	8950 	8960
f 8943 	8950 	8959
f 8946 	8956 	8961
f 8957 	8963 	8945
f 8890 	8962 	8950
f 8956 	8999 	8961
f 8962 	8953 	8950
f 8953 	8954 	8950
f 8966 	8955 	8962
f 8957 	8969 	8963
f 8946 	8961 	8951
f 8890 	8950 	8952
f 8945 	8963 	8923
f 8890 	8905 	8962
f 8905 	8906 	8962
f 8906 	8893 	8965
f 8965 	8962 	8906
f 8966 	8962 	8965
f 8953 	8962 	8955
f 8999 	8956 	8964
f 8968 	8957 	8902
f 8902 	75 	8968
f 8969 	8957 	8968
f 8961 	8837 	8835
f 8961 	8999 	8837
f 8969 	8976 	8963
f 75 	142 	8968
f 6035 	6042 	8970
f 8969 	8968 	8980
f 8970 	6037 	6035
f 8970 	6042 	8972
f 8923 	8973 	8928
f 8970 	8972 	8907
f 8963 	8973 	8923
f 8973 	8974 	8928
f 8970 	8907 	8900
f 8928 	8974 	1025
f 8974 	1081 	1025
f 8971 	8975 	8977
f 8976 	8973 	8963
f 8976 	8978 	8973
f 8971 	8977 	8972
f 8976 	8983 	8978
f 8972 	8924 	8907
f 8972 	8977 	8924
f 8973 	8978 	8974
f 8978 	1125 	8974
f 1132 	1125 	8978
f 8974 	1125 	1081
f 8975 	8979 	8977
f 8976 	8981 	8983
f 8977 	8979 	8940
f 8983 	1132 	8978
f 8977 	8940 	8924
f 8968 	142 	8980
f 8980 	8981 	8969
f 8980 	8984 	8981
f 8969 	8981 	8976
f 8946 	8979 	8982
f 142 	257 	8980
f 8979 	8946 	8940
f 8984 	8980 	257
f 8984 	8986 	8981
f 8982 	8956 	8946
f 8982 	8985 	8956
f 8981 	8986 	8983
f 8986 	5704 	8983
f 8985 	8987 	8964
f 8983 	5704 	1132
f 8964 	8956 	8985
f 257 	333 	8984
f 8989 	8986 	8984
f 8984 	333 	8989
f 5707 	8986 	8989
f 5713 	5707 	8989
f 8986 	5707 	5704
f 5709 	8989 	333
f 333 	343 	5709
f 8996 	153 	152
f 151 	9027 	152
f 5709 	5713 	8989
f 8868 	9027 	154
f 8993 	8992 	9057
f 166 	8995 	167
f 166 	169 	8995
f 8990 	9057 	8992
f 8995 	169 	172
f 171 	8996 	172
f 8995 	172 	8996
f 171 	174 	8996
f 8994 	8995 	8996
f 153 	8996 	174
f 8993 	9004 	8992
f 8987 	8988 	9007
f 8993 	8579 	9006
f 9007 	8964 	8987
f 9006 	8579 	8638
f 9004 	8993 	9006
f 8999 	8964 	9008
f 9015 	9014 	9006
f 9008 	8964 	9007
f 9006 	9014 	9004
f 8999 	9008 	8872
f 9008 	8873 	8872
f 9008 	9018 	8873
f 8638 	8649 	9015
f 8872 	8837 	8999
f 9007 	9016 	9018
f 9015 	9006 	8638
f 9007 	9018 	9008
f 9015 	9023 	9014
f 9026 	9023 	9015
f 9016 	9022 	9018
f 9038 	9022 	9016
f 9018 	9022 	8882
f 9018 	8882 	8873
f 9026 	9015 	8649
f 8996 	152 	9027
f 202 	9023 	193
f 9027 	151 	154
f 9025 	9022 	9038
f 8867 	9025 	9027
f 9026 	193 	9023
f 9027 	8868 	8867
f 194 	193 	9026
f 8992 	9029 	8990
f 9029 	84 	63
f 9016 	9007 	8988
f 8992 	9032 	9029
f 9004 	9032 	8992
f 149 	9029 	9032
f 8988 	9035 	9016
f 9036 	173 	9032
f 9029 	149 	84
f 9032 	9004 	9036
f 9035 	8991 	9038
f 9014 	9036 	9004
f 9035 	9038 	9016
f 9040 	9038 	8991
f 9023 	9042 	9014
f 9040 	8991 	8994
f 9014 	9042 	9036
f 9025 	9038 	9040
f 9042 	177 	9036
f 9040 	9027 	9025
f 9042 	181 	177
f 9040 	8996 	9027
f 8994 	8996 	9040
f 9023 	202 	9042
f 202 	181 	9042
f 9047 	8804 	9046
f 6237 	4185 	9056
f 4185 	9048 	9056
f 4185 	4186 	9048
f 196 	9048 	197
f 197 	9048 	198
f 4186 	198 	9048
f 9047 	8899 	8805
f 196 	200 	9048
f 8787 	9054 	9049
f 8773 	9049 	8779
f 200 	201 	9048
f 8779 	9049 	9046
f 9047 	9046 	9059
f 6231 	9052 	9050
f 9053 	8256 	8558
f 9052 	6231 	6234
f 8787 	9053 	9054
f 9054 	9051 	9049
f 6234 	6237 	9055
f 6237 	9056 	9055
f 9049 	9051 	9046
f 9052 	6234 	9055
f 8558 	8565 	9053
f 8565 	9057 	9053
f 9053 	9057 	9054
f 9054 	8990 	9051
f 9054 	9057 	8990
f 264 	9048 	207
f 201 	207 	9048
f 8565 	8993 	9057
f 8565 	8579 	8993
f 9048 	9058 	9056
f 9048 	264 	9058
f 9046 	9051 	9059
f 9047 	9059 	9060
f 63 	39 	9059
f 263 	9058 	264
f 9047 	9060 	8899
f 9060 	75 	8899
f 9073 	6276 	6278
f 39 	64 	9060
f 9060 	64 	75
f 8899 	75 	8902
f 9051 	8990 	63
f 8990 	9029 	63
f 63 	9059 	9051
f 9061 	6284 	9062
f 9060 	9059 	39
f 9062 	9063 	9064
f 9064 	9063 	9065
f 9035 	8988 	9065
f 9071 	9077 	9067
f 277 	9078 	278
f 6216 	6227 	9068
f 9068 	6307 	6216
f 9063 	9062 	6307
f 6307 	9068 	9063
f 6227 	9050 	9068
f 9050 	9069 	9068
f 9069 	9063 	9068
f 9069 	9065 	9063
f 9069 	9066 	9065
f 9052 	9070 	9050
f 9050 	9070 	9069
f 9069 	9070 	9066
f 9070 	9052 	9071
f 9071 	9052 	9055
f 9070 	9067 	9066
f 9070 	9071 	9067
f 9055 	9072 	9071
f 9072 	9056 	9058
f 9072 	9055 	9056
f 9072 	9077 	9071
f 283 	278 	9058
f 278 	9078 	9058
f 263 	268 	9058
f 283 	9058 	282
f 268 	282 	9058
f 6276 	9073 	6327
f 6327 	9073 	9074
f 9074 	8975 	6327
f 9074 	8979 	8975
f 6278 	9061 	9073
f 9073 	9075 	9074
f 9073 	9061 	9075
f 9074 	8982 	8979
f 9075 	8982 	9074
f 9076 	9075 	9061
f 9062 	9076 	9061
f 9075 	9076 	8985
f 8985 	9076 	8987
f 9075 	8985 	8982
f 9064 	9076 	9062
f 8987 	9076 	9064
f 8988 	8987 	9064
f 9064 	9065 	8988
f 9072 	9058 	9078
f 9078 	9077 	9072
f 9077 	9078 	8995
f 292 	291 	9078
f 8995 	9078 	294
f 295 	294 	9078
f 9078 	291 	295
f 292 	9078 	277
f 9065 	9066 	9035
f 8991 	9035 	9066
f 9066 	9067 	8991
f 9067 	8994 	8991
f 9067 	9077 	8994
f 167 	8995 	294
f 9077 	8995 	8994
# 6603 faces

 #end of obj_0

