# Object Export From Tinkercad Server 2015

mtllib obj.mtl

o obj_0
v -33.3855 		-21.942 		30.0485
v -34.0965 		-21.584 		29.7015
v -34.0835 		-21.561 		30.0165
v -33.8615 		-22.062 		29.6345
v -34.8605 		-22.178 		29.5555
v -34.5255 		-22.286 		29.5965
v -34.4445 		-22.49 		29.8085
v -33.9245 		-22.27 		29.9595
v -36.8365 		-16.149 		22.5075
v -36.1905 		-16.06 		23.0095
v -36.9235 		-16.186 		22.2865
v -35.0175 		-20.879 		23.9315
v -34.8635 		-21.1 		23.7715
v -35.3615 		-21.821 		23.5165
v -35.5935 		-21.392 		23.6005
v -35.5805 		-21.616 		23.8485
v -35.8725 		-21.73 		23.5385
v -35.7995 		-21.97 		23.7265
v -35.4365 		-21.889 		23.6115
v -35.8525 		-22.11 		23.1955
v -35.6855 		-22.043 		23.6315
v -36.0985 		-21.931 		23.2535
v -35.9715 		-21.963 		23.2065
v -18.1015 		-15.661 		27.2545
v -20.7945 		-12.945 		28.6105
v -20.9615 		-13.135 		28.9605
v -20.8985 		-13.129 		28.5455
v -20.8435 		-13.159 		28.3145
v -20.9685 		-13.2 		28.3675
v -36.2685 		-22.465 		23.2815
v -19.1655 		-12.162 		31.6775
v -36.6185 		-22.725 		22.8895
v -36.5265 		-22.505 		22.8745
v -18.6475 		-13.04 		32.1755
v -36.6075 		-22.818 		22.6475
v -18.6475 		-12.935 		32.1345
v -36.5275 		-22.898 		22.6925
v -28.2095 		-11.235 		34.2965
v -36.4595 		-22.835 		22.8675
v -29.4775 		-11.419 		34.3975
v -35.9045 		-22.27 		23.2335
v -27.0855 		-12.403 		31.6965
v -27.3625 		-12.34 		31.5815
v -26.9775 		-12.443 		31.1905
v -23.4305 		-17.025 		28.8805
v -18.2495 		-15.651 		27.2525
v -37.0205 		-23.396 		22.3135
v -36.9725 		-23.349 		22.4355
v -11.5535 		-17.305 		28.8285
v -10.3875 		-17.438 		28.4755
v 12.2775 		-15.972 		29.5375
v 12.6385 		-15.958 		29.7525
v 12.8925 		-15.604 		30.0375
v -18.3925 		-15.621 		27.2485
v -10.6195 		-17.266 		28.0145
v 12.6495 		-15.696 		29.8475
v -11.5485 		-16.762 		27.4025
v -11.4915 		-17.376 		29.5165
v 12.9905 		-15.705 		30.0305
v -37.0195 		-23.409 		22.3395
v -17.4911 		-14.464 		26.9931
v -17.5329 		-14.4275 		26.9855
v -17.5555 		-14.4085 		26.9817
v -36.9315 		-23.407 		22.3485
v -17.5618 		-14.4049 		26.9811
v -17.5835 		-14.3923 		26.9789
v -36.9835 		-23.42 		22.3585
v -17.6765 		-14.3385 		26.9695
v -17.6787 		-14.3377 		26.9694
v -17.7115 		-14.3259 		26.968
v -36.9455 		-23.385 		22.3085
v -17.7117 		-14.3258 		26.968
v -36.9865 		-23.372 		22.3045
v -17.7369 		-14.3168 		26.967
v -17.4555 		-14.4951 		26.9995
v -36.9885 		-23.429 		22.2945
v -17.766 		-14.3068 		26.9664
v -17.8105 		-14.2891 		26.962
v -17.8395 		-14.2823 		26.9602
v -17.8637 		-14.2766 		26.9587
v -17.8857 		-14.2713 		26.9574
v -14.3465 		-16.139 		27.5275
v -17.9535 		-15.715 		27.3175
v -14.1095 		-16.639 		28.2715
v -13.1705 		-17.071 		29.3815
v -17.9535 		-15.776 		27.4295
v -17.9535 		-15.757 		27.3765
v -1.4465 		-10.796 		31.2595
v -18.1015 		-15.726 		27.3195
v -0.9565 		-10.805 		30.6465
v -1.1715 		-10.979 		31.6845
v 0.8095 		-11.279 		31.1075
v -0.8485 		-11.225 		32.0515
v -0.7475 		-11.582 		32.5065
v 0.2955 		-11.439 		31.9575
v 0.8845 		-11.402 		31.5315
v 1.9875 		-11.607 		31.1005
v 1.7995 		-11.955 		32.1025
v -21.2835 		-13.25 		28.5375
v 0.8355 		-12.163 		32.6955
v -21.1345 		-13.288 		28.8875
v 1.1105 		-13.828 		34.1205
v 0.2575 		-12.556 		33.2085
v 0.0005 		-13.827 		34.1565
v 0.5225 		-13.773 		33.9875
v 0.0605 		-12.93 		33.5145
v 1.2075 		-13.665 		33.7275
v -0.0325 		-15.019 		33.7605
v 0.1165 		-14.657 		34.1575
v 1.5785 		-14.988 		33.5845
v -1.3645 		-12.223 		33.2725
v -0.8245 		-13.1 		33.7475
v -0.2795 		-13.829 		34.1295
v -0.7215 		-13.755 		34.0275
v -0.6795 		-14.031 		34.2215
v -0.8535 		-14.331 		34.2375
v -27.3575 		-13.187 		31.6435
v -0.7295 		-15.726 		33.3725
v -0.6035 		-14.646 		34.1285
v -28.6365 		-12.372 		32.0565
v -28.3345 		-12.857 		31.2105
v -1.6655 		-14.16 		34.0685
v -1.2125 		-14.289 		34.1325
v -28.4755 		-12.461 		31.3785
v -37.0075 		-23.437 		22.3105
v -34.8965 		-22.118 		29.7805
v -28.2345 		-12.637 		32.0935
v -35.0915 		-22.52 		29.6045
v -35.8495 		-23.029 		29.7485
v -35.6855 		-23.216 		29.8105
v -35.7925 		-23.477 		29.9795
v -27.2235 		-12.081 		33.6175
v -35.5705 		-22.691 		29.8705
v -18.9005 		-12.975 		32.0365
v -18.9005 		-12.929 		32.0165
v -34.9795 		-22.904 		30.0285
v -24.5665 		-18.127 		26.3175
v -35.9365 		-23.041 		30.1415
v -36.4305 		-23.873 		29.9585
v -36.4045 		-23.619 		29.8985
v -24.2705 		-18.57 		29.3005
v -36.3575 		-24.01 		30.0925
v -36.6855 		-23.893 		30.0965
v -18.9005 		-13.022 		32.0545
v -18.7525 		-12.946 		32.1065
v -18.7525 		-13.035 		32.1405
v 13.1075 		-15.796 		30.1275
v -36.7485 		-7.782 		31.5435
v -18.8375 		-12.96 		32.0735
v -18.8375 		-13.029 		32.0995
v 13.0445 		-15.902 		30.0835
v -37.1275 		-7.775 		31.4135
v -37.3235 		-7.753 		31.7335
v 11.3125 		-15.128 		29.9675
v 10.2815 		-14.961 		29.6655
v 11.9065 		-15.425 		29.8005
v -18.9005 		-13.069 		32.0695
v -37.0915 		-7.571 		31.6495
v -37.4195 		-7.553 		31.8235
v -37.0655 		-7.733 		31.7725
v -18.7525 		-13.123 		32.1685
v 11.0485 		-15.453 		29.4755
v 11.7825 		-15.797 		29.4435
v -18.8375 		-13.097 		32.1215
v -18.8375 		-13.163 		32.1385
v -37.6515 		-7.104 		31.6385
v -37.6805 		-7.142 		31.7885
v -18.7525 		-13.207 		32.1905
v 8.4995 		-14.26 		29.6205
v 8.2775 		-14.4 		29.2065
v -19.1865 		-13.124 		32.0925
v -38.4555 		-6.437 		31.8225
v -38.3965 		-6.516 		31.8385
v -38.3935 		-6.419 		31.8255
v 9.7455 		-15.017 		29.2985
v -38.4515 		-6.392 		31.8185
v 10.1515 		-15.493 		29.0945
v -38.4615 		-6.419 		31.7995
v -38.4405 		-6.385 		31.7845
v -38.4005 		-6.425 		31.7615
v -38.2645 		-6.721 		31.7085
v -38.4145 		-6.386 		31.7975
v 9.8155 		-15.855 		28.7665
v 8.7295 		-15.398 		28.5575
v -31.1205 		-9.238 		30.8285
v -24.1945 		-18.644 		29.4525
v -23.4085 		-18.131 		29.9955
v -31.7305 		-9.637 		30.4905
v -24.1855 		-18.687 		29.8515
v 7.4865 		-13.726 		29.9945
v -31.2215 		-9.286 		31.0055
v 6.4395 		-13.496 		29.3985
v -1.1335 		-14.641 		34.0805
v 6.4125 		-14.557 		27.9855
v 6.4165 		-14.955 		27.8015
v -1.7975 		-15.158 		33.8265
v -25.6795 		-17.127 		26.1385
v -25.2705 		-17.6 		26.8845
v -25.1785 		-17.977 		27.1075
v -21.4215 		-13.342 		28.7615
v -21.1515 		-13.429 		29.0915
v 6.6145 		-15.895 		27.7095
v 2.1105 		-11.629 		30.0085
v -32.1405 		-9.274 		30.8135
v -32.3695 		-9.213 		30.9955
v 4.3615 		-13.138 		28.3305
v 4.1255 		-14.301 		27.1385
v 5.3955 		-14.059 		27.8565
v -32.6145 		-9.445 		31.3905
v -32.5725 		-9.843 		31.5515
v 2.0125 		-13.233 		26.9685
v 2.7115 		-12.274 		28.6005
v -31.6815 		-9.96 		30.3855
v 2.6065 		-12.57 		27.9925
v 3.6295 		-13.518 		27.4245
v -32.7325 		-9.996 		30.5905
v -32.6825 		-9.998 		30.9505
v 2.8845 		-13.726 		26.9465
v 3.7985 		-12.523 		29.0525
v -31.7005 		-10.111 		30.4275
v -32.0845 		-9.988 		31.3645
v -31.4105 		-9.949 		31.4475
v 2.8825 		-14.354 		26.6915
v -32.6605 		-10.741 		34.1005
v 2.1525 		-14.793 		26.4415
v 3.9465 		-15.088 		26.9375
v 6.1975 		-17.66 		21.0235
v 6.4015 		-17.758 		21.4115
v -32.8135 		-10.922 		33.8335
v -32.7645 		-11.467 		34.2155
v -31.7825 		-10.951 		33.6325
v -31.1345 		-11.558 		33.9785
v 6.4735 		-17.595 		21.4415
v 4.0725 		-17.818 		20.6285
v 4.0555 		-17.58 		19.0335
v 4.5125 		-17.524 		19.1305
v 4.1175 		-17.528 		18.8585
v 5.4315 		-17.563 		20.1235
v -33.4745 		-9.064 		31.1395
v 5.2605 		-17.686 		20.3185
v 4.3075 		-17.535 		18.9525
v -33.4915 		-9.111 		31.0045
v -33.7975 		-9.459 		30.7715
v 3.0995 		-17.584 		19.7795
v 3.3445 		-17.548 		19.3255
v 3.2305 		-17.696 		19.7885
v 3.6115 		-17.548 		19.0165
v 3.7585 		-17.532 		18.8995
v -33.7545 		-9.781 		30.7605
v -32.9475 		-9.229 		31.2545
v 3.0015 		-17.636 		19.9275
v 2.8475 		-17.754 		20.3875
v -33.5975 		-9.643 		31.6395
v 3.0075 		-17.597 		20.3255
v 2.3345 		-17.748 		21.8105
v 3.4235 		-17.602 		21.7565
v 3.2605 		-17.935 		21.3975
v 2.3235 		-17.937 		21.7385
v -34.5165 		-8.815 		31.2705
v 2.5435 		-17.762 		20.9865
v -34.6565 		-9.368 		30.8845
v -34.5335 		-8.857 		31.1505
v -34.6975 		-9.468 		30.9225
v 10.5195 		-16.56 		27.8495
v -34.5465 		-9.345 		31.7065
v 10.2575 		-16.926 		26.7825
v 10.5405 		-16.822 		27.4645
v 1.3435 		-13.709 		34.5835
v 10.7315 		-16.578 		27.8875
v 1.6435 		-13.371 		35.1725
v 12.4245 		-16.081 		29.7165
v -18.1015 		-15.788 		27.4335
v -18.1015 		-15.769 		27.3805
v 1.2325 		-13.13 		35.6525
v 1.0105 		-13.094 		36.0915
v -18.2495 		-15.715 		27.3175
v -18.3925 		-15.682 		27.3095
v 1.1055 		-13.409 		35.9415
v 1.4225 		-13.767 		35.5105
v 0.9395 		-13.17 		35.7325
v 0.2915 		-13.698 		34.9605
v 0.5075 		-13.512 		35.4085
v -18.3925 		-15.74 		27.4165
v -18.3925 		-15.722 		27.3665
v -0.0265 		-13.871 		34.5195
v 0.9495 		-13.307 		35.9705
v -18.2495 		-15.776 		27.4295
v 0.5165 		-13.683 		34.8135
v -18.2495 		-15.757 		27.3765
v 0.2605 		-13.783 		35.1835
v -17.5555 		-15.555 		27.2805
v -17.6765 		-15.628 		27.2975
v 0.2625 		-13.923 		35.1255
v -17.6765 		-15.665 		27.3495
v 1.2635 		-12.769 		36.3395
v 1.7295 		-12.166 		36.8785
v 1.5455 		-12.423 		36.7925
v -17.8105 		-15.682 		27.3095
v 1.6285 		-12.46 		36.5195
v -17.8105 		-15.722 		27.3665
v 1.6215 		-12.453 		36.8655
v 1.5435 		-12.864 		36.5445
v -0.0375 		-14.377 		34.5235
v -18.3515 		-14.2779 		26.9575
v -18.3425 		-14.2744 		26.9551
v -18.3925 		-14.2939 		26.9689
v -18.4795 		-14.3443 		26.9994
v -17.5555 		-15.588 		27.3275
v -0.0815 		-13.933 		34.7515
v -0.3415 		-13.977 		34.4035
v -0.7045 		-14.158 		34.2815
v -0.3625 		-14.238 		34.5075
v -17.5555 		-15.603 		27.3685
v -17.6765 		-15.682 		27.3965
v -0.6035 		-14.421 		34.3015
v -3.2935 		-10.494 		31.3455
v -2.6145 		-10.466 		30.3415
v -2.6575 		-11.236 		32.5245
v -4.0445 		-10.676 		31.9645
v -2.6845 		-10.707 		31.6905
v -2.8575 		-11.744 		33.0555
v -5.6735 		-10.083 		30.4495
v -4.1575 		-10.23 		30.2475
v -5.3995 		-10.33 		31.5235
v -4.3675 		-10.329 		31.2225
v -5.9115 		-10.654 		32.1205
v -5.8635 		-11.049 		32.5675
v -4.3425 		-11.549 		32.9985
v -3.9645 		-12.041 		33.3515
v -2.1555 		-12.41 		33.4905
v -3.8735 		-12.827 		33.7225
v -34.4775 		-9.127 		31.6235
v -21.4145 		-13.48 		28.9065
v -21.2015 		-13.539 		29.0555
v -21.4775 		-13.695 		28.8615
v -34.8275 		-9.345 		31.5395
v -34.1225 		-9.58 		31.5605
v -21.2875 		-13.9 		28.8975
v -33.4705 		-9.859 		31.0035
v -33.8295 		-10.846 		34.1225
v -33.3135 		-11.145 		34.1135
v -20.8845 		-13.817 		29.2045
v -33.8745 		-11.783 		32.3575
v -20.8125 		-13.685 		29.4275
v -20.5895 		-13.931 		29.3415
v -31.1775 		-10.862 		34.5515
v -32.5625 		-10.776 		34.6115
v -20.9715 		-13.551 		29.8495
v -20.7725 		-13.946 		29.9755
v -32.6775 		-10.873 		34.7465
v 11.5095 		-16.157 		29.0485
v -32.5275 		-11.191 		34.7405
v 11.3335 		-16.313 		28.8765
v -32.2125 		-11.707 		34.3475
v 11.6835 		-16.212 		29.1855
v -31.6785 		-11.691 		34.4075
v 11.6415 		-16.292 		29.7855
v -33.4915 		-10.681 		34.5995
v -33.6625 		-10.715 		34.8415
v 10.6795 		-16.124 		28.8145
v 10.7315 		-16.318 		28.5045
v -33.6525 		-10.804 		34.9515
v 11.1055 		-16.335 		28.5945
v -33.7855 		-11.338 		34.4615
v 11.0745 		-16.431 		28.4835
v -33.4525 		-10.99 		34.9345
v -33.5935 		-11.321 		34.8615
v 10.8025 		-16.574 		28.3555
v -33.6975 		-11.478 		34.7815
v -34.6365 		-10.581 		34.6995
v -34.0045 		-10.72 		34.2925
v -34.7575 		-10.72 		34.4905
v 11.1075 		-16.388 		29.0225
v -34.5695 		-10.605 		35.1245
v 8.1765 		-17.655 		23.4745
v 9.3215 		-17.387 		25.0955
v -34.2205 		-11.434 		34.8155
v -24.7505 		-17.699 		29.8605
v -34.7155 		-10.996 		35.2465
v -18.9005 		-13.114 		32.0815
v -25.5925 		-18.085 		26.9675
v -20.7645 		-13.756 		29.8895
v -31.5625 		-12.582 		31.7265
v -32.1665 		-12.067 		32.0265
v -18.8375 		-13.224 		32.1505
v -20.5505 		-13.881 		29.8005
v -20.5675 		-13.771 		29.7005
v -30.9095 		-12.415 		31.6675
v -29.7225 		-12.43 		31.5545
v -21.0405 		-12.942 		29.5545
v -31.9745 		-12.333 		32.6725
v -31.1665 		-12.148 		32.4325
v -28.9115 		-12.741 		31.2925
v -25.0425 		-18.199 		26.7295
v -25.4375 		-18.472 		26.2675
v -32.3215 		-12.814 		32.4485
v -25.4075 		-18.203 		28.9955
v -28.9265 		-12.856 		32.1495
v -25.2835 		-18.317 		28.9575
v -29.5945 		-13.054 		31.9205
v -29.4555 		-12.994 		32.1345
v -29.0785 		-13.098 		31.9775
v -25.4955 		-18.985 		29.1605
v -30.7585 		-12.109 		32.1705
v -30.0145 		-12.2 		31.8725
v -30.4945 		-12.622 		31.5595
v -25.3635 		-19.369 		29.6955
v -26.0735 		-18.518 		29.4285
v -17.8105 		-15.736 		27.4595
v -17.8105 		-15.74 		27.4165
v -26.1905 		-19.532 		29.3065
v -26.5555 		-19.79 		30.0935
v -26.0195 		-19.685 		29.9115
v -17.9535 		-15.771 		27.4735
v -29.9715 		-12.521 		32.4005
v -27.4005 		-13.866 		35.2775
v -17.9085 		-15.7515 		27.4795
v -17.9232 		-15.7546 		27.4816
v -26.9165 		-13.867 		34.9125
v -17.896 		-15.7489 		27.4777
v -17.9871 		-15.763 		27.4881
v -17.9969 		-15.7632 		27.4891
v -18.0179 		-15.7637 		27.4913
v -18.0221 		-15.7642 		27.4913
v -18.028 		-15.7656 		27.4903
v -18.0085 		-15.77 		27.4925
v -18.1015 		-15.783 		27.4785
v -27.1975 		-14.025 		35.7895
v -18.1015 		-15.7731 		27.4908
v -18.1423 		-15.7705 		27.4887
v -27.0885 		-14.611 		36.1125
v -17.9535 		-15.761 		27.486
v -17.9546 		-15.7611 		27.4861
v -17.9675 		-15.7618 		27.4869
v -27.5025 		-14.826 		36.1305
v -26.8935 		-15.105 		35.0395
v -3.4505 		-13.693 		33.9405
v -18.3925 		-15.736 		27.4595
v -18.3606 		-15.7377 		27.4703
v -18.3611 		-15.7375 		27.4703
v -26.7385 		-15.136 		35.0255
v -18.3925 		-15.7295 		27.4674
v -3.5815 		-14.136 		33.9755
v -27.5105 		-15.081 		35.7245
v -18.3957 		-15.7281 		27.4669
v -18.4795 		-15.6927 		27.4508
v -2.4125 		-14.525 		34.0305
v -18.2495 		-15.771 		27.4735
v -4.0375 		-15.267 		33.7265
v -3.1725 		-15.862 		33.3995
v -28.2625 		-13.995 		35.4575
v -28.0685 		-14.578 		35.3985
v -18.2235 		-15.7652 		27.4843
v -5.3465 		-12.491 		33.5565
v -18.3333 		-15.744 		27.4734
v -18.3515 		-15.7398 		27.4713
v -18.2495 		-15.7635 		27.4829
v -5.3175 		-13.387 		33.8185
v -27.8585 		-14.216 		36.1885
v -28.1215 		-15.156 		35.5185
v -28.2415 		-15.208 		35.6135
v -5.0145 		-14.398 		33.9095
v -5.8075 		-14.875 		33.7835
v -4.3085 		-14.868 		33.8655
v -5.4805 		-15.748 		33.4165
v -27.6755 		-14.448 		36.3035
v -17.9535 		-14.2554 		26.9535
v -17.9564 		-14.2552 		26.9535
v -17.9675 		-14.2543 		26.9533
v -18.0111 		-14.2511 		26.9527
v -18.1015 		-14.2446 		26.9515
v 9.3435 		-17.434 		25.0995
v 9.1985 		-17.447 		25.6415
v -18.2235 		-14.254 		26.9539
v -18.2022 		-14.2529 		26.9542
v -18.1642 		-14.2499 		26.9532
v -18.2495 		-14.2554 		26.9535
v -18.2515 		-14.2558 		26.9535
v 9.2875 		-17.498 		25.0915
v -18.3003 		-14.2657 		26.9543
v 9.8155 		-17.275 		26.0215
v 8.8135 		-17.321 		25.1205
v 8.5005 		-17.523 		24.1465
v -17.4891 		-15.5398 		27.3647
v -17.4555 		-15.509 		27.3511
v -17.5555 		-15.6003 		27.3915
v 8.6745 		-17.652 		24.1835
v -17.5835 		-15.6183 		27.4003
v 8.8995 		-17.606 		24.8905
v -17.5858 		-15.6198 		27.401
v -17.6217 		-15.643 		27.4123
v -21.0965 		-13.335 		29.3585
v -18.9446 		-12.9359 		31.928
v -18.9473 		-12.9635 		31.9419
v -18.9476 		-12.9667 		31.9435
v -18.9385 		-12.991 		31.9975
v -18.9385 		-12.946 		31.9765
v -18.9385 		-12.968 		31.9875
v -18.9484 		-12.976 		31.9482
v -18.949 		-12.9834 		31.9519
v -18.9494 		-12.9891 		31.9547
v -18.9495 		-12.992 		31.9561
v -18.9385 		-13.015 		32.0065
v -18.9498 		-13.0058 		31.9628
v -18.9497 		-13.009 		31.9643
v -18.9496 		-13.0126 		31.9659
v -18.9494 		-13.0169 		31.9679
v -18.949 		-13.0225 		31.9704
v -18.9484 		-13.0306 		31.9741
v -18.9472 		-13.0442 		31.9802
v -18.9462 		-13.056 		31.9855
v -18.9496 		-12.9933 		31.9568
v -18.9497 		-12.9967 		31.9585
v -18.9498 		-12.9999 		31.96
v -18.9498 		-13.0028 		31.9614
v -18.9385 		-13.039 		32.0145
v -18.9447 		-13.0716 		31.9924
v -18.9415 		-13.1055 		32.0075
v -18.9385 		-13.062 		32.0205
v -30.8245 		-12.82 		32.3965
v -18.9385 		-13.083 		32.0245
v -18.9385 		-13.102 		32.0265
v -18.9385 		-13.118 		32.0265
v -33.5895 		-12.02 		32.0295
v -33.9405 		-12.336 		31.9535
v -32.9185 		-12.309 		31.8525
v -18.9401 		-13.12 		32.014
v -18.9385 		-13.13 		32.0245
v -34.6025 		-12.14 		32.8515
v -18.9359 		-13.1466 		32.0253
v -18.9317 		-13.162 		32.0313
v -18.9385 		-13.1368 		32.0215
v -18.927 		-13.1786 		32.0377
v -18.9005 		-13.155 		32.0895
v -33.0655 		-12.048 		32.7165
v -34.5605 		-12.568 		32.4775
v -33.4825 		-12.556 		32.6755
v -18.8375 		-13.278 		32.1565
v -33.0965 		-12.407 		32.7435
v -18.9005 		-13.193 		32.0935
v -30.9665 		-14.238 		36.4265
v -18.9005 		-13.224 		32.0935
v -18.9005 		-13.249 		32.0895
v -31.1835 		-14.292 		36.3395
v -18.9005 		-13.267 		32.0805
v -31.6585 		-14.663 		36.4695
v -31.3105 		-14.839 		37.2505
v -31.4195 		-14.988 		37.2225
v -17.6765 		-15.6783 		27.433
v -17.6789 		-15.6793 		27.4336
v -17.7082 		-15.6917 		27.4412
v -17.7106 		-15.6926 		27.4418
v -31.1915 		-15.167 		36.9485
v -17.7115 		-15.693 		27.442
v -17.6829 		-15.6809 		27.4346
v -17.7893 		-15.7229 		27.4605
v -17.8105 		-15.7311 		27.4655
v -17.8109 		-15.7311 		27.4656
v -17.8395 		-15.7371 		27.4697
v -17.8726 		-15.744 		27.4744
v -19.2735 		-11.492 		29.2445
v -19.0565 		-11.71 		28.8755
v -19.2285 		-11.332 		29.9585
v -19.0175 		-11.295 		29.6425
v -19.1115 		-11.86 		28.6755
v -18.5335 		-11.787 		28.5555
v -20.1515 		-11.417 		29.5015
v -19.5435 		-11.761 		29.0015
v -19.9525 		-11.593 		29.2565
v -20.4175 		-11.65 		29.2145
v -19.7455 		-11.389 		29.9605
v -20.1885 		-11.392 		30.0215
v -20.0505 		-11.374 		29.7095
v -20.6015 		-11.252 		29.8435
v -21.0045 		-11.161 		29.6665
v -21.7955 		-11.044 		29.5555
v -20.5415 		-11.386 		30.1265
v -18.8375 		-13.324 		32.1565
v -18.8375 		-13.36 		32.1495
v -18.8375 		-13.386 		32.1375
v -18.7355 		-13.5089 		32.1968
v -18.7311 		-13.511 		32.1995
v -18.7525 		-13.494 		32.1895
v -18.7363 		-13.5085 		32.1963
v -18.7525 		-13.4988 		32.1837
v -18.7769 		-13.4785 		32.1561
v -18.9425 		-13.227 		32.0655
v -18.8375 		-13.401 		32.1205
v -18.8131 		-13.434 		32.1235
v -18.8086 		-13.44 		32.1264
v -18.7817 		-13.4745 		32.1507
v -18.7814 		-13.4748 		32.1511
v -18.7887 		-13.466 		32.1388
v 6.7265 		-17.552 		22.4685
v -26.5465 		-19.963 		29.7355
v 7.1515 		-17.809 		22.3765
v 7.3955 		-17.748 		22.4955
v 7.2395 		-17.659 		22.2895
v -26.9165 		-17.658 		25.7605
v -27.4005 		-17.915 		25.5015
v 7.7575 		-17.801 		23.1195
v 8.0375 		-17.778 		23.9495
v 7.8565 		-17.174 		25.7075
v -27.6335 		-18.259 		25.2805
v 7.5645 		-17.456 		24.2465
v -27.1335 		-18.719 		25.2445
v -27.6675 		-19.12 		25.2185
v 8.2955 		-16.511 		27.8125
v 9.7675 		-17.091 		26.0965
v -28.1245 		-18.084 		25.4745
v -29.6265 		-14.122 		35.8965
v -28.4775 		-18.658 		25.8605
v -30.5385 		-14.96 		36.1715
v -30.4755 		-15.311 		36.2695
v -28.5795 		-19.37 		25.8555
v -27.7915 		-19.274 		25.4915
v -28.9015 		-14.185 		36.3285
v -28.8105 		-14.689 		36.6385
v -29.0095 		-18.784 		25.0195
v -30.6955 		-14.258 		36.5555
v -29.2595 		-19.5 		24.9835
v -29.9165 		-14.889 		36.8635
v -29.9165 		-15.022 		36.7435
v -29.9705 		-15.265 		36.3305
v -30.1695 		-18.756 		25.0595
v -29.9005 		-18.613 		25.2125
v -15.9825 		-16.174 		30.7815
v -15.9885 		-16.299 		30.4995
v -15.7945 		-16.229 		30.8095
v -15.9825 		-16.104 		30.1975
v -15.8635 		-16.414 		30.3275
v 9.9655 		-17.177 		26.1225
v 10.0315 		-17.011 		27.1085
v -7.6445 		-9.993 		30.6855
v -7.7145 		-10.309 		31.6125
v 8.4105 		-16.121 		28.2135
v -6.3035 		-10.4 		31.7555
v -6.2475 		-10.128 		31.0825
v -7.6125 		-11.002 		32.4475
v 8.7155 		-16.713 		28.6025
v -6.6425 		-11.792 		33.1515
v 6.3685 		-16.439 		27.5135
v 6.9195 		-16.554 		27.5475
v -9.5385 		-9.984 		30.4425
v -9.1075 		-10.119 		31.1435
v 6.5055 		-17.403 		26.5525
v -8.6735 		-10.282 		31.5125
v -9.2945 		-10.94 		32.2265
v -9.3295 		-10.564 		31.8305
v -8.4615 		-11.648 		32.9005
v 5.2565 		-17.542 		22.3845
v 4.4205 		-17.956 		22.2675
v -7.1535 		-13.091 		33.6265
v -7.9405 		-13.619 		33.6595
v 5.3015 		-17.316 		25.2905
v 5.7375 		-17.486 		24.1165
v -6.6995 		-13.537 		33.7755
v -6.2375 		-13.981 		33.8505
v -8.2085 		-14.324 		33.6305
v 4.7855 		-17.906 		24.5615
v 4.3885 		-17.81 		25.3825
v -6.8655 		-14.938 		33.6725
v 2.1145 		-17.729 		23.2245
v -6.9525 		-15.409 		33.4815
v -6.9675 		-15.875 		33.2075
v 2.0615 		-17.846 		22.2835
v -9.9545 		-11.915 		32.8675
v -10.1175 		-12.736 		33.1695
v -8.2745 		-12.052 		33.1515
v 2.3755 		-18.046 		22.4015
v -9.1795 		-13.766 		33.5175
v 2.5085 		-17.574 		24.4865
v 2.5005 		-17.214 		26.0325
v -8.9535 		-15.015 		33.3695
v -8.6675 		-15.583 		33.1545
v 2.1345 		-18.006 		25.0795
v -9.1025 		-15.932 		32.8595
v -12.1635 		-10.225 		30.3765
v -21.1515 		-13.232 		29.5655
v -21.5295 		-12.99 		29.7515
v -21.2005 		-12.98 		29.6465
v -21.2385 		-13.249 		29.6845
v -21.1635 		-13.321 		29.6545
v -21.4865 		-13.284 		29.9705
v -21.1115 		-13.57 		29.1615
v -21.0575 		-13.499 		29.4075
v -18.9438 		-12.928 		31.9228
v -18.9445 		-12.9352 		31.9275
v -22.5665 		-12.636 		28.1235
v -18.9256 		-13.184 		32.0393
v -22.2265 		-12.062 		29.7905
v -22.2745 		-12.085 		29.3185
v -21.8475 		-12.169 		29.2385
v -22.0945 		-13.374 		28.4785
v -21.6855 		-13.356 		28.1785
v -21.8335 		-13.512 		28.7725
v -21.7845 		-13.876 		28.7185
v -32.6505 		-14.472 		36.8955
v -32.7025 		-14.504 		37.2435
v -21.8635 		-13.239 		30.1075
v -31.9235 		-14.74 		37.3835
v -21.8335 		-13.066 		29.8515
v -32.3775 		-14.93 		37.5895
v -20.7695 		-14.029 		26.4975
v -21.4645 		-14.441 		26.2125
v -32.6415 		-14.763 		36.8545
v -21.4805 		-14.647 		26.2645
v -20.6025 		-14.794 		26.7935
v -31.8985 		-15.193 		36.6245
v -32.3655 		-15.06 		37.5335
v -32.5185 		-15.405 		36.9685
v -32.6735 		-15.25 		37.4755
v -33.6825 		-14.618 		37.6455
v -33.1205 		-14.693 		37.6905
v -33.7025 		-14.931 		38.1735
v -33.3255 		-15.002 		37.2095
v -33.2745 		-15.015 		37.9845
v -33.0185 		-15.388 		37.1425
v -33.2645 		-15.132 		37.9305
v -33.3685 		-15.43 		37.5445
v -29.9695 		-19.345 		24.8375
v -29.9475 		-19.531 		24.8595
v -29.9855 		-19.729 		24.9805
v -30.0885 		-19.205 		25.7065
v -30.4985 		-19.769 		25.6575
v -29.9155 		-19.765 		25.1365
v -30.5935 		-19.868 		25.4165
v -27.9835 		-18.957 		26.2745
v -26.7705 		-18.548 		26.5795
v -26.7425 		-18.628 		26.5845
v -28.3825 		-19.138 		26.1835
v -26.8715 		-18.925 		26.1165
v -27.3685 		-19.26 		29.0845
v -27.3725 		-19.177 		29.6925
v -27.3685 		-19.654 		29.1265
v -27.5755 		-19.931 		29.2235
v -27.1605 		-20.087 		29.4835
v -16.6145 		-16.303 		30.3315
v -17.2315 		-16.013 		31.4895
v -18.3575 		-16.479 		30.5735
v -17.7445 		-16.015 		31.6655
v -17.4135 		-16.372 		30.7545
v -28.5845 		-19.747 		29.1315
v -27.8525 		-19.626 		29.0785
v -18.8335 		-16.072 		31.5015
v -18.6145 		-16.241 		31.1455
v -20.1655 		-16.25 		30.3015
v -20.2065 		-16.075 		30.7665
v -28.0495 		-20.475 		29.5985
v -27.6315 		-20.222 		30.1075
v -22.4045 		-11.352 		29.3095
v -20.1235 		-16.092 		30.6945
v -19.7615 		-16.304 		30.4015
v -20.5035 		-16.142 		31.1445
v -18.6175 		-11.914 		27.7765
v -19.2095 		-11.98 		28.0085
v -20.3665 		-16.009 		31.5385
v -19.6695 		-16.05 		31.2305
v -19.0315 		-12.173 		27.6085
v -20.1665 		-16.071 		31.2365
v -19.1825 		-12.543 		27.3195
v -21.3865 		-16.046 		30.7145
v -19.0375 		-12.862 		27.0665
v -21.3865 		-16.23 		30.2685
v -20.7165 		-16.314 		30.2255
v -20.6425 		-16.001 		30.2905
v -18.9185 		-13.191 		26.8335
v -20.8645 		-16.052 		30.7515
v -18.8235 		-13.366 		26.7765
v -19.6465 		-12.129 		27.8205
v -19.9045 		-12.669 		27.3725
v -20.3845 		-12.641 		27.3865
v -20.2435 		-12.886 		27.3825
v -18.9219 		-13.1978 		32.0434
v -18.9084 		-13.248 		32.0581
v -18.9005 		-13.276 		32.0685
v -18.9005 		-13.276 		32.0682
v -18.8938 		-13.2896 		32.0715
v -18.9025 		-13.269 		32.0656
v -18.9026 		-13.2688 		32.0656
v -18.9084 		-13.2481 		32.0581
v -18.9014 		-13.2728 		32.067
v -18.8828 		-13.312 		32.077
v -18.8375 		-13.4021 		32.1083
v -18.8378 		-13.4016 		32.108
v -18.8745 		-13.3288 		32.0812
v -18.8523 		-13.3733 		32.092
v -20.2195 		-11.907 		30.6305
v -20.3625 		-11.914 		31.0095
v -20.5015 		-12.154 		30.6755
v -20.4285 		-12.098 		30.5665
v -20.5165 		-12.221 		30.5575
v -20.0535 		-12.12 		31.9545
v -20.1315 		-12.541 		32.0455
v -19.6765 		-12.457 		31.9115
v -20.9745 		-14.254 		28.0435
v -20.9545 		-14.068 		27.9185
v -20.9865 		-14.268 		27.9165
v -20.2785 		-12.887 		31.9865
v -21.0375 		-14.016 		27.9475
v -20.0835 		-12.979 		31.9775
v 5.8575 		-16.954 		26.6105
v -20.4635 		-13.353 		31.9975
v -20.2245 		-13.283 		32.0375
v -19.9825 		-13.136 		32.0335
v 4.6415 		-16.227 		27.1435
v 4.1825 		-16.728 		26.9195
v -20.7805 		-14.878 		27.5855
v -20.3965 		-13.235 		31.8795
v -20.6355 		-14.89 		27.1035
v -20.4255 		-13.174 		31.8445
v -20.6955 		-14.863 		27.7665
v -20.5495 		-14.928 		27.6715
v -20.4465 		-12.03 		28.0565
v -20.2105 		-12.081 		27.8875
v -20.1265 		-12.246 		27.6275
v -20.4045 		-12.432 		27.4335
v -20.3295 		-13.533 		27.0665
v -19.5535 		-13.331 		26.8965
v -19.9195 		-13.566 		26.8325
v -20.4455 		-13.763 		26.7185
v -19.7395 		-13.789 		26.6565
v -19.6505 		-13.929 		26.6505
v -20.4825 		-13.46 		27.4735
v -20.4055 		-13.35 		27.5755
v -20.2215 		-13.338 		27.3545
v -20.5015 		-13.341 		27.6115
v -10.9145 		-10.099 		30.6075
v -19.7295 		-13.133 		27.1735
v -12.0225 		-10.521 		31.2565
v -20.0325 		-13.096 		27.3295
v -10.5025 		-10.213 		31.0935
v -11.1385 		-10.866 		31.8625
v -10.7005 		-10.517 		31.5575
v -11.2495 		-11.293 		32.2235
v -11.0025 		-11.671 		32.5395
v -19.8995 		-12.055 		28.1565
v -13.6705 		-10.487 		30.3405
v -13.2345 		-10.491 		30.7405
v -13.3425 		-10.66 		31.0535
v -19.9655 		-11.919 		29.0255
v -19.6735 		-12.072 		28.8235
v -20.0385 		-12.152 		28.5875
v -11.2265 		-13.491 		33.1705
v -11.9435 		-14.111 		33.0655
v -20.4195 		-12.03 		29.0885
v -20.3305 		-12.304 		28.9925
v -12.2615 		-15.158 		32.7285
v -10.9725 		-14.873 		33.1035
v -10.7665 		-15.529 		32.8155
v -20.3945 		-12.282 		28.6535
v -12.6135 		-12.025 		32.4635
v -12.9505 		-12.829 		32.7315
v -14.2455 		-12.393 		32.3575
v -20.2265 		-12.328 		28.8755
v -20.9085 		-14.664 		28.0845
v -27.0755 		-20.157 		29.9355
v -27.7665 		-20.446 		29.7895
v -13.4335 		-14.387 		32.7355
v -13.4145 		-15.694 		32.1325
v -0.0365 		-16.5 		32.6185
v 5.4245 		-17.053 		28.3205
v 5.3255 		-17.081 		29.0305
v 0.3495 		-17.192 		31.7075
v -28.8735 		-20.396 		29.2975
v 1.7855 		-17.252 		31.2825
v 1.0295 		-17.636 		30.5105
v 0.4305 		-17.576 		30.9315
v -28.9235 		-20.655 		30.0905
v -28.7735 		-20.733 		29.6855
v 3.7655 		-16.49 		26.9345
v -1.7785 		-16.039 		33.2655
v -1.6995 		-16.849 		32.4945
v -30.3725 		-20.299 		29.2005
v -30.2945 		-20.18 		29.9565
v -1.7225 		-17.333 		31.8245
v -0.9855 		-17.803 		30.6505
v -30.6405 		-20.51 		29.1915
v -33.9855 		-14.666 		37.6245
v -34.7005 		-14.79 		38.1895
v 2.4365 		-17.473 		28.6205
v 2.2155 		-17.568 		29.6755
v -34.6655 		-15.249 		38.1735
v -33.9375 		-15.197 		37.6085
v -33.9725 		-15.428 		37.7185
v 12.5315 		-15.308 		30.3995
v 12.5185 		-15.402 		30.9055
v 12.4895 		-15.484 		30.9805
v -33.8945 		-15.316 		38.1185
v -33.8575 		-15.461 		37.6825
v 12.8945 		-15.482 		30.6395
v -20.8325 		-16.192 		31.0555
v 12.9215 		-15.458 		30.4465
v 12.8775 		-15.468 		30.2305
v -20.9995 		-16.082 		31.8275
v -21.0945 		-16.258 		31.6845
v -20.9595 		-16.272 		31.4325
v -30.7315 		-20.995 		29.4235
v 13.0575 		-15.625 		30.5965
v -29.9825 		-21.006 		29.9945
v 13.1445 		-15.717 		30.4685
v -30.1175 		-21.013 		29.6115
v 13.1465 		-15.669 		30.3815
v 13.1515 		-15.725 		30.2575
v -14.4845 		-10.839 		30.8275
v -14.7985 		-10.745 		30.2035
v -14.8645 		-10.877 		30.6365
v 12.8675 		-15.851 		30.6095
v 12.8175 		-15.989 		30.4495
v -15.0095 		-11.023 		30.3725
v 13.0985 		-15.837 		30.4295
v 13.0335 		-15.93 		30.3255
v -15.0005 		-11.08 		30.9915
v -14.9965 		-11.057 		30.5265
v -15.0845 		-11.128 		30.6545
v -21.0255 		-14.598 		27.8855
v 12.7795 		-15.513 		30.8025
v 12.9095 		-15.596 		30.7275
v 12.2795 		-15.697 		30.9675
v -35.3495 		-8.594 		31.2145
v -35.7075 		-8.629 		31.1365
v -35.2955 		-8.602 		31.5125
v -15.1635 		-11.3 		30.9585
v 11.3605 		-15.123 		31.7405
v -15.1785 		-11.34 		31.3395
v -14.4865 		-11.272 		31.4995
v -15.0245 		-11.775 		31.8515
v -15.3555 		-11.553 		31.2475
v -21.6525 		-16.02 		30.2245
v -22.1985 		-16.247 		30.1785
v -35.4425 		-9.047 		31.5655
v -34.8935 		-9.392 		31.2025
v -22.0505 		-16.627 		31.5305
v -16.0705 		-10.904 		30.2885
v -16.2515 		-10.914 		30.4525
v -15.4755 		-11.002 		30.2885
v -22.0225 		-16.465 		32.1285
v -36.0655 		-8.741 		31.1745
v -36.0435 		-8.22 		31.5535
v -22.3365 		-16.726 		32.0715
v -36.0615 		-8.421 		31.7295
v -36.2605 		-8.14 		31.3585
v -22.0855 		-16.036 		32.2835
v -36.1885 		-8.614 		31.6055
v -36.0285 		-8.589 		31.7665
v -36.8595 		-8.143 		31.6785
v -23.4245 		-16.831 		31.4905
v -36.5745 		-8.394 		31.2815
v -22.9815 		-17.036 		32.1045
v -20.9155 		-14.672 		27.9665
v -36.8215 		-11.527 		32.2815
v -35.4455 		-11.813 		32.1095
v -24.0555 		-16.757 		31.5155
v -20.8735 		-14.811 		27.9675
v -36.1655 		-11.567 		32.7175
v -35.1205 		-11.757 		32.7915
v -24.5795 		-17.473 		32.1625
v -36.2475 		-11.865 		32.9095
v -35.1525 		-11.873 		32.8635
v -20.8905 		-14.773 		27.8735
v 11.8145 		-15.235 		31.3435
v -18.5265 		-13.044 		32.2035
v -20.8495 		-14.76 		27.9585
v 11.6615 		-15.259 		31.4815
v -18.5265 		-13.163 		32.2415
v -18.6475 		-13.145 		32.2095
v 12.0875 		-15.913 		30.8225
v -18.5265 		-13.276 		32.2715
v 10.5975 		-14.805 		30.7395
v -18.5265 		-13.382 		32.2915
v -21.1335 		-14.14 		27.7745
v 10.6905 		-14.847 		30.2735
v -21.1255 		-14.155 		28.0805
v -18.6475 		-13.245 		32.2355
v -18.6475 		-13.338 		32.2535
v 11.0925 		-14.947 		32.0735
v -15.7885 		-11.166 		30.8285
v 10.7965 		-14.96 		31.6355
v -15.4955 		-11.836 		31.5065
v 10.2015 		-14.784 		31.3215
v -19.1365 		-13.583 		32.3495
v -18.6475 		-13.422 		32.2625
v -18.7525 		-13.285 		32.2055
v -18.7525 		-13.355 		32.2135
v 11.1785 		-14.999 		31.7675
v 10.6445 		-15.41 		31.6495
v -18.5265 		-13.476 		32.3025
v 11.1295 		-15.129 		31.8885
v -18.7525 		-13.414 		32.2125
v 10.5025 		-14.354 		33.2725
v 10.3785 		-14.459 		32.8765
v -18.5265 		-13.555 		32.3015
v 10.6345 		-14.777 		32.2135
v -18.5265 		-13.6154 		32.2911
v -18.5092 		-13.6168 		32.2957
v 7.2765 		-11.55 		37.1465
v -18.5268 		-13.6153 		32.291
v -18.4795 		-13.6193 		32.3035
v 7.3585 		-11.536 		37.3085
v 6.4625 		-10.732 		38.0515
v -18.5358 		-13.6135 		32.2876
v -18.6075 		-13.5875 		32.2575
v -18.5903 		-13.5984 		32.2625
v -18.6475 		-13.492 		32.2615
v -18.6475 		-13.548 		32.2525
v 6.5815 		-11.076 		37.8865
v -18.6475 		-13.5621 		32.2458
v 7.5155 		-11.878 		37.1065
v -18.6772 		-13.5371 		32.2326
v -18.7525 		-13.461 		32.2045
v 9.5415 		-14.43 		30.7635
v -18.6635 		-13.699 		32.3505
v 9.4245 		-14.405 		30.3355
v 9.1835 		-14.671 		31.9215
v -3.9675 		-16.655 		32.7545
v -2.8225 		-16.996 		32.3825
v -37.2005 		-7.891 		31.4245
v -37.2055 		-7.911 		31.5485
v -2.6695 		-17.637 		31.3305
v -2.8525 		-17.912 		30.6075
v -4.3455 		-16.191 		33.1495
v -5.5095 		-17.314 		31.8565
v -6.1905 		-17.589 		31.2535
v -5.3845 		-17.847 		30.6915
v -38.6985 		-11.314 		32.3935
v -4.1605 		-17.676 		31.2395
v -38.6595 		-11.577 		32.8195
v -4.3775 		-17.958 		30.4295
v -37.2835 		-11.66 		32.8755
v -37.2525 		-11.544 		32.8045
v -37.2115 		-11.432 		32.5975
v -7.7125 		-17.455 		31.2635
v -7.3385 		-16.719 		32.4495
v -7.3405 		-16.975 		32.1485
v -6.2395 		-16.584 		32.6845
v -35.5545 		-10.548 		34.9165
v -6.4305 		-17.909 		30.2365
v -35.1685 		-10.844 		34.8085
v -35.5525 		-10.394 		35.4895
v -34.9545 		-10.654 		35.3915
v -35.7235 		-10.397 		35.6855
v -35.5495 		-10.785 		35.5895
v -21.1725 		-14.793 		27.7525
v -20.5095 		-13.852 		29.5895
v -21.4775 		-14.961 		27.1095
v -18.5265 		-14.45 		26.8095
v -18.5265 		-14.387 		26.8205
v -21.3935 		-15.185 		27.9925
v -21.1905 		-15.009 		27.7995
v -18.5265 		-14.342 		26.8415
v -20.9765 		-15.082 		27.6475
v -18.5265 		-14.318 		26.8715
v -18.5265 		-14.314 		26.9105
v -20.7445 		-15.17 		27.5535
v -20.7685 		-15.804 		27.2365
v -20.5795 		-15.992 		27.2915
v -18.6475 		-14.458 		26.8585
v -18.6475 		-14.418 		26.8775
v -17.2155 		-10.823 		30.2995
v -18.6475 		-14.396 		26.9045
v -24.0285 		-16.286 		32.7865
v -16.7195 		-10.84 		30.4035
v -23.9425 		-16.872 		32.9325
v -22.1765 		-14.173 		26.0975
v -23.9265 		-17.065 		32.8955
v -18.5265 		-14.624 		26.8195
v -21.6675 		-14.877 		26.4455
v -24.0565 		-17.306 		32.8585
v -18.5265 		-14.53 		26.8095
v -24.5735 		-17.627 		32.9345
v -21.6155 		-14.02 		27.9515
v -22.4115 		-14.076 		27.8575
v -21.8485 		-14.078 		27.4565
v -24.6955 		-17.755 		30.3005
v -25.6195 		-17.563 		32.1425
v -21.9065 		-14.92 		27.4345
v 9.5125 		-14.106 		33.5045
v -17.0095 		-10.948 		30.6045
v -17.3285 		-11.117 		30.7525
v 10.1835 		-13.992 		33.9185
v -16.5005 		-11.688 		31.3595
v -25.0835 		-16.884 		32.2425
v -16.6745 		-11.041 		30.7585
v -25.2835 		-16.593 		33.1175
v -25.4075 		-16.54 		33.0105
v 10.1725 		-14.12 		33.8365
v 9.6755 		-14.941 		32.5465
v -17.9835 		-10.98 		30.2025
v -24.7495 		-17.681 		32.4815
v -18.0725 		-11.264 		30.7695
v -18.0485 		-11.423 		30.9875
v -25.5585 		-17.313 		33.4925
v -17.6475 		-11.876 		31.3635
v 9.1625 		-14.633 		32.4055
v -18.3175 		-11.693 		31.2385
v -25.4985 		-17.82 		33.4435
v -15.4935 		-11.998 		31.9035
v -15.2755 		-12.208 		32.1075
v 6.2275 		-13.196 		31.2355
v -16.2955 		-12.924 		32.0645
v -26.5835 		-17.052 		33.4375
v 6.6025 		-13.748 		31.9765
v -15.6015 		-12.33 		32.0865
v -15.7015 		-12.413 		31.8455
v -26.2975 		-17.756 		32.4065
v 6.2275 		-14.124 		33.4975
v 6.5925 		-14.26 		32.6815
v -16.2515 		-13.196 		32.1365
v 7.8405 		-14.482 		32.5325
v -15.8995 		-13.274 		32.0485
v -15.9685 		-13.663 		32.0565
v -26.2755 		-18.682 		30.3475
v 7.5675 		-14.302 		32.2095
v -26.2975 		-18.637 		30.2825
v -15.3985 		-12.702 		32.2835
v -15.7175 		-12.847 		32.2375
v 9.4035 		-13.286 		35.1475
v -26.6295 		-19.46 		30.2765
v -24.6765 		-18.326 		30.2555
v -24.7385 		-18.683 		30.1525
v -14.7845 		-13.117 		32.4625
v 9.2655 		-13.216 		35.1255
v 9.4995 		-13.461 		34.9735
v -18.6475 		-14.584 		26.8485
v -18.6475 		-14.514 		26.8495
v -15.8745 		-13.773 		32.2705
v -26.0195 		-18.191 		33.4965
v -25.9055 		-18.198 		33.0655
v -26.5485 		-18.214 		33.7855
v -14.8455 		-15.84 		31.6285
v -18.6475 		-14.667 		26.8575
v -27.3655 		-17.348 		33.7065
v -16.2345 		-14.229 		32.0325
v -27.5065 		-17.767 		33.2375
v -18.7525 		-14.591 		26.8985
v -18.7525 		-14.545 		26.9065
v -15.9475 		-14.497 		32.1495
v -16.0245 		-14.179 		31.9885
v -16.1695 		-14.723 		31.7875
v -18.7525 		-14.511 		26.9215
v -26.7965 		-18.035 		32.5805
v -16.0475 		-14.489 		31.8655
v -18.7525 		-14.72 		26.9055
v -18.7525 		-14.651 		26.8975
v -16.0175 		-14.605 		31.8275
v -27.8525 		-17.605 		33.9575
v -28.5845 		-17.728 		34.0115
v -16.0425 		-14.87 		31.6355
v -28.1565 		-17.991 		34.1745
v -18.8375 		-14.682 		26.9545
v -18.5265 		-14.961 		26.9075
v -10.2715 		-16.092 		32.5295
v -9.8835 		-17.353 		30.8665
v -18.5265 		-14.843 		26.8695
v -21.9095 		-15.334 		27.5015
v -8.9825 		-16.524 		32.3755
v -9.2945 		-16.932 		31.8345
v -18.5265 		-14.73 		26.8395
v -22.3345 		-15.521 		27.4125
v -18.6475 		-14.966 		26.9355
v -18.6475 		-14.861 		26.9025
v -18.6475 		-14.761 		26.8755
v -14.1245 		-16.385 		31.1895
v -13.1505 		-16.861 		30.6715
v -11.7295 		-16.962 		31.0895
v -20.9475 		-14.776 		28.1375
v -18.7525 		-14.799 		26.9205
v -11.0945 		-16.593 		31.8465
v -14.8445 		-11.325 		28.0555
v -18.8375 		-14.843 		26.9725
v -18.8375 		-14.782 		26.9605
v -21.1855 		-14.336 		28.5595
v -14.6995 		-11.531 		27.4655
v -21.3765 		-14.21 		28.3325
v -18.8375 		-14.728 		26.9545
v -21.0695 		-14.274 		29.0155
v -14.9095 		-11.474 		27.8765
v -21.5365 		-14.13 		28.6675
v -21.2095 		-14.09 		28.8695
v -18.7525 		-14.883 		26.9425
v -14.8535 		-11.582 		27.7185
v -21.1605 		-14.294 		28.8475
v -21.2305 		-14.272 		28.6775
v -18.7525 		-14.971 		26.9705
v -15.3645 		-11.752 		27.5195
v -21.4905 		-14.204 		28.5695
v -16.1325 		-11.41 		28.0495
v -15.7715 		-11.524 		27.7845
v -16.4075 		-15.965 		30.8645
v -16.0375 		-11.866 		27.3855
v -35.4775 		-11.072 		35.3365
v -16.0135 		-15.706 		30.9235
v -15.9945 		-15.899 		30.6745
v -35.1375 		-11.059 		34.9815
v -14.4035 		-10.845 		28.5295
v 9.2195 		-13.713 		34.7305
v -14.5875 		-10.655 		29.9585
v -34.8875 		-11.269 		35.0615
v -14.7095 		-10.731 		29.4715
v -14.6875 		-10.832 		28.8445
v -21.1815 		-14.586 		29.0155
v -21.1935 		-14.586 		28.7565
v 9.8695 		-13.703 		34.4805
v -14.9055 		-11.277 		28.1675
v -14.6855 		-11.053 		28.1865
v -35.9355 		-10.355 		35.2775
v -36.2545 		-10.357 		35.3795
v 8.2495 		-13.551 		34.4995
v 8.5005 		-12.63 		35.9575
v -16.2245 		-15.361 		31.4635
v -14.9095 		-10.99 		29.0435
v -15.4045 		-11.101 		28.4835
v -14.9045 		-11.099 		28.5755
v 8.8945 		-12.853 		35.7235
v -14.8835 		-10.941 		29.8405
v -14.8545 		-10.95 		29.2765
v 8.9075 		-13.117 		35.6045
v -15.9085 		-10.914 		29.8345
v -16.1955 		-11.09 		28.8685
v -16.2165 		-10.973 		29.3315
v -36.1905 		-10.456 		35.9595
v -15.5845 		-10.942 		29.1735
v -15.8215 		-11.154 		28.4295
v -36.7395 		-10.083 		36.1755
v -36.7305 		-10.136 		36.2805
v -17.8685 		-11.717 		27.8755
v -17.9995 		-11.793 		27.5465
v -16.9105 		-11.602 		28.0835
v -16.8915 		-11.644 		27.8055
v -17.0385 		-11.711 		27.5325
v -17.7595 		-11.889 		27.2865
v -16.7125 		-11.831 		27.2885
v -18.8695 		-13.866 		32.4555
v -36.9025 		-10.281 		35.9255
v -36.8365 		-10.501 		36.1455
v -36.7495 		-10.412 		36.2375
v -20.3755 		-13.599 		32.4495
v -19.5975 		-13.414 		32.2695
v -20.1995 		-13.887 		32.5815
v -20.0435 		-13.374 		32.2175
v -36.5715 		-10.541 		35.7985
v -19.5445 		-13.829 		32.4555
v -38.3435 		-9.419 		37.6275
v -38.3435 		-9.441 		37.6465
v -38.2995 		-9.471 		37.6255
v -38.2965 		-9.43 		37.6005
v -38.3645 		-9.456 		37.6165
v -38.3215 		-9.525 		37.5715
v -19.0745 		-15.71 		31.9925
v -38.3335 		-9.427 		37.5805
v -38.3325 		-9.471 		37.5125
v -38.2055 		-9.637 		37.4165
v -38.1835 		-9.557 		37.2925
v -19.4455 		-15.87 		31.6405
v -18.8125 		-15.924 		31.7895
v -37.7135 		-9.803 		36.7025
v -20.2315 		-14.686 		32.1715
v -20.1105 		-15.061 		32.0575
v -37.6925 		-9.933 		36.9885
v -37.9065 		-9.862 		37.1035
v -37.5345 		-9.985 		36.5185
v -20.1905 		-15.454 		31.9545
v -20.3955 		-15.811 		31.7695
v -37.3955 		-9.863 		36.7595
v -36.9135 		-10.051 		36.0635
v -20.4535 		-15.956 		30.5225
v -37.1045 		-10.074 		36.0705
v -37.4205 		-10.182 		36.6195
v -19.8875 		-15.745 		31.7525
v -21.0425 		-14.498 		28.3555
v -18.7225 		-14.247 		32.4905
v -20.8935 		-14.43 		29.4295
v -18.8535 		-15.205 		32.3825
v -18.7595 		-14.773 		32.4755
v -19.3585 		-15.363 		32.2105
v -20.7565 		-14.25 		29.3525
v -19.6885 		-14.227 		32.4955
v -19.9735 		-14.038 		32.5415
v -20.2395 		-14.156 		32.6085
v -20.5565 		-14.068 		29.3855
v -19.6315 		-14.545 		32.4295
v -21.0055 		-14.089 		30.1475
v 8.5675 		-13.123 		35.6675
v -20.0615 		-14.357 		32.4825
v -19.7135 		-14.909 		32.2605
v 8.2745 		-12.369 		36.4475
v 8.2055 		-12.527 		36.3995
v -15.9885 		-15.167 		31.7815
v -20.6425 		-12.327 		30.5655
v -16.0015 		-15.559 		31.4845
v -20.6505 		-12.273 		30.4905
v 7.4865 		-13.027 		35.3275
v -20.9305 		-12.144 		30.5185
v -20.7195 		-12.378 		30.4375
v -20.7955 		-12.296 		30.4225
v -15.7755 		-15.093 		31.9245
v -16.0145 		-15.165 		31.4645
v -16.0215 		-15.451 		31.2125
v 7.6295 		-13.504 		35.2435
v -20.8725 		-12.273 		30.6635
v -15.8705 		-15.899 		31.2325
v -18.8375 		-14.908 		26.9895
v -15.9115 		-14.08 		32.2405
v -15.6055 		-14.072 		32.3325
v -20.8405 		-12.391 		30.2155
v -19.4795 		-14.124 		26.7255
v -14.4825 		-15.077 		32.2595
v -17.4505 		-12.54 		31.8505
v -20.6655 		-12.038 		30.9075
v -18.6985 		-13.987 		26.8865
v -18.5265 		-14.33 		26.9575
v -17.4505 		-12.582 		31.8925
v -20.7385 		-12.425 		30.5555
v -20.8715 		-12.476 		30.5515
v -17.4505 		-12.636 		31.9365
v -20.8905 		-14.305 		29.9865
v -20.6395 		-14.267 		29.6795
v -28.5635 		-19.658 		30.2995
v -27.3435 		-19.165 		30.2975
v 7.3085 		-11.955 		36.6785
v -17.4505 		-12.702 		31.9815
v -28.5455 		-19.703 		30.3605
v -17.4505 		-12.777 		32.0255
v 7.8665 		-11.97 		36.7885
v -17.4505 		-12.86 		32.0675
v -27.7905 		-19.643 		30.3655
v -27.3435 		-18.141 		32.7695
v 5.5915 		-10.375 		38.2215
v -17.8105 		-12.27 		31.6525
v -27.2485 		-18.365 		32.8905
v -27.1095 		-18.06 		33.9945
v -27.5565 		-18.632 		33.2925
v -17.9535 		-12.235 		31.6375
v -17.9535 		-12.23 		31.6815
v 3.3985 		-10.786 		38.3385
v -27.6245 		-18.543 		34.0705
v -27.0765 		-18.553 		33.7895
v -20.5345 		-14.135 		29.7265
v -17.5555 		-12.403 		31.7425
v -27.0865 		-18.604 		33.5095
v -17.6765 		-12.324 		31.7145
v -17.6765 		-12.34 		31.7615
v -17.6765 		-12.377 		31.8135
v -20.6125 		-14.03 		29.8775
v -28.5605 		-18.504 		33.1125
v -20.9455 		-14.556 		29.7825
v -20.9775 		-14.596 		29.6485
v -17.8105 		-12.266 		31.6945
v -28.3415 		-18.926 		33.8375
v -28.1875 		-18.815 		34.1165
v -29.0035 		-18.193 		33.6335
v -30.6195 		-18.92 		33.5825
v -30.6085 		-18.99 		33.5725
v -28.9645 		-18.668 		33.2125
v -30.0735 		-19.223 		34.0225
v -17.8105 		-12.284 		31.7445
v -17.8105 		-12.324 		31.8015
v -20.8695 		-12.467 		30.6715
v -17.8105 		-12.385 		31.8635
v -17.9535 		-12.249 		31.7345
v -35.2265 		-12.04 		31.9905
v -17.9535 		-12.291 		31.7935
v -20.9545 		-12.855 		30.8485
v -20.9565 		-12.625 		30.6745
v -17.9535 		-12.355 		31.8585
v -18.6475 		-14.393 		26.9385
v -18.6475 		-14.407 		26.9795
v -17.5555 		-12.418 		31.7845
v -17.5555 		-12.45 		31.8305
v -17.5555 		-12.5 		31.8805
v -18.7525 		-14.493 		26.9445
v -17.5555 		-12.565 		31.9335
v -18.7525 		-14.49 		26.9735
v -17.6765 		-12.434 		31.8705
v -17.6765 		-12.507 		31.9295
v -17.5555 		-12.644 		31.9865
v -18.8375 		-14.645 		26.9615
v -17.6765 		-12.596 		31.9905
v -21.0855 		-12.244 		30.3415
v -21.4075 		-12.019 		30.9775
v -18.8375 		-14.619 		26.9735
v -18.8375 		-14.605 		26.9905
v -18.8375 		-14.603 		27.0135
v -17.5555 		-12.733 		32.0385
v -17.5555 		-12.831 		32.0885
v -21.1925 		-12.494 		30.5245
v -21.1965 		-12.467 		30.3065
v -17.6765 		-12.925 		32.1575
v -17.6765 		-12.697 		32.0495
v -17.6765 		-12.808 		32.1055
v -21.1285 		-12.854 		30.7855
v -17.8105 		-12.465 		31.9275
v -17.8105 		-12.561 		31.9925
v -17.8105 		-12.671 		32.0575
v -17.9535 		-12.439 		31.9265
v -17.9535 		-12.54 		31.9945
v -17.9535 		-12.655 		32.0615
v -35.6995 		-12.283 		32.7865
v -34.9755 		-12.374 		32.2355
v -17.1945 		-10.785 		29.7805
v -16.9045 		-11.156 		29.0725
v -17.8105 		-12.918 		32.1745
v -17.8105 		-12.791 		32.1185
v -16.9295 		-11.557 		28.3605
v -17.9535 		-12.914 		32.1855
v -37.3995 		-12.269 		32.5115
v -37.8065 		-11.926 		31.9995
v -17.9535 		-12.781 		32.1265
v -37.1695 		-11.918 		31.9975
v -38.9105 		-12.009 		32.7125
v -37.6525 		-12.119 		32.7675
v -18.1015 		-12.223 		31.6325
v -18.1015 		-12.218 		31.6775
v -18.2495 		-12.235 		31.6375
v -18.2495 		-12.23 		31.6815
v -34.0655 		-15.087 		38.4415
v -18.3925 		-12.27 		31.6525
v -34.8235 		-15.451 		38.6335
v -18.1015 		-12.237 		31.7305
v -18.1015 		-12.28 		31.7915
v -35.3135 		-14.915 		38.7805
v -34.9315 		-14.832 		38.5795
v -18.1015 		-12.345 		31.8565
v -34.9235 		-15.058 		39.0145
v 2.4465 		-10.77 		38.2185
v -34.9355 		-15.452 		38.5005
v 2.6595 		-10.824 		37.9705
v 2.1145 		-11.772 		37.5215
v -35.2135 		-15.484 		38.8235
v 4.0695 		-12.429 		31.5145
v 4.4715 		-12.442 		30.8635
v -35.7285 		-15.014 		39.2315
v -35.8705 		-15.189 		39.3635
v -35.5295 		-15.468 		39.0935
v -18.2495 		-12.249 		31.7345
v -18.2495 		-12.291 		31.7935
v -18.2495 		-12.355 		31.8585
v -35.8845 		-15.075 		39.6395
v -18.3925 		-12.266 		31.6945
v -35.5075 		-15.208 		39.5645
v -18.3925 		-12.284 		31.7445
v -18.3925 		-12.324 		31.8015
v -35.5065 		-15.35 		39.4895
v -18.3925 		-12.385 		31.8635
v -21.0795 		-14.787 		30.0415
v -21.1755 		-12.511 		30.8435
v -21.0905 		-14.857 		29.7135
v -20.5525 		-11.94 		31.9745
v -18.1015 		-12.912 		32.1885
v -20.8215 		-12.033 		32.1775
v -21.1095 		-15.011 		28.1435
v -21.2635 		-15.269 		28.3335
v -18.1015 		-12.43 		31.9255
v -21.1495 		-15.114 		28.4045
v -21.2525 		-15.051 		28.8485
v -35.8935 		-15.182 		39.8845
v 5.2215 		-14.135 		33.2145
v 4.7575 		-13.982 		33.0545
v -36.3125 		-15.185 		40.0435
v -35.9675 		-15.356 		40.0285
v -36.5375 		-15.363 		40.3635
v 5.1185 		-15.006 		33.0095
v -36.0515 		-15.49 		39.7165
v 3.1665 		-11.998 		31.1855
v 3.2905 		-12.005 		30.3325
v -21.2725 		-15.65 		28.8175
v -21.2855 		-15.517 		28.7475
v 3.8125 		-12.47 		31.8045
v 2.8505 		-12.441 		32.2535
v 3.0905 		-13.909 		33.9695
v -21.2805 		-15.748 		28.8405
v 3.9155 		-13.494 		32.8535
v 2.4745 		-13.85 		33.6225
v -21.2445 		-15.787 		28.7795
v -21.2155 		-15.913 		28.6855
v 2.7495 		-15.56 		32.8685
v -21.1775 		-15.879 		28.7475
v -21.0975 		-15.958 		28.7495
v 5.5465 		-13.436 		34.7685
v -17.5665 		-10.809 		29.9455
v 5.7595 		-12.369 		36.1985
v -18.1875 		-11.757 		28.2175
v -17.4945 		-11.688 		28.2355
v 4.1545 		-13.681 		35.3505
v -18.0195 		-11.724 		28.7055
v -17.6835 		-11.616 		28.7835
v 2.6195 		-12.561 		36.1685
v 3.8335 		-13.727 		34.3745
v -17.5975 		-11.709 		28.5585
v -17.4955 		-10.883 		29.5415
v -18.4415 		-11.142 		29.4885
v -18.0975 		-10.96 		29.8145
v 3.6325 		-13.166 		36.0845
v -17.6405 		-11.056 		29.2865
v 2.6965 		-11.924 		36.8685
v 2.1475 		-12.285 		37.1125
v -14.7995 		-12.134 		26.8695
v -14.8935 		-12.057 		27.2335
v 2.1765 		-12.841 		36.5805
v -14.5105 		-12.001 		26.8565
v -20.6025 		-12.573 		32.1565
v -20.6355 		-12.86 		32.0055
v -21.2595 		-12.828 		32.0975
v -14.9465 		-12.112 		27.2155
v -20.9985 		-13.037 		30.8585
v -21.0165 		-12.94 		30.9995
v -18.9005 		-14.782 		27.0175
v -18.9005 		-14.757 		27.0215
v -18.9005 		-14.739 		27.0305
v -15.0845 		-12.71 		26.8345
v -15.0345 		-12.709 		26.8135
v -18.9005 		-14.729 		27.0425
v -14.9345 		-12.731 		26.6105
v -14.9585 		-12.431 		26.9345
v -15.1515 		-12.382 		27.0025
v -35.9475 		-15.481 		39.8225
v -18.9005 		-14.813 		27.0175
v -15.2685 		-13.566 		26.4955
v -15.3615 		-13.445 		26.7155
v -18.9005 		-14.937 		27.0415
v -36.5915 		-15.534 		40.5895
v -36.5915 		-15.5 		40.8135
v -16.3805 		-12.146 		26.9835
v -18.9005 		-14.892 		27.0295
v -15.8685 		-12.606 		26.8055
v -36.9095 		-15.545 		41.1645
v -18.9005 		-14.85 		27.0215
v -15.6005 		-12.277 		27.0515
v -20.9525 		-13.121 		31.0465
v -20.9085 		-13.394 		31.1515
v -36.9605 		-15.462 		41.3935
v -36.9915 		-15.499 		41.4445
v -36.9425 		-15.505 		41.4055
v -37.0045 		-15.466 		41.3475
v -37.0215 		-15.497 		41.3975
v -36.9745 		-15.53 		41.2735
v -36.9775 		-15.534 		41.4015
v -18.9385 		-14.904 		27.0845
v -18.9385 		-14.888 		27.0845
v -37.0135 		-15.519 		41.4215
v -21.0245 		-13.764 		30.1565
v -40.6795 		-11.164 		32.1635
v -18.9385 		-14.967 		27.0965
v -39.2725 		-11.449 		32.0515
v -18.9385 		-14.944 		27.0905
v -21.0725 		-13.053 		30.8125
v -18.9385 		-14.923 		27.0865
v -21.3765 		-13.248 		30.6555
v -39.7195 		-11.625 		31.8855
v -40.4415 		-11.633 		31.8265
v -18.5265 		-14.367 		27.0095
v -18.502 		-14.3573 		27.0073
v -18.5265 		-14.3746 		27.0171
v -21.2025 		-13.408 		30.6165
v -18.6075 		-14.4528 		27.0578
v -39.8615 		-11.223 		32.4515
v -18.6475 		-14.44 		27.0265
v -18.6191 		-14.464 		27.0637
v -21.4905 		-13.411 		30.4835
v -39.3995 		-11.757 		32.7645
v -21.4825 		-13.433 		30.3145
v -40.6845 		-11.37 		32.6185
v -18.6475 		-14.49 		27.0765
v -18.6441 		-14.4881 		27.0762
v -40.2395 		-11.513 		32.7005
v -18.6475 		-14.4921 		27.0782
v -18.1015 		-12.532 		31.9955
v -18.1015 		-12.649 		32.0635
v -18.1015 		-12.777 		32.1285
v -42.4365 		-10.989 		32.1775
v -21.1585 		-13.742 		30.3695
v -21.2165 		-13.554 		30.2175
v -42.2895 		-11.07 		31.8345
v -42.5155 		-11.243 		31.6355
v -42.1135 		-11.541 		31.7395
v 4.3395 		-8.976 		39.5985
v 4.9065 		-9.385 		39.2035
v -21.0425 		-13.468 		30.8435
v -21.1895 		-13.504 		30.5685
v -21.2695 		-13.499 		30.4555
v 4.1175 		-8.895 		39.7015
v 4.3795 		-9.075 		39.5785
v -42.6235 		-11.243 		32.3685
v -41.2505 		-11.184 		32.4525
v 4.8985 		-9.464 		39.2295
v 5.3825 		-9.774 		38.8965
v 3.7585 		-8.927 		39.6745
v 3.7675 		-9.062 		39.6135
v -21.1845 		-13.747 		30.6005
v -41.9585 		-11.489 		32.4445
v 3.5525 		-9.057 		39.5635
v 3.2275 		-9.391 		39.2675
v -42.8145 		-11.541 		32.2405
v 3.1865 		-9.718 		39.1265
v 3.1705 		-10.134 		38.5445
v 2.8605 		-9.966 		38.7795
v -41.8495 		-11.793 		32.2745
v -39.9615 		-12.021 		32.3565
v 11.1045 		-16.357 		30.2365
v 11.3175 		-16.172 		30.7075
v -39.2805 		-12.101 		32.5625
v 12.2675 		-16.135 		30.4665
v 11.0925 		-16.298 		30.5485
v 12.3315 		-16.157 		30.2225
v -21.5245 		-15.797 		29.1215
v -21.3025 		-15.616 		29.0055
v 12.7505 		-16.055 		30.3245
v -21.3715 		-15.811 		28.8605
v 7.9335 		-16.703 		30.4785
v 2.5785 		-16.166 		32.3895
v 4.3715 		-16.755 		31.3825
v -21.3415 		-15.72 		28.7115
v 3.9845 		-17.227 		30.4895
v 8.8695 		-16.427 		30.8525
v -21.3165 		-15.847 		28.7055
v -2.0055 		-10.612 		29.3495
v -43.2885 		-11.326 		31.5295
v -2.0635 		-10.918 		28.2035
v -0.7505 		-10.922 		29.2235
v -1.1135 		-10.758 		30.0125
v -43.2765 		-10.89 		31.8475
v -0.7395 		-11.396 		27.9375
v 0.9585 		-11.352 		29.4135
v 0.9805 		-11.506 		28.8705
v 0.8485 		-11.68 		28.3355
v -43.2695 		-11.589 		32.0705
v -44.2065 		-10.81 		32.0085
v -44.7205 		-10.631 		31.8685
v -0.2685 		-13.74 		26.0395
v -1.2285 		-13.764 		25.8475
v 0.2015 		-14.327 		26.0215
v -1.4415 		-14.433 		25.7235
v -0.3235 		-15.488 		25.9245
v -18.2495 		-12.439 		31.9265
v -44.1715 		-10.75 		31.8165
v -18.2495 		-12.54 		31.9945
v -44.4115 		-10.728 		31.5835
v -18.2495 		-12.655 		32.0615
v -44.7655 		-10.746 		31.3735
v -18.3925 		-12.465 		31.9275
v -18.3925 		-12.561 		31.9925
v -18.3925 		-12.671 		32.0575
v -30.6405 		-18.31 		34.5035
v -44.4045 		-10.89 		31.4065
v -28.2055 		-18.448 		34.2535
v -44.3375 		-11.127 		31.3265
v -29.7725 		-18.809 		34.5295
v -18.2495 		-12.914 		32.1855
v -18.2495 		-12.781 		32.1265
v -44.2495 		-11.03 		32.1315
v -29.7855 		-19.114 		34.4235
v -30.5245 		-19.295 		34.4545
v -30.4675 		-19.316 		34.2905
v -18.3925 		-12.918 		32.1745
v -44.5445 		-11.334 		32.0105
v -18.3925 		-12.791 		32.1185
v -44.4515 		-11.348 		31.5795
v -30.0225 		-20.388 		30.3405
v -17.5555 		-12.935 		32.1345
v -37.0745 		-15.994 		21.9105
v -32.1405 		-11.512 		25.4115
v -32.6455 		-11.531 		25.5875
v -32.7405 		-11.602 		25.1755
v -32.6425 		-11.768 		25.1205
v -44.5415 		-11.452 		31.8995
v -18.6493 		-14.4949 		27.0795
v -18.7525 		-14.502 		27.0075
v -33.4915 		-11.531 		25.1605
v -18.7525 		-14.53 		27.0465
v -44.7395 		-11.142 		31.2335
v -44.6665 		-11.228 		31.3485
v -44.9715 		-11.451 		31.7675
v -18.8375 		-14.613 		27.0405
v -18.8375 		-14.634 		27.0705
v -21.1965 		-15.027 		29.4775
v -21.1095 		-15.113 		30.0135
v -46.0195 		-10.606 		31.1085
v -21.1865 		-15.512 		29.5415
v -21.2395 		-15.677 		30.0555
v -45.8835 		-10.653 		31.9915
v -45.5305 		-10.519 		31.9075
v -45.8705 		-10.393 		31.6615
v -45.5165 		-10.487 		31.3915
v -45.4855 		-10.767 		32.0695
v -45.3885 		-10.452 		31.6615
v -21.2635 		-15.266 		29.1645
v -18.9005 		-14.728 		27.0575
v -18.9005 		-14.734 		27.0755
v -45.4435 		-10.671 		31.1975
v -21.0255 		-15.452 		30.0995
v -21.0895 		-15.527 		30.0065
v -22.3785 		-14.237 		28.2185
v -21.7575 		-14.165 		28.1775
v -45.2615 		-10.929 		31.0945
v -45.7775 		-11.047 		31.0485
v -18.6509 		-14.4973 		27.0807
v -18.7198 		-14.6032 		27.1307
v -18.7206 		-14.6044 		27.1313
v -18.7355 		-14.6325 		27.1442
v -18.7525 		-14.572 		27.0885
v -45.9875 		-10.982 		31.9735
v -18.7525 		-14.626 		27.1325
v -46.0995 		-11.183 		31.8465
v -18.7525 		-14.6646 		27.1588
v -18.7528 		-14.6653 		27.1591
v -18.8375 		-14.666 		27.1035
v -45.4285 		-11.27 		31.9585
v -45.5205 		-11.413 		31.7785
v -18.8375 		-14.709 		27.1375
v -45.1135 		-11.093 		32.0735
v -18.7635 		-14.6922 		27.171
v -18.8375 		-14.76 		27.1725
v -46.4825 		-10.583 		31.0565
v -47.0295 		-10.633 		31.0635
v -47.0555 		-10.726 		31.0185
v -46.9075 		-10.759 		30.9515
v -18.9005 		-14.749 		27.0965
v -46.2845 		-10.803 		30.9445
v -18.9005 		-14.771 		27.1195
v -18.9005 		-14.8 		27.1425
v -22.2225 		-14.131 		28.5485
v -18.9005 		-14.835 		27.1665
v -46.3255 		-10.505 		31.7855
v -46.6225 		-10.408 		31.3515
v -21.9025 		-14.202 		28.4935
v -46.2545 		-10.423 		31.7025
v -46.1485 		-10.746 		31.9615
v -20.7805 		-13.191 		31.6555
v -20.5495 		-13.285 		31.6295
v -20.6945 		-13.335 		31.5275
v -20.6005 		-13.277 		31.5935
v -47.0015 		-10.564 		31.4805
v -47.0225 		-10.673 		31.5745
v -20.7465 		-13.328 		31.4755
v -46.8875 		-10.707 		31.6835
v -21.7505 		-15.84 		28.3805
v -46.8275 		-10.445 		31.4205
v -21.6125 		-15.964 		28.5685
v -47.1355 		-10.805 		31.4715
v -47.0835 		-10.62 		31.2085
v -47.0105 		-10.529 		31.3055
v -26.5105 		-11.434 		25.9365
v -20.8735 		-13.415 		31.3385
v -25.9055 		-11.694 		26.0085
v -46.7645 		-10.466 		31.2005
v -46.9615 		-10.517 		31.1865
v -23.8405 		-11.735 		26.6785
v -20.8495 		-13.372 		31.3085
v -23.1765 		-11.69 		27.1525
v -20.8905 		-13.321 		31.3785
v -20.9155 		-13.315 		31.2415
v -21.0255 		-13.206 		31.2455
v -23.3745 		-10.833 		29.5035
v -24.4015 		-11.25 		29.4305
v -23.2755 		-11.778 		29.3515
v -20.9765 		-13.38 		31.7565
v -25.6985 		-9.797 		30.1065
v -26.1195 		-11.823 		27.3385
v -26.3795 		-11.659 		27.2125
v -20.9475 		-13.51 		31.1945
v -26.0225 		-11.389 		26.8675
v -25.8505 		-11.319 		26.4675
v -21.1905 		-13.436 		31.5965
v -24.6595 		-11.482 		26.9775
v -21.5485 		-13.023 		31.4025
v -21.1725 		-13.25 		31.4775
v -26.0565 		-10.447 		29.6365
v -24.9655 		-10.133 		29.8435
v -21.1685 		-13.836 		31.3555
v -21.3935 		-13.697 		31.5855
v -25.6225 		-10.967 		30.1395
v -26.2605 		-10.819 		29.6915
v -21.8145 		-12.086 		30.9635
v -23.2895 		-14.055 		25.9155
v 0.9665 		-11.92 		27.9845
v 1.5865 		-12.413 		27.6215
v -23.7705 		-14.806 		25.4795
v 1.2835 		-13.529 		26.5185
v -16.3375 		-13.145 		26.6795
v -23.2585 		-14.98 		25.8575
v -16.1565 		-13.589 		26.7135
v 1.7575 		-13.889 		26.4905
v -15.0245 		-14.014 		26.4455
v 0.9415 		-14.982 		26.1445
v -15.3425 		-14.748 		26.6685
v 1.4555 		-15.54 		26.3065
v -1.7715 		-12.038 		26.7855
v -24.3155 		-15.019 		25.4005
v -1.6045 		-12.464 		26.4465
v -16.3815 		-14.516 		26.9455
v -0.4005 		-12.151 		27.0925
v -15.5235 		-14.307 		26.5895
v -26.0865 		-12.053 		26.0015
v -0.0495 		-12.606 		26.7765
v -17.8415 		-12.233 		31.6195
v -0.9105 		-13.298 		26.0695
v -0.0965 		-13.009 		26.4445
v -25.2365 		-14.117 		25.4865
v -17.3655 		-12.719 		31.9415
v -25.3485 		-14.579 		24.9405
v -17.3655 		-12.77 		31.9765
v -33.5685 		-11.713 		24.9525
v -17.3655 		-12.829 		32.0105
v -33.7545 		-11.833 		25.8065
v -17.3655 		-12.893 		32.0435
v -34.6975 		-11.726 		25.4705
v -26.6185 		-14.496 		24.7015
v -33.9665 		-11.596 		25.5165
v -26.6055 		-14.71 		24.5485
v -26.3635 		-14.148 		25.5905
v -34.1055 		-11.511 		25.2415
v -17.3198 		-12.9741 		32.0479
v -17.3195 		-12.9709 		32.0465
v -17.3195 		-12.9687 		32.0455
v -17.3187 		-12.9408 		32.0329
v -34.4905 		-11.62 		24.7165
v -25.8855 		-15.016 		24.7335
v -26.5715 		-15.403 		25.0025
v -26.1405 		-15.253 		24.8575
v -17.3655 		-12.96 		32.0735
v -17.3655 		-13.029 		32.0995
v -17.4505 		-13.035 		32.1405
v -26.1095 		-15.387 		25.7665
v -17.4505 		-12.946 		32.1065
v -26.6285 		-15.497 		25.4325
v -17.3655 		-13.097 		32.1215
v -22.8975 		-12.109 		26.8075
v -17.4505 		-13.123 		32.1685
v -21.8675 		-12.496 		30.5545
v -21.9075 		-12.524 		30.2295
v -17.4505 		-13.207 		32.1905
v -21.7335 		-12.67 		30.7385
v -21.6155 		-12.843 		30.7905
v -22.4115 		-12.817 		30.8975
v -22.2895 		-12.06 		31.1105
v -22.4805 		-12.968 		30.8825
v -17.5555 		-13.04 		32.1755
v -17.1695 		-12.76 		31.9635
v -17.4505 		-12.513 		31.8115
v -47.1215 		-10.744 		31.2115
v -17.3655 		-12.6516 		31.8824
v -17.358 		-12.672 		31.8924
v -17.3778 		-12.6284 		31.8703
v -17.3767 		-12.6303 		31.8713
v -17.4043 		-12.5851 		31.8472
v -17.4153 		-12.5673 		31.8377
v -17.3721 		-12.6392 		31.8759
v -18.9385 		-14.875 		27.0865
v -18.9385 		-14.866 		27.0905
v -18.9385 		-14.861 		27.0975
v -18.9385 		-14.861 		27.1045
v -18.9385 		-14.864 		27.1145
v -18.9385 		-14.871 		27.1245
v -18.9385 		-14.883 		27.1365
v -18.9005 		-14.875 		27.1895
v -15.6025 		-14.592 		26.6675
v -15.6665 		-14.823 		26.7785
v -15.5705 		-14.03 		26.7755
v -15.7795 		-14.743 		27.0315
v -15.8405 		-14.957 		27.1725
v -15.8125 		-15.405 		27.2435
v -16.0215 		-15.845 		28.0895
v -15.9475 		-15.388 		27.5245
v -16.4185 		-15.879 		27.8375
v -3.7215 		-10.371 		28.9135
v -3.8635 		-10.548 		28.2055
v -3.6565 		-10.937 		27.5545
v -22.2785 		-13.337 		30.5995
v -3.1895 		-11.516 		26.9575
v -3.1255 		-10.374 		29.7505
v -2.1995 		-11.18 		27.6705
v -22.7155 		-12.679 		26.9345
v -6.1845 		-10.02 		29.5135
v -5.5855 		-10.143 		28.8505
v -5.2295 		-10.304 		28.3075
v -5.2155 		-10.632 		27.6395
v -22.3355 		-13.024 		31.8885
v -6.1715 		-11.667 		26.3145
v -21.9065 		-13.115 		31.7925
v -5.0525 		-11.372 		26.7385
v -23.0935 		-13.843 		27.6775
v -20.7105 		-12.205 		32.2165
v -20.6095 		-13.464 		32.2625
v -23.2515 		-12.955 		27.0425
v -16.2075 		-15.99 		28.3465
v -24.3995 		-12.116 		27.8605
v -16.9855 		-12.257 		26.8405
v -23.9125 		-12.698 		27.3315
v -16.9885 		-11.986 		27.0255
v -24.4875 		-13.899 		26.1275
v -24.6175 		-13.696 		28.0435
v -21.7375 		-12.054 		32.4955
v -23.8435 		-13.691 		27.7315
v -16.9525 		-12.63 		26.7185
v -17.3305 		-13.097 		26.7485
v -21.8235 		-12.359 		32.5035
v -17.3105 		-13.618 		26.8175
v -22.2395 		-13.495 		32.2045
v -22.4395 		-13.816 		32.2395
v -18.3505 		-12.016 		27.4375
v -17.9415 		-12.176 		27.0995
v -21.8415 		-13.642 		33.0465
v -17.4685 		-12.029 		27.0405
v -23.2755 		-12.249 		28.2155
v -18.1765 		-12.506 		27.0045
v -23.2725 		-12.107 		28.1245
v -22.1245 		-13.822 		33.3895
v -21.1765 		-14.61 		30.3735
v -4.1065 		-12.435 		25.9745
v -4.0335 		-13.819 		25.4955
v -3.1845 		-13.014 		25.7835
v -2.1965 		-13.372 		25.7945
v -21.2355 		-14.116 		30.8805
v -22.6705 		-13.884 		28.5665
v -21.2625 		-14.352 		30.6835
v -3.6255 		-14.738 		25.5085
v -21.1925 		-14.848 		30.6355
v -2.1785 		-15.051 		25.6535
v -24.2185 		-13.736 		28.3385
v -3.8655 		-15.531 		25.6485
v -2.9155 		-15.446 		25.6505
v -24.1255 		-13.814 		28.3915
v -21.2775 		-14.714 		31.0905
v -5.7475 		-12.256 		25.9015
v -23.1095 		-14.237 		26.9655
v -5.7245 		-12.85 		25.5995
v -20.9505 		-14.75 		31.7815
v -5.8425 		-13.372 		25.4715
v -20.7325 		-14.656 		32.1075
v -4.8495 		-14.12 		25.4335
v -5.6525 		-14.704 		25.4685
v -21.2565 		-14.269 		31.2705
v -5.6665 		-15.205 		25.5625
v -21.4805 		-14.022 		31.5855
v -3.1365 		-12.156 		26.3485
v -2.6415 		-12.556 		26.1415
v -21.3635 		-14.449 		31.4465
v -23.7785 		-14.366 		27.8985
v -21.2805 		-14.694 		31.3845
v -21.2735 		-14.605 		31.3045
v -8.4255 		-11.863 		26.0545
v -18.9385 		-14.897 		27.1475
v -21.2445 		-14.679 		31.4545
v -23.7225 		-15.162 		26.0825
v -21.1935 		-14.747 		31.5215
v -18.9385 		-14.915 		27.1595
v -21.2155 		-14.702 		31.6105
v -18.9385 		-14.936 		27.1715
v -18.9385 		-14.958 		27.1835
v -21.3075 		-14.689 		31.2615
v -21.3215 		-14.561 		31.4065
v -21.3165 		-14.669 		31.5495
v -18.9005 		-14.965 		27.2325
v -21.4695 		-14.952 		31.6605
v -21.4015 		-14.766 		31.4245
v -18.9005 		-14.919 		27.2115
v -21.5245 		-14.928 		31.2205
v -17.8165 		-12.729 		26.8455
v -21.5515 		-14.665 		31.7025
v -18.1535 		-13.49 		26.8265
v -7.6595 		-10.395 		27.7775
v -7.8425 		-10.733 		27.2445
v -8.1365 		-11.065 		26.8185
v -6.3335 		-10.339 		27.9745
v -6.7125 		-10.879 		27.1235
v -7.5205 		-11.48 		26.3955
v -17.4505 		-14.591 		26.8985
v -17.4505 		-14.545 		26.9065
v -17.4505 		-14.511 		26.9215
v -17.4505 		-14.493 		26.9445
v -17.4505 		-14.49 		26.9735
v -17.4505 		-14.651 		26.8975
v -17.4505 		-14.72 		26.9055
v -17.3655 		-14.682 		26.9545
v -17.3655 		-14.645 		26.9615
v -17.3655 		-14.619 		26.9735
v -17.3655 		-14.605 		26.9905
v -8.2335 		-9.996 		29.1435
v -6.5125 		-10.153 		28.4945
v -7.4025 		-9.956 		29.9145
v -10.0585 		-10.419 		27.9095
v -9.5845 		-10.663 		27.4205
v -9.6575 		-11.796 		26.1455
v -9.0745 		-11.389 		26.4875
v -9.4725 		-10.097 		28.7475
v -8.5215 		-10.228 		28.1645
v -8.7225 		-9.937 		29.9535
v -6.7985 		-12.157 		25.8835
v -8.0365 		-12.387 		25.7315
v -7.3595 		-12.936 		25.5475
v -24.1155 		-15.247 		26.3675
v -8.0975 		-13.434 		25.5085
v -24.1805 		-14.453 		28.1385
v -7.7205 		-15.133 		25.6695
v -7.5345 		-15.694 		25.8995
v -25.5055 		-12.395 		26.9155
v -9.1005 		-12.261 		25.8175
v -9.6055 		-12.591 		25.7205
v -8.6875 		-12.833 		25.6035
v -9.2535 		-14.632 		25.6945
v -8.7225 		-13.927 		25.5515
v -9.2265 		-15.371 		25.9415
v -10.9265 		-10.455 		28.0425
v -11.6535 		-11.149 		27.0975
v -18.7685 		-14.7048 		27.1766
v -18.7678 		-14.7031 		27.1758
v -18.7728 		-14.72 		27.1831
v -18.8375 		-14.819 		27.2065
v -18.774 		-14.7242 		27.1848
v -18.7894 		-14.7756 		27.2068
v -18.7753 		-14.7286 		27.1867
v -18.8175 		-14.758 		27.2035
v -18.7899 		-14.7772 		27.2075
v -18.7936 		-14.7899 		27.2129
v -18.7945 		-14.7927 		27.2141
v -18.8051 		-14.8387 		27.232
v -18.7959 		-14.8003 		27.2172
v -18.8074 		-14.848 		27.2356
v -18.826 		-14.976 		27.2839
v -18.8247 		-14.9479 		27.2735
v -18.8375 		-14.95 		27.2685
v -18.8243 		-14.9455 		27.2726
v -18.8375 		-14.883 		27.2385
v -18.8137 		-14.8737 		27.2455
v -18.8225 		-14.9323 		27.2676
v -34.0695 		-11.561 		24.8915
v -21.0735 		-14.692 		31.9535
v -32.7325 		-11.865 		26.0795
v -30.9295 		-11.537 		26.1645
v -32.5725 		-12.436 		25.2915
v -31.0225 		-12.43 		25.5465
v -32.5845 		-12.439 		25.3535
v -32.1195 		-12.292 		25.6965
v -31.3755 		-15.002 		23.9855
v -31.3125 		-15.286 		23.8835
v -32.6775 		-15.423 		23.7605
v -30.7735 		-15.422 		23.9865
v -31.1555 		-14.616 		24.5345
v -21.0055 		-15.418 		30.2825
v -20.9815 		-15.544 		30.1725
v -20.9525 		-15.67 		30.2255
v -20.9625 		-15.686 		30.3815
v -25.7435 		-13.84 		27.7075
v -20.9515 		-15.532 		30.2815
v -20.6285 		-15.874 		30.3465
v -20.7315 		-15.78 		30.3825
v -20.7015 		-15.833 		30.4555
v -17.4505 		-14.799 		26.9205
v -21.2395 		-15.504 		30.4745
v -17.3025 		-14.782 		27.0175
v -17.3025 		-14.757 		27.0215
v -21.1865 		-15.024 		30.7215
v -25.9185 		-12.58 		26.3735
v -21.0805 		-15.793 		30.2435
v -25.8215 		-12.588 		26.3205
v -17.3025 		-14.813 		27.0175
v -25.1265 		-14.654 		26.1545
v -17.3655 		-14.843 		26.9725
v -21.0995 		-15.31 		30.4225
v -17.3655 		-14.782 		26.9605
v -17.3655 		-14.728 		26.9545
v -24.8165 		-14.235 		27.4075
v -20.8195 		-15.077 		31.8325
v -17.4505 		-14.883 		26.9425
v -20.6165 		-15.452 		31.9455
v -21.1235 		-15.486 		31.9485
v -17.3025 		-14.937 		27.0415
v -17.3025 		-14.892 		27.0295
v -17.3025 		-14.85 		27.0215
v -46.9885 		-10.974 		31.1575
v -21.0935 		-15.827 		31.9675
v -46.8755 		-10.886 		30.9785
v -26.0025 		-14.03 		27.3015
v -46.4295 		-10.926 		30.9465
v -31.5235 		-15.585 		24.0845
v -26.0975 		-14.548 		27.2585
v -22.0265 		-14.468 		31.9745
v -17.324 		-12.7773 		31.9435
v -17.3248 		-12.7735 		31.9413
v -17.3546 		-12.6814 		31.897
v -17.3655 		-12.676 		31.9075
v -26.4065 		-14.186 		27.1515
v -21.6075 		-15.286 		31.9075
v -17.3235 		-12.7797 		31.9448
v -17.3208 		-12.7984 		31.9552
v -17.3205 		-12.8 		31.9561
v -17.3164 		-12.8284 		31.9718
v -17.3142 		-12.873 		31.9957
v -17.3141 		-12.8747 		31.9966
v -17.3158 		-12.8416 		31.9789
v -22.2365 		-15.983 		30.8085
v -22.4725 		-15.725 		31.1825
v -17.3143 		-12.8865 		32.0029
v -17.3142 		-12.8856 		32.0023
v -17.316 		-12.9213 		32.0223
v -17.3169 		-12.928 		32.0259
v -21.8635 		-15.977 		30.6835
v -17.3181 		-12.9367 		32.0306
v -30.4755 		-11.382 		25.5435
v -29.4615 		-11.372 		25.5225
v -28.8785 		-11.253 		25.7615
v -20.7635 		-13.987 		32.8295
v -30.4155 		-11.402 		26.0395
v -21.2355 		-14.231 		33.0745
v -27.8275 		-11.274 		25.8025
v -28.8185 		-11.516 		25.5045
v -27.6885 		-11.219 		25.9715
v -20.6335 		-14.377 		32.6665
v -20.5845 		-14.519 		32.4215
v -27.9015 		-11.591 		25.6185
v -17.3216 		-12.9914 		32.0556
v -17.3217 		-12.992 		32.0559
v -26.8845 		-11.665 		25.7905
v -22.5505 		-14.032 		33.7475
v -47.1425 		-10.931 		31.4655
v -47.0835 		-11.049 		31.4485
v -22.2705 		-14.759 		32.2325
v -47.1305 		-10.978 		31.3955
v -22.2555 		-14.475 		33.5255
v -46.6685 		-11.219 		31.4455
v -46.6545 		-10.895 		31.7755
v -46.7365 		-11.071 		31.6715
v -21.8615 		-14.703 		32.8085
v -46.2715 		-11.3 		31.6765
v -46.9685 		-11.102 		31.3605
v -22.1385 		-15.802 		32.2415
v -23.3365 		-11.451 		32.1565
v -32.5175 		-19.308 		34.0115
v -32.1345 		-19.276 		33.9045
v -32.8735 		-19.461 		34.0975
v -30.7915 		-19.264 		33.9415
v -23.0235 		-11.499 		30.6655
v -31.6645 		-18.453 		34.5615
v -24.4875 		-11.468 		31.9955
v -24.5235 		-11.63 		31.8925
v -31.6915 		-18.946 		34.8245
v -32.4235 		-18.817 		34.4385
v -23.7965 		-11.009 		30.7005
v -23.9415 		-11.492 		30.1725
v -31.2055 		-15.358 		24.7795
v -24.5855 		-11.202 		32.7435
v -23.2285 		-11.595 		32.8075
v -23.5055 		-11.427 		32.6335
v -22.8105 		-11.826 		32.7915
v -32.2805 		-15.055 		24.6125
v -32.2975 		-14.751 		24.5225
v -24.0445 		-11.797 		33.2165
v -32.2125 		-15.731 		24.6325
v -32.6695 		-15.762 		24.2295
v -31.8695 		-15.773 		24.5435
v -25.9575 		-9.713 		30.2815
v -24.6745 		-10.256 		30.4995
v -33.3605 		-11.991 		24.9915
v -33.2135 		-12.063 		25.7645
v -33.1565 		-12.274 		25.4915
v -33.6115 		-12.361 		25.1445
v -33.0625 		-12.269 		25.1045
v -34.3325 		-12.248 		24.9265
v -34.8195 		-11.98 		24.6505
v -34.6735 		-11.905 		25.3135
v -33.9725 		-12.018 		25.5475
v -33.4365 		-15.147 		23.7695
v -33.5395 		-15.365 		23.6055
v -33.1535 		-15.588 		23.7505
v -34.3315 		-15.654 		23.3995
v -34.3685 		-15.286 		23.5025
v -34.5695 		-15.501 		23.3025
v -34.5635 		-15.864 		23.5905
v -34.7575 		-15.134 		23.8335
v -19.2595 		-14.554 		27.0285
v -18.5265 		-15.198 		27.0055
v -18.5265 		-15.081 		26.9535
v -18.6475 		-15.174 		27.0225
v -18.6475 		-15.071 		26.9765
v -18.7525 		-15.146 		27.0435
v -18.7525 		-15.059 		27.0055
v -18.8375 		-15.113 		27.0685
v -18.8375 		-15.046 		27.0385
v -18.8375 		-14.977 		27.0115
v -18.9005 		-15.031 		27.0745
v -18.9005 		-14.983 		27.0565
v -11.8935 		-11.877 		26.3405
v -10.8995 		-11.484 		26.5535
v -10.9085 		-11.821 		26.2375
v -10.4915 		-10.243 		28.4885
v -11.0235 		-10.145 		29.2355
v -11.7655 		-10.166 		29.9055
v -10.4555 		-10.023 		30.1005
v -13.0725 		-10.464 		29.2155
v -13.3065 		-10.937 		27.9035
v -13.9245 		-11.343 		27.4585
v -14.2715 		-11.768 		27.0135
v -10.9105 		-12.461 		25.8895
v -11.1265 		-13.316 		25.7945
v -10.9015 		-14.294 		25.8385
v -10.5425 		-15.121 		26.0175
v -12.2535 		-12.176 		26.2015
v -17.3655 		-14.908 		26.9895
v -17.4505 		-14.971 		26.9705
v -17.3025 		-15.031 		27.0745
v -17.3025 		-14.983 		27.0565
v -17.3655 		-15.113 		27.0685
v -17.3655 		-15.046 		27.0385
v -17.3655 		-14.977 		27.0115
v -17.4505 		-15.146 		27.0435
v -17.4505 		-15.059 		27.0055
v -17.3655 		-15.177 		27.1005
v -17.4505 		-15.228 		27.0855
v -17.4505 		-15.303 		27.1295
v -17.4175 		-14.5412 		27.0098
v -17.3775 		-14.592 		27.0213
v -17.4505 		-14.4995 		27.0004
v -17.3655 		-14.603 		27.0135
v -17.3655 		-14.6072 		27.0248
v -17.3228 		-14.688 		27.0442
v -17.3665 		-14.6058 		27.0245
v -17.3025 		-14.739 		27.0305
v -17.3025 		-14.729 		27.0425
v -17.3248 		-13.0245 		32.0704
v -17.3252 		-13.027 		32.0715
v -28.3005 		-9.685 		30.0355
v -17.33 		-13.0547 		32.0837
v -17.3302 		-13.056 		32.0843
v -26.9745 		-9.565 		30.1495
v -26.8425 		-9.739 		29.9615
v -17.3339 		-13.0773 		32.0936
v -17.335 		-13.0835 		32.0964
v -17.3655 		-13.163 		32.1385
v -17.3484 		-13.1375 		32.1198
v -28.3025 		-11.258 		26.2755
v -17.352 		-13.1525 		32.1263
v -17.3617 		-13.184 		32.1398
v -26.8455 		-11.243 		26.3855
v -26.6865 		-11.283 		26.0815
v -17.3636 		-13.19 		32.1424
v -27.7515 		-11.374 		26.6375
v -28.2415 		-11.667 		26.8245
v -27.8745 		-10.312 		29.8255
v -17.3655 		-13.1962 		32.145
v -28.2415 		-10.386 		29.9295
v -17.3831 		-13.2366 		32.1619
v -17.3871 		-13.2442 		32.165
v -17.4225 		-13.312 		32.1928
v -17.4222 		-13.3114 		32.1926
v -31.9795 		-19.234 		34.8645
v -31.9735 		-19.56 		34.5795
v -29.3935 		-10.255 		30.0895
v -32.3325 		-19.476 		34.8915
v -29.5805 		-11.585 		26.5425
v -30.0935 		-11.721 		26.5145
v -32.5665 		-19.658 		34.8465
v -28.0975 		-11.947 		25.6215
v -28.1705 		-12.222 		25.6905
v -27.6095 		-12.407 		25.9065
v -18.5265 		-15.308 		27.0615
v -18.6475 		-15.272 		27.0725
v -27.0145 		-14.837 		25.4775
v -27.3365 		-14.249 		25.2865
v -18.9385 		-15.038 		27.1235
v -18.9385 		-15.014 		27.1135
v -18.9385 		-14.991 		27.1045
v -27.1535 		-15.019 		24.3495
v -27.1355 		-15.168 		24.4175
v -27.6895 		-15.33 		24.4205
v -18.9385 		-14.981 		27.1935
v -18.9385 		-15.005 		27.2025
v -27.8715 		-14.284 		25.0025
v -28.3385 		-14.598 		24.4015
v -27.8525 		-14.902 		25.2505
v -18.9515 		-14.998 		27.1535
v -28.2985 		-15.218 		24.1765
v -24.7335 		-10.995 		30.8215
v -26.4395 		-9.996 		30.8145
v -26.4455 		-10.293 		30.9605
v -25.9465 		-10.751 		30.7635
v -26.5955 		-10.668 		30.3515
v -25.3415 		-11.203 		33.4885
v -25.4915 		-11.075 		33.3335
v -24.8995 		-11.443 		33.4625
v -26.0865 		-10.974 		33.0575
v -26.0825 		-11.302 		32.4525
v -26.1455 		-11.823 		32.8675
v -11.4445 		-15.95 		26.6145
v -14.1135 		-12.299 		26.5515
v -33.1655 		-19.043 		34.6305
v -33.3965 		-18.985 		34.9275
v -33.1105 		-18.953 		34.9525
v -33.1545 		-19.272 		34.3675
v -13.3205 		-12.567 		26.2465
v -13.3195 		-12.96 		26.1595
v -12.7275 		-13.882 		26.0675
v -13.8175 		-14.946 		26.5155
v -13.2245 		-15.548 		26.7305
v -17.4311 		-13.3284 		32.1995
v -33.1655 		-19.684 		34.3215
v -32.9075 		-19.726 		34.5115
v -33.2145 		-19.874 		34.8325
v -33.7345 		-19.369 		35.1915
v -33.5865 		-19.694 		34.3265
v -33.3885 		-19.781 		35.1265
v -33.8255 		-20.054 		35.1685
v -34.6705 		-15.907 		23.9185
v -33.1085 		-14.712 		26.0065
v -33.8295 		-14.963 		24.1825
v -33.7905 		-14.95 		24.0685
v 1.6035 		-17.852 		23.4235
v 1.2455 		-17.93 		23.9955
v 1.7205 		-17.984 		23.0685
v 1.7515 		-17.774 		23.5505
v 1.4155 		-17.39 		25.6595
v 1.2325 		-17.66 		24.7155
v 1.1215 		-17.782 		24.4025
v 1.2635 		-18.043 		24.0795
v -17.4359 		-12.5302 		31.8125
v -17.4505 		-12.5076 		31.7973
v -17.451 		-12.507 		31.7969
v -17.4288 		-12.5411 		31.82
v -17.4273 		-12.544 		31.8219
v -17.4555 		-12.5021 		31.7937
v -17.6572 		-12.3398 		31.6875
v -17.6765 		-12.3276 		31.6797
v -17.6869 		-12.3232 		31.677
v -17.6902 		-12.3218 		31.6761
v -17.5425 		-12.416 		31.7366
v -17.5555 		-12.4042 		31.7289
v -17.5563 		-12.4037 		31.7286
v -17.5999 		-12.3759 		31.7107
v -17.5302 		-12.4271 		31.744
v -17.503 		-12.4515 		31.76
v -17.4757 		-12.4803 		31.7792
v -17.3257 		-12.7695 		31.9391
v -17.3275 		-12.7633 		31.9362
v -17.348 		-12.6991 		31.9056
v -17.3418 		-12.7154 		31.9135
v -17.3421 		-12.7147 		31.9132
v -17.3305 		-12.7535 		31.9315
v -18.3086 		-12.2659 		31.6232
v -18.3515 		-12.2785 		31.625
v -18.3071 		-12.2654 		31.6231
v -33.2795 		-15.514 		24.4365
v -18.3925 		-12.2904 		31.6268
v -18.3931 		-12.2907 		31.6268
v -33.2395 		-15.794 		24.4185
v -18.4223 		-12.3039 		31.6312
v -33.7075 		-15.876 		24.1755
v -18.4795 		-12.3301 		31.64
v -17.9025 		-12.2558 		31.6324
v -17.9081 		-12.2547 		31.6315
v -17.9535 		-12.2459 		31.6238
v -17.9675 		-12.2452 		31.6228
v -18.1015 		-12.2385 		31.6131
v -18.2495 		-12.252 		31.6163
v -17.7867 		-12.2847 		31.6513
v -17.8105 		-12.277 		31.6437
v -17.812 		-12.2768 		31.6434
v -17.768 		-12.2906 		31.6571
v -17.8394 		-12.273 		31.6368
v -17.8395 		-12.2729 		31.6368
v -18.9005 		-15.077 		27.0955
v -17.7115 		-12.3127 		31.6706
v -17.7234 		-12.3077 		31.6675
v -17.726 		-12.3067 		31.6669
v -18.9385 		-15.098 		27.1595
v -18.9385 		-15.08 		27.1475
v -18.9385 		-15.06 		27.1355
v -17.5555 		-13.145 		32.2095
v -17.6765 		-13.044 		32.2035
v -17.6765 		-13.163 		32.2415
v -18.9385 		-15.029 		27.2105
v -18.9385 		-15.052 		27.2165
v 0.7475 		-17.818 		24.8175
v -18.9385 		-15.073 		27.2205
v -18.9385 		-15.092 		27.2225
v 0.2485 		-17.559 		25.6625
v 0.6835 		-17.494 		25.5605
v 0.1545 		-17.36 		25.9955
v -18.7525 		-15.228 		27.0855
v 0.6155 		-17.277 		26.0335
v 0.2675 		-17.698 		25.4995
v 0.4585 		-17.839 		25.2245
v -28.2145 		-15.546 		25.1725
v -26.5825 		-11.172 		33.9625
v -26.5995 		-11.012 		33.8575
v 0.4355 		-17.896 		25.3995
v -28.2925 		-15.558 		24.7265
v 0.7795 		-17.994 		25.2495
v -26.6065 		-10.914 		33.6595
v -26.0085 		-11.42 		33.8335
v 1.9965 		-18.111 		23.4075
v -23.3865 		-12.589 		30.3545
v 1.5775 		-18.101 		24.2325
v -0.0815 		-17.591 		25.9205
v -0.5735 		-16.085 		26.0015
v -1.4385 		-16.24 		25.9705
v -34.0805 		-19.29 		35.1275
v -34.2875 		-14.534 		25.8935
v -33.8775 		-19.328 		34.8255
v -34.2705 		-19.905 		34.5915
v -30.4705 		-12.233 		25.4165
v -34.2685 		-15.603 		24.1245
v -30.3465 		-12.405 		25.5435
v -31.3985 		-12.041 		26.0975
v -28.7855 		-12.385 		25.8025
v -30.9095 		-14.336 		27.0285
v -31.5625 		-14.496 		27.1045
v -34.7025 		-19.922 		34.9385
v -30.1035 		-15.213 		23.9545
v -34.4495 		-20.053 		34.6755
v -31.4405 		-14.987 		26.3415
v -30.9315 		-15.148 		26.9775
v -17.2645 		-14.904 		27.0845
v -17.2645 		-14.888 		27.0845
v -17.2645 		-14.875 		27.0865
v -31.8805 		-14.386 		26.4335
v -32.2515 		-14.387 		26.8915
v -17.2645 		-14.967 		27.0965
v -31.9445 		-14.535 		26.2355
v -17.2645 		-14.944 		27.0905
v -17.2645 		-14.923 		27.0865
v -29.4155 		-14.529 		24.5125
v -17.2645 		-15.038 		27.1235
v -22.5895 		-12.59 		30.8265
v -17.2645 		-15.014 		27.1135
v -17.2645 		-14.991 		27.1045
v -28.8965 		-14.412 		24.9575
v -17.2645 		-15.06 		27.1355
v -29.5135 		-15.021 		24.0315
v -29.2885 		-15.011 		24.9855
v -17.3025 		-15.077 		27.0955
v -17.3025 		-15.196 		27.1645
v -22.6065 		-13.18 		30.2385
v -17.3025 		-15.16 		27.1405
v -17.3025 		-15.12 		27.1175
v -22.6445 		-13.331 		30.5675
v -23.8415 		-12.479 		30.9615
v -23.9605 		-12.783 		31.1945
v -17.3655 		-15.329 		27.2035
v -17.3655 		-15.287 		27.1695
v -17.3655 		-15.236 		27.1345
v -23.8195 		-12.308 		32.0375
v -24.1255 		-13.009 		30.3345
v -17.4505 		-15.369 		27.1745
v -17.4505 		-15.424 		27.2185
v -23.0265 		-12.51 		32.6615
v -24.1155 		-12.591 		32.7775
v -24.4545 		-13.616 		33.7125
v -23.9205 		-13.608 		33.2035
v -24.4455 		-13.685 		33.5075
v -24.4645 		-13.678 		34.0905
v -23.2595 		-14.533 		32.8075
v 1.3345 		-17.026 		26.3555
v 1.3055 		-17.722 		26.5555
v 1.8605 		-16.177 		26.4965
v 1.1345 		-17.569 		27.2645
v 0.6425 		-16.898 		26.3735
v 0.0695 		-16.733 		26.2975
v 0.0005 		-17.095 		26.2665
v 0.1275 		-17.791 		26.2005
v 0.1165 		-17.683 		26.8525
v 0.4725 		-17.621 		27.5155
v 0.0225 		-17.822 		28.3755
v 1.0195 		-17.708 		30.1255
v -31.0605 		-20.458 		30.3205
v -32.1485 		-20.733 		30.2465
v -0.7215 		-16.953 		26.3075
v -29.0245 		-15.503 		24.3635
v -28.9865 		-15.649 		24.8995
v -32.6275 		-20.944 		30.2925
v -29.0315 		-15.404 		24.2085
v -32.1315 		-21.001 		30.2885
v -30.8895 		-20.94 		30.1995
v -0.1775 		-17.408 		26.0965
v -0.3545 		-17.346 		26.2205
v -34.2615 		-21.715 		30.2785
v -33.9435 		-21.757 		30.2935
v -33.6035 		-21.332 		30.2485
v -0.2985 		-17.172 		26.2685
v -0.3995 		-17.045 		26.3155
v -30.5895 		-14.569 		24.7275
v -34.0765 		-22.075 		30.2005
v -30.4525 		-14.77 		24.1935
v -34.8495 		-22.109 		30.2665
v -0.3625 		-17.634 		26.3095
v -34.8495 		-20.201 		34.8735
v -34.3745 		-20.141 		34.7695
v -30.1475 		-15.656 		24.8765
v -0.5535 		-17.66 		26.8295
v -34.2405 		-20.252 		35.1875
v -0.8065 		-17.401 		26.4535
v -0.6525 		-17.265 		26.3525
v -27.1995 		-11.962 		26.7895
v -34.9495 		-19.932 		35.5755
v -34.8765 		-19.742 		35.4225
v -28.1535 		-12.068 		26.3795
v -1.0115 		-17.146 		26.4085
v -0.8535 		-17.509 		26.5645
v -27.0555 		-12.455 		26.0985
v -32.3215 		-15.171 		26.7585
v -35.5015 		-22.711 		30.3165
v -35.0905 		-22.547 		30.2955
v -35.5255 		-22.684 		30.2835
v -32.8555 		-14.761 		26.8655
v -35.1645 		-22.899 		30.1725
v -35.7945 		-23.422 		30.2115
v -33.7675 		-14.452 		26.7755
v -36.1075 		-23.287 		30.3245
v -36.5565 		-23.983 		30.3715
v -33.0425 		-14.98 		26.1055
v -33.0915 		-15.082 		26.2435
v -36.6335 		-23.904 		30.3665
v -32.9035 		-15.061 		26.7755
v -36.5625 		-24.171 		30.3095
v -33.6965 		-15.154 		26.4505
v -36.2165 		-23.888 		30.1975
v -34.1535 		-14.324 		26.5795
v -35.5255 		-20.619 		35.2685
v -35.4915 		-20.663 		35.2635
v -34.9865 		-20.441 		35.6815
v -35.2405 		-20.172 		35.3035
v -35.8245 		-11.345 		24.8235
v -34.9415 		-11.386 		24.7295
v -35.3075 		-20.806 		35.6535
v -35.3145 		-20.789 		35.7575
v -35.1255 		-11.451 		24.5355
v -35.7795 		-11.819 		24.4185
v -35.5005 		-11.706 		24.9535
v -35.5465 		-20.232 		35.7345
v -35.8765 		-20.574 		35.7355
v -17.1755 		-14.812 		27.0695
v -35.5145 		-11.549 		25.0865
v -36.0665 		-11.176 		24.1705
v -36.8975 		-11.214 		24.1485
v -36.2385 		-11.335 		24.6725
v -36.2315 		-11.474 		24.5585
v -17.2645 		-14.866 		27.0905
v -36.4795 		-11.521 		24.0635
v -35.9975 		-11.164 		24.3855
v -36.0625 		-11.559 		24.1605
v -17.2645 		-15.08 		27.1475
v -18.8375 		-15.177 		27.1005
v -17.3095 		-14.7153 		27.0556
v -17.3071 		-14.72 		27.0576
v -17.3025 		-14.728 		27.0575
v -17.3025 		-14.7293 		27.0615
v -17.2949 		-14.7574 		27.0751
v -17.2881 		-14.7797 		27.0795
v -17.3029 		-14.7286 		27.0612
v -18.9005 		-15.16 		27.1405
v -18.9005 		-15.12 		27.1175
v -17.2794 		-14.8089 		27.0853
v -17.2809 		-14.8037 		27.0843
v -17.2695 		-14.8437 		27.0923
v -17.2682 		-14.848 		27.0932
v -18.9385 		-15.135 		27.2025
v -17.2668 		-14.853 		27.0942
v -17.2653 		-14.8588 		27.0954
v -18.9385 		-15.132 		27.1925
v -18.9385 		-15.124 		27.1825
v -18.9385 		-15.113 		27.1705
v -17.2645 		-14.8618 		27.0964
v -17.2624 		-14.8845 		27.1045
v -18.9005 		-15.225 		27.1875
v -18.9005 		-15.196 		27.1645
v -27.6225 		-14.898 		27.5455
v -27.5025 		-14.821 		27.1745
v -17.5555 		-13.245 		32.2355
v -17.5555 		-13.338 		32.2535
v -27.9045 		-14.533 		26.8495
v -17.6765 		-13.276 		32.2715
v -17.6765 		-13.382 		32.2915
v -28.3345 		-14.326 		27.6635
v -17.2645 		-15.098 		27.1595
v -28.5155 		-14.533 		27.5855
v -17.2645 		-15.124 		27.1825
v -17.2645 		-15.113 		27.1705
v -18.9385 		-15.108 		27.2225
v -17.3025 		-15.225 		27.1875
v -28.1595 		-14.162 		27.1145
v -18.9385 		-15.12 		27.2205
v -18.9385 		-15.129 		27.2165
v -18.9385 		-15.134 		27.2095
v -17.3025 		-15.261 		27.2315
v -29.1625 		-12.089 		26.1925
v -17.3025 		-15.247 		27.2105
v -29.2065 		-14.377 		26.7385
v -18.5265 		-15.41 		27.1215
v -18.6475 		-15.441 		27.1785
v -18.6475 		-15.362 		27.1245
v -17.3655 		-15.383 		27.2665
v -17.8105 		-13.047 		32.2245
v -17.8105 		-13.176 		32.2665
v -17.8105 		-13.299 		32.2985
v -17.8105 		-13.413 		32.3205
v -17.9535 		-13.049 		32.2375
v -17.9535 		-13.184 		32.2805
v -17.9535 		-13.313 		32.3145
v -17.9535 		-13.433 		32.3375
v -17.6765 		-13.476 		32.3025
v -17.8105 		-13.515 		32.3315
v -17.9535 		-13.54 		32.3495
v -18.1015 		-13.05 		32.2415
v -18.1015 		-13.187 		32.2855
v -18.1015 		-13.318 		32.3205
v -18.1015 		-13.439 		32.3435
v -18.2495 		-13.049 		32.2375
v -18.2495 		-13.184 		32.2805
v -18.2495 		-13.313 		32.3145
v -18.2495 		-13.433 		32.3375
v -18.3925 		-13.047 		32.2245
v -18.3925 		-13.176 		32.2665
v -18.3925 		-13.299 		32.2985
v -23.7235 		-15.754 		32.3745
v -23.7325 		-15.758 		32.3215
v -1.0655 		-17.727 		27.2785
v -24.5095 		-14.917 		34.2395
v -35.5415 		-20.849 		35.4965
v -18.7525 		-15.303 		27.1295
v -18.8375 		-15.329 		27.2035
v -18.8375 		-15.287 		27.1695
v -36.0805 		-20.888 		35.7145
v -36.3355 		-20.943 		36.1625
v -17.3655 		-15.362 		27.2365
v -17.4505 		-15.466 		27.2605
v -18.3925 		-13.413 		32.3205
v -0.5995 		-17.832 		27.9925
v -17.4505 		-15.493 		27.2995
v -37.7605 		-10.663 		23.5015
v -37.8735 		-10.694 		23.2905
v -17.1645 		-15.493 		27.3175
v -17.2599 		-14.912 		27.1143
v -17.2546 		-14.9755 		27.137
v -17.2546 		-14.976 		27.1372
v -17.2552 		-14.9666 		27.1338
v -17.2563 		-14.9527 		27.1288
v -17.2585 		-14.9272 		27.1197
v -37.1275 		-10.876 		23.9265
v -17.2539 		-14.9923 		27.1431
v -17.2539 		-14.9935 		27.1435
v -17.254 		-14.9876 		27.1414
v -17.2542 		-14.9823 		27.1394
v -18.1015 		-13.548 		32.3555
v -18.2495 		-13.54 		32.3495
v -18.3925 		-13.515 		32.3315
v -16.8895 		-13.324 		32.2445
v -17.4505 		-13.285 		32.2055
v -18.3925 		-13.602 		32.3305
v -18.4593 		-13.621 		32.3089
v -17.433 		-13.332 		32.201
v -17.4505 		-13.355 		32.2135
v -17.4401 		-13.3456 		32.2066
v -17.4505 		-13.3626 		32.2134
v -17.4549 		-13.3678 		32.2154
v -17.4555 		-13.3686 		32.2157
v -17.5555 		-13.422 		32.2625
v -17.5013 		-13.4235 		32.2367
v -17.6765 		-13.555 		32.3015
v -17.8105 		-13.602 		32.3305
v -17.9535 		-13.631 		32.3485
v -17.9083 		-13.696 		32.3294
v -17.874 		-13.6888 		32.3251
v -17.9535 		-13.702 		32.3365
v -17.9535 		-13.7054 		32.3349
v -17.9627 		-13.7059 		32.3354
v -17.9675 		-13.7062 		32.3356
v -18.1015 		-13.64 		32.3545
v -18.1015 		-13.713 		32.3425
v -18.1015 		-13.7132 		32.3424
v -18.1077 		-13.7125 		32.3423
v -18.1092 		-13.7123 		32.3422
v -18.2235 		-13.698 		32.3385
v -18.1021 		-13.7131 		32.3424
v -18.2495 		-13.631 		32.3485
v -18.2495 		-13.6948 		32.3377
v -18.2397 		-13.696 		32.338
v -18.2498 		-13.6947 		32.3377
v -18.3622 		-13.6625 		32.3257
v -18.3925 		-13.6535 		32.3223
v -18.2362 		-13.6964 		32.3381
v -17.5109 		-13.44 		32.241
v -17.5555 		-13.492 		32.2615
v -17.5303 		-13.4732 		32.2497
v -17.5555 		-13.5089 		32.2588
v -17.576 		-13.5299 		32.2638
v -17.7596 		-13.6511 		32.3085
v -17.8105 		-13.671 		32.3195
v -17.7609 		-13.6518 		32.3088
v -17.7166 		-13.6282 		32.3003
v -17.8105 		-13.6756 		32.3173
v -17.8102 		-13.6755 		32.3172
v -17.811 		-13.6757 		32.3174
v -17.8232 		-13.6783 		32.3189
v -17.6875 		-13.769 		32.3575
v -16.7305 		-13.735 		32.3385
v -17.5835 		-13.5376 		32.2656
v -17.6765 		-13.6131 		32.2915
v -17.6631 		-13.6049 		32.2873
v -17.677 		-13.6133 		32.2916
v -17.6296 		-13.5849 		32.2769
v -17.7115 		-13.6263 		32.2992
v -0.3805 		-17.676 		27.2165
v -37.1495 		-10.793 		23.6965
v -37.6715 		-10.565 		23.2395
v -1.6665 		-16.796 		26.2335
v -1.4685 		-17.216 		26.5055
v -29.3045 		-14.229 		27.1215
v -18.8375 		-15.236 		27.1345
v -37.2875 		-10.947 		23.4905
v -36.9365 		-10.954 		23.7105
v -1.2945 		-17.448 		26.6675
v -1.0775 		-17.594 		26.8145
v -37.4975 		-10.908 		23.6915
v -37.1275 		-11.196 		23.6975
v -25.1225 		-13.114 		30.7555
v -1.7835 		-17.88 		27.7385
v -25.5225 		-13.254 		31.1235
v -0.8655 		-17.957 		29.8845
v -0.8275 		-17.985 		28.7855
v -26.6525 		-12.624 		30.9365
v -1.8015 		-18.079 		29.2015
v -5.7795 		-16.24 		26.0295
v -2.9505 		-16.166 		25.8985
v -3.2045 		-16.968 		26.4065
v -2.7555 		-17.314 		26.6805
v -29.4615 		-14.966 		27.3225
v -18.9005 		-15.266 		27.2645
v -18.9005 		-15.268 		27.2495
v -36.4345 		-21.071 		36.0825
v -18.9005 		-15.261 		27.2315
v -18.9005 		-15.247 		27.2105
v -30.4925 		-14.793 		26.4215
v -36.6415 		-21.531 		36.0725
v -29.9715 		-14.93 		26.5845
v -36.5515 		-21.502 		36.0215
v -18.7525 		-15.369 		27.1745
v -36.0735 		-21.203 		36.1905
v -18.7525 		-15.466 		27.2605
v -35.9315 		-21.192 		36.0615
v -18.7525 		-15.424 		27.2185
v -18.8375 		-15.383 		27.2665
v -18.8375 		-15.362 		27.2365
v -36.1595 		-21.35 		36.0465
v -18.5265 		-15.628 		27.2975
v -18.5265 		-15.572 		27.2405
v -36.4305 		-21.231 		36.3385
v -18.5265 		-15.498 		27.1815
v -36.8885 		-21.577 		36.5335
v -18.6475 		-15.555 		27.2805
v -18.6475 		-15.506 		27.2305
v -36.4835 		-21.634 		36.3655
v -36.8585 		-22.002 		36.5445
v -18.7525 		-15.493 		27.2995
v -19.3015 		-15.229 		27.2465
v -18.6925 		-15.996 		27.5535
v -36.9135 		-21.658 		36.3995
v -18.6475 		-15.588 		27.3275
v -37.5565 		-22.79 		37.2035
v -37.5425 		-22.598 		37.1035
v -37.2495 		-22.272 		36.6785
v -18.5265 		-15.665 		27.3495
v -37.5435 		-22.81 		37.1675
v -37.3225 		-22.524 		36.9095
v -37.6005 		-22.767 		37.1125
v -37.5805 		-22.817 		37.1485
v -37.5895 		-22.818 		37.2135
v -37.5985 		-22.738 		37.1765
v -37.6215 		-22.786 		37.1715
v -37.6135 		-22.823 		37.1855
v -37.5905 		-22.838 		37.1925
v -2.2745 		-17.766 		27.3375
v -18.8375 		-15.087 		27.3175
v -26.0975 		-12.727 		31.6545
v -3.2605 		-17.948 		27.9895
v -3.2475 		-18.109 		29.1495
v -2.6275 		-18.059 		28.5595
v -38.4005 		-10.168 		22.7265
v -38.4405 		-10.155 		22.6805
v -38.4615 		-10.179 		22.6855
v -38.4475 		-10.172 		22.6605
v -2.8215 		-18.083 		29.7615
v -38.4555 		-10.213 		22.6895
v -38.3705 		-10.203 		22.6825
v -5.7895 		-16.926 		26.4985
v -37.9805 		-10.62 		23.0645
v -5.8525 		-17.428 		27.0715
v -4.2015 		-17.42 		26.9015
v -38.4145 		-10.165 		22.6735
v -5.8785 		-18.028 		29.7155
v -4.3715 		-18.047 		29.9975
v -26.6285 		-12.108 		33.6165
v -7.6885 		-16.559 		26.4065
v -24.8205 		-12.063 		33.3185
v -7.0915 		-17.343 		27.1295
v -26.1095 		-12.266 		33.3025
v -36.9695 		-11.064 		24.1745
v -6.3625 		-17.75 		27.7665
v -6.3585 		-17.936 		28.4405
v -34.9935 		-12.086 		24.7345
v -9.6145 		-16.055 		26.3555
v -9.9465 		-16.816 		27.0505
v -9.3915 		-16.565 		26.6885
v -10.2265 		-17.099 		27.5215
v -8.6325 		-17.277 		27.3655
v -8.9315 		-17.473 		27.8595
v -25.2705 		-14.622 		34.0765
v -10.1545 		-17.532 		30.0715
v -25.1745 		-15.049 		34.1875
v -8.3375 		-17.716 		28.4205
v -8.7075 		-17.768 		29.1735
v -24.5635 		-13.805 		34.5015
v -8.5575 		-17.765 		29.9165
v -24.3485 		-14.447 		34.7915
v -30.4315 		-15.125 		26.8785
v -29.8995 		-15.033 		26.7605
v -25.7445 		-13.764 		34.3055
v -15.9305 		-16.089 		28.0305
v -25.9105 		-13.857 		35.0965
v -12.1935 		-16.984 		28.0785
v -25.5485 		-14.089 		35.3085
v -17.2557 		-15.0354 		27.159
v -17.2561 		-15.04 		27.1607
v -17.255 		-15.0249 		27.1551
v -25.3845 		-14.297 		35.3615
v -17.2545 		-15.0169 		27.1521
v -17.2542 		-15.0107 		27.1498
v -17.2539 		-15.0055 		27.1479
v -17.2539 		-15.0009 		27.1462
v -17.2538 		-14.9967 		27.1447
v -17.2614 		-15.0999 		27.1832
v -17.2618 		-15.104 		27.1847
v -17.2576 		-15.0569 		27.1671
v -25.6175 		-14.706 		35.3625
v -24.7075 		-14.709 		34.8135
v -17.2645 		-15.1329 		27.1955
v -17.2645 		-15.132 		27.1925
v -17.2732 		-15.1633 		27.2075
v -17.2745 		-15.168 		27.2094
v -17.2758 		-15.1726 		27.2112
v -17.2925 		-15.232 		27.2345
v -17.3025 		-15.2676 		27.2485
v -17.3037 		-15.27 		27.2495
v -17.3094 		-15.2816 		27.2543
v -17.3275 		-15.3173 		27.2691
v -17.3042 		-15.2711 		27.25
v -17.3468 		-15.3553 		27.2849
v -17.3492 		-15.36 		27.2868
v -25.5905 		-15.028 		34.3645
v -17.3655 		-15.3921 		27.3002
v -17.3655 		-15.393 		27.2935
v -17.3655 		-15.3922 		27.3002
v -17.4086 		-15.4489 		27.3251
v -17.4265 		-15.4725 		27.3355
v -26.2105 		-14.422 		34.5745
v -17.4382 		-15.488 		27.3423
v -17.4392 		-15.4894 		27.3429
v -17.4505 		-15.5044 		27.3491
v -17.4505 		-15.506 		27.3335
v -17.4515 		-15.5053 		27.3495
v -26.5785 		-14.288 		35.8735
v -26.0165 		-14.536 		35.6755
v -25.8125 		-14.952 		35.0855
v -35.3685 		-15.572 		22.9915
v -35.1595 		-15.756 		23.0675
v -35.1535 		-15.584 		23.7115
v -35.0335 		-15.981 		23.6165
v -35.7995 		-15.395 		23.1075
v -35.5545 		-15.315 		23.4105
v -35.4775 		-15.981 		23.4835
v -35.7325 		-15.998 		23.0325
v -36.8865 		-15.712 		22.4605
v -36.2545 		-15.506 		22.9485
v -17.0255 		-15.875 		27.5195
v -36.2545 		-15.758 		22.5045
v -16.5615 		-15.332 		27.2445
v -36.5715 		-15.933 		22.7815
v -35.9055 		-15.714 		23.2545
v -36.0775 		-15.855 		22.5625
v -16.6205 		-15.634 		27.4325
v -17.6765 		-14.45 		26.8095
v -36.1495 		-14.374 		25.7415
v -35.1205 		-14.666 		25.7685
v -36.2215 		-14.733 		25.7055
v -14.7015 		-16.729 		29.9155
v -35.0945 		-15.012 		26.0225
v -15.9845 		-16.356 		28.8435
v -15.9635 		-16.24 		28.3825
v -35.1795 		-14.893 		25.8535
v -36.6765 		-24.389 		30.2215
v -15.8855 		-16.383 		28.7325
v -36.9435 		-15.793 		22.2035
v -16.0165 		-16.103 		28.9295
v -37.0725 		-24.471 		30.2625
v -37.3025 		-24.938 		30.2505
v -18.8196 		-15.104 		27.3304
v -18.8203 		-15.1026 		27.3297
v -18.9005 		-15.012 		27.2505
v -37.1115 		-24.816 		30.2135
v -18.9005 		-15.059 		27.2655
v -16.0425 		-16.05 		28.7875
v -37.5755 		-25.455 		30.5005
v -37.5805 		-25.568 		30.5075
v -37.5345 		-25.559 		30.4965
v -18.9005 		-15.104 		27.2775
v -15.5845 		-16.337 		28.3215
v -15.9945 		-16.445 		29.6685
v -15.8705 		-16.493 		29.7995
v -18.8143 		-15.1142 		27.3355
v -18.8375 		-15.153 		27.3345
v -37.6125 		-25.549 		30.4475
v -15.8765 		-16.497 		29.3625
v -37.5435 		-25.577 		30.4535
v -37.6205 		-25.565 		30.4835
v -37.6085 		-25.602 		30.4925
v -37.5865 		-25.615 		30.4745
v -18.9005 		-15.145 		27.2855
v -37.5825 		-25.572 		30.4365
v -28.1015 		-9.345 		30.4935
v -28.2795 		-9.446 		30.2325
v -27.9015 		-9.478 		30.7235
v -26.7505 		-9.647 		30.6035
v -27.1025 		-9.473 		30.3085
v -28.6995 		-9.588 		30.9715
v -27.5785 		-9.79 		30.9225
v -17.6765 		-14.387 		26.8205
v -17.5555 		-14.458 		26.8585
v -37.8475 		-14.197 		25.7055
v -17.5555 		-14.418 		26.8775
v -38.2575 		-14.32 		25.5845
v -17.5555 		-14.396 		26.9045
v -37.8115 		-14.618 		25.6145
v -17.5555 		-14.393 		26.9385
v -37.6525 		-14.905 		26.0405
v -37.2855 		-14.865 		25.8575
v -37.3095 		-14.75 		25.6955
v -35.7865 		-14.208 		26.0995
v -35.7345 		-14.231 		26.3945
v -17.6765 		-14.342 		26.8415
v -35.4705 		-14.319 		26.5595
v -17.6765 		-14.318 		26.8715
v -17.6765 		-14.314 		26.9105
v -17.6765 		-14.33 		26.9575
v -36.5145 		-14.34 		26.5175
v -36.4095 		-14.904 		26.3975
v -17.8105 		-14.404 		26.7805
v -35.9615 		-15.031 		26.3255
v -17.8105 		-14.335 		26.7925
v -17.8105 		-14.287 		26.8145
v -17.9535 		-14.375 		26.7625
v -17.9535 		-14.303 		26.7745
v -17.9535 		-14.253 		26.7985
v -38.1525 		-14.031 		26.1215
v -37.3325 		-14.158 		26.3805
v -39.3085 		-14.558 		25.6505
v -42.1685 		-14.19 		25.8305
v -39.2535 		-14.339 		25.5655
v -39.1855 		-13.978 		25.8075
v -41.0985 		-13.732 		25.8155
v -41.2405 		-14.435 		25.9995
v -39.7155 		-13.924 		26.2925
v -40.1625 		-14.495 		26.2665
v -39.2645 		-14.079 		26.4065
v -18.9005 		-15.183 		27.2895
v -18.9005 		-15.214 		27.2895
v -16.0175 		-16.167 		29.4505
v -18.7525 		-15.2296 		27.3928
v -18.7509 		-15.232 		27.3938
v -18.8027 		-15.1366 		27.3468
v -18.7786 		-15.1835 		27.3706
v -18.7691 		-15.2003 		27.3787
v -18.8375 		-15.214 		27.3465
v -17.9105 		-16.439 		28.0685
v -18.2085 		-16.173 		27.7825
v -17.4805 		-16.066 		27.6585
v -17.0115 		-16.286 		27.9515
v -18.7282 		-15.2657 		27.4084
v -18.7355 		-15.2549 		27.4037
v -18.7127 		-15.2889 		27.4185
v -18.7175 		-15.2927 		27.4175
v -18.7355 		-15.316 		27.413
v -28.1705 		-9.974 		31.1175
v -28.1885 		-10.169 		31.1495
v -27.0815 		-10.467 		30.8715
v -28.3715 		-10.252 		30.9945
v -28.6005 		-10.309 		30.4955
v -18.9005 		-15.239 		27.2855
v -18.9005 		-15.257 		27.2765
v -18.8375 		-15.376 		27.3335
v -18.8375 		-15.39 		27.3165
v -18.8375 		-15.393 		27.2935
v -18.7525 		-15.275 		27.4015
v -18.7525 		-15.3379 		27.4087
v -17.2975 		-16.615 		28.3715
v -16.6745 		-16.508 		28.8475
v -17.3545 		-16.827 		28.7715
v -16.8925 		-16.693 		29.0835
v -17.0515 		-15.19 		32.1715
v -17.2515 		-16.833 		29.3635
v -17.3305 		-15.536 		32.1005
v -16.6275 		-15.537 		31.6835
v -17.0075 		-16.691 		29.6915
v -16.8065 		-16.655 		29.4125
v -16.8815 		-15.79 		31.6135
v -16.8325 		-15.933 		31.3575
v -18.1655 		-15.826 		32.0205
v -18.3395 		-16.854 		28.5705
v -17.6685 		-16.843 		28.6245
v -17.1595 		-14.055 		32.4455
v -17.0495 		-14.355 		32.4165
v -18.1005 		-16.995 		29.0415
v -17.4225 		-15.34 		32.2505
v -18.3335 		-16.942 		29.4975
v -18.4645 		-16.992 		29.2005
v -18.1375 		-13.967 		32.4105
v -17.8355 		-16.956 		29.2915
v -17.6005 		-14.151 		32.4445
v -18.3285 		-14.629 		32.4385
v -17.8175 		-14.567 		32.4275
v -17.9185 		-16.858 		29.7075
v -17.8105 		-14.26 		26.8475
v -17.8105 		-14.256 		26.8905
v -19.3615 		-16.046 		27.5655
v -17.5155 		-14.923 		32.3795
v -17.8105 		-14.274 		26.9405
v -20.4435 		-16.158 		27.4085
v -17.9415 		-15.194 		32.3655
v -18.2565 		-15.491 		32.2715
v -17.8445 		-15.567 		32.2075
v -19.9795 		-16.066 		27.5135
v -19.3465 		-11.455 		30.4535
v -17.9535 		-14.224 		26.8335
v -18.6245 		-11.307 		30.6765
v -17.9535 		-14.22 		26.8775
v -19.8745 		-16.216 		27.7265
v -19.2775 		-16.233 		27.7335
v -18.9985 		-16.48 		27.9915
v -17.9535 		-14.239 		26.9305
v -27.3365 		-11.121 		32.8375
v -27.2935 		-11.624 		33.1875
v -26.6985 		-11.423 		33.9975
v -26.7105 		-11.726 		33.8885
v -28.3845 		-10.796 		33.4315
v -27.7355 		-10.786 		33.8345
v -27.8715 		-10.946 		33.0625
v -27.7255 		-10.934 		34.1475
v -27.8605 		-11.051 		34.2315
v -28.5465 		-11.678 		33.6145
v -29.4735 		-9.269 		30.5475
v -30.7475 		-9.293 		30.6265
v -29.5535 		-9.392 		30.3685
v -30.3455 		-9.664 		30.2735
v -29.4375 		-9.275 		30.7185
v -30.3255 		-9.78 		31.2985
v -30.5365 		-9.508 		31.1565
v -18.8375 		-15.268 		27.3525
v -18.7548 		-15.3429 		27.4079
v -18.8375 		-15.314 		27.3525
v -18.755 		-15.3441 		27.4078
v -18.7572 		-15.36 		27.4061
v -18.8375 		-15.35 		27.3455
v -30.5025 		-10.085 		31.2085
v -17.6765 		-14.624 		26.8195
v -29.7515 		-10.204 		30.6355
v -17.6765 		-14.53 		26.8095
v -18.7525 		-15.484 		27.3855
v -18.7525 		-15.4875 		27.3813
v -18.7505 		-15.488 		27.3837
v -18.7619 		-15.3941 		27.4023
v -18.7618 		-15.3935 		27.4024
v -18.7613 		-15.3984 		27.402
v -18.7574 		-15.4339 		27.3993
v -17.5555 		-14.584 		26.8485
v -28.9275 		-10.723 		33.9055
v -17.5555 		-14.514 		26.8495
v -18.7616 		-15.4869 		27.3623
v -29.1845 		-10.988 		33.2415
v -18.7355 		-15.4932 		27.3955
v -18.7332 		-15.4941 		27.397
v -18.747 		-15.4889 		27.3878
v -18.8625 		-15.06 		27.3175
v -20.2805 		-16.323 		27.7925
v -17.5555 		-14.667 		26.8575
v -19.8285 		-16.346 		28.0085
v -18.7855 		-15.237 		27.4135
v -19.3855 		-16.594 		28.2805
v -18.8276 		-15.0094 		27.2962
v -18.8375 		-15.019 		27.2955
v -19.2525 		-16.856 		28.8685
v -19.1555 		-16.832 		28.6255
v -18.8282 		-15.0197 		27.3
v -18.8237 		-15.0769 		27.3206
v -18.8224 		-15.0916 		27.3258
v -18.8025 		-16.753 		28.3805
v -18.8875 		-15.416 		27.3835
v -18.6635 		-16.947 		28.8255
v -17.5555 		-14.966 		26.9355
v -18.7608 		-15.488 		27.3628
v -17.5555 		-14.861 		26.9025
v -18.8775 		-16.754 		29.8365
v -18.5265 		-15.682 		27.3965
v -17.5555 		-14.761 		26.8755
v -17.6765 		-14.961 		26.9075
v -17.6765 		-14.843 		26.8695
v -17.6765 		-14.73 		26.8395
v -20.4685 		-16.446 		28.7485
v -20.4075 		-16.257 		28.3735
v -39.1665 		-14.764 		26.1725
v -41.8615 		-13.804 		26.3635
v -42.6445 		-13.591 		26.3585
v -17.8105 		-14.707 		26.8125
v -18.9845 		-11.677 		31.3275
v -19.4865 		-11.592 		31.0115
v -17.8105 		-14.592 		26.7905
v -17.8105 		-14.49 		26.7795
v -17.9535 		-14.693 		26.7965
v -17.9535 		-14.573 		26.7735
v -17.9535 		-14.466 		26.7615
v -17.8105 		-14.958 		26.8865
v -17.8105 		-14.83 		26.8445
v -20.2405 		-11.49 		30.2135
v -19.9665 		-11.801 		30.8085
v -19.9395 		-11.749 		30.6405
v -17.9535 		-14.956 		26.8735
v -20.2665 		-11.732 		30.4585
v -17.9535 		-14.822 		26.8305
v -19.8935 		-11.722 		31.4115
v -20.1185 		-11.85 		31.7255
v -18.1015 		-14.458 		26.7555
v -18.1015 		-14.366 		26.7565
v -20.1425 		-11.765 		31.2655
v -18.1015 		-14.293 		26.7685
v -18.1015 		-14.241 		26.7935
v -20.6995 		-11.804 		31.6855
v -20.9805 		-11.859 		31.2895
v -18.1015 		-14.213 		26.8285
v -42.2995 		-13.566 		26.3135
v -18.1015 		-14.208 		26.8735
v -18.1015 		-14.227 		26.9265
v -41.5845 		-13.617 		26.0955
v -42.4385 		-14.207 		26.1585
v -18.2495 		-14.375 		26.7625
v -43.1215 		-13.385 		25.8685
v -18.2495 		-14.303 		26.7745
v -18.2495 		-14.253 		26.7985
v -43.5035 		-13.489 		25.6825
v -18.3925 		-14.404 		26.7805
v -18.3925 		-14.335 		26.7925
v -18.3925 		-14.287 		26.8145
v -44.3885 		-13.092 		25.8965
v -44.1715 		-13.265 		25.7455
v -44.2065 		-13.443 		25.6525
v -44.5365 		-13.752 		25.8385
v -44.5445 		-13.815 		26.0205
v -18.2495 		-14.224 		26.8335
v -44.2495 		-13.685 		25.7205
v -18.2495 		-14.22 		26.8775
v -18.2495 		-14.239 		26.9305
v -44.7875 		-13.021 		25.7735
v -44.8285 		-13.216 		25.5935
v -18.3925 		-14.26 		26.8475
v -44.7915 		-13.61 		25.6715
v -18.3925 		-14.256 		26.8905
v -18.3925 		-14.274 		26.9405
v -45.4715 		-12.87 		25.6995
v -46.0495 		-12.815 		25.6755
v -45.4935 		-12.978 		25.5865
v -45.3305 		-13.136 		25.5275
v -45.9435 		-13.305 		25.5615
v -18.1015 		-14.956 		26.8695
v -45.1765 		-13.271 		25.5305
v -18.1015 		-14.819 		26.8255
v -18.1015 		-14.688 		26.7905
v -45.5875 		-13.491 		25.6085
v -20.0905 		-16.676 		28.9245
v -20.0865 		-16.447 		30.1155
v -20.3465 		-16.647 		29.9425
v -20.4755 		-16.838 		29.4245
v -19.7595 		-16.759 		29.1635
v -20.1315 		-16.741 		29.2125
v -19.6405 		-16.723 		29.5565
v -20.0495 		-16.732 		29.5945
v -20.4235 		-16.798 		29.7005
v -19.7305 		-16.586 		29.9325
v -20.7995 		-16.435 		27.4605
v -18.6475 		-15.603 		27.3685
v -20.5845 		-16.358 		27.9825
v -20.8655 		-16.516 		27.6535
v -18.673 		-15.5716 		27.398
v -18.7331 		-15.5168 		27.3749
v -18.7355 		-15.5147 		27.3739
v -18.7525 		-15.503 		27.3625
v -22.4455 		-16.744 		26.6975
v -18.7525 		-15.499 		27.3673
v -18.7525 		-15.506 		27.3335
v -21.5565 		-16.598 		27.0655
v -21.6835 		-16.822 		27.6125
v -21.0145 		-16.502 		28.9125
v -19.0025 		-15.132 		27.2765
v -20.9275 		-16.148 		28.4535
v -20.8485 		-16.152 		28.5935
v -20.7685 		-16.267 		28.2375
v -20.9035 		-16.252 		28.7625
v -28.8965 		-11.705 		34.1925
v -28.9865 		-11.838 		34.1005
v -30.4545 		-10.958 		33.4405
v -30.0805 		-11.831 		34.1215
v -20.7055 		-11.583 		30.3755
v -20.7395 		-11.829 		30.4855
v -22.0335 		-11.156 		30.3905
v -21.7565 		-11.75 		32.2325
v -18.5265 		-12.34 		31.7615
v -18.5265 		-12.377 		31.8135
v -18.5265 		-12.434 		31.8705
v -18.5265 		-12.507 		31.9295
v -18.6475 		-12.5 		31.8805
v -18.6475 		-12.565 		31.9335
v -18.5265 		-12.596 		31.9905
v -18.6475 		-12.644 		31.9865
v -18.5265 		-12.697 		32.0495
v -18.1015 		-14.566 		26.7675
v -18.5265 		-12.808 		32.1055
v -18.8445 		-11.932 		31.4875
v -18.5265 		-12.324 		31.7145
v -18.2495 		-14.693 		26.7965
v -18.2495 		-14.573 		26.7735
v -18.2495 		-14.466 		26.7615
v -18.3925 		-14.707 		26.8125
v -18.6475 		-12.418 		31.7845
v -18.3925 		-14.592 		26.7905
v -18.6475 		-12.45 		31.8305
v -18.3925 		-14.49 		26.7795
v -29.0645 		-10.874 		34.3515
v -30.1575 		-10.774 		34.3345
v -30.4835 		-11.172 		34.5545
v -18.2495 		-14.956 		26.8735
v -18.2495 		-14.822 		26.8305
v -18.3925 		-14.958 		26.8865
v -46.9765 		-12.735 		25.9225
v -18.3925 		-14.83 		26.8445
v -46.9615 		-12.654 		26.0265
v -46.2635 		-12.652 		25.9035
v -46.8275 		-12.77 		25.8195
v -46.5005 		-12.75 		25.7545
v -46.9945 		-12.852 		25.8615
v -17.5555 		-15.272 		27.0725
v -17.5555 		-15.174 		27.0225
v -46.3265 		-13.004 		25.5975
v -17.5555 		-15.071 		26.9765
v -46.1485 		-13.364 		25.6395
v -17.6765 		-15.308 		27.0615
v -46.4115 		-13.421 		25.8395
v -17.6765 		-15.198 		27.0055
v -17.6765 		-15.081 		26.9535
v -47.1005 		-12.973 		25.9585
v -47.1305 		-13.065 		26.0095
v -47.0655 		-13.111 		25.9345
v -46.8875 		-13.14 		25.8095
v -46.7115 		-12.932 		25.7025
v -46.6735 		-13.388 		26.0085
v -17.8105 		-15.335 		27.0545
v -17.8105 		-15.215 		26.9925
v -17.8105 		-15.088 		26.9365
v -44.4365 		-13.711 		26.2755
v -44.5955 		-13.182 		26.4195
v -17.9535 		-15.351 		27.0495
v -17.9535 		-15.225 		26.9855
v -45.0405 		-12.922 		26.3425
v -17.9535 		-15.092 		26.9265
v -43.4455 		-13.307 		26.1685
v -44.5965 		-13.012 		26.1485
v -44.2715 		-13.168 		26.3065
v -17.5555 		-15.362 		27.1245
v -44.2725 		-13.844 		26.1695
v -46.0235 		-12.706 		26.3575
v -46.0195 		-12.662 		26.1435
v -17.6765 		-15.41 		27.1215
v -45.4435 		-12.771 		26.1275
v -45.5405 		-12.942 		26.4855
v -45.4195 		-13.709 		26.2655
v -17.8105 		-15.445 		27.1185
v -18.7186 		-15.4791 		27.416
v -18.7144 		-15.4765 		27.4189
v -18.7355 		-15.4565 		27.4097
v -18.7195 		-15.488 		27.4112
v -18.7363 		-15.4558 		27.4093
v -18.7525 		-15.4406 		27.4023
v -18.7525 		-15.451 		27.4005
v -18.7529 		-15.4401 		27.402
v -17.9535 		-15.466 		27.1165
v -46.0835 		-13.61 		26.2275
v -45.6225 		-13.715 		26.0825
v -18.7319 		-15.4946 		27.3979
v -17.6765 		-15.498 		27.1815
v -18.7207 		-15.4988 		27.4053
v -46.3165 		-12.792 		26.4915
v -46.5135 		-12.678 		26.4315
v -46.8735 		-12.69 		26.4055
v -47.0315 		-12.659 		26.1395
v -18.5265 		-15.678 		27.4355
v -18.4998 		-15.6842 		27.4469
v -47.0325 		-12.7 		26.3385
v -18.5265 		-15.6728 		27.4417
v -47.1045 		-12.767 		26.2035
v -18.6075 		-15.6205 		27.4189
v -47.1335 		-12.887 		26.1265
v -18.6258 		-15.6087 		27.4138
v -18.6475 		-15.5949 		27.4078
v -18.6475 		-15.599 		27.4025
v -18.6483 		-15.5941 		27.4075
v -20.6355 		-16.732 		29.0405
v -21.3595 		-16.169 		28.8325
v -20.4925 		-14.476 		26.5185
v -21.2715 		-16.773 		29.0095
v -20.1315 		-14.693 		26.8505
v -19.6765 		-14.539 		26.8855
v -21.0695 		-16.984 		29.2585
v -20.4705 		-14.974 		27.5165
v -20.5265 		-14.929 		27.6225
v -20.6425 		-16.588 		30.0875
v -21.3565 		-17.081 		29.9395
v -20.9665 		-17.027 		29.5055
v -22.0545 		-16.174 		28.8905
v -21.9665 		-16.745 		28.9055
v -22.3805 		-16.298 		29.1285
v -22.4695 		-16.333 		29.7325
v -21.5965 		-16.997 		30.0975
v -21.9895 		-17.166 		29.0725
v -22.0285 		-17.456 		29.3425
v -21.6915 		-17.346 		29.7675
v -25.8725 		-17.903 		25.5855
v -17.8105 		-15.541 		27.1835
v -46.4995 		-13.065 		26.4335
v -17.9535 		-15.567 		27.1855
v -46.2075 		-13.583 		26.1015
v -18.1015 		-15.356 		27.0475
v -18.1015 		-15.228 		26.9825
v -46.9085 		-13.068 		26.3645
v -47.0835 		-13.215 		26.2175
v -47.1515 		-13.053 		26.1165
v -18.1015 		-15.094 		26.9225
v -18.2495 		-15.351 		27.0495
v -18.2495 		-15.225 		26.9855
v -47.1275 		-13.156 		26.1085
v -46.9855 		-13.274 		26.0915
v -18.2495 		-15.092 		26.9265
v -46.7585 		-13.324 		26.3185
v -46.8705 		-13.342 		26.2395
v -18.3925 		-15.335 		27.0545
v -18.3925 		-15.215 		26.9925
v -37.7135 		-16.05 		21.6205
v -37.4745 		-16.024 		21.9525
v -37.4825 		-16.274 		21.8745
v -18.3925 		-15.088 		26.9365
v -37.5315 		-16.044 		21.6095
v -37.9245 		-16.347 		21.1205
v -37.1415 		-16.172 		21.9265
v -24.8505 		-17.373 		25.9405
v -18.1015 		-15.473 		27.1165
v -26.0615 		-18.359 		25.4965
v -25.1745 		-18.284 		25.8965
v -18.2495 		-15.466 		27.1165
v -26.5605 		-18.777 		25.4445
v -18.3925 		-15.445 		27.1185
v -26.5395 		-18.9 		25.7725
v -25.7485 		-18.606 		25.8575
v -18.7525 		-12.503 		31.7485
v -18.7525 		-12.5 		31.7775
v -18.1015 		-15.576 		27.1855
v -38.1735 		-16.435 		21.0325
v -38.1195 		-16.255 		21.1145
v -18.7525 		-12.513 		31.8115
v -18.7525 		-12.54 		31.8505
v -38.2055 		-16.365 		20.8205
v -18.2495 		-15.567 		27.1855
v -38.3245 		-16.385 		20.8275
v -38.3335 		-16.461 		20.8135
v -18.3925 		-15.541 		27.1835
v -22.7105 		-16.045 		26.8845
v -18.8375 		-12.615 		31.7955
v -22.7165 		-16.391 		26.6895
v -18.7768 		-12.5506 		31.7421
v -18.778 		-12.553 		31.742
v -18.7797 		-12.5553 		31.7429
v -22.9955 		-16.499 		27.8305
v -17.5555 		-14.407 		26.9795
v -17.5555 		-15.441 		27.1785
v -24.4545 		-16.632 		26.4315
v -17.5555 		-15.506 		27.2305
v -17.6765 		-15.572 		27.2405
v -17.8105 		-15.621 		27.2485
v -23.9015 		-17.231 		26.1975
v -17.9535 		-15.651 		27.2525
v -23.8805 		-17.614 		26.2625
v -38.3245 		-16.404 		20.7375
v -38.2945 		-16.454 		20.7245
v -38.3265 		-16.475 		20.7405
v -38.3655 		-16.446 		20.7355
v -38.3435 		-16.433 		20.6955
v -38.3435 		-16.458 		20.6955
v -31.1835 		-18.967 		25.0515
v -31.1955 		-19.314 		24.7805
v -19.9775 		-14.948 		27.1855
v -31.4195 		-20.084 		24.9205
v -20.3955 		-15.059 		27.4535
v -20.4765 		-15.514 		27.3475
v -31.6585 		-19.322 		25.2225
v -20.1735 		-15.724 		27.3365
v -31.5665 		-19.832 		25.6325
v -31.5485 		-19.893 		25.6345
v -20.4055 		-15.008 		27.4205
v -20.2245 		-15.212 		27.3795
v -19.5575 		-15.605 		27.3445
v -32.1715 		-19.289 		24.8945
v -32.5895 		-19.971 		24.5075
v -19.9825 		-15.106 		27.2795
v -32.5965 		-19.922 		25.2525
v -20.5115 		-14.129 		29.4865
v -20.5145 		-14.155 		29.5935
v -20.4785 		-14.03 		29.6165
v -31.8045 		-19.991 		24.6455
v -21.2555 		-11.952 		27.9495
v -20.8475 		-11.993 		27.7835
v -33.1295 		-19.687 		24.6785
v -33.7905 		-20.022 		24.4815
v -33.3475 		-19.966 		24.8295
v -32.5255 		-20.192 		25.4025
v -32.3655 		-20.355 		24.7505
v -32.5105 		-20.311 		25.2485
v -31.6175 		-20.121 		25.1665
v -31.9065 		-20.155 		24.7075
v -34.4425 		-21.051 		23.9215
v -34.4085 		-21.214 		23.9765
v -32.8545 		-20.344 		24.4455
v -32.8355 		-20.466 		24.5165
v -33.5445 		-20.403 		24.2625
v -18.7525 		-12.582 		31.8925
v -33.7715 		-20.892 		24.2875
v -18.7525 		-12.636 		31.9365
v -18.8375 		-12.613 		31.8175
v -18.8375 		-12.623 		31.8445
v -33.5005 		-20.767 		24.6805
v -18.8375 		-12.644 		31.8745
v -33.0185 		-20.31 		25.2585
v -33.5425 		-20.6 		25.0575
v -33.9795 		-20.296 		24.6045
v -34.1285 		-20.46 		24.1525
v -34.3155 		-20.728 		24.6245
v -18.8375 		-12.676 		31.9075
v -18.8375 		-12.719 		31.9415
v -33.8815 		-20.694 		24.9285
v -34.3585 		-20.381 		24.2555
v -34.7015 		-20.761 		24.2665
v -34.6105 		-21.105 		24.5455
v -18.9005 		-12.738 		31.8615
v -34.5855 		-21.148 		24.5445
v -18.9005 		-12.744 		31.8805
v -18.9005 		-12.759 		31.9005
v -34.4975 		-21.207 		24.4425
v -34.3405 		-21.188 		24.2875
v -18.9005 		-12.781 		31.9235
v -32.0495 		-20.705 		29.5845
v -31.6645 		-20.653 		29.2505
v -31.9765 		-21.46 		29.6595
v -18.9385 		-12.893 		31.9405
v -32.3315 		-21.558 		30.0255
v -18.5265 		-12.925 		32.1575
v -31.8495 		-21.494 		29.8875
v -18.6475 		-12.733 		32.0385
v -21.2685 		-12.129 		27.3275
v -18.6475 		-12.831 		32.0885
v -20.7135 		-12.922 		27.3815
v -20.9085 		-13.633 		27.0125
v -21.0565 		-13.817 		26.6465
v -18.7525 		-12.702 		31.9815
v -18.7525 		-12.777 		32.0255
v -18.8375 		-12.77 		31.9765
v -20.8405 		-13.293 		28.0375
v -20.7955 		-13.372 		27.8245
v -18.7525 		-12.86 		32.0675
v -20.7055 		-13.411 		27.8495
v -18.8375 		-12.829 		32.0105
v -20.6815 		-13.38 		27.7005
v -18.8375 		-12.893 		32.0435
v -20.6655 		-13.532 		27.2985
v -18.9005 		-12.81 		31.9465
v -18.9005 		-12.845 		31.9705
v -20.8725 		-13.526 		27.6375
v -20.8525 		-13.449 		27.9205
v -20.6425 		-13.495 		27.7445
v -20.6625 		-13.465 		27.8275
v -20.7385 		-13.557 		27.8215
v -20.8715 		-13.591 		27.8605
v -20.9655 		-13.934 		27.8235
v -21.3335 		-13.261 		27.5445
v -21.0565 		-13.325 		27.7145
v -21.1965 		-13.411 		28.0275
v -21.1045 		-13.221 		27.9505
v -21.4075 		-13.568 		27.2355
v -21.3435 		-13.603 		27.8855
v -21.2505 		-13.801 		27.8905
v -21.1005 		-13.578 		27.5965
v -21.7475 		-13.903 		27.8745
v -22.3745 		-13.11 		27.3715
v -22.1015 		-13.594 		27.8655
v -20.6625 		-12.295 		28.6085
v -20.6825 		-12.519 		28.8355
v -20.7255 		-12.617 		28.8595
v -20.6045 		-12.55 		28.9065
v -20.5725 		-12.53 		28.9775
v -33.1655 		-21.118 		29.6345
v -33.1545 		-21.094 		29.9825
v -33.1455 		-21.193 		29.3505
v -18.9005 		-12.885 		31.9935
v -33.1305 		-21.541 		29.4335
v -18.9385 		-12.908 		31.9525
v -18.9385 		-12.925 		31.9645
v -32.9375 		-21.716 		29.6185
v -33.2715 		-21.947 		29.7855
v -32.9225 		-21.826 		29.9125
v -18.7845 		-12.553 		31.7425
v -18.5265 		-12.328 		31.6755
v -18.5265 		-12.3516 		31.6472
v -18.6 		-12.3985 		31.6674
v -18.6208 		-12.4121 		31.6732
v -18.6268 		-12.416 		31.6749
v -18.5334 		-12.356 		31.6491
v -18.6475 		-12.406 		31.7085
v -18.6475 		-12.403 		31.7425
v -20.5795 		-12.5 		29.0435
v -18.6475 		-12.428 		31.6815
v -18.6438 		-12.427 		31.6797
v -18.6475 		-12.4295 		31.6808
v -18.6632 		-12.4431 		31.6875
v -18.6975 		-12.4728 		31.7022
v -18.7293 		-12.5004 		31.7158
v -18.7355 		-12.5059 		31.7185
v -20.6525 		-12.438 		29.0975
v -18.7525 		-12.5207 		31.7258
v -18.7539 		-12.5224 		31.7267
v -20.6385 		-12.605 		29.0945
v -18.7545 		-12.5232 		31.7272
v -18.7714 		-12.544 		31.7385
v -20.6975 		-12.706 		28.8805
v -20.6715 		-12.719 		28.9495
v -20.7545 		-12.921 		28.7405
v -20.8635 		-12.75 		28.7375
v -21.5325 		-12.092 		28.2525
v -18.7815 		-12.5577 		31.7439
v -21.4615 		-12.344 		28.5685
v -21.0545 		-12.586 		28.7555
v -18.9005 		-12.749 		31.8345
v -18.9005 		-12.739 		31.8465
v -21.1595 		-12.785 		28.5555
v -18.9385 		-12.872 		31.9015
v -18.9385 		-12.871 		31.9095
v -18.9385 		-12.874 		31.9185
v -18.9385 		-12.881 		31.9285
v -18.8355 		-12.6282 		31.7759
v -18.8375 		-12.6308 		31.7771
v -18.8375 		-12.63 		31.7775
v -18.8376 		-12.6309 		31.7772
v -18.8042 		-12.5872 		31.7571
v -18.7857 		-12.5633 		31.7461
v -18.8578 		-12.672 		31.7941
v -18.8825 		-12.7221 		31.8148
v -18.8834 		-12.7239 		31.8155
v -18.8892 		-12.736 		31.8205
v -18.8997 		-12.7575 		31.8293
v -18.9327 		-12.8658 		31.8815
v -18.9385 		-12.8815 		31.8925
v -18.9385 		-12.876 		31.8955
v -18.9386 		-12.8823 		31.893
v -18.9421 		-12.912 		31.9124
v -18.9005 		-12.7591 		31.83
v -18.9092 		-12.7919 		31.8422
v -18.9114 		-12.8 		31.8453
v -18.9295 		-12.8571 		31.8754
v -18.9129 		-12.8054 		31.8473
v -18.9145 		-12.8119 		31.8497
v -18.9249 		-12.8452 		31.867
v -18.9191 		-12.8306 		31.8567
v -18.9321 		-12.864 		31.8802
v -20.7255 		-12.494 		29.1565
v -20.7095 		-12.651 		29.2625
v -20.6975 		-12.572 		29.2045
v -20.8635 		-12.501 		29.3375
v -20.7945 		-12.55 		29.5645
v -20.7875 		-12.614 		29.5825
v -20.9685 		-12.558 		29.9155
v -20.8435 		-12.492 		29.9255
v -20.8985 		-12.634 		29.7395
v -21.1345 		-12.337 		29.9385
v -21.2835 		-12.713 		29.8315
v -21.1595 		-12.398 		29.4895
v -21.0545 		-12.398 		29.2075
v -19.1565 		-12.5 		31.7755
v -19.2325 		-12.811 		31.9035
# 3595 vertices

g group_0_0

usemtl color_0
s 0

f 54 	2743 	2745
f 83 	89 	24
f 89 	276 	46
f 89 	46 	24
f 87 	89 	83
f 87 	273 	89
f 89 	273 	276
f 144 	134 	503
f 145 	146 	36
f 145 	149 	150
f 145 	150 	146
f 36 	146 	34
f 150 	164 	146
f 149 	144 	150
f 144 	149 	134
f 144 	157 	150
f 146 	161 	34
f 146 	164 	161
f 164 	165 	161
f 161 	165 	168
f 150 	157 	164
f 135 	498 	134
f 496 	134 	498
f 134 	496 	503
f 272 	273 	86
f 87 	86 	273
f 287 	273 	272
f 276 	277 	54
f 276 	54 	46
f 284 	277 	289
f 2742 	277 	284
f 273 	287 	289
f 276 	273 	289
f 287 	283 	284
f 287 	284 	289
f 289 	277 	276
f 298 	292 	294
f 294 	300 	298
f 83 	300 	87
f 83 	298 	300
f 305 	3161 	304
f 306 	3161 	307
f 308 	292 	291
f 313 	314 	294
f 380 	165 	164
f 164 	157 	380
f 380 	534 	165
f 168 	165 	385
f 488 	490 	313
f 308 	313 	294
f 294 	292 	308
f 300 	294 	314
f 555 	551 	410
f 410 	300 	314
f 409 	86 	410
f 87 	300 	410
f 410 	86 	87
f 559 	560 	409
f 86 	409 	414
f 560 	420 	414
f 414 	427 	272
f 414 	272 	86
f 559 	409 	558
f 414 	409 	560
f 417 	418 	414
f 417 	414 	420
f 434 	414 	433
f 414 	425 	427
f 425 	414 	424
f 423 	424 	414
f 422 	423 	414
f 429 	427 	425
f 421 	422 	414
f 429 	430 	427
f 432 	414 	418
f 414 	432 	433
f 421 	414 	434
f 287 	272 	427
f 440 	438 	439
f 442 	438 	440
f 3297 	438 	446
f 442 	445 	438
f 445 	446 	438
f 448 	287 	427
f 438 	448 	455
f 457 	455 	448
f 448 	438 	283
f 448 	283 	287
f 427 	430 	448
f 453 	448 	430
f 455 	456 	438
f 456 	439 	438
f 453 	457 	448
f 467 	3035 	468
f 476 	3155 	475
f 485 	484 	2856
f 313 	2856 	484
f 484 	486 	313
f 486 	488 	313
f 549 	314 	491
f 490 	491 	314
f 549 	550 	314
f 314 	313 	490
f 314 	555 	410
f 556 	557 	409
f 494 	495 	3554
f 504 	505 	496
f 503 	496 	505
f 495 	499 	3554
f 513 	514 	497
f 497 	514 	498
f 515 	498 	514
f 504 	496 	515
f 515 	496 	498
f 516 	503 	506
f 505 	506 	503
f 516 	157 	144
f 516 	144 	503
f 506 	507 	516
f 517 	523 	511
f 157 	516 	519
f 507 	519 	516
f 507 	508 	519
f 521 	519 	508
f 508 	509 	521
f 522 	521 	509
f 509 	510 	522
f 523 	522 	510
f 528 	523 	517
f 510 	511 	523
f 527 	528 	518
f 517 	518 	528
f 545 	543 	531
f 532 	530 	528
f 531 	533 	545
f 532 	528 	527
f 534 	380 	521
f 165 	534 	385
f 380 	157 	519
f 519 	521 	380
f 521 	522 	534
f 542 	540 	523
f 523 	528 	542
f 774 	775 	545
f 534 	540 	385
f 385 	540 	538
f 540 	542 	538
f 528 	543 	542
f 530 	531 	543
f 543 	528 	530
f 534 	522 	540
f 522 	523 	540
f 555 	314 	550
f 409 	551 	552
f 409 	410 	551
f 554 	556 	409
f 552 	554 	409
f 557 	558 	409
f 543 	579 	578
f 538 	542 	578
f 543 	578 	542
f 579 	543 	545
f 1010 	579 	580
f 579 	545 	580
f 1010 	580 	583
f 583 	580 	588
f 582 	583 	581
f 581 	583 	584
f 583 	585 	584
f 583 	588 	586
f 583 	586 	585
f 775 	781 	545
f 780 	779 	545
f 588 	784 	589
f 590 	588 	589
f 786 	787 	588
f 580 	776 	588
f 592 	588 	591
f 586 	588 	592
f 588 	590 	591
f 593 	591 	590
f 533 	690 	545
f 545 	690 	774
f 778 	776 	777
f 776 	545 	779
f 781 	780 	545
f 776 	779 	782
f 776 	782 	777
f 776 	580 	545
f 778 	783 	588
f 778 	588 	776
f 785 	588 	787
f 784 	588 	785
f 588 	783 	786
f 962 	965 	2609
f 962 	966 	965
f 34 	966 	962
f 966 	974 	965
f 168 	974 	966
f 34 	161 	966
f 161 	168 	966
f 968 	975 	970
f 974 	968 	965
f 974 	975 	968
f 983 	974 	168
f 983 	975 	974
f 982 	970 	975
f 975 	984 	982
f 984 	975 	983
f 984 	989 	982
f 538 	984 	983
f 983 	168 	385
f 385 	538 	983
f 970 	982 	987
f 984 	578 	989
f 984 	538 	578
f 578 	579 	989
f 989 	579 	1010
f 992 	994 	995
f 2646 	992 	995
f 1005 	1001 	992
f 992 	997 	994
f 2646 	995 	998
f 987 	982 	1004
f 1004 	992 	987
f 997 	992 	1001
f 1001 	1002 	1003
f 1004 	1005 	992
f 1001 	1005 	1002
f 1007 	1002 	1005
f 1004 	982 	989
f 989 	1010 	1004
f 1004 	1010 	1005
f 1005 	1009 	1007
f 1005 	583 	1009
f 582 	1009 	583
f 1005 	1010 	583
f 1047 	1058 	1050
f 1057 	1047 	1046
f 1057 	1058 	1047
f 1060 	1052 	1050
f 1060 	1050 	1058
f 1060 	1366 	1052
f 1069 	1125 	1046
f 1124 	1069 	1066
f 1124 	1125 	1069
f 1124 	1135 	1125
f 1057 	1046 	1125
f 1135 	1124 	1144
f 1125 	1136 	1057
f 1058 	1057 	1140
f 1066 	1131 	1124
f 1162 	1143 	1131
f 1131 	1144 	1124
f 1131 	1143 	1144
f 1135 	1136 	1125
f 1057 	1136 	1140
f 1143 	1175 	1144
f 1144 	1150 	1135
f 1144 	1175 	1150
f 1135 	1377 	1136
f 1135 	1150 	1377
f 1151 	1160 	1161
f 1151 	1161 	1154
f 1154 	1162 	1158
f 1154 	1161 	1162
f 1158 	1131 	1066
f 1158 	1162 	1131
f 1167 	1162 	1161
f 1143 	1162 	1167
f 1171 	1143 	1167
f 1167 	1170 	1171
f 1171 	1175 	1143
f 1170 	1527 	1171
f 1527 	1517 	1171
f 1180 	1161 	1160
f 1160 	1184 	1180
f 1167 	1161 	1180
f 1302 	1180 	1184
f 1170 	1167 	1180
f 1180 	1302 	1170
f 1302 	1524 	1170
f 1520 	1524 	1302
f 1524 	1527 	1170
f 1140 	1136 	1381
f 1381 	1382 	1140
f 1845 	1846 	1308
f 1053 	1311 	3160
f 1308 	1370 	1312
f 1312 	1372 	1315
f 2362 	2356 	1329
f 1329 	1348 	2361
f 1329 	1333 	1334
f 1333 	1329 	2347
f 1413 	1419 	1334
f 2326 	2327 	1339
f 1341 	1342 	1339
f 1343 	1342 	1357
f 1356 	1341 	1348
f 1348 	1360 	1356
f 1334 	1360 	1348
f 1341 	1356 	1342
f 1356 	1357 	1342
f 1343 	1357 	1359
f 1348 	1329 	1334
f 1360 	1362 	1356
f 1360 	1420 	1362
f 1356 	1362 	1357
f 1362 	1365 	1357
f 1053 	1367 	1311
f 1357 	1365 	1359
f 1365 	1395 	1359
f 1366 	1053 	1052
f 1367 	1053 	1366
f 1420 	1423 	1362
f 1362 	1423 	1365
f 1308 	1839 	1369
f 1369 	1370 	1308
f 1060 	1373 	1366
f 1342 	1368 	1339
f 1373 	1060 	1371
f 1342 	1343 	1368
f 1368 	1343 	1369
f 1140 	1371 	1058
f 1371 	1060 	1058
f 1371 	1140 	1382
f 1372 	1312 	1370
f 1315 	1372 	1376
f 1372 	1370 	1375
f 1369 	1374 	1370
f 1343 	1374 	1369
f 1375 	1370 	1374
f 1381 	1136 	1377
f 1372 	1378 	1376
f 1372 	1375 	1378
f 1393 	1378 	1375
f 1393 	1394 	1378
f 1321 	1315 	1376
f 1382 	1383 	1371
f 1384 	1321 	1376
f 1321 	1384 	1323
f 1373 	1371 	1383
f 1325 	1323 	1385
f 1384 	1385 	1323
f 1377 	1508 	1509
f 1377 	1509 	1381
f 1376 	1378 	1389
f 1378 	1394 	1389
f 1382 	1381 	1512
f 1509 	1512 	1381
f 1389 	1384 	1376
f 1389 	1390 	1384
f 1385 	1384 	1390
f 1390 	1388 	1385
f 1150 	1175 	1507
f 1390 	1402 	1388
f 1359 	1374 	1343
f 1359 	1392 	1374
f 1508 	1377 	1150
f 1359 	1395 	1392
f 1375 	1374 	1392
f 1375 	1392 	1393
f 1382 	1512 	1687
f 1383 	1382 	1687
f 1517 	1175 	1171
f 1395 	1396 	1392
f 1392 	1396 	1393
f 1396 	1397 	1393
f 1393 	1397 	1394
f 1395 	1365 	1453
f 1389 	1403 	1390
f 1403 	1389 	1394
f 1403 	1402 	1390
f 1403 	1405 	1402
f 1408 	1403 	1394
f 1394 	1397 	1408
f 1405 	1403 	1408
f 1449 	1405 	1408
f 1333 	2350 	1412
f 1412 	1413 	1333
f 1333 	1413 	1334
f 1419 	1360 	1334
f 1412 	1415 	1413
f 1414 	1415 	1412
f 2339 	1417 	1414
f 1419 	1420 	1360
f 1420 	1437 	1423
f 1436 	1437 	1420
f 1436 	1420 	1419
f 1423 	1437 	1634
f 1413 	1415 	1419
f 1435 	1419 	1415
f 1435 	1436 	1419
f 1435 	1442 	1436
f 1417 	1439 	1414
f 1414 	1439 	1415
f 1439 	1441 	1415
f 1415 	1441 	1435
f 1441 	1442 	1435
f 1436 	1444 	1437
f 1442 	1444 	1436
f 1444 	1640 	1437
f 1439 	3209 	1441
f 1150 	1507 	1508
f 1850 	1512 	1509
f 1512 	1850 	1851
f 1517 	1507 	1175
f 1507 	1517 	1539
f 1508 	1507 	1848
f 1508 	1849 	1509
f 1508 	1848 	1849
f 1520 	1543 	1545
f 1524 	1520 	1545
f 1527 	1524 	1547
f 1545 	1547 	1524
f 1527 	1538 	1517
f 1538 	1539 	1517
f 1848 	1507 	1539
f 1520 	2181 	1543
f 1538 	1527 	1547
f 1551 	1552 	307
f 1551 	1553 	1552
f 1557 	1551 	1311
f 1557 	1555 	1553
f 1557 	1553 	1551
f 1557 	1311 	1367
f 1563 	1564 	1557
f 1557 	1558 	1555
f 1366 	1667 	1367
f 1558 	1557 	1564
f 1563 	1566 	1564
f 1365 	1423 	1453
f 1395 	1567 	1396
f 1453 	1567 	1395
f 1567 	1568 	1396
f 1636 	1638 	1567
f 1568 	1397 	1396
f 1568 	1569 	1397
f 1569 	1408 	1397
f 1569 	1449 	1408
f 1423 	1634 	1453
f 1453 	1636 	1567
f 1568 	1567 	1638
f 1648 	1449 	1569
f 1437 	1640 	1634
f 1634 	1636 	1453
f 1634 	1641 	1636
f 1640 	1641 	1634
f 1636 	1642 	1638
f 1641 	1642 	1636
f 1642 	1656 	1638
f 1640 	1444 	3212
f 3212 	1444 	3211
f 1649 	1569 	1568
f 1638 	1649 	1568
f 1649 	1648 	1569
f 1656 	1654 	1649
f 1649 	1654 	1648
f 1649 	1638 	1656
f 3219 	1656 	1642
f 1641 	3217 	1642
f 1325 	1385 	1659
f 1385 	1388 	1659
f 1402 	2590 	1388
f 1402 	1405 	2594
f 2594 	2590 	1402
f 1405 	1449 	2601
f 2601 	2594 	1405
f 2605 	2601 	1449
f 1449 	1648 	2605
f 1648 	1654 	2609
f 1669 	1557 	1367
f 1696 	1666 	1563
f 1563 	1666 	1566
f 1366 	1373 	1667
f 1367 	1667 	1669
f 1667 	1674 	1669
f 1667 	1673 	1674
f 1673 	1373 	1383
f 1373 	1673 	1667
f 1383 	1688 	1673
f 1688 	1383 	1687
f 1851 	1687 	1512
f 1688 	1853 	1717
f 1700 	1563 	1669
f 1697 	1702 	1698
f 1697 	1696 	1702
f 1563 	1702 	1696
f 1702 	1563 	1700
f 1557 	1669 	1563
f 1702 	1704 	1699
f 1702 	1699 	1698
f 1702 	1712 	1704
f 1706 	1700 	1669
f 1669 	1674 	1706
f 1700 	1706 	1709
f 1702 	1700 	1709
f 1711 	1705 	1712
f 2006 	1711 	1712
f 1705 	1704 	1712
f 1673 	1688 	1717
f 1673 	1717 	1674
f 1674 	1719 	1706
f 1674 	1717 	1719
f 1702 	1709 	1712
f 2008 	2009 	1712
f 1709 	1706 	1720
f 1706 	1719 	1720
f 1709 	1720 	1722
f 1847 	1844 	1312
f 1720 	1946 	1722
f 1315 	1321 	1799
f 1709 	1722 	1712
f 1321 	1801 	1799
f 1321 	1323 	1801
f 1956 	2023 	1855
f 2090 	2087 	1803
f 1801 	1803 	2087
f 1509 	1849 	1850
f 2093 	2094 	1805
f 1803 	1801 	1323
f 1323 	1325 	1803
f 1803 	1325 	1805
f 1325 	1824 	1805
f 1814 	1815 	1820
f 1813 	1820 	1812
f 1820 	1813 	1814
f 1805 	1820 	2098
f 1805 	1824 	1820
f 1821 	2111 	1820
f 1821 	1826 	2222
f 1820 	1822 	1821
f 1824 	1822 	1820
f 1824 	1837 	1822
f 1824 	1659 	1837
f 1822 	1828 	1821
f 1821 	1828 	1826
f 1828 	1831 	1826
f 1828 	2566 	1831
f 1828 	1822 	2366
f 1325 	1659 	1824
f 2367 	1837 	1659
f 2367 	2368 	1837
f 1839 	1308 	2317
f 1843 	1845 	1308
f 1843 	1308 	1844
f 2318 	2317 	1308
f 1846 	2318 	1308
f 1308 	1312 	1844
f 1847 	1312 	1841
f 1853 	1854 	1717
f 1720 	1719 	1942
f 1942 	1946 	1720
f 1687 	1852 	1688
f 1851 	1852 	1687
f 1688 	1852 	1853
f 1719 	1717 	1854
f 1712 	1722 	1855
f 1855 	2008 	1712
f 1854 	1942 	1719
f 1855 	1722 	1948
f 1946 	1948 	1722
f 1949 	1956 	1855
f 1855 	1948 	1949
f 1948 	2270 	1949
f 2008 	1855 	2023
f 2023 	1956 	1953
f 1956 	2265 	1953
f 1968 	1974 	1967
f 1968 	1969 	1975
f 1974 	1968 	1975
f 1712 	2005 	2006
f 1712 	2007 	2005
f 2007 	1712 	2009
f 2013 	2010 	2008
f 2015 	2014 	2008
f 2009 	2008 	2011
f 2010 	2011 	2008
f 2016 	2008 	2023
f 2013 	2008 	2014
f 2016 	2017 	2008
f 2015 	2008 	2017
f 2016 	2023 	2018
f 2019 	2020 	2021
f 2020 	2022 	2021
f 2025 	2021 	2022
f 2018 	2023 	2024
f 2023 	2021 	2025
f 2023 	2025 	2024
f 2023 	1953 	2021
f 1976 	1970 	1977
f 2061 	1967 	1974
f 1975 	1969 	1976
f 1976 	1969 	1970
f 1970 	1971 	1977
f 2060 	1972 	2061
f 1973 	1972 	2060
f 1967 	2061 	1972
f 1975 	2051 	2050
f 2051 	1976 	2217
f 1975 	1976 	2051
f 2412 	2056 	2050
f 2061 	2050 	2056
f 2050 	2061 	1974
f 1974 	1975 	2050
f 2058 	2048 	1973
f 2058 	1973 	2060
f 1841 	2081 	1842
f 2080 	1842 	2081
f 2336 	2334 	1799
f 1312 	2081 	1841
f 2081 	1315 	1799
f 1312 	1315 	2081
f 2079 	2331 	1799
f 2079 	1799 	2078
f 2084 	2078 	1799
f 2085 	1801 	2086
f 2085 	2084 	1801
f 2084 	1799 	1801
f 1801 	2087 	2086
f 2088 	1803 	2089
f 2090 	1803 	2088
f 2089 	1805 	2094
f 1803 	1805 	2089
f 2093 	1805 	2095
f 2098 	2096 	1805
f 2319 	2330 	1839
f 1369 	1839 	1368
f 1815 	2098 	1820
f 2095 	1805 	2096
f 2112 	2111 	1821
f 1812 	1820 	2111
f 2171 	2174 	2172
f 2171 	2173 	2174
f 2172 	1160 	1151
f 2174 	1160 	2172
f 1184 	1160 	2174
f 2173 	2175 	2176
f 2175 	2178 	2176
f 2173 	2176 	2174
f 1184 	2174 	2176
f 2377 	2177 	2175
f 2178 	2175 	2177
f 2176 	2178 	2179
f 2178 	2180 	2181
f 2178 	2181 	2179
f 2176 	2179 	1184
f 2179 	1302 	1184
f 2178 	2177 	2180
f 2067 	2058 	2068
f 2068 	2060 	2069
f 2068 	2058 	2060
f 2069 	2061 	2056
f 2069 	2060 	2061
f 2198 	2058 	2067
f 2198 	2048 	2058
f 2199 	3094 	3096
f 2199 	3096 	2064
f 2198 	2204 	2064
f 2064 	2048 	2198
f 2429 	2203 	2200
f 2200 	2204 	2201
f 2204 	2200 	2203
f 2201 	2204 	2198
f 2204 	2199 	2064
f 2201 	2198 	2067
f 2202 	2205 	2206
f 2202 	2206 	2203
f 2204 	2203 	2199
f 2203 	2206 	2199
f 3094 	2199 	2206
f 2201 	2423 	2200
f 2207 	2205 	2202
f 2205 	2207 	2208
f 2209 	2208 	2439
f 1971 	2212 	2210
f 2212 	1971 	75
f 2213 	2543 	2218
f 2218 	1977 	2213
f 2213 	2214 	2215
f 2213 	2215 	2543
f 2213 	2216 	2214
f 1977 	1971 	2213
f 2213 	2210 	2211
f 2213 	2211 	2216
f 2213 	1971 	2210
f 2217 	1976 	1977
f 2217 	1977 	2218
f 2413 	2051 	2217
f 2218 	2535 	2217
f 2067 	2068 	2416
f 1821 	2219 	2112
f 2222 	1826 	2223
f 2222 	2220 	1821
f 2219 	1821 	2220
f 2226 	1826 	2227
f 1826 	2226 	2223
f 1826 	2228 	2229
f 1826 	2229 	2227
f 2229 	2228 	2231
f 2239 	2235 	2228
f 2228 	2232 	2231
f 2228 	1826 	1831
f 1831 	2645 	2228
f 2232 	2228 	2235
f 2228 	2645 	2239
f 2241 	2645 	2242
f 2179 	1520 	1302
f 1520 	2179 	2181
f 2255 	2173 	2171
f 2255 	2256 	2173
f 2256 	2175 	2173
f 2180 	2261 	2181
f 2180 	2260 	2261
f 1543 	2181 	2261
f 2261 	2270 	1543
f 1953 	2265 	2266
f 2265 	2270 	2266
f 1956 	1949 	2265
f 2244 	2649 	2243
f 2314 	2315 	1839
f 2316 	1839 	2315
f 2317 	2314 	1839
f 2316 	2319 	1839
f 2320 	2321 	1341
f 2322 	2323 	1348
f 1348 	1341 	2322
f 2321 	2322 	1341
f 2324 	2325 	1339
f 2324 	1339 	2328
f 2325 	2326 	1339
f 1341 	1339 	2327
f 2327 	2320 	1341
f 1339 	2329 	2328
f 1368 	1839 	2330
f 1368 	2330 	2329
f 1339 	1368 	2329
f 2332 	1799 	2331
f 2333 	2080 	2081
f 2081 	2334 	2335
f 2333 	2081 	2335
f 2081 	1799 	2334
f 2336 	1799 	2332
f 1412 	2351 	1414
f 2337 	2338 	1417
f 2337 	1417 	2339
f 2352 	2339 	1414
f 2338 	2341 	1417
f 2342 	1417 	2341
f 3519 	1417 	2344
f 2342 	2344 	1417
f 2270 	2557 	2554
f 2270 	2364 	2363
f 2348 	1333 	2347
f 2347 	1329 	2358
f 1333 	2348 	2349
f 2270 	2365 	2364
f 2349 	2350 	1333
f 2270 	2259 	2365
f 2351 	1412 	2350
f 2270 	2260 	2259
f 2352 	1414 	2351
f 2270 	2261 	2260
f 2270 	1545 	1543
f 2270 	1547 	1545
f 2270 	1538 	1547
f 2270 	1539 	1538
f 2270 	1848 	1539
f 2270 	1849 	1848
f 2270 	1850 	1849
f 2270 	1851 	1850
f 2270 	1852 	1851
f 2270 	1853 	1852
f 1329 	2353 	2354
f 2354 	2355 	1329
f 2270 	1854 	1853
f 2270 	1942 	1854
f 1329 	2361 	2362
f 2353 	1329 	2356
f 2270 	1946 	1942
f 2358 	1329 	2357
f 2355 	2357 	1329
f 2270 	1948 	1946
f 2265 	1949 	2270
f 2323 	2360 	1348
f 2359 	2180 	2177
f 2360 	2361 	1348
f 2359 	2259 	2260
f 2359 	2260 	2180
f 2369 	2270 	2370
f 2270 	2372 	2370
f 2645 	1831 	2567
f 1822 	1837 	2366
f 2270 	2581 	2580
f 1828 	2366 	2566
f 2270 	2554 	2581
f 1659 	1388 	2367
f 2366 	1837 	2368
f 2367 	1388 	2590
f 2270 	2369 	2266
f 2270 	2373 	2372
f 2412 	2050 	2051
f 2411 	2419 	2056
f 2056 	2412 	2411
f 2412 	2051 	2413
f 2535 	2413 	2217
f 2419 	2411 	2631
f 2412 	2633 	2411
f 2418 	2416 	2068
f 2418 	2068 	2419
f 2069 	2419 	2068
f 2069 	2056 	2419
f 2424 	2416 	2637
f 2423 	2421 	2200
f 2201 	2424 	2423
f 2424 	2201 	2067
f 2067 	2416 	2424
f 2426 	2433 	2429
f 2426 	2429 	2421
f 2200 	2421 	2429
f 2429 	2202 	2203
f 2430 	2432 	2572
f 2430 	2439 	2432
f 2433 	2202 	2429
f 2430 	2438 	2439
f 2432 	2207 	2433
f 2439 	2207 	2432
f 2207 	2202 	2433
f 2439 	2208 	2207
f 2438 	2442 	2209
f 2438 	2209 	2439
f 2438 	2437 	2442
f 2442 	2437 	2443
f 2416 	2418 	2639
f 2826 	2825 	2423
f 2424 	2827 	2423
f 2637 	2416 	2639
f 2539 	2432 	2433
f 2539 	2433 	2426
f 2543 	2215 	2541
f 2617 	2540 	2377
f 2377 	2540 	2177
f 2543 	2544 	2545
f 2546 	2543 	2545
f 2543 	2547 	2544
f 2359 	2177 	2540
f 2543 	2541 	2542
f 2543 	2542 	2547
f 2551 	2550 	2543
f 2552 	2218 	2543
f 2548 	2364 	2365
f 2552 	2543 	2550
f 2553 	2218 	2552
f 2546 	2551 	2543
f 2359 	2540 	2549
f 2218 	2555 	2535
f 2555 	2556 	2535
f 2535 	2556 	2560
f 2218 	2553 	2555
f 2363 	2562 	2559
f 2270 	2363 	2559
f 2364 	2548 	2363
f 2549 	2548 	2365
f 2549 	2259 	2359
f 2549 	2365 	2259
f 2535 	2560 	2561
f 2413 	2634 	2412
f 2557 	2270 	2558
f 2270 	2559 	2558
f 2548 	2619 	2563
f 2419 	2640 	2418
f 2566 	2567 	1831
f 2631 	2411 	2633
f 2366 	2569 	2566
f 2826 	2423 	2827
f 2366 	2368 	2569
f 2569 	2570 	2566
f 2637 	2638 	2424
f 2566 	2570 	2567
f 2823 	2539 	2426
f 2824 	2823 	2426
f 2426 	2421 	2824
f 2591 	2592 	2368
f 2368 	2592 	2569
f 2823 	2821 	2539
f 2432 	2539 	2572
f 2563 	2562 	2363
f 2363 	2548 	2563
f 2574 	2577 	2575
f 2962 	2961 	2576
f 2430 	2572 	2575
f 2575 	2577 	2430
f 2577 	2438 	2430
f 2581 	2554 	2725
f 2437 	2438 	2577
f 2728 	2557 	2558
f 2584 	2577 	2574
f 2373 	2270 	2576
f 2579 	2576 	2270
f 2270 	2580 	2579
f 2437 	2577 	2584
f 2622 	2584 	2582
f 2437 	2584 	2622
f 2622 	2443 	2437
f 2586 	2588 	2256
f 2586 	2256 	2255
f 2367 	2591 	2368
f 2590 	2591 	2367
f 2569 	2593 	2570
f 2593 	2569 	2592
f 2597 	2593 	2592
f 2594 	2595 	2590
f 2594 	2602 	2595
f 2590 	2595 	2591
f 2591 	2596 	2592
f 2595 	2596 	2591
f 2596 	2597 	2592
f 2597 	2604 	2641
f 2567 	2570 	2598
f 2593 	2599 	2570
f 2598 	2570 	2599
f 2593 	2600 	2599
f 2597 	2600 	2593
f 2641 	2600 	2597
f 2601 	2602 	2594
f 2596 	2595 	2603
f 2602 	2603 	2595
f 2603 	2604 	2596
f 2596 	2604 	2597
f 2606 	2602 	2601
f 2606 	2607 	2602
f 2602 	2607 	2603
f 2604 	2603 	2608
f 2605 	2606 	2601
f 2605 	2610 	2606
f 2609 	2610 	2605
f 2610 	2611 	2606
f 2606 	2611 	2607
f 2603 	2607 	2608
f 1648 	2609 	2605
f 2748 	2738 	2587
f 2587 	2734 	2617
f 2587 	2617 	2588
f 2588 	2377 	2256
f 2588 	2617 	2377
f 2377 	2175 	2256
f 2582 	2589 	2622
f 2610 	968 	2611
f 2589 	2623 	2622
f 2623 	2443 	2622
f 2623 	291 	3386
f 2624 	2608 	2607
f 2626 	2623 	2589
f 308 	2626 	2856
f 2626 	308 	291
f 2626 	291 	2623
f 2535 	2561 	2630
f 2419 	2631 	2632
f 2611 	2624 	2607
f 2633 	2412 	2634
f 2413 	2535 	2635
f 2413 	2635 	2634
f 2535 	2630 	2635
f 2639 	2418 	2640
f 1654 	962 	2609
f 965 	2610 	2609
f 968 	2610 	965
f 968 	970 	2611
f 2611 	970 	2624
f 970 	987 	2624
f 2600 	2641 	2665
f 2604 	2642 	2641
f 2642 	2604 	2608
f 2608 	2624 	2643
f 2643 	2642 	2608
f 987 	992 	2643
f 2643 	2624 	987
f 2241 	2239 	2645
f 2672 	2641 	2642
f 2642 	2643 	2646
f 2646 	2643 	992
f 998 	2647 	2646
f 2649 	2244 	2645
f 2244 	2242 	2645
f 2645 	2567 	2654
f 2654 	2649 	2645
f 2648 	2649 	2650
f 2648 	2294 	2649
f 2243 	2649 	2294
f 2649 	2651 	2650
f 2651 	2649 	2652
f 2680 	2655 	2649
f 2652 	2649 	2653
f 2653 	2649 	2655
f 2654 	2680 	2649
f 2598 	2654 	2567
f 2598 	2656 	2654
f 2657 	2656 	2598
f 2598 	2599 	2657
f 2658 	2657 	2599
f 2599 	2600 	2658
f 2685 	2657 	2661
f 2660 	2661 	2659
f 2600 	2665 	2658
f 2665 	2666 	2658
f 2658 	2661 	2657
f 2659 	2661 	2662
f 2658 	2666 	2661
f 2661 	2663 	2662
f 2663 	2661 	2664
f 2666 	2664 	2661
f 2666 	2667 	2664
f 2672 	2665 	2641
f 2666 	2665 	2668
f 2669 	2665 	2670
f 2678 	2670 	2665
f 2669 	2668 	2665
f 2668 	2671 	2666
f 2666 	2671 	2667
f 2672 	2673 	2674
f 2665 	2672 	2678
f 2674 	2678 	2672
f 2672 	2676 	2675
f 2672 	2675 	2673
f 2646 	2672 	2642
f 2677 	2676 	2646
f 2646 	2676 	2672
f 2646 	2647 	2677
f 2679 	2655 	2680
f 2681 	2679 	2680
f 2680 	2682 	2681
f 2656 	2680 	2654
f 2683 	2682 	2680
f 2699 	2697 	2656
f 2684 	2656 	2686
f 2685 	2686 	2656
f 2684 	2687 	2656
f 2687 	2699 	2656
f 2656 	2657 	2685
f 2685 	2688 	2689
f 2685 	2689 	2686
f 2690 	2688 	2685
f 2685 	2691 	2690
f 2691 	2685 	2660
f 2661 	2660 	2685
f 2695 	2696 	2656
f 2680 	2656 	2696
f 2656 	2697 	2695
f 2698 	2694 	2696
f 2680 	2696 	2694
f 2683 	2680 	2694
f 2617 	2706 	2540
f 2706 	2549 	2540
f 2618 	2562 	2563
f 2619 	2618 	2563
f 2706 	2619 	2548
f 2548 	2549 	2706
f 2726 	2557 	2728
f 2726 	2554 	2557
f 2726 	2725 	2554
f 2558 	2729 	2728
f 2559 	2562 	2729
f 2729 	2558 	2559
f 2619 	2734 	2738
f 2734 	2706 	2617
f 2734 	2619 	2706
f 2747 	2736 	2738
f 2740 	2738 	2736
f 2734 	2587 	2738
f 2739 	2728 	2729
f 2740 	2618 	2738
f 2619 	2738 	2618
f 2740 	2739 	2729
f 2740 	2562 	2618
f 2740 	2729 	2562
f 277 	2743 	54
f 2742 	2743 	277
f 2742 	2748 	2743
f 2742 	2747 	2748
f 2743 	2587 	2745
f 2587 	2743 	2748
f 2745 	2588 	2586
f 2745 	2587 	2588
f 2747 	2738 	2748
f 2751 	2739 	2740
f 2751 	2740 	2736
f 2755 	2736 	2747
f 2755 	2751 	2736
f 284 	283 	2759
f 2759 	2742 	284
f 2759 	2747 	2742
f 2759 	2755 	2747
f 2419 	2632 	2640
f 2421 	2825 	2824
f 2421 	2423 	2825
f 2424 	2638 	2827
f 2834 	2828 	2829
f 2830 	2828 	2574
f 2834 	2574 	2828
f 2819 	2820 	2575
f 2820 	2830 	2575
f 2574 	2575 	2830
f 2575 	2572 	2819
f 2821 	2819 	2572
f 2572 	2539 	2821
f 2833 	2834 	2829
f 2833 	2835 	2834
f 2834 	2584 	2574
f 2582 	2584 	2834
f 2837 	2838 	2582
f 2834 	2835 	2582
f 2837 	2582 	2836
f 2836 	2582 	2835
f 2839 	2582 	2838
f 2843 	2582 	2840
f 2839 	2840 	2582
f 2843 	2589 	2582
f 2843 	2841 	2589
f 2842 	2844 	2848
f 2842 	2848 	2841
f 2841 	2848 	2589
f 2847 	2848 	2845
f 2844 	2845 	2848
f 2847 	2849 	2848
f 2850 	2851 	2856
f 2848 	2850 	2856
f 2850 	2848 	2849
f 2848 	2856 	2626
f 2626 	2589 	2848
f 2851 	2853 	2856
f 2853 	2854 	2856
f 2855 	2856 	2854
f 2855 	2857 	2856
f 2857 	485 	2856
f 2856 	313 	308
f 2893 	2894 	2907
f 2894 	2770 	2907
f 2021 	1953 	2895
f 2895 	3085 	2021
f 2897 	3085 	2895
f 2895 	2369 	2897
f 3085 	2897 	2770
f 2770 	2902 	2907
f 2897 	2902 	2770
f 2895 	1953 	2266
f 2895 	2266 	2369
f 2369 	2370 	2897
f 2902 	2897 	2370
f 2370 	2372 	2902
f 2902 	2372 	2914
f 2907 	2906 	2893
f 2907 	2902 	2914
f 3062 	2943 	2878
f 2928 	1969 	2926
f 1970 	2928 	2930
f 2938 	2928 	2926
f 2928 	2939 	2930
f 2936 	2926 	2924
f 2936 	2924 	2923
f 2936 	2938 	2926
f 2938 	2939 	2928
f 2940 	2930 	2939
f 2923 	2946 	2936
f 2936 	3018 	2938
f 2946 	3018 	2936
f 2878 	2945 	2923
f 2878 	2943 	2945
f 2946 	2923 	2945
f 2943 	2948 	2945
f 2943 	2947 	2948
f 2945 	2948 	2949
f 2945 	2949 	2946
f 2907 	2914 	2969
f 2914 	2961 	2969
f 2914 	2372 	2373
f 2961 	2914 	2373
f 2373 	2576 	2961
f 2962 	2576 	2579
f 2966 	2906 	2907
f 2966 	2907 	2967
f 2989 	2964 	2969
f 2968 	2969 	2964
f 2968 	2967 	2969
f 2907 	2969 	2967
f 2976 	2974 	2977
f 2726 	2987 	2725
f 2962 	2579 	2984
f 2985 	2984 	2580
f 2580 	2984 	2579
f 2581 	2985 	2580
f 2725 	2985 	2581
f 2986 	2985 	2725
f 2725 	2987 	2986
f 2726 	2988 	2987
f 2988 	2726 	2728
f 2988 	2728 	2739
f 2964 	2989 	2965
f 2975 	2965 	2989
f 2974 	2975 	2989
f 2989 	2977 	2974
f 2989 	2990 	2978
f 2989 	2978 	2977
f 3018 	3019 	2938
f 2938 	3019 	2939
f 2939 	3019 	3022
f 2939 	3022 	2940
f 3022 	78 	77
f 2940 	3022 	74
f 77 	74 	3022
f 3029 	3018 	2946
f 3035 	81 	3022
f 78 	3022 	79
f 80 	79 	3022
f 2949 	3029 	2946
f 3018 	3029 	3031
f 3018 	3031 	3019
f 3019 	3035 	3022
f 2989 	2969 	3053
f 3031 	3035 	3019
f 3035 	467 	81
f 80 	3022 	81
f 3054 	2990 	3053
f 2989 	3053 	2990
f 3056 	3055 	3057
f 3056 	3054 	3055
f 3053 	3055 	3054
f 3068 	3066 	3058
f 3029 	3135 	3031
f 3055 	2984 	3058
f 469 	468 	3035
f 2969 	2961 	3053
f 2961 	2962 	3053
f 3055 	3053 	2962
f 2984 	3055 	2962
f 3058 	2984 	2985
f 3058 	2985 	2986
f 3070 	3062 	2878
f 3063 	3064 	3065
f 3063 	3065 	3077
f 3067 	3055 	3066
f 3055 	3067 	3057
f 3112 	3062 	3060
f 3055 	3058 	3066
f 3058 	3069 	3068
f 3058 	2986 	3285
f 3063 	3285 	2986
f 3063 	2986 	2987
f 2924 	1968 	1967
f 3189 	3073 	2987
f 3073 	3064 	2987
f 3063 	2987 	3064
f 2988 	3189 	2987
f 2924 	1967 	3072
f 2926 	1968 	2924
f 3075 	3076 	3063
f 1969 	1968 	2926
f 3063 	3077 	3075
f 1970 	1969 	2928
f 2930 	1971 	1970
f 2930 	3383 	1971
f 3080 	3062 	3070
f 3070 	1973 	3080
f 3070 	1972 	1973
f 1967 	1972 	3072
f 2021 	3085 	2019
f 3084 	2019 	3085
f 1972 	3070 	3072
f 3085 	3088 	3084
f 3089 	2770 	3090
f 3088 	3085 	3089
f 2770 	3089 	3085
f 2770 	2894 	3090
f 3060 	3062 	3080
f 2878 	3072 	3070
f 3072 	2878 	2923
f 3072 	2923 	2924
f 3102 	3111 	3060
f 2206 	3246 	3094
f 3095 	3073 	3189
f 2048 	2064 	3099
f 2064 	3096 	3099
f 1973 	2048 	3080
f 3099 	3080 	2048
f 3094 	3101 	3096
f 3094 	3100 	3101
f 3096 	3101 	3102
f 3096 	3102 	3099
f 3099 	3102 	3060
f 3099 	3060 	3080
f 3102 	3108 	3111
f 3111 	3112 	3060
f 2943 	3062 	3112
f 2943 	3112 	2947
f 3112 	3115 	2947
f 3108 	3114 	3111
f 3108 	3113 	3114
f 3111 	3115 	3112
f 3111 	3114 	3115
f 3127 	2947 	3115
f 3117 	3101 	3100
f 3100 	3116 	3117
f 3101 	3117 	3108
f 3108 	3102 	3101
f 3116 	3121 	3123
f 3123 	3117 	3116
f 3117 	3113 	3108
f 3117 	3123 	3113
f 2947 	3129 	2948
f 2947 	3127 	3129
f 3130 	2948 	3129
f 3130 	2949 	2948
f 3127 	3139 	3141
f 3127 	3141 	3129
f 3130 	3129 	3142
f 3129 	3141 	3142
f 3130 	3133 	2949
f 2949 	3133 	3029
f 3133 	3135 	3029
f 3135 	3136 	3031
f 3035 	3031 	3136
f 3035 	470 	469
f 471 	470 	3136
f 3136 	470 	3035
f 3154 	3135 	3133
f 3155 	3136 	3154
f 474 	475 	3155
f 3155 	476 	3136
f 3136 	476 	471
f 3126 	3139 	3127
f 3144 	3145 	3139
f 3144 	1047 	3145
f 3139 	3145 	3141
f 3141 	3146 	3142
f 3141 	3145 	3146
f 1046 	1047 	3144
f 1047 	1050 	3145
f 3152 	3133 	3130
f 3152 	3130 	3142
f 3152 	3154 	3133
f 3135 	3154 	3136
f 477 	474 	3155
f 480 	478 	3155
f 3142 	3146 	3158
f 3142 	3158 	3152
f 3161 	3155 	3154
f 477 	3155 	478
f 480 	3155 	305
f 3161 	305 	3155
f 3152 	3160 	3154
f 3152 	3158 	3160
f 3160 	3161 	3154
f 306 	304 	3161
f 3146 	3145 	1050
f 1050 	1052 	3146
f 3146 	1052 	3158
f 3158 	1053 	3160
f 1052 	1053 	3158
f 3160 	1311 	3161
f 1311 	1551 	3161
f 1551 	307 	3161
f 3169 	3123 	3121
f 3121 	3167 	3169
f 3170 	3113 	3123
f 3170 	3123 	3169
f 3098 	283 	438
f 3098 	2759 	283
f 3098 	3297 	3183
f 3098 	2755 	2759
f 3098 	3183 	2755
f 3192 	2751 	3183
f 3183 	2751 	2755
f 3306 	3186 	3189
f 3187 	3189 	3186
f 3187 	3188 	3189
f 3191 	3189 	3188
f 3306 	3189 	3192
f 3192 	2739 	2751
f 3191 	3095 	3189
f 2988 	3192 	3189
f 2739 	3192 	2988
f 1417 	3221 	1439
f 3221 	3209 	1439
f 3209 	3210 	1441
f 1441 	3210 	1442
f 3211 	1444 	1442
f 3210 	3209 	3228
f 1442 	3210 	3211
f 3210 	3228 	3211
f 3214 	3212 	3211
f 3213 	3214 	3211
f 3211 	3228 	3213
f 1640 	3215 	1641
f 3212 	3215 	1640
f 3215 	3217 	1641
f 3216 	3212 	3214
f 3212 	3216 	3215
f 3464 	962 	1654
f 3113 	3170 	3218
f 1642 	3217 	3219
f 3170 	3223 	3218
f 3170 	3222 	3223
f 3113 	3218 	3114
f 1654 	1656 	3464
f 3218 	3126 	3114
f 3217 	3215 	3466
f 3126 	3115 	3114
f 3217 	3468 	3219
f 3126 	3127 	3115
f 3167 	3233 	3234
f 3167 	3234 	3169
f 1417 	3519 	3221
f 3222 	3170 	3169
f 3221 	3519 	3526
f 3218 	3224 	3126
f 3218 	3223 	3224
f 3209 	3226 	3228
f 3224 	3139 	3126
f 3222 	3225 	3227
f 3222 	3227 	3223
f 3223 	3227 	3229
f 3227 	1066 	1069
f 1069 	3229 	3227
f 3223 	3229 	3224
f 3144 	3224 	3229
f 3224 	3144 	3139
f 1158 	1066 	3225
f 3227 	3225 	1066
f 1046 	3144 	3229
f 3229 	1069 	1046
f 3222 	3169 	3234
f 3235 	3233 	3343
f 3233 	3237 	3234
f 3233 	3235 	3237
f 3234 	3237 	3225
f 3234 	3225 	3222
f 3235 	1151 	1154
f 3235 	1154 	3237
f 1158 	3225 	3237
f 3237 	1154 	1158
f 3244 	2205 	2208
f 3246 	2206 	2205
f 3246 	2205 	3244
f 3243 	3248 	3250
f 3243 	3250 	3244
f 3244 	3250 	3251
f 3251 	3246 	3244
f 3246 	3251 	3100
f 3100 	3094 	3246
f 3250 	3248 	3259
f 3260 	3251 	3250
f 3116 	3100 	3251
f 3248 	3258 	3259
f 3260 	3250 	3259
f 3251 	3260 	3116
f 3258 	3263 	3264
f 3258 	3264 	3259
f 3259 	3266 	3260
f 3259 	3264 	3266
f 3260 	3121 	3116
f 3260 	3266 	3121
f 3263 	3334 	3264
f 3244 	2208 	3243
f 2442 	3270 	2209
f 3243 	2209 	3270
f 3248 	3243 	3270
f 2209 	3243 	2208
f 3270 	3274 	3248
f 3274 	3278 	3258
f 3274 	3258 	3248
f 3279 	3280 	3281
f 3063 	3290 	3285
f 3283 	3284 	3285
f 3286 	3069 	3285
f 3279 	3281 	3285
f 3283 	3285 	3281
f 3278 	3263 	3258
f 3278 	3287 	3263
f 3058 	3285 	3069
f 3284 	3286 	3285
f 3076 	3290 	3063
f 3290 	3292 	3282
f 3290 	3282 	3285
f 3279 	3285 	3282
f 3298 	3297 	446
f 3298 	3300 	3297
f 3098 	438 	3297
f 3306 	3297 	3302
f 3300 	3302 	3297
f 3306 	3183 	3297
f 3304 	3305 	3306
f 3305 	3307 	3306
f 3302 	3304 	3306
f 3186 	3306 	3307
f 3306 	3192 	3183
f 3291 	3278 	3274
f 3291 	3329 	3278
f 3287 	3278 	3329
f 3329 	3331 	3287
f 3331 	3390 	3366
f 3333 	3263 	3287
f 3287 	3356 	3333
f 3263 	3333 	3334
f 3264 	3338 	3266
f 3264 	3334 	3338
f 3266 	3338 	3167
f 3266 	3167 	3121
f 3333 	3340 	3334
f 3333 	3339 	3340
f 3334 	3340 	3343
f 3338 	3334 	3343
f 3338 	3233 	3167
f 3338 	3343 	3233
f 3339 	3347 	3340
f 3339 	3346 	3347
f 3340 	3347 	3351
f 3340 	3351 	3343
f 3235 	3343 	3351
f 1151 	3235 	3351
f 3346 	2255 	2171
f 3346 	2171 	3347
f 3347 	2172 	3351
f 3347 	2171 	2172
f 3351 	2172 	1151
f 3228 	3226 	3370
f 3356 	3359 	3339
f 3339 	3333 	3356
f 3228 	3370 	3213
f 3434 	3213 	3370
f 3434 	3436 	3213
f 3361 	3359 	3372
f 3359 	3361 	3346
f 3214 	3213 	3436
f 3359 	3346 	3339
f 2255 	3346 	3361
f 3361 	2586 	2255
f 3390 	24 	3366
f 3331 	3366 	3356
f 3366 	3359 	3356
f 3356 	3287 	3331
f 3369 	3370 	3226
f 3366 	3372 	3359
f 24 	46 	3372
f 24 	3372 	3366
f 46 	3375 	3372
f 3365 	3438 	3369
f 46 	54 	3375
f 3372 	3375 	3361
f 3438 	3440 	3369
f 3369 	3440 	3370
f 54 	2745 	3375
f 2586 	3361 	3375
f 3375 	2745 	2586
f 3380 	3381 	3379
f 3546 	3377 	3381
f 3379 	3381 	3377
f 3365 	3437 	3438
f 61 	1971 	62
f 3383 	63 	62
f 3383 	2930 	2940
f 65 	3383 	66
f 2940 	66 	3383
f 3383 	65 	63
f 66 	2940 	68
f 69 	68 	2940
f 72 	70 	2940
f 70 	69 	2940
f 72 	2940 	74
f 75 	1971 	61
f 3383 	62 	1971
f 2442 	2443 	3384
f 3386 	3384 	2443
f 3384 	3270 	2442
f 3384 	3386 	3291
f 3384 	3291 	3274
f 3384 	3274 	3270
f 2443 	2623 	3386
f 3387 	291 	292
f 3387 	3386 	291
f 3386 	3387 	3291
f 3329 	3291 	3387
f 292 	298 	3388
f 3388 	3387 	292
f 3387 	3388 	3329
f 3390 	3388 	298
f 298 	83 	3390
f 3331 	3388 	3390
f 3388 	3331 	3329
f 24 	3390 	83
f 3377 	3437 	3364
f 3364 	3437 	3365
f 3436 	3474 	3472
f 3377 	3550 	3452
f 3446 	3440 	3458
f 3446 	3434 	3370
f 3370 	3440 	3446
f 3434 	3446 	3447
f 3434 	3447 	3436
f 3437 	3377 	3452
f 3452 	3454 	3437
f 3452 	3550 	3553
f 3553 	3554 	3452
f 3452 	3554 	3454
f 3437 	3454 	3438
f 3454 	3455 	3438
f 3438 	3455 	3440
f 3455 	3458 	3440
f 3513 	3483 	3458
f 3458 	3462 	3513
f 3555 	3455 	3454
f 3455 	3555 	3462
f 3455 	3462 	3458
f 3219 	3464 	1656
f 3464 	34 	962
f 3464 	36 	34
f 3466 	3215 	3216
f 3466 	3468 	3217
f 3219 	3468 	36
f 3468 	145 	36
f 3219 	36 	3464
f 3214 	3472 	3216
f 3436 	3472 	3214
f 3216 	3473 	3466
f 3216 	3472 	3473
f 3477 	3468 	3466
f 3447 	3474 	3436
f 3474 	3479 	3472
f 3472 	3479 	3473
f 3483 	3447 	3446
f 3473 	3477 	3466
f 3477 	145 	3468
f 3473 	3481 	3477
f 3481 	3473 	3479
f 3481 	149 	3477
f 3481 	134 	149
f 3474 	3511 	3479
f 3446 	3458 	3483
f 3447 	3483 	3484
f 3484 	3474 	3447
f 3511 	3474 	3484
f 3479 	135 	3481
f 3511 	135 	3479
f 3481 	135 	134
f 3484 	3483 	3514
f 3513 	3514 	3483
f 3514 	497 	3484
f 512 	3514 	3513
f 3484 	497 	3511
f 3511 	497 	498
f 135 	3511 	498
f 3514 	512 	513
f 513 	497 	3514
f 3477 	149 	145
f 2344 	2346 	3519
f 3520 	3519 	2346
f 3528 	3522 	3523
f 3524 	3519 	3520
f 3524 	3521 	3525
f 3524 	3525 	3519
f 3525 	3526 	3519
f 3526 	3226 	3221
f 3369 	3226 	3526
f 3221 	3226 	3209
f 3365 	3526 	3525
f 3365 	3369 	3526
f 3521 	3522 	3528
f 3523 	3529 	3528
f 3529 	3530 	3528
f 3531 	3528 	3530
f 3528 	3525 	3521
f 3533 	3528 	3532
f 3531 	3532 	3528
f 3534 	3364 	3533
f 3364 	3525 	3528
f 3365 	3525 	3364
f 3536 	3364 	3534
f 3528 	3533 	3364
f 3537 	3539 	3364
f 3536 	3537 	3364
f 3377 	3364 	3539
f 3379 	3377 	3540
f 3539 	3540 	3377
f 3561 	3560 	3377
f 3546 	3561 	3377
f 3549 	3550 	3558
f 3377 	3558 	3550
f 3572 	3573 	3549
f 3549 	3552 	3550
f 3552 	3553 	3550
f 3552 	688 	3553
f 494 	3554 	3553
f 3454 	3554 	3555
f 3554 	499 	3555
f 500 	3462 	3555
f 3571 	687 	3552
f 494 	3553 	493
f 688 	493 	3553
f 500 	3555 	499
f 501 	3462 	500
f 502 	3513 	501
f 512 	3513 	502
f 3462 	501 	3513
f 3556 	3557 	3558
f 3557 	3559 	3558
f 3556 	3558 	3560
f 3560 	3558 	3377
f 3559 	3562 	3558
f 3562 	3563 	3549
f 3562 	3549 	3558
f 3563 	3564 	3549
f 3565 	3549 	3564
f 3572 	3549 	3566
f 3565 	3566 	3549
f 3573 	3569 	3549
f 3567 	3568 	3569
f 3570 	3569 	3568
f 3549 	3569 	3552
f 3552 	3569 	3571
f 3569 	3570 	3571
f 688 	3552 	687
f 3575 	3576 	3577
f 3575 	3577 	3578
f 3578 	3577 	3579
f 3575 	3580 	3567
f 3567 	3569 	3575
f 3573 	3574 	3569
f 3574 	3576 	3569
f 3575 	3569 	3576
# 1727 faces

g group_0_5157063

usemtl color_5157063
s 0

f 6 	4 	7
f 8 	3517 	1
f 8 	7 	3516
f 8 	3516 	3517
f 5 	129 	133
f 5 	128 	129
f 10 	9 	2864
f 2874 	9 	10
f 14 	3429 	3430
f 3430 	19 	14
f 12 	13 	15
f 17 	16 	15
f 14 	20 	23
f 13 	14 	23
f 18 	16 	17
f 15 	22 	17
f 23 	22 	15
f 15 	13 	23
f 18 	17 	33
f 35 	23 	20
f 28 	29 	27
f 3451 	15 	16
f 32 	30 	18
f 18 	33 	32
f 22 	33 	17
f 22 	23 	33
f 23 	35 	33
f 35 	37 	71
f 20 	37 	35
f 41 	21 	39
f 39 	37 	41
f 41 	19 	21
f 41 	14 	19
f 37 	20 	41
f 41 	20 	14
f 48 	30 	32
f 30 	39 	21
f 32 	33 	48
f 33 	35 	73
f 47 	48 	33
f 49 	2817 	50
f 33 	73 	47
f 47 	60 	48
f 62 	63 	1790
f 63 	65 	1790
f 64 	37 	39
f 39 	30 	48
f 48 	67 	64
f 65 	66 	1790
f 66 	68 	1790
f 68 	69 	1790
f 904 	59 	53
f 39 	48 	64
f 69 	70 	1790
f 70 	72 	1790
f 1790 	72 	74
f 35 	71 	73
f 71 	37 	64
f 76 	47 	73
f 58 	2808 	2805
f 50 	2808 	58
f 58 	49 	50
f 79 	1897 	78
f 77 	78 	1897
f 80 	81 	1897
f 80 	1897 	79
f 85 	58 	2805
f 85 	2805 	2882
f 88 	92 	90
f 93 	95 	91
f 95 	96 	91
f 88 	91 	96
f 88 	96 	92
f 96 	97 	92
f 29 	99 	27
f 94 	95 	93
f 98 	94 	100
f 98 	95 	94
f 94 	111 	100
f 95 	98 	96
f 98 	97 	96
f 29 	695 	99
f 102 	105 	104
f 105 	102 	1473
f 105 	1473 	107
f 100 	111 	103
f 107 	103 	106
f 108 	110 	109
f 113 	104 	105
f 106 	111 	112
f 111 	106 	103
f 115 	113 	114
f 114 	112 	331
f 114 	113 	105
f 105 	107 	114
f 107 	106 	114
f 44 	124 	405
f 114 	106 	112
f 108 	118 	861
f 119 	108 	109
f 123 	116 	311
f 122 	123 	115
f 122 	115 	114
f 123 	122 	447
f 124 	2718 	389
f 73 	71 	76
f 60 	67 	48
f 43 	44 	405
f 67 	125 	76
f 76 	71 	67
f 60 	47 	125
f 47 	76 	125
f 64 	67 	71
f 125 	67 	60
f 128 	6 	130
f 6 	7 	130
f 140 	143 	129
f 5 	126 	2
f 5 	133 	126
f 2503 	2504 	136
f 136 	8 	2503
f 131 	130 	136
f 136 	130 	7
f 136 	7 	8
f 129 	138 	133
f 130 	139 	128
f 139 	140 	129
f 139 	129 	128
f 2514 	142 	131
f 139 	131 	142
f 129 	143 	138
f 130 	131 	139
f 2896 	2892 	140
f 139 	2896 	140
f 59 	147 	52
f 52 	56 	53
f 52 	51 	56
f 52 	53 	59
f 151 	52 	147
f 156 	154 	894
f 154 	156 	155
f 154 	155 	972
f 156 	162 	155
f 163 	162 	156
f 156 	56 	163
f 153 	159 	173
f 163 	56 	51
f 166 	148 	152
f 166 	158 	148
f 351 	162 	163
f 167 	158 	166
f 162 	351 	177
f 158 	167 	160
f 174 	167 	166
f 166 	182 	174
f 159 	160 	167
f 159 	167 	173
f 169 	155 	170
f 166 	180 	182
f 152 	181 	180
f 166 	152 	180
f 1017 	181 	152
f 181 	1017 	153
f 175 	155 	162
f 172 	173 	174
f 155 	175 	170
f 174 	176 	172
f 176 	178 	172
f 176 	179 	178
f 180 	178 	179
f 181 	173 	178
f 153 	173 	181
f 178 	173 	172
f 174 	182 	176
f 170 	175 	177
f 182 	179 	176
f 175 	162 	177
f 182 	180 	179
f 1013 	155 	190
f 167 	174 	173
f 155 	169 	190
f 180 	181 	178
f 177 	183 	184
f 183 	636 	184
f 3048 	3049 	188
f 192 	169 	170
f 190 	169 	192
f 443 	447 	122
f 187 	189 	3327
f 116 	123 	193
f 177 	184 	194
f 108 	119 	193
f 193 	123 	447
f 194 	184 	195
f 108 	193 	118
f 196 	118 	193
f 192 	170 	206
f 170 	208 	206
f 170 	177 	194
f 872 	118 	196
f 194 	208 	170
f 99 	101 	27
f 200 	101 	99
f 200 	334 	101
f 26 	101 	201
f 101 	334 	201
f 191 	3050 	185
f 184 	202 	195
f 185 	204 	205
f 206 	219 	192
f 188 	242 	204
f 210 	222 	209
f 195 	202 	207
f 253 	210 	209
f 221 	222 	210
f 253 	209 	265
f 209 	332 	265
f 194 	195 	207
f 209 	191 	250
f 250 	205 	239
f 220 	216 	213
f 214 	212 	206
f 215 	214 	206
f 219 	206 	212
f 215 	218 	211
f 217 	216 	220
f 2247 	3061 	220
f 208 	215 	206
f 194 	207 	215
f 208 	194 	215
f 226 	223 	207
f 223 	218 	215
f 223 	215 	207
f 223 	226 	225
f 207 	202 	226
f 227 	596 	228
f 231 	230 	229
f 598 	597 	227
f 227 	597 	596
f 241 	237 	236
f 233 	227 	238
f 205 	242 	239
f 235 	240 	234
f 241 	240 	235
f 241 	235 	237
f 204 	242 	205
f 227 	228 	240
f 241 	227 	240
f 238 	227 	241
f 239 	242 	262
f 243 	242 	188
f 238 	241 	236
f 188 	213 	243
f 243 	213 	261
f 240 	228 	652
f 652 	234 	240
f 252 	247 	246
f 248 	235 	247
f 247 	244 	248
f 236 	237 	244
f 244 	237 	248
f 237 	235 	248
f 244 	247 	245
f 235 	246 	247
f 191 	185 	250
f 332 	209 	250
f 245 	251 	244
f 250 	185 	205
f 252 	251 	247
f 251 	245 	247
f 235 	234 	246
f 244 	255 	254
f 221 	210 	253
f 221 	253 	337
f 256 	244 	254
f 234 	257 	258
f 252 	246 	234
f 258 	252 	234
f 251 	260 	244
f 251 	252 	260
f 259 	239 	262
f 651 	244 	256
f 262 	242 	243
f 255 	244 	260
f 262 	243 	921
f 255 	260 	666
f 932 	263 	337
f 263 	261 	249
f 264 	269 	266
f 1488 	268 	270
f 270 	274 	1487
f 279 	1484 	1493
f 280 	281 	282
f 280 	282 	295
f 288 	285 	281
f 285 	309 	281
f 281 	309 	282
f 275 	282 	290
f 280 	274 	288
f 288 	281 	280
f 286 	278 	302
f 290 	286 	275
f 270 	288 	274
f 293 	286 	290
f 309 	285 	310
f 268 	102 	285
f 285 	288 	268
f 270 	268 	288
f 285 	102 	104
f 303 	278 	286
f 286 	293 	303
f 282 	275 	295
f 295 	275 	297
f 295 	297 	296
f 297 	1425 	296
f 297 	275 	301
f 301 	275 	286
f 297 	301 	1425
f 299 	280 	295
f 274 	280 	299
f 296 	299 	295
f 274 	299 	1487
f 301 	286 	302
f 279 	1499 	302
f 279 	302 	278
f 303 	109 	279
f 278 	303 	279
f 110 	279 	109
f 110 	1484 	279
f 309 	290 	282
f 293 	290 	309
f 293 	309 	312
f 312 	303 	293
f 115 	311 	310
f 312 	309 	310
f 310 	311 	312
f 115 	123 	311
f 113 	115 	310
f 310 	285 	104
f 310 	104 	113
f 116 	312 	311
f 116 	193 	315
f 116 	315 	312
f 315 	303 	312
f 315 	119 	303
f 119 	109 	303
f 193 	119 	315
f 316 	320 	88
f 88 	90 	316
f 316 	90 	317
f 319 	320 	316
f 319 	318 	320
f 91 	88 	320
f 93 	318 	94
f 318 	93 	91
f 318 	91 	320
f 321 	94 	318
f 316 	317 	323
f 317 	1870 	323
f 325 	322 	638
f 325 	323 	322
f 325 	316 	323
f 326 	318 	319
f 637 	326 	319
f 324 	637 	319
f 319 	316 	325
f 325 	324 	319
f 318 	326 	327
f 318 	327 	328
f 328 	321 	318
f 329 	321 	328
f 321 	330 	111
f 111 	94 	321
f 331 	330 	329
f 200 	333 	334
f 250 	239 	332
f 239 	259 	332
f 335 	334 	333
f 336 	337 	265
f 336 	932 	337
f 335 	338 	334
f 249 	339 	337
f 263 	249 	337
f 337 	253 	265
f 333 	696 	335
f 249 	261 	213
f 249 	216 	217
f 249 	217 	339
f 213 	216 	249
f 337 	339 	221
f 217 	221 	339
f 341 	340 	229
f 229 	230 	341
f 342 	334 	338
f 342 	345 	344
f 344 	345 	1044
f 347 	359 	350
f 347 	350 	346
f 271 	52 	151
f 350 	352 	346
f 51 	351 	163
f 352 	350 	366
f 51 	355 	351
f 230 	232 	354
f 52 	355 	51
f 52 	271 	355
f 355 	353 	351
f 367 	356 	352
f 354 	356 	369
f 371 	370 	224
f 358 	359 	347
f 350 	362 	366
f 350 	359 	362
f 361 	363 	269
f 358 	224 	370
f 269 	264 	361
f 358 	347 	224
f 365 	269 	363
f 360 	351 	363
f 362 	359 	374
f 353 	365 	363
f 351 	353 	363
f 366 	362 	379
f 367 	352 	366
f 367 	369 	356
f 379 	367 	366
f 364 	230 	354
f 354 	377 	364
f 364 	341 	230
f 363 	361 	360
f 369 	377 	354
f 365 	368 	267
f 351 	360 	183
f 365 	373 	368
f 371 	3203 	231
f 351 	183 	177
f 374 	358 	370
f 374 	359 	358
f 373 	357 	640
f 373 	271 	357
f 355 	271 	373
f 371 	229 	340
f 373 	365 	353
f 371 	231 	229
f 355 	373 	353
f 372 	371 	340
f 341 	364 	372
f 340 	341 	372
f 362 	374 	1040
f 132 	2789 	3202
f 364 	377 	372
f 379 	1040 	1042
f 399 	397 	45
f 198 	729 	381
f 348 	387 	382
f 387 	386 	382
f 1344 	349 	386
f 382 	386 	349
f 389 	405 	124
f 201 	492 	26
f 955 	404 	1031
f 343 	1031 	404
f 391 	415 	120
f 120 	42 	404
f 955 	392 	404
f 393 	121 	406
f 137 	395 	3363
f 395 	3362 	3363
f 137 	3363 	3358
f 127 	120 	415
f 45 	403 	399
f 378 	397 	408
f 400 	117 	402
f 398 	401 	117
f 401 	402 	117
f 43 	404 	42
f 1114 	378 	408
f 404 	43 	405
f 405 	384 	404
f 141 	411 	403
f 405 	389 	384
f 388 	384 	389
f 404 	384 	343
f 186 	189 	407
f 121 	383 	406
f 388 	393 	406
f 411 	186 	407
f 389 	393 	388
f 141 	186 	411
f 1120 	413 	187
f 187 	413 	189
f 396 	536 	400
f 407 	189 	413
f 121 	400 	383
f 536 	383 	400
f 408 	397 	733
f 399 	733 	397
f 403 	735 	399
f 412 	413 	1120
f 396 	400 	402
f 120 	392 	391
f 404 	392 	120
f 520 	401 	398
f 398 	127 	415
f 402 	401 	396
f 420 	2871 	417
f 2814 	419 	416
f 424 	423 	426
f 426 	425 	424
f 425 	426 	429
f 2753 	429 	426
f 429 	2753 	430
f 421 	426 	422
f 422 	426 	423
f 417 	2871 	418
f 432 	2871 	433
f 434 	433 	2871
f 2871 	426 	434
f 421 	434 	426
f 330 	321 	329
f 330 	112 	111
f 330 	331 	112
f 114 	331 	458
f 114 	458 	437
f 122 	114 	437
f 443 	122 	437
f 462 	447 	443
f 193 	447 	196
f 449 	196 	447
f 449 	447 	464
f 439 	2753 	440
f 419 	451 	416
f 449 	450 	196
f 440 	2753 	442
f 3020 	445 	2753
f 416 	451 	611
f 419 	452 	451
f 611 	451 	452
f 454 	331 	329
f 458 	331 	454
f 453 	430 	2753
f 419 	460 	452
f 456 	2753 	439
f 657 	658 	458
f 453 	2753 	457
f 457 	2753 	455
f 455 	2753 	456
f 419 	436 	460
f 443 	437 	458
f 461 	441 	444
f 461 	436 	441
f 460 	436 	461
f 462 	443 	458
f 658 	462 	458
f 426 	2971 	2753
f 462 	658 	463
f 461 	444 	624
f 464 	447 	462
f 463 	464 	462
f 435 	431 	618
f 305 	304 	1310
f 306 	1310 	304
f 463 	465 	449
f 449 	464 	463
f 465 	450 	449
f 2858 	459 	466
f 1035 	465 	665
f 1021 	450 	465
f 472 	479 	487
f 472 	632 	481
f 467 	468 	1310
f 1310 	81 	467
f 468 	469 	1310
f 472 	481 	479
f 481 	473 	479
f 469 	470 	1310
f 470 	471 	1310
f 476 	1310 	471
f 1310 	476 	475
f 482 	609 	483
f 477 	1310 	474
f 474 	1310 	475
f 480 	1310 	478
f 478 	1310 	477
f 605 	482 	483
f 483 	609 	376
f 305 	1310 	480
f 483 	376 	375
f 376 	472 	375
f 375 	487 	601
f 487 	479 	489
f 375 	472 	487
f 479 	473 	489
f 396 	401 	520
f 520 	398 	415
f 415 	391 	539
f 396 	520 	415
f 415 	539 	396
f 384 	388 	524
f 951 	384 	524
f 406 	526 	388
f 406 	383 	526
f 526 	383 	525
f 1361 	526 	525
f 524 	388 	526
f 384 	951 	343
f 536 	1399 	383
f 529 	391 	535
f 529 	539 	391
f 535 	391 	392
f 396 	539 	537
f 537 	539 	529
f 541 	544 	698
f 546 	698 	544
f 699 	620 	541
f 546 	613 	709
f 486 	2629 	488
f 488 	2629 	490
f 710 	553 	548
f 549 	2871 	550
f 491 	2871 	549
f 554 	552 	2871
f 550 	2871 	555
f 551 	2871 	552
f 555 	2871 	551
f 554 	2871 	556
f 557 	556 	2871
f 557 	2871 	558
f 558 	2871 	559
f 559 	2871 	560
f 560 	2871 	420
f 418 	2871 	432
f 563 	564 	571
f 564 	1491 	561
f 842 	562 	565
f 1485 	565 	562
f 567 	573 	564
f 564 	561 	567
f 562 	568 	561
f 567 	561 	568
f 567 	568 	569
f 567 	569 	570
f 562 	842 	568
f 570 	846 	751
f 571 	564 	573
f 571 	573 	572
f 574 	572 	573
f 573 	575 	574
f 573 	567 	575
f 1747 	1749 	3420
f 574 	577 	572
f 981 	585 	586
f 411 	735 	403
f 483 	375 	598
f 238 	594 	233
f 413 	595 	407
f 407 	595 	411
f 238 	651 	594
f 598 	227 	233
f 598 	375 	597
f 597 	375 	601
f 233 	594 	598
f 652 	596 	601
f 487 	602 	601
f 601 	596 	597
f 605 	598 	594
f 482 	605 	603
f 483 	598 	605
f 602 	489 	473
f 602 	487 	489
f 473 	661 	660
f 602 	473 	660
f 607 	606 	3360
f 482 	603 	609
f 609 	264 	266
f 606 	722 	721
f 606 	621 	722
f 607 	621 	606
f 466 	618 	431
f 431 	2858 	466
f 610 	612 	599
f 599 	600 	610
f 625 	610 	600
f 600 	604 	619
f 611 	544 	541
f 600 	619 	625
f 611 	613 	544
f 546 	544 	613
f 613 	611 	452
f 612 	610 	626
f 428 	620 	617
f 721 	619 	606
f 461 	614 	460
f 452 	460 	614
f 614 	613 	452
f 607 	616 	726
f 624 	614 	461
f 607 	3360 	616
f 699 	701 	466
f 466 	459 	617
f 428 	617 	459
f 732 	615 	616
f 604 	606 	619
f 416 	541 	428
f 611 	541 	416
f 428 	541 	620
f 620 	699 	617
f 547 	618 	701
f 618 	466 	701
f 699 	466 	617
f 618 	547 	622
f 435 	622 	623
f 435 	618 	622
f 444 	623 	624
f 444 	435 	623
f 615 	725 	727
f 553 	623 	622
f 553 	622 	548
f 553 	624 	623
f 625 	626 	610
f 622 	547 	548
f 586 	592 	981
f 981 	591 	593
f 630 	628 	627
f 591 	981 	592
f 628 	629 	627
f 629 	628 	631
f 593 	590 	981
f 589 	981 	590
f 266 	376 	609
f 376 	632 	472
f 787 	786 	981
f 632 	267 	481
f 587 	533 	171
f 267 	633 	481
f 481 	633 	473
f 266 	632 	376
f 266 	269 	632
f 365 	632 	269
f 365 	267 	632
f 267 	368 	633
f 368 	640 	633
f 608 	361 	264
f 634 	637 	638
f 322 	634 	638
f 360 	361 	608
f 324 	638 	637
f 324 	325 	638
f 635 	637 	634
f 326 	637 	635
f 644 	645 	634
f 327 	326 	635
f 639 	327 	635
f 473 	633 	640
f 640 	646 	473
f 327 	639 	641
f 368 	373 	640
f 641 	328 	327
f 641 	329 	328
f 609 	603 	802
f 609 	802 	264
f 360 	608 	643
f 634 	1987 	644
f 802 	643 	608
f 473 	646 	661
f 643 	642 	636
f 634 	647 	635
f 183 	360 	643
f 635 	647 	649
f 636 	183 	643
f 636 	202 	184
f 647 	634 	645
f 645 	834 	649
f 202 	636 	642
f 640 	1609 	862
f 647 	645 	649
f 648 	639 	635
f 648 	635 	649
f 244 	651 	236
f 639 	648 	650
f 651 	238 	236
f 650 	641 	639
f 651 	663 	656
f 228 	596 	652
f 454 	329 	641
f 458 	454 	669
f 656 	605 	594
f 458 	669 	653
f 656 	594 	651
f 657 	653 	654
f 657 	654 	658
f 655 	603 	605
f 655 	605 	656
f 657 	458 	653
f 659 	658 	654
f 658 	662 	463
f 255 	663 	254
f 662 	465 	463
f 662 	658 	659
f 663 	256 	254
f 662 	664 	465
f 666 	663 	255
f 664 	665 	465
f 667 	853 	668
f 667 	669 	650
f 651 	256 	663
f 257 	234 	652
f 650 	669 	641
f 667 	668 	669
f 668 	653 	669
f 258 	257 	670
f 669 	454 	641
f 652 	2389 	257
f 671 	654 	653
f 671 	653 	668
f 659 	654 	671
f 2309 	672 	663
f 672 	673 	655
f 672 	655 	656
f 672 	656 	663
f 662 	659 	674
f 660 	661 	676
f 674 	675 	664
f 665 	664 	675
f 675 	677 	665
f 664 	662 	674
f 601 	2389 	652
f 2389 	601 	602
f 171 	494 	493
f 495 	494 	171
f 390 	492 	679
f 171 	499 	495
f 502 	501 	171
f 499 	171 	500
f 504 	171 	505
f 515 	171 	504
f 515 	514 	171
f 513 	512 	171
f 512 	502 	171
f 505 	171 	506
f 506 	171 	507
f 507 	171 	508
f 390 	679 	681
f 508 	171 	509
f 681 	679 	682
f 509 	171 	510
f 681 	682 	680
f 492 	683 	679
f 683 	682 	679
f 513 	171 	514
f 501 	500 	171
f 344 	1044 	683
f 683 	1044 	387
f 683 	387 	348
f 518 	517 	171
f 510 	171 	511
f 683 	684 	682
f 680 	682 	702
f 511 	171 	517
f 334 	685 	201
f 686 	492 	685
f 518 	171 	527
f 685 	492 	201
f 686 	685 	344
f 171 	532 	527
f 334 	342 	685
f 685 	342 	344
f 492 	686 	683
f 686 	344 	683
f 531 	171 	533
f 530 	171 	531
f 530 	532 	171
f 1572 	684 	683
f 688 	3595 	493
f 694 	200 	99
f 333 	200 	696
f 697 	1914 	1721
f 697 	338 	335
f 697 	335 	696
f 709 	614 	711
f 613 	614 	709
f 700 	684 	1561
f 702 	682 	684
f 702 	684 	700
f 703 	547 	701
f 548 	547 	703
f 698 	546 	706
f 546 	709 	706
f 548 	703 	710
f 710 	703 	719
f 553 	710 	712
f 719 	712 	710
f 720 	624 	553
f 712 	720 	553
f 698 	879 	713
f 716 	698 	706
f 699 	714 	701
f 715 	714 	713
f 714 	699 	713
f 541 	713 	699
f 541 	698 	713
f 717 	701 	715
f 701 	714 	715
f 717 	703 	701
f 718 	716 	706
f 718 	706 	709
f 711 	718 	709
f 711 	885 	718
f 717 	719 	703
f 614 	624 	720
f 619 	3399 	625
f 721 	3399 	619
f 722 	621 	723
f 621 	607 	723
f 612 	626 	724
f 723 	607 	726
f 726 	727 	3427
f 726 	615 	727
f 615 	726 	616
f 725 	3427 	727
f 612 	724 	728
f 599 	612 	728
f 729 	198 	599
f 729 	599 	728
f 730 	729 	728
f 731 	730 	728
f 615 	730 	731
f 730 	199 	381
f 394 	199 	730
f 729 	730 	381
f 395 	394 	730
f 730 	732 	395
f 732 	730 	615
f 733 	734 	408
f 1114 	408 	734
f 733 	399 	744
f 744 	399 	735
f 734 	1319 	1114
f 630 	1193 	1189
f 630 	627 	1193
f 737 	736 	411
f 735 	411 	736
f 857 	413 	412
f 413 	857 	595
f 741 	2997 	3003
f 411 	595 	737
f 744 	743 	733
f 2997 	741 	739
f 739 	3001 	2997
f 741 	742 	739
f 743 	1318 	733
f 733 	1318 	734
f 735 	865 	744
f 735 	736 	865
f 743 	874 	1318
f 743 	744 	878
f 741 	1255 	745
f 865 	878 	744
f 746 	741 	745
f 740 	741 	746
f 728 	3407 	731
f 3407 	728 	3406
f 724 	3406 	728
f 865 	737 	749
f 1266 	747 	753
f 575 	570 	576
f 740 	753 	3097
f 570 	575 	567
f 748 	752 	760
f 892 	748 	754
f 1226 	755 	756
f 759 	756 	755
f 758 	760 	752
f 895 	896 	757
f 757 	754 	760
f 757 	760 	758
f 760 	754 	748
f 896 	897 	757
f 753 	758 	752
f 758 	746 	745
f 758 	740 	746
f 753 	740 	758
f 747 	766 	765
f 764 	765 	766
f 765 	3173 	747
f 763 	1958 	767
f 819 	763 	767
f 770 	837 	756
f 759 	770 	756
f 770 	759 	761
f 770 	761 	771
f 761 	773 	771
f 771 	773 	772
f 771 	772 	817
f 784 	785 	981
f 589 	784 	981
f 787 	981 	785
f 782 	779 	981
f 779 	780 	981
f 587 	780 	781
f 587 	981 	780
f 777 	782 	981
f 786 	783 	981
f 778 	777 	981
f 778 	981 	783
f 774 	690 	587
f 775 	774 	587
f 533 	587 	690
f 781 	775 	587
f 790 	789 	788
f 790 	788 	792
f 1289 	1309 	790
f 788 	791 	792
f 1291 	792 	791
f 794 	795 	793
f 798 	796 	797
f 798 	856 	796
f 2389 	602 	660
f 257 	2389 	670
f 798 	950 	856
f 798 	916 	950
f 800 	797 	796
f 799 	794 	1501
f 800 	796 	973
f 802 	608 	264
f 802 	603 	655
f 809 	803 	804
f 799 	801 	794
f 801 	3594 	795
f 794 	801 	795
f 811 	809 	801
f 804 	805 	809
f 809 	805 	801
f 811 	1729 	809
f 1729 	803 	809
f 799 	811 	801
f 825 	827 	773
f 772 	773 	3469
f 770 	816 	815
f 816 	771 	817
f 816 	770 	771
f 3467 	816 	817
f 820 	821 	818
f 821 	820 	822
f 820 	819 	767
f 769 	823 	822
f 822 	767 	769
f 822 	820 	767
f 826 	818 	824
f 826 	820 	818
f 826 	824 	825
f 827 	825 	3480
f 773 	826 	825
f 644 	2188 	828
f 831 	761 	829
f 839 	828 	678
f 763 	819 	829
f 839 	832 	828
f 832 	645 	644
f 761 	763 	829
f 819 	820 	826
f 832 	644 	828
f 826 	831 	829
f 830 	833 	834
f 819 	826 	829
f 826 	773 	831
f 648 	649 	834
f 648 	834 	833
f 831 	773 	761
f 835 	650 	648
f 648 	833 	835
f 836 	650 	835
f 667 	650 	836
f 566 	837 	565
f 834 	832 	830
f 834 	645 	832
f 565 	837 	842
f 837 	1482 	1226
f 1226 	756 	837
f 839 	838 	905
f 839 	840 	830
f 839 	678 	838
f 832 	839 	830
f 841 	569 	568
f 837 	843 	842
f 839 	905 	840
f 568 	842 	841
f 833 	830 	927
f 842 	847 	841
f 837 	770 	815
f 837 	815 	814
f 841 	570 	569
f 844 	668 	853
f 844 	671 	668
f 841 	846 	570
f 671 	844 	845
f 848 	849 	845
f 849 	659 	671
f 849 	674 	659
f 849 	671 	845
f 847 	846 	841
f 843 	837 	814
f 850 	849 	848
f 850 	675 	674
f 843 	814 	3419
f 849 	850 	674
f 850 	677 	675
f 842 	843 	855
f 843 	851 	3507
f 852 	667 	836
f 3507 	855 	843
f 851 	843 	3503
f 847 	3507 	3527
f 808 	3316 	812
f 812 	3316 	813
f 855 	847 	842
f 852 	1098 	854
f 667 	852 	853
f 3507 	847 	855
f 854 	853 	852
f 412 	750 	857
f 642 	643 	807
f 858 	749 	737
f 807 	871 	642
f 802 	807 	643
f 595 	858 	737
f 226 	806 	225
f 858 	595 	857
f 848 	845 	859
f 860 	850 	848
f 202 	642 	806
f 1163 	1168 	860
f 226 	202 	806
f 858 	857 	750
f 1168 	850 	860
f 861 	1611 	1610
f 866 	861 	864
f 861 	866 	1611
f 736 	737 	865
f 863 	881 	862
f 640 	862 	2454
f 898 	3512 	865
f 802 	655 	673
f 673 	807 	802
f 1015 	872 	450
f 872 	196 	450
f 865 	749 	870
f 749 	858 	870
f 873 	861 	118
f 858 	750 	869
f 873 	864 	861
f 118 	872 	873
f 2452 	646 	640
f 642 	871 	806
f 2453 	806 	871
f 874 	743 	878
f 877 	868 	876
f 877 	867 	868
f 614 	720 	711
f 873 	876 	864
f 879 	698 	716
f 2452 	640 	2454
f 713 	879 	880
f 879 	883 	880
f 882 	881 	863
f 883 	879 	884
f 879 	716 	884
f 718 	885 	716
f 716 	885 	884
f 717 	715 	1416
f 1416 	719 	717
f 712 	719 	889
f 1416 	889 	719
f 876 	868 	866
f 720 	712 	889
f 883 	884 	885
f 893 	886 	891
f 897 	892 	754
f 754 	757 	897
f 899 	893 	891
f 901 	903 	893
f 886 	893 	894
f 53 	56 	894
f 56 	156 	894
f 904 	903 	901
f 870 	900 	902
f 893 	899 	901
f 904 	894 	893
f 898 	865 	902
f 869 	900 	858
f 904 	53 	894
f 900 	870 	858
f 903 	904 	893
f 865 	870 	902
f 901 	899 	911
f 905 	1197 	906
f 905 	906 	907
f 904 	147 	59
f 907 	913 	905
f 906 	914 	907
f 908 	911 	899
f 909 	911 	908
f 914 	913 	907
f 909 	912 	911
f 912 	151 	911
f 151 	904 	901
f 904 	151 	147
f 151 	901 	911
f 915 	914 	910
f 887 	917 	891
f 891 	918 	899
f 918 	891 	917
f 1215 	910 	914
f 906 	1215 	914
f 890 	720 	1418
f 890 	711 	720
f 840 	913 	926
f 840 	905 	913
f 711 	890 	885
f 908 	918 	917
f 899 	918 	908
f 915 	910 	936
f 243 	261 	921
f 919 	908 	888
f 262 	921 	920
f 888 	917 	887
f 259 	262 	920
f 888 	908 	917
f 919 	967 	1602
f 891 	985 	887
f 895 	940 	896
f 914 	915 	923
f 913 	914 	923
f 913 	925 	926
f 985 	891 	886
f 927 	926 	925
f 927 	835 	833
f 927 	852 	836
f 886 	972 	969
f 836 	835 	927
f 886 	154 	972
f 926 	927 	830
f 941 	332 	922
f 830 	840 	926
f 928 	925 	923
f 923 	925 	913
f 921 	261 	938
f 261 	263 	938
f 929 	930 	1074
f 931 	265 	945
f 915 	928 	923
f 922 	332 	259
f 931 	336 	265
f 932 	336 	931
f 768 	933 	762
f 937 	895 	2071
f 148 	939 	922
f 933 	892 	897
f 768 	892 	933
f 895 	937 	940
f 941 	922 	939
f 265 	332 	941
f 949 	896 	940
f 160 	941 	939
f 921 	942 	920
f 941 	945 	265
f 944 	931 	945
f 938 	932 	944
f 944 	932 	931
f 920 	942 	148
f 922 	259 	148
f 259 	920 	148
f 158 	939 	148
f 158 	160 	939
f 933 	957 	947
f 148 	942 	152
f 947 	762 	933
f 942 	921 	152
f 944 	1018 	948
f 896 	949 	897
f 938 	944 	948
f 949 	1089 	933
f 949 	933 	897
f 152 	948 	1017
f 932 	938 	263
f 951 	524 	952
f 954 	1166 	856
f 2097 	1105 	953
f 888 	887 	961
f 961 	964 	888
f 919 	888 	964
f 960 	963 	950
f 812 	960 	1043
f 919 	964 	924
f 950 	963 	856
f 961 	924 	964
f 960 	812 	963
f 954 	856 	963
f 963 	812 	954
f 954 	812 	813
f 961 	887 	985
f 961 	985 	924
f 886 	894 	154
f 986 	967 	919
f 919 	988 	986
f 916 	1043 	960
f 916 	960 	950
f 971 	916 	798
f 972 	1011 	969
f 910 	1218 	936
f 915 	936 	977
f 977 	936 	934
f 977 	934 	935
f 925 	1097 	927
f 925 	979 	1097
f 977 	1081 	928
f 915 	977 	928
f 978 	886 	969
f 928 	1081 	979
f 978 	980 	1014
f 980 	978 	969
f 925 	928 	979
f 985 	976 	924
f 978 	985 	886
f 976 	985 	990
f 990 	985 	1080
f 985 	978 	993
f 986 	1600 	967
f 988 	919 	924
f 988 	924 	976
f 981 	171 	1238
f 990 	1086 	988
f 976 	990 	988
f 1080 	985 	991
f 985 	993 	991
f 1006 	999 	1000
f 999 	1006 	1008
f 995 	994 	1012
f 997 	1012 	994
f 997 	1001 	1012
f 1001 	1003 	1012
f 972 	1013 	1011
f 1012 	1003 	1002
f 1013 	972 	155
f 1007 	1012 	1002
f 993 	978 	1094
f 1009 	981 	1007
f 980 	969 	1011
f 1012 	1007 	981
f 582 	981 	1009
f 876 	866 	864
f 959 	535 	956
f 535 	392 	955
f 535 	955 	956
f 1016 	873 	872
f 1017 	1018 	153
f 1016 	872 	1015
f 946 	153 	1018
f 1017 	948 	1018
f 159 	945 	941
f 153 	946 	159
f 876 	873 	1016
f 159 	941 	160
f 1020 	877 	1019
f 877 	876 	1019
f 1018 	944 	946
f 938 	948 	152
f 945 	159 	944
f 1015 	1021 	1035
f 946 	944 	159
f 1015 	450 	1021
f 938 	152 	921
f 1024 	1026 	1023
f 1023 	1026 	1022
f 1027 	1029 	1030
f 1030 	1031 	1027
f 1030 	955 	1031
f 1030 	956 	955
f 1029 	959 	1030
f 959 	956 	1030
f 1016 	1015 	1035
f 1028 	1026 	1024
f 1025 	1031 	343
f 1026 	1019 	1022
f 343 	951 	1025
f 1026 	1020 	1019
f 1028 	1020 	1026
f 951 	952 	1544
f 876 	1022 	1019
f 1022 	876 	1016
f 958 	1029 	1027
f 959 	1029 	958
f 1027 	1560 	1411
f 665 	677 	1035
f 1035 	1021 	465
f 370 	371 	1206
f 1028 	1024 	1037
f 370 	1206 	374
f 374 	1206 	1039
f 1034 	1035 	1033
f 1036 	372 	1038
f 1034 	1022 	1035
f 1034 	1032 	1023
f 1034 	1023 	1022
f 1194 	1038 	372
f 1040 	379 	362
f 1071 	800 	973
f 374 	1039 	1040
f 1040 	1039 	1041
f 846 	847 	3535
f 345 	1280 	1044
f 1044 	3417 	386
f 810 	1045 	708
f 1044 	386 	387
f 808 	1076 	1045
f 1045 	810 	808
f 812 	1043 	808
f 1043 	1076 	808
f 1159 	1048 	1049
f 954 	813 	1049
f 1049 	813 	1051
f 1054 	1051 	813
f 1155 	1051 	1054
f 1064 	704 	705
f 1063 	1065 	937
f 1096 	1065 	1063
f 1063 	937 	943
f 933 	1089 	957
f 1068 	937 	1065
f 940 	1068 	1070
f 940 	1070 	949
f 1067 	708 	1045
f 1068 	940 	937
f 3500 	1071 	1072
f 916 	971 	1073
f 930 	1114 	1074
f 378 	1114 	930
f 988 	1087 	986
f 1073 	1043 	916
f 1062 	1400 	1059
f 2097 	1075 	1105
f 1094 	991 	993
f 947 	957 	1075
f 991 	1077 	1080
f 1081 	1083 	1079
f 1077 	1208 	1080
f 1083 	1078 	1079
f 1083 	1062 	1078
f 935 	1062 	1083
f 1083 	977 	935
f 1062 	1059 	1078
f 1203 	1080 	1117
f 1083 	1081 	977
f 988 	1086 	1196
f 1480 	1088 	1059
f 1092 	1061 	1084
f 1080 	1203 	1086
f 1092 	1063 	1061
f 1134 	2613 	1082
f 1080 	1086 	990
f 1462 	986 	1087
f 1078 	1059 	1088
f 1079 	1078 	1088
f 1090 	1079 	1088
f 1128 	1089 	949
f 978 	1109 	1094
f 1079 	1091 	1081
f 1106 	1077 	1094
f 1091 	1093 	1081
f 1079 	1090 	1091
f 1077 	991 	1094
f 1095 	1093 	1091
f 1092 	1096 	1063
f 1096 	1068 	1065
f 1096 	1070 	1068
f 949 	1070 	1128
f 1097 	1098 	927
f 1096 	1092 	1331
f 1011 	1431 	980
f 980 	1431 	1099
f 1085 	1134 	1101
f 1103 	1098 	1097
f 2613 	1134 	1085
f 979 	1104 	1103
f 1013 	190 	1011
f 1099 	1102 	980
f 1014 	980 	1113
f 1105 	1327 	1082
f 1113 	1107 	1014
f 1103 	1097 	979
f 1105 	1082 	953
f 980 	1102 	1113
f 1116 	1103 	1104
f 1104 	1110 	1116
f 1075 	957 	1141
f 1100 	1104 	1081
f 1081 	1104 	979
f 1014 	1107 	1109
f 1100 	1108 	1104
f 1101 	1084 	1085
f 1084 	1146 	1092
f 1149 	1331 	1092
f 1014 	1109 	978
f 1096 	1331 	1129
f 1108 	1110 	1104
f 1111 	1110 	1108
f 1107 	1113 	1102
f 1098 	852 	927
f 1114 	1112 	1074
f 1103 	1115 	1098
f 1114 	1319 	1112
f 1098 	1115 	853
f 1103 	1116 	1115
f 1118 	1120 	1119
f 412 	1120 	1118
f 1121 	1116 	1126
f 853 	854 	1098
f 1121 	844 	853
f 845 	844 	1121
f 1121 	853 	1115
f 1080 	1209 	1122
f 1116 	1121 	1115
f 1119 	1112 	1118
f 1116 	1110 	1111
f 1127 	1070 	1096
f 1127 	1128 	1070
f 1121 	859 	845
f 1096 	1129 	1127
f 1337 	1127 	1129
f 1128 	1127 	1337
f 1134 	1132 	1101
f 1133 	2995 	1139
f 1111 	1303 	1116
f 1138 	1111 	1133
f 1084 	1132 	1146
f 1084 	1101 	1132
f 1133 	1142 	1138
f 1142 	1133 	1139
f 1138 	1303 	1111
f 1082 	1327 	1134
f 1105 	1075 	1141
f 1138 	1137 	1303
f 1327 	1105 	1141
f 1092 	1146 	1149
f 1138 	1288 	1137
f 1138 	1142 	1145
f 1147 	1146 	1132
f 1142 	1139 	1148
f 1148 	1145 	1142
f 1138 	1145 	1288
f 1643 	2136 	1149
f 1647 	1645 	1149
f 1137 	1307 	848
f 1035 	1022 	1016
f 850 	1152 	677
f 1153 	1032 	1165
f 1032 	1157 	1165
f 1156 	677 	1152
f 1034 	1033 	1156
f 1157 	1034 	1156
f 1156 	1033 	1035
f 1035 	677 	1156
f 1049 	1155 	1159
f 1032 	1034 	1157
f 1049 	1051 	1155
f 2810 	1032 	1153
f 1159 	1736 	1048
f 2805 	2810 	1153
f 631 	1164 	1163
f 631 	2882 	1164
f 1163 	1164 	1165
f 1164 	1153 	1165
f 629 	631 	1163
f 1168 	1152 	850
f 1168 	1156 	1152
f 1166 	1270 	856
f 1270 	1172 	796
f 1163 	1165 	1168
f 1157 	1168 	1165
f 1168 	1157 	1156
f 1130 	1163 	860
f 2805 	1164 	2882
f 2805 	1153 	1164
f 796 	1172 	1174
f 1174 	973 	796
f 2191 	2192 	1173
f 1178 	338 	697
f 338 	1178 	1179
f 342 	338 	1179
f 1173 	1500 	1497
f 342 	1179 	1176
f 1181 	1177 	1169
f 1176 	1182 	1201
f 1178 	1183 	1179
f 1498 	1181 	1173
f 1183 	1182 	1176
f 1181 	1504 	1177
f 1179 	1183 	1176
f 1504 	1185 	1177
f 1172 	1202 	1182
f 1183 	1178 	1186
f 1183 	1186 	1172
f 1183 	1172 	1182
f 1186 	1178 	1725
f 1137 	1296 	1307
f 1177 	1185 	1188
f 1185 	1190 	1188
f 1207 	1038 	1191
f 1298 	1192 	1193
f 1191 	1038 	1194
f 1194 	1198 	1191
f 1189 	1193 	1192
f 627 	629 	1301
f 906 	1197 	1199
f 1725 	1178 	1721
f 1194 	377 	1198
f 1186 	1174 	1172
f 1194 	372 	377
f 1215 	906 	1199
f 1198 	377 	369
f 1199 	838 	2189
f 1199 	1197 	838
f 1202 	1455 	1201
f 1195 	1200 	1199
f 2189 	1195 	1199
f 1123 	1203 	1117
f 1201 	1182 	1202
f 1123 	1196 	1203
f 1169 	1204 	1213
f 1203 	1196 	1086
f 1200 	1205 	1169
f 1173 	1181 	1205
f 1181 	1169 	1205
f 1195 	1205 	1200
f 1224 	1041 	1039
f 1204 	1188 	1187
f 1286 	1287 	1117
f 738 	630 	1189
f 1169 	1177 	1204
f 1177 	1188 	1204
f 742 	738 	1189
f 1286 	1117 	1214
f 1117 	1080 	1214
f 1214 	1080 	1122
f 1217 	1283 	1196
f 1213 	1204 	1212
f 1214 	1122 	1209
f 1169 	1213 	1211
f 1213 	1212 	1211
f 1216 	1169 	1211
f 1169 	1216 	1200
f 1199 	1216 	1215
f 1211 	910 	1215
f 1216 	1211 	1215
f 1117 	1287 	1217
f 1216 	1199 	1200
f 1224 	1225 	1041
f 371 	372 	1206
f 1206 	1036 	1207
f 372 	1036 	1206
f 1038 	1207 	1036
f 1221 	1040 	1041
f 1221 	1042 	1040
f 1042 	1221 	1236
f 1222 	1219 	1220
f 1223 	1187 	1404
f 1223 	1404 	1219
f 1221 	1041 	1225
f 1222 	1211 	1212
f 1219 	1212 	1223
f 1212 	1219 	1222
f 1204 	1187 	1223
f 1223 	1212 	1204
f 1218 	1222 	1220
f 910 	1211 	1218
f 1218 	1211 	1222
f 1207 	1191 	1241
f 1218 	934 	936
f 1227 	755 	1226
f 1226 	1483 	1228
f 1229 	1187 	1188
f 1226 	1482 	1483
f 1228 	1187 	1229
f 1229 	1230 	1226
f 1188 	1190 	1229
f 1226 	1230 	1227
f 1900 	1227 	1231
f 1226 	1228 	1229
f 1232 	1231 	1227
f 1230 	1232 	1227
f 1229 	1190 	1232
f 1230 	1229 	1232
f 981 	582 	581
f 584 	981 	581
f 584 	585 	981
f 1233 	1012 	981
f 1267 	1206 	1207
f 1207 	1241 	1234
f 981 	587 	171
f 1235 	1042 	1236
f 1236 	1221 	1225
f 1236 	1225 	1264
f 1241 	1191 	1235
f 1235 	367 	379
f 1235 	369 	367
f 1191 	1198 	1235
f 1198 	369 	1235
f 1238 	1237 	1239
f 1241 	1235 	1234
f 1235 	379 	1042
f 171 	801 	1238
f 804 	803 	1240
f 805 	804 	1240
f 1237 	1238 	1240
f 1240 	801 	805
f 1238 	801 	1240
f 1242 	981 	1238
f 1242 	1233 	981
f 1238 	1239 	1242
f 1243 	1244 	1245
f 1245 	1246 	1243
f 1243 	1247 	1244
f 1247 	1248 	1245
f 1247 	1245 	1244
f 1246 	1250 	1243
f 1250 	1247 	1243
f 1250 	1251 	1247
f 1251 	1248 	1247
f 1253 	1252 	1248
f 745 	1255 	1254
f 1251 	1253 	1248
f 1245 	1252 	1259
f 1249 	1254 	1255
f 1252 	1245 	1248
f 1254 	757 	758
f 1246 	1265 	1256
f 1254 	758 	745
f 1246 	1256 	1253
f 1265 	1267 	1256
f 1246 	1253 	1250
f 1253 	1251 	1250
f 1256 	1252 	1253
f 1245 	1264 	1246
f 1245 	1259 	1264
f 1260 	1259 	1252
f 1256 	1267 	1261
f 1258 	1262 	1275
f 1252 	1256 	1260
f 1264 	1225 	1224
f 1264 	1224 	1246
f 1249 	1269 	1254
f 1224 	1039 	1265
f 1039 	1206 	1265
f 1224 	1265 	1246
f 1206 	1267 	1265
f 2045 	766 	747
f 1266 	2045 	747
f 1235 	1268 	1256
f 1266 	752 	2047
f 753 	752 	1266
f 748 	2047 	752
f 2047 	748 	892
f 1268 	1259 	1260
f 1258 	2065 	1262
f 1166 	954 	1451
f 1262 	1263 	1269
f 1269 	757 	1254
f 1172 	1270 	1202
f 796 	856 	1270
f 757 	1269 	1263
f 1451 	1454 	1166
f 1233 	1277 	1271
f 1285 	1275 	1273
f 1269 	1249 	1275
f 1262 	1269 	1275
f 1249 	1273 	1275
f 1274 	3015 	1271
f 1276 	1272 	3415
f 1272 	1317 	3415
f 1276 	1176 	1272
f 1274 	1271 	1277
f 1233 	1242 	1277
f 1278 	1277 	1242
f 342 	1176 	1276
f 1278 	1242 	1239
f 1279 	1278 	1239
f 1273 	1274 	1281
f 1274 	1277 	1281
f 1276 	3415 	1280
f 1280 	345 	1276
f 342 	1276 	345
f 1217 	1123 	1117
f 2104 	1279 	2102
f 1284 	1279 	2108
f 1284 	1278 	1279
f 2104 	2108 	1279
f 1148 	1139 	1210
f 1217 	1196 	1123
f 1284 	1277 	1278
f 1285 	1258 	1275
f 1285 	1257 	1258
f 1281 	1257 	1285
f 1285 	1273 	1281
f 1281 	1284 	1257
f 1281 	1277 	1284
f 1287 	1283 	1217
f 1287 	1299 	1283
f 1145 	1290 	1288
f 1087 	988 	1196
f 1297 	1145 	1148
f 1462 	1087 	1196
f 1210 	1298 	1148
f 1077 	1479 	1208
f 1080 	1208 	1292
f 1080 	1292 	1209
f 1290 	627 	1301
f 1291 	1294 	792
f 1295 	1294 	1291
f 1137 	1288 	1296
f 1298 	1290 	1297
f 1293 	1295 	1291
f 1298 	1297 	1148
f 1196 	1283 	1299
f 1287 	1484 	1299
f 1193 	1290 	1298
f 792 	1294 	1289
f 1192 	1298 	1189
f 1290 	1145 	1297
f 790 	792 	1289
f 1289 	1300 	1309
f 1290 	1296 	1288
f 1301 	1130 	1296
f 1296 	1130 	860
f 1296 	1290 	1301
f 1289 	1313 	1300
f 1290 	1193 	627
f 1130 	1301 	1163
f 1301 	629 	1163
f 1303 	1126 	1116
f 791 	1293 	1291
f 1303 	1137 	1304
f 1304 	1121 	1126
f 1126 	1303 	1304
f 1137 	859 	1121
f 1305 	1294 	1295
f 1137 	848 	859
f 1296 	860 	1307
f 860 	848 	1307
f 1137 	1121 	1304
f 790 	1309 	789
f 1309 	1300 	1380
f 1317 	1272 	1346
f 2136 	1647 	1149
f 1322 	1112 	1319
f 1209 	1320 	996
f 1324 	1286 	1214
f 1318 	1322 	1319
f 1214 	1209 	1324
f 875 	2464 	1318
f 1209 	996 	1324
f 1286 	999 	1008
f 1286 	1324 	999
f 1008 	1287 	1286
f 734 	1318 	1319
f 1322 	1326 	1112
f 1326 	1118 	1112
f 1326 	1322 	1658
f 750 	412 	1326
f 412 	1118 	1326
f 996 	1320 	1328
f 1141 	957 	1330
f 1496 	1008 	1006
f 1128 	1330 	1089
f 1330 	957 	1089
f 1338 	1317 	1316
f 1317 	1346 	1316
f 1129 	1331 	1336
f 349 	1316 	1282
f 1129 	1336 	1337
f 1338 	1316 	1344
f 1316 	349 	1344
f 1330 	1128 	1340
f 1330 	1340 	1332
f 386 	3417 	1338
f 1344 	386 	1338
f 1128 	1337 	1340
f 1327 	1345 	1134
f 1346 	1272 	1347
f 1675 	1447 	1272
f 1327 	1141 	1354
f 1272 	1447 	1347
f 1327 	1354 	1345
f 1346 	1445 	1316
f 1141 	1330 	1354
f 1330 	1332 	1354
f 1149 	1645 	1331
f 1331 	1645 	1336
f 1337 	1349 	1340
f 1332 	1340 	1349
f 1349 	1337 	1350
f 1350 	1337 	1336
f 1643 	1146 	1147
f 1351 	1147 	1132
f 1643 	1149 	1146
f 1318 	874 	875
f 1345 	1352 	1351
f 1345 	1353 	1352
f 1132 	1134 	1351
f 1345 	1354 	1353
f 1354 	2131 	1353
f 1134 	1345 	1351
f 2131 	1349 	1355
f 2131 	1354 	1349
f 1349 	1653 	1355
f 1332 	1349 	1354
f 1294 	1314 	1313
f 1256 	1268 	1260
f 1314 	1294 	1305
f 1268 	1235 	1236
f 1268 	1236 	1259
f 1305 	3588 	3587
f 1289 	1294 	1313
f 1235 	1256 	1261
f 1267 	1234 	1261
f 1207 	1234 	1267
f 1259 	1236 	1264
f 1234 	1235 	1261
f 1314 	1305 	3587
f 1314 	3587 	1387
f 1363 	1314 	1364
f 1314 	1363 	1313
f 1363 	1358 	1313
f 1363 	1506 	1358
f 1313 	1358 	1300
f 1379 	1295 	1293
f 1379 	1305 	1295
f 1300 	1773 	1380
f 1386 	1314 	1387
f 1386 	1364 	1314
f 1387 	1830 	1829
f 3587 	1830 	1387
f 1386 	1832 	1364
f 1391 	1364 	1832
f 952 	526 	1361
f 952 	524 	526
f 1361 	1409 	952
f 537 	1398 	1601
f 525 	383 	1399
f 1059 	1400 	1480
f 1220 	1219 	1401
f 525 	1399 	1409
f 525 	1409 	1361
f 1400 	1220 	1401
f 1400 	1218 	1220
f 1398 	537 	529
f 959 	958 	529
f 529 	535 	959
f 1406 	1399 	536
f 1489 	1219 	1404
f 1228 	1404 	1187
f 1407 	1399 	1406
f 1407 	1409 	1399
f 1407 	1406 	1598
f 1400 	934 	1218
f 1400 	935 	934
f 1400 	1062 	935
f 1027 	1411 	958
f 1411 	1410 	1601
f 1601 	396 	537
f 1398 	1411 	1601
f 1411 	1398 	529
f 1411 	529 	958
f 1422 	880 	1421
f 713 	880 	1422
f 1421 	880 	883
f 1418 	889 	1416
f 1418 	720 	889
f 1429 	890 	1418
f 713 	1422 	715
f 1421 	1432 	1422
f 1421 	1433 	1432
f 1416 	715 	1424
f 1440 	1416 	1424
f 1418 	1416 	1440
f 1424 	715 	1422
f 1425 	1596 	296
f 1421 	883 	1426
f 1426 	885 	890
f 1425 	1428 	1335
f 890 	1429 	1426
f 883 	885 	1426
f 301 	1428 	1425
f 1335 	1428 	1496
f 1418 	1440 	1443
f 1006 	1335 	1496
f 1418 	1516 	1429
f 1418 	1443 	1516
f 1465 	1011 	190
f 1430 	1099 	1431
f 1430 	1102 	1099
f 1426 	1434 	1421
f 1426 	1429 	1434
f 1421 	1434 	1433
f 1438 	1432 	1459
f 1422 	1432 	1438
f 1459 	1432 	1433
f 1463 	1433 	1434
f 1363 	1364 	1391
f 1300 	1358 	1446
f 1347 	1445 	1346
f 1446 	1358 	1506
f 1445 	1347 	1447
f 1201 	1272 	1176
f 1272 	1201 	1675
f 1201 	1686 	1675
f 1450 	793 	1448
f 1451 	1048 	1452
f 1049 	1048 	1451
f 1468 	1102 	1430
f 1452 	1454 	1451
f 1451 	954 	1049
f 1488 	1077 	1106
f 1202 	1270 	1454
f 1457 	1106 	1094
f 1454 	1467 	1455
f 1454 	1455 	1202
f 1107 	1468 	1469
f 1270 	1166 	1454
f 1457 	1109 	1107
f 1438 	1456 	1422
f 1457 	1107 	1458
f 1201 	1455 	1466
f 1455 	1467 	1466
f 1094 	1109 	1457
f 1456 	1460 	1440
f 1201 	1466 	1686
f 1196 	110 	1462
f 1460 	1443 	1440
f 1107 	1472 	1458
f 1424 	1456 	1440
f 1424 	1422 	1456
f 1433 	1461 	1459
f 1433 	1463 	1461
f 110 	986 	1462
f 1464 	1465 	97
f 192 	219 	1465
f 190 	192 	1465
f 1464 	97 	98
f 1430 	1464 	98
f 1431 	1464 	1430
f 1430 	98 	1468
f 1431 	1465 	1464
f 1011 	1465 	1431
f 98 	1469 	1468
f 1107 	1102 	1468
f 1466 	1471 	1606
f 1107 	1469 	1472
f 1472 	1469 	103
f 107 	1473 	1472
f 1458 	1472 	1473
f 103 	107 	1472
f 1469 	100 	103
f 98 	100 	1469
f 1477 	1615 	1475
f 1458 	1473 	1457
f 1457 	1470 	1106
f 1473 	102 	1457
f 1466 	1474 	1471
f 1457 	102 	1470
f 1610 	1476 	861
f 986 	110 	1476
f 108 	861 	1476
f 110 	108 	1476
f 986 	1476 	1611
f 1474 	1478 	1471
f 1292 	1208 	1479
f 1404 	1228 	1483
f 110 	1196 	1299
f 1209 	1292 	1481
f 1481 	1320 	1209
f 1481 	1328 	1320
f 837 	566 	1482
f 1489 	1404 	1483
f 1484 	1287 	1493
f 1494 	562 	1491
f 1219 	1489 	1401
f 1489 	1486 	1401
f 102 	268 	1470
f 562 	1494 	1485
f 268 	1488 	1470
f 1485 	1494 	1401
f 1401 	1486 	1485
f 1485 	566 	565
f 270 	1292 	1479
f 1486 	1489 	1485
f 1479 	1488 	270
f 566 	1485 	1482
f 1106 	1470 	1488
f 1077 	1488 	1479
f 1483 	1485 	1489
f 1483 	1482 	1485
f 1495 	1487 	299
f 1490 	1491 	1492
f 1487 	1481 	270
f 1492 	563 	3028
f 270 	1481 	1292
f 1495 	1481 	1487
f 1088 	1480 	1492
f 1499 	279 	1493
f 1400 	1490 	1480
f 1490 	1492 	1480
f 1490 	1494 	1491
f 562 	561 	1491
f 1328 	1481 	1495
f 1490 	1400 	1401
f 1401 	1494 	1490
f 1495 	1576 	1328
f 1495 	1595 	1576
f 1495 	299 	296
f 1492 	564 	563
f 1495 	1427 	1595
f 1492 	1491 	564
f 296 	1427 	1495
f 1498 	1173 	1497
f 301 	1496 	1428
f 302 	1496 	301
f 1497 	1513 	1511
f 1499 	1496 	302
f 1496 	1493 	1287
f 1882 	1501 	794
f 799 	1502 	811
f 799 	1501 	1502
f 1503 	1502 	1501
f 1497 	1500 	2284
f 1181 	1498 	1504
f 1503 	1501 	1896
f 1498 	1497 	1514
f 1497 	1511 	1514
f 1513 	1497 	2284
f 1498 	1514 	1504
f 2284 	2289 	1513
f 1518 	1513 	2289
f 1514 	1515 	1504
f 1514 	1511 	1515
f 1504 	1515 	1185
f 1528 	1185 	1515
f 1515 	1525 	1528
f 1511 	1510 	1515
f 1515 	1510 	1525
f 1519 	1511 	1518
f 1443 	1460 	1516
f 1429 	1463 	1434
f 1511 	1513 	1518
f 1516 	1521 	1429
f 1429 	1521 	1463
f 1511 	1519 	1510
f 1461 	1526 	1536
f 1779 	1510 	1519
f 1438 	1459 	1531
f 1463 	1521 	1461
f 1438 	1531 	1456
f 1522 	1460 	1456
f 1522 	1456 	1531
f 1232 	1190 	1523
f 1522 	1516 	1460
f 1533 	1522 	1531
f 1533 	1537 	1526
f 1522 	1533 	1526
f 1529 	1363 	1505
f 1521 	1516 	1522
f 1526 	1521 	1522
f 1530 	1529 	1505
f 1526 	1461 	1521
f 1363 	1529 	1506
f 1529 	1530 	1751
f 1752 	1529 	1751
f 1532 	1533 	1531
f 1531 	1534 	1535
f 1391 	1505 	1363
f 1531 	1535 	1532
f 1534 	1536 	1535
f 1835 	1446 	1506
f 1529 	1752 	1506
f 1531 	1459 	1534
f 1461 	1536 	1534
f 1534 	1459 	1461
f 1535 	1540 	1532
f 1532 	1537 	1533
f 1540 	1537 	1532
f 1535 	1536 	1540
f 1536 	1537 	1540
f 1536 	1526 	1537
f 952 	1409 	1544
f 1541 	382 	349
f 1541 	349 	1282
f 1505 	1546 	1548
f 1549 	1573 	1544
f 1391 	1833 	1546
f 1544 	1409 	1549
f 1409 	1407 	1549
f 1549 	1407 	1550
f 1833 	1548 	1546
f 1559 	1580 	1548
f 1549 	1550 	1574
f 1574 	1550 	1617
f 1550 	1407 	1575
f 1505 	1391 	1546
f 1542 	1556 	1025
f 1542 	1025 	951
f 1025 	1556 	1031
f 1868 	1561 	1559
f 1572 	1561 	684
f 1562 	1565 	1027
f 1554 	1579 	1505
f 1031 	1556 	1584
f 1554 	1505 	1548
f 1031 	1584 	1027
f 951 	1544 	1542
f 1580 	1554 	1548
f 1559 	1548 	1836
f 1560 	1027 	1565
f 1542 	1544 	1573
f 1572 	348 	382
f 1572 	382 	1541
f 1621 	1542 	1573
f 683 	348 	1572
f 1287 	1008 	1496
f 1574 	1573 	1549
f 1493 	1496 	1499
f 110 	1299 	1484
f 1577 	1328 	1576
f 996 	1328 	1577
f 1617 	1550 	1575
f 999 	1324 	1577
f 999 	1577 	1000
f 1324 	996 	1577
f 1578 	1530 	1505
f 1580 	1579 	1554
f 1582 	1576 	1581
f 1583 	1562 	1584
f 1582 	1585 	1576
f 1583 	1565 	1562
f 1562 	1027 	1584
f 1561 	1580 	1559
f 1585 	1586 	1576
f 1586 	1577 	1576
f 1556 	1542 	1570
f 1577 	1586 	1000
f 1570 	1584 	1556
f 1585 	1006 	1586
f 1586 	1006 	1000
f 1505 	1579 	1578
f 1584 	1570 	1627
f 1587 	1591 	1588
f 1592 	1588 	1591
f 1594 	1588 	1592
f 1576 	1595 	1596
f 1560 	1593 	1597
f 1596 	1427 	296
f 1596 	1595 	1427
f 1596 	1592 	1576
f 1590 	1560 	1565
f 1587 	1588 	1581
f 1590 	1593 	1560
f 1576 	1587 	1581
f 1592 	1591 	1576
f 1565 	1583 	1590
f 1576 	1591 	1587
f 1588 	1582 	1581
f 1588 	1594 	1335
f 1588 	1335 	1582
f 1335 	1006 	1585
f 1585 	1582 	1335
f 1425 	1592 	1596
f 1592 	1425 	1594
f 1425 	1335 	1594
f 1575 	1407 	1598
f 1477 	1474 	1615
f 1601 	1597 	1598
f 1602 	967 	1600
f 1600 	1603 	1602
f 1560 	1597 	1601
f 1474 	1477 	1478
f 1603 	1599 	1604
f 1601 	1410 	1560
f 1599 	357 	1604
f 1410 	1411 	1560
f 1603 	1604 	1602
f 536 	396 	1601
f 1406 	536 	1601
f 919 	1602 	908
f 1607 	909 	1602
f 908 	1602 	909
f 1607 	912 	909
f 151 	912 	1607
f 1606 	1608 	1605
f 1604 	1607 	1602
f 1604 	357 	271
f 271 	151 	1604
f 1607 	1604 	151
f 1600 	986 	1614
f 1603 	1600 	1614
f 357 	1609 	640
f 1599 	1609 	357
f 1599 	1603 	1609
f 1609 	863 	862
f 1478 	1608 	1471
f 1476 	1610 	1611
f 1467 	1612 	1466
f 1466 	1612 	1474
f 1606 	1471 	1608
f 1613 	867 	863
f 866 	1613 	1611
f 866 	868 	1613
f 868 	867 	1613
f 1614 	1611 	1613
f 1609 	1603 	1614
f 1613 	1609 	1614
f 1614 	986 	1611
f 1612 	1738 	1615
f 863 	1609 	1613
f 1598 	1406 	1601
f 2462 	863 	867
f 1616 	1619 	1618
f 317 	90 	1620
f 1570 	1542 	1621
f 1621 	1637 	1635
f 1620 	1619 	1616
f 1635 	1570 	1621
f 1619 	1620 	1623
f 1618 	1619 	1623
f 1623 	1624 	1618
f 1618 	1625 	1622
f 1646 	1573 	1574
f 1618 	1624 	1625
f 92 	1620 	90
f 1620 	203 	1623
f 1575 	1626 	1617
f 1624 	1465 	219
f 219 	212 	1624
f 1646 	1574 	1617
f 203 	1624 	1623
f 1626 	1597 	1593
f 1620 	1465 	203
f 1598 	1597 	1626
f 97 	1620 	92
f 1626 	1575 	1598
f 97 	1465 	1620
f 1635 	1627 	1570
f 1624 	203 	1465
f 1627 	1628 	1681
f 1796 	1629 	1630
f 1629 	1631 	1630
f 1918 	1910 	1630
f 1631 	1632 	1630
f 1633 	2393 	1918
f 1635 	1628 	1627
f 1635 	1637 	1628
f 1621 	1644 	1637
f 1637 	1639 	1689
f 1637 	1644 	1639
f 2133 	1643 	1147
f 1621 	1573 	1644
f 1573 	1646 	1644
f 1652 	1645 	1647
f 1350 	1336 	1645
f 1645 	1651 	1350
f 1584 	1627 	1650
f 1645 	1652 	1651
f 1350 	1651 	1652
f 1350 	1653 	1349
f 1652 	1653 	1350
f 1626 	1593 	1655
f 1647 	2245 	1652
f 1653 	2246 	1355
f 2251 	2246 	1652
f 1655 	1593 	1650
f 2463 	1322 	1318
f 2464 	2463 	1318
f 1671 	1670 	1646
f 2463 	2470 	1658
f 2470 	2471 	1658
f 1326 	1658 	750
f 2471 	750 	1658
f 1661 	1663 	1668
f 1626 	1657 	1617
f 1655 	1665 	1626
f 1665 	1657 	1626
f 1662 	1661 	1668
f 1672 	1657 	1665
f 1668 	1663 	2026
f 1663 	1664 	1802
f 1612 	1615 	1474
f 1738 	1475 	1615
f 1671 	1617 	1657
f 1646 	1617 	1671
f 1657 	1672 	1671
f 1452 	1048 	1612
f 1710 	1655 	1650
f 1612 	1454 	1452
f 1612 	1467 	1454
f 1447 	1675 	1676
f 1650 	1583 	1584
f 1590 	1583 	1650
f 1590 	1650 	1593
f 1445 	1447 	1676
f 1908 	1445 	1676
f 1605 	1679 	1678
f 1678 	1606 	1605
f 1691 	1678 	1679
f 1680 	1684 	1681
f 1686 	1606 	1678
f 1681 	1685 	1682
f 1678 	1675 	1686
f 1466 	1606 	1686
f 1676 	1675 	1678
f 1683 	1689 	1677
f 1681 	1684 	1627
f 1685 	1681 	1628
f 1685 	1628 	1637
f 1690 	1678 	1691
f 1685 	1637 	1683
f 1637 	1689 	1683
f 1678 	1690 	1676
f 1694 	1689 	1644
f 1639 	1644 	1689
f 1727 	1684 	1680
f 1690 	1691 	2040
f 1684 	1650 	1627
f 973 	1693 	1071
f 1644 	1646 	1694
f 1646 	1670 	1694
f 1684 	1727 	1701
f 1708 	1707 	1703
f 1708 	1655 	1707
f 1701 	1710 	1684
f 1707 	1710 	1701
f 1701 	1703 	1707
f 1710 	1650 	1684
f 1655 	1710 	1707
f 1671 	2120 	1695
f 1695 	1670 	1671
f 1672 	2120 	1671
f 1694 	1670 	1695
f 1672 	1708 	2120
f 1708 	1665 	1655
f 1672 	1665 	1708
f 1724 	1677 	1713
f 1713 	1714 	1746
f 1713 	1716 	1714
f 1716 	1715 	1714
f 1713 	1746 	1745
f 973 	1174 	1693
f 1713 	1718 	1716
f 2070 	1715 	2072
f 1693 	1692 	1072
f 1716 	2072 	1715
f 1716 	2074 	2072
f 1072 	1071 	1693
f 1718 	2074 	1716
f 1718 	1713 	1677
f 697 	1721 	1178
f 1689 	1694 	1718
f 1677 	1689 	1718
f 1579 	1589 	1578
f 1579 	1571 	1589
f 1579 	1580 	1571
f 1572 	1541 	1580
f 1723 	1726 	1724
f 1571 	1580 	1541
f 1993 	1725 	1721
f 1561 	1572 	1580
f 1186 	1725 	1692
f 1677 	1724 	1683
f 1724 	1685 	1683
f 1724 	1713 	1745
f 1681 	1723 	1680
f 1727 	1723 	1735
f 1727 	1680 	1723
f 1726 	1682 	1724
f 1681 	1726 	1723
f 1681 	1682 	1726
f 1693 	1174 	1186
f 1692 	1693 	1186
f 1682 	1685 	1724
f 1731 	1730 	1729
f 3320 	3322 	1605
f 3320 	1605 	1608
f 1735 	1701 	1727
f 1732 	1733 	1723
f 929 	1679 	930
f 811 	1731 	1729
f 1734 	1730 	1731
f 1723 	1733 	1735
f 1724 	1737 	1723
f 1734 	1731 	1728
f 1739 	2115 	1733
f 1736 	1738 	1612
f 1748 	1734 	1750
f 1612 	1048 	1736
f 1723 	1737 	1732
f 1732 	1739 	1733
f 1732 	1741 	1739
f 1737 	1741 	1732
f 1742 	1744 	2113
f 1745 	1746 	1741
f 1763 	1730 	1743
f 1734 	1743 	1730
f 1748 	1743 	1734
f 1530 	1743 	1748
f 1743 	1530 	1760
f 1748 	1751 	1530
f 1751 	1748 	1750
f 1751 	1750 	1752
f 1768 	575 	576
f 575 	1768 	1757
f 1729 	1730 	803
f 1767 	1753 	751
f 1767 	751 	1754
f 1756 	803 	1730
f 576 	570 	1753
f 1502 	1728 	811
f 570 	751 	1753
f 1728 	1731 	811
f 1728 	1502 	1503
f 1743 	1760 	1769
f 1758 	1759 	2237
f 1763 	1743 	1769
f 1589 	1760 	1578
f 1530 	1578 	1760
f 803 	1756 	1883
f 1761 	1764 	1762
f 1762 	1747 	2234
f 1756 	1730 	1763
f 2234 	1747 	1742
f 1742 	1747 	1744
f 1734 	1728 	1766
f 1750 	1734 	1766
f 1764 	1749 	1762
f 1749 	1747 	1762
f 1506 	1752 	1765
f 1752 	1750 	1766
f 1765 	1752 	1766
f 1768 	1753 	1767
f 1766 	1877 	1765
f 1768 	576 	1753
f 2225 	1768 	1767
f 2225 	1757 	1768
f 1769 	1770 	1763
f 1772 	1755 	1771
f 1769 	1934 	1770
f 1754 	1755 	1772
f 1898 	1756 	1763
f 1772 	2240 	1754
f 1754 	2238 	1767
f 1754 	2240 	2238
f 1633 	1786 	2393
f 1528 	1525 	1523
f 1622 	1625 	1775
f 1774 	704 	1064
f 1794 	1775 	211
f 1774 	1064 	1800
f 211 	1797 	1794
f 1797 	211 	1778
f 1064 	705 	1800
f 1190 	1528 	1523
f 1190 	1185 	1528
f 1776 	211 	1775
f 212 	1625 	1624
f 212 	1775 	1625
f 1777 	1780 	1788
f 212 	214 	1775
f 1776 	1775 	214
f 214 	215 	1776
f 1776 	215 	211
f 211 	218 	1778
f 1519 	1781 	1779
f 218 	1782 	1778
f 218 	223 	1782
f 1782 	223 	1631
f 1632 	1784 	1633
f 1518 	1783 	1792
f 1632 	1631 	1784
f 225 	1784 	1631
f 225 	1631 	223
f 1784 	1786 	1633
f 225 	806 	1786
f 1786 	1784 	225
f 707 	1780 	1777
f 1795 	1093 	1095
f 1775 	1791 	1787
f 1794 	1789 	1791
f 1775 	1794 	1791
f 1622 	1775 	1787
f 1789 	1787 	1791
f 1796 	1912 	1789
f 1789 	1797 	1796
f 1774 	1807 	1798
f 1774 	1800 	1807
f 707 	1777 	1800
f 1778 	1629 	1797
f 705 	707 	1800
f 1778 	1782 	1629
f 1782 	1631 	1629
f 1668 	2026 	2521
f 1664 	2153 	1802
f 1788 	1780 	1819
f 1797 	1629 	1796
f 2028 	1808 	2530
f 2028 	2530 	1804
f 1794 	1797 	1789
f 1804 	1806 	2161
f 1811 	1662 	1668
f 1811 	1808 	1662
f 1668 	2521 	1811
f 1809 	1807 	1800
f 1817 	1809 	1800
f 1817 	1800 	1777
f 1944 	1818 	1819
f 1788 	1819 	1817
f 1777 	1788 	1817
f 2257 	1823 	2057
f 2385 	1818 	1825
f 1818 	1944 	1825
f 1300 	1446 	1773
f 1773 	1446 	1835
f 1829 	1386 	1387
f 1833 	1391 	1832
f 1832 	1386 	1829
f 1833 	1832 	1834
f 1832 	1829 	2422
f 1832 	2422 	1834
f 2135 	1773 	1835
f 2134 	1380 	1773
f 1836 	1833 	1834
f 1813 	2644 	1814
f 1745 	1741 	1724
f 1746 	1740 	1741
f 1746 	1714 	1740
f 1724 	1741 	1737
f 1740 	1840 	1741
f 1715 	1840 	1740
f 1714 	1715 	1740
f 1840 	1739 	1741
f 1840 	2115 	1739
f 1785 	1856 	1792
f 1856 	1785 	1857
f 1857 	1859 	1856
f 1519 	1518 	1858
f 1518 	1792 	1858
f 1792 	1856 	1858
f 1781 	1519 	1858
f 1858 	1856 	1859
f 1858 	1790 	1781
f 1858 	1859 	1790
f 1857 	1860 	1859
f 1861 	1785 	2292
f 1785 	1861 	1857
f 1861 	1863 	1860
f 1860 	1857 	1861
f 1861 	1862 	1863
f 1862 	1864 	1863
f 1836 	1548 	1833
f 1836 	1834 	2436
f 1870 	1616 	1865
f 1865 	1618 	1866
f 1618 	1867 	1866
f 1618 	1871 	1867
f 1871 	1869 	1867
f 1865 	1616 	1618
f 700 	1561 	2431
f 1870 	317 	1620
f 1620 	1616 	1870
f 1559 	1836 	1868
f 1787 	1869 	1871
f 1622 	1871 	1618
f 1622 	1787 	1871
f 322 	323 	1874
f 1870 	1874 	323
f 1879 	1728 	1503
f 1870 	1865 	1874
f 1766 	1728 	1879
f 1873 	322 	1874
f 1766 	1879 	1877
f 1240 	803 	1883
f 2873 	1860 	1863
f 1240 	1883 	1237
f 1883 	1902 	1237
f 1744 	1747 	1827
f 2446 	2449 	1883
f 1862 	1885 	1864
f 2102 	1279 	1239
f 1239 	1237 	2102
f 1862 	2884 	2890
f 2890 	2898 	1862
f 2102 	1237 	1902
f 689 	1886 	1888
f 793 	1450 	1882
f 793 	1882 	794
f 1232 	1889 	1903
f 1889 	1887 	1903
f 1232 	1523 	1889
f 1892 	1882 	1450
f 1523 	1887 	1889
f 1896 	1882 	1892
f 1896 	1501 	1882
f 1894 	1525 	1510
f 1523 	1525 	1894
f 2444 	1503 	1896
f 1523 	1894 	1887
f 1894 	1510 	1779
f 2445 	1879 	1503
f 1779 	1895 	1894
f 1779 	1781 	1895
f 2446 	1883 	1756
f 1781 	1897 	1895
f 1770 	1898 	1763
f 1899 	1898 	1770
f 1900 	759 	755
f 691 	1755 	692
f 1227 	1900 	755
f 693 	692 	1755
f 1900 	1231 	1901
f 1755 	1754 	693
f 1902 	1883 	2449
f 1231 	1903 	1901
f 1759 	1904 	1906
f 1905 	763 	761
f 1886 	689 	1904
f 3548 	3547 	1906
f 1865 	1875 	1874
f 1865 	1866 	1875
f 1904 	3548 	1906
f 1875 	1866 	1876
f 1866 	1867 	1876
f 1869 	1880 	1876
f 1869 	1935 	1880
f 1869 	1876 	1867
f 1915 	1282 	1908
f 702 	2441 	680
f 1445 	1908 	1316
f 1282 	1316 	1908
f 1282 	1571 	1541
f 1760 	1589 	1913
f 1915 	1913 	1589
f 1911 	1789 	1912
f 697 	1922 	1914
f 1796 	1630 	1912
f 1630 	1910 	1912
f 1912 	1910 	1911
f 1922 	697 	696
f 1571 	1915 	1589
f 1916 	1930 	1910
f 694 	1919 	200
f 1918 	1916 	1910
f 1630 	1632 	1918
f 696 	1919 	1922
f 1916 	1920 	1933
f 696 	200 	1919
f 1916 	1921 	1920
f 1908 	1917 	1915
f 1916 	1933 	1931
f 1918 	1921 	1916
f 1282 	1915 	1571
f 1915 	1917 	1923
f 1632 	1633 	1918
f 1923 	1917 	2052
f 1925 	1043 	1073
f 1258 	1257 	1927
f 2063 	1258 	1927
f 1909 	1926 	1924
f 1910 	1928 	1926
f 1067 	1780 	707
f 1909 	1911 	1926
f 1911 	1910 	1926
f 1257 	1929 	1927
f 1910 	1930 	1928
f 1925 	2057 	1043
f 1930 	1992 	1928
f 1930 	1931 	1992
f 1930 	1916 	1931
f 1760 	1913 	1932
f 1913 	1940 	1932
f 1920 	2720 	1933
f 1932 	1769 	1760
f 1932 	1937 	1769
f 1155 	1054 	3376
f 1909 	1924 	1880
f 1909 	1880 	1935
f 1934 	1769 	1937
f 1935 	1936 	1909
f 1067 	1944 	1780
f 1899 	1770 	1934
f 1924 	1878 	1880
f 1067 	1045 	1944
f 1869 	1787 	1935
f 1072 	1938 	2062
f 1787 	1789 	1936
f 1911 	1936 	1789
f 1692 	1938 	1072
f 1935 	1787 	1936
f 1911 	1909 	1936
f 2082 	1881 	2062
f 1950 	1939 	1940
f 1939 	1943 	1940
f 1915 	1923 	1940
f 1819 	1780 	1944
f 1939 	1945 	1943
f 1940 	1913 	1915
f 1952 	1943 	1947
f 1927 	1943 	1945
f 1945 	2063 	1927
f 1943 	1927 	1947
f 1940 	1923 	1950
f 1940 	1951 	1932
f 1932 	1951 	1937
f 1937 	1951 	1959
f 1943 	1951 	1940
f 1959 	1951 	1952
f 1952 	1951 	1943
f 1952 	1947 	1959
f 1947 	2117 	1959
f 1945 	1955 	1954
f 1955 	1945 	1939
f 1939 	1950 	1955
f 1955 	1950 	1957
f 1957 	1950 	1923
f 1905 	1958 	763
f 1923 	2052 	1957
f 2052 	2049 	1957
f 1901 	1887 	1905
f 1887 	1958 	1905
f 1887 	1894 	1958
f 1895 	767 	1958
f 1894 	1895 	1958
f 1887 	1901 	1903
f 1231 	1232 	1903
f 1900 	1901 	1905
f 1905 	761 	759
f 1900 	1905 	759
f 769 	767 	1895
f 1960 	823 	769
f 769 	1895 	1960
f 1310 	1960 	1897
f 1897 	81 	1310
f 1962 	1963 	1982
f 1965 	1962 	1961
f 1963 	1962 	1965
f 1961 	1964 	1965
f 1964 	1979 	1875
f 1964 	1876 	1965
f 1964 	1875 	1876
f 1965 	1966 	1963
f 1895 	1897 	1960
f 1966 	1965 	1878
f 1880 	1965 	1876
f 1880 	1878 	1965
f 1978 	1873 	1979
f 1875 	1979 	1874
f 322 	1980 	634
f 1980 	322 	1873
f 1873 	1978 	1980
f 1873 	1874 	1979
f 1982 	1981 	1986
f 1986 	1962 	1982
f 2183 	1983 	2184
f 2183 	1984 	1983
f 1984 	1941 	1983
f 1982 	1963 	1984
f 1963 	1966 	1984
f 1966 	1941 	1984
f 1985 	1978 	1986
f 1961 	1962 	1986
f 1986 	1964 	1961
f 1979 	1986 	1978
f 1986 	1979 	1964
f 1987 	2188 	644
f 1987 	1978 	1985
f 1987 	634 	1980
f 1980 	1978 	1987
f 1988 	1941 	1966
f 1989 	1941 	1988
f 1944 	1045 	1991
f 1988 	1926 	1989
f 1989 	1926 	1990
f 1825 	1944 	1991
f 1878 	1924 	1988
f 1924 	1926 	1988
f 1823 	1991 	1076
f 1045 	1076 	1991
f 1990 	1928 	1992
f 1926 	1928 	1990
f 2724 	2564 	1721
f 1721 	2564 	1993
f 1992 	1931 	1994
f 1931 	1933 	1994
f 1692 	1725 	1938
f 1992 	1994 	2001
f 1938 	1725 	1993
f 1758 	1996 	1886
f 1904 	1759 	1758
f 1758 	1886 	1904
f 1996 	1888 	1886
f 1989 	1999 	1997
f 1989 	1990 	1999
f 1999 	1998 	1997
f 1989 	1997 	1941
f 1872 	2055 	1793
f 1999 	2194 	1998
f 1999 	1992 	2194
f 1990 	1992 	1999
f 1992 	2001 	2194
f 2001 	1994 	2000
f 1994 	2002 	2000
f 1994 	1995 	2002
f 2000 	2002 	2196
f 1878 	1988 	1966
f 1983 	1997 	1998
f 1997 	1983 	1941
f 2004 	2003 	1981
f 306 	307 	1310
f 1553 	1310 	1552
f 1552 	1310 	307
f 1553 	1555 	1310
f 1310 	1555 	1558
f 1564 	1310 	1558
f 1566 	1310 	1564
f 1699 	1310 	1698
f 1697 	1698 	1310
f 1310 	1699 	1704
f 1705 	1310 	1704
f 1306 	1960 	1310
f 1663 	1802 	2026
f 1954 	2063 	1945
f 1802 	1816 	2026
f 2026 	1816 	2524
f 2027 	1947 	1927
f 2028 	2249 	2029
f 2028 	2029 	1808
f 2029 	1662 	1808
f 2028 	1804 	2154
f 1662 	2029 	2103
f 2033 	2028 	2154
f 2402 	2028 	2033
f 2033 	2032 	2031
f 2030 	2031 	2032
f 2402 	2033 	2031
f 2034 	2035 	2036
f 2036 	2035 	2037
f 2036 	2037 	2164
f 2034 	2038 	2420
f 1927 	1929 	2027
f 2040 	2044 	2039
f 2039 	2044 	2042
f 1793 	1744 	1827
f 2040 	2041 	2044
f 1690 	2040 	2039
f 1891 	2043 	2705
f 2041 	2040 	1679
f 2040 	1691 	1679
f 2041 	2045 	2044
f 2044 	2045 	2046
f 2044 	2046 	2042
f 768 	2047 	892
f 2042 	2046 	2047
f 2046 	2045 	1266
f 2046 	1266 	2047
f 929 	2054 	1679
f 764 	2054 	929
f 1917 	1908 	1676
f 2041 	1679 	2054
f 2055 	1884 	2053
f 2054 	2045 	2041
f 766 	2045 	2054
f 764 	766 	2054
f 2053 	1888 	1996
f 2497 	2053 	1996
f 1872 	1884 	2055
f 2042 	2047 	762
f 2052 	1917 	2059
f 1690 	2039 	1676
f 1810 	2057 	1925
f 2039 	1917 	1676
f 1917 	2039 	2059
f 2049 	2052 	2059
f 2039 	2042 	2059
f 1823 	1043 	2057
f 1891 	694 	2073
f 2059 	2042 	2049
f 99 	2073 	694
f 768 	762 	2047
f 1881 	1072 	2062
f 1258 	2063 	2065
f 2066 	2065 	2063
f 1991 	1823 	1825
f 1823 	1076 	1043
f 2070 	2118 	1715
f 2071 	2065 	2066
f 2065 	1263 	1262
f 2072 	2074 	2070
f 895 	1263 	2065
f 2043 	1891 	2073
f 895 	2065 	2071
f 2015 	2012 	2014
f 2010 	2013 	2012
f 2011 	2010 	2012
f 2014 	2012 	2013
f 2015 	2017 	2012
f 1263 	895 	757
f 2017 	2016 	2012
f 1881 	2082 	2073
f 1893 	1881 	2073
f 2062 	1938 	2076
f 1934 	1937 	2077
f 2062 	2568 	2082
f 1899 	1934 	2077
f 2077 	1959 	2117
f 1937 	1959 	2077
f 1954 	2083 	2063
f 2091 	2092 	1957
f 1082 	1957 	2092
f 2092 	953 	1082
f 2092 	2091 	953
f 1957 	2049 	2091
f 2571 	1922 	1919
f 2097 	2091 	2049
f 2097 	953 	2091
f 2042 	2097 	2049
f 2066 	2063 	2083
f 2066 	2083 	2126
f 2094 	2093 	1838
f 2097 	947 	1075
f 2571 	1914 	1922
f 762 	947 	2097
f 2096 	1838 	2095
f 2042 	762 	2097
f 2093 	2095 	1838
f 1661 	2099 	2100
f 1661 	1662 	2099
f 2098 	1838 	2096
f 2101 	2100 	2099
f 1815 	1838 	2098
f 1661 	2100 	1663
f 2099 	1662 	2103
f 2102 	1902 	1907
f 2101 	2105 	2100
f 2100 	2105 	2106
f 2107 	2105 	2101
f 1838 	2078 	2084
f 2107 	2234 	2105
f 2105 	2234 	1742
f 2086 	2087 	1838
f 1664 	2100 	2106
f 2087 	2090 	1838
f 2399 	1664 	2106
f 2094 	1838 	2089
f 2108 	2109 	1284
f 2100 	1664 	1663
f 2088 	2089 	1838
f 2027 	1929 	2123
f 1929 	1257 	1284
f 2090 	2088 	1838
f 1284 	2109 	1929
f 2106 	2110 	2252
f 2105 	1742 	2113
f 2110 	2106 	2105
f 2109 	2123 	1929
f 1694 	1695 	2074
f 1718 	1694 	2074
f 1695 	2120 	2074
f 1907 	2114 	2102
f 1733 	2115 	2116
f 2115 	2118 	2116
f 1733 	2116 	1735
f 1715 	2118 	1840
f 2119 	2108 	2104
f 2109 	2108 	2119
f 2119 	2104 	2811
f 2121 	1703 	1701
f 2121 	2122 	1703
f 2116 	2122 	2121
f 2114 	2104 	2102
f 2121 	1735 	2116
f 2122 	2116 	2124
f 2115 	1840 	2118
f 2116 	2120 	2124
f 2118 	2070 	2116
f 2123 	2109 	2615
f 2116 	2125 	2120
f 2125 	2070 	2120
f 2070 	2074 	2120
f 2070 	2125 	2116
f 1735 	2121 	1701
f 2126 	2083 	1061
f 2124 	1708 	1703
f 2071 	2126 	943
f 943 	937 	2071
f 2122 	2124 	1703
f 2126 	1063 	943
f 1708 	2124 	2120
f 2071 	2066 	2126
f 2128 	1352 	2129
f 1352 	1353 	2129
f 1353 	2131 	2129
f 2128 	2129 	2130
f 2137 	2133 	1351
f 2133 	1147 	1351
f 2133 	2287 	1643
f 2137 	2286 	2133
f 1647 	2136 	2245
f 2246 	1653 	1652
f 3132 	1380 	2134
f 2248 	1652 	2245
f 2248 	2251 	1652
f 2137 	1351 	1352
f 2132 	2138 	2272
f 2272 	2138 	2274
f 2037 	2075 	2345
f 1755 	691 	2139
f 2018 	2012 	2016
f 2019 	3078 	2020
f 2020 	3078 	2022
f 2018 	2024 	2012
f 2022 	3078 	2025
f 2024 	2025 	2012
f 2143 	2127 	2141
f 2146 	2038 	2305
f 2479 	2146 	2145
f 2479 	2038 	2146
f 2340 	2148 	2145
f 2151 	2919 	2152
f 575 	1757 	2151
f 577 	2151 	2152
f 2140 	2145 	2148
f 2151 	574 	575
f 2151 	577 	574
f 2150 	2486 	2148
f 1664 	2157 	2153
f 2138 	2152 	2274
f 2161 	2154 	1804
f 2156 	2032 	2155
f 2030 	2158 	2157
f 2030 	2156 	2158
f 2156 	2030 	2032
f 2155 	2033 	2154
f 2155 	2032 	2033
f 1802 	2153 	2159
f 2159 	2153 	2157
f 1816 	1802 	2159
f 2160 	2161 	1806
f 2160 	2158 	2161
f 2161 	2155 	2154
f 2156 	2155 	2158
f 2158 	2155 	2161
f 2159 	2157 	2158
f 2036 	2163 	2162
f 2036 	2164 	2163
f 2162 	2034 	2036
f 2037 	2345 	2164
f 2165 	2163 	2164
f 2166 	2163 	2167
f 2163 	2166 	2162
f 2166 	2167 	2861
f 2165 	2168 	2862
f 2167 	2163 	2165
f 2165 	2862 	2167
f 2170 	3313 	1310
f 1310 	3313 	1306
f 2012 	2170 	1310
f 2012 	2752 	3400
f 2012 	3400 	2170
f 1666 	1310 	1566
f 1666 	1696 	1310
f 1697 	1310 	1696
f 2006 	2012 	1711
f 1711 	2012 	1705
f 2007 	2012 	2005
f 2005 	2012 	2006
f 1310 	1705 	2012
f 2011 	2012 	2009
f 2009 	2012 	2007
f 1981 	1982 	2004
f 2004 	2183 	2182
f 2183 	2184 	2182
f 1982 	2183 	2004
f 1984 	2183 	1982
f 2182 	2184 	2197
f 2003 	2185 	1981
f 2185 	2186 	1985
f 1985 	1986 	2185
f 1986 	1981 	2185
f 2187 	828 	2188
f 828 	2187 	678
f 1985 	2186 	2188
f 2186 	2187 	2188
f 1987 	1985 	2188
f 2185 	1195 	2189
f 2003 	2190 	2185
f 2003 	2004 	2190
f 2190 	1195 	2185
f 2187 	838 	678
f 838 	2187 	2189
f 2189 	2186 	2185
f 2190 	2004 	2191
f 2192 	1500 	1173
f 2192 	2191 	2182
f 2191 	2004 	2182
f 2189 	2187 	2186
f 1197 	905 	838
f 1205 	1195 	2190
f 2191 	1205 	2190
f 2191 	1173 	1205
f 1998 	2193 	1983
f 2193 	1998 	2194
f 2291 	2290 	2194
f 2194 	2000 	2195
f 2196 	2195 	2000
f 2194 	2001 	2000
f 1983 	2193 	2197
f 2193 	2194 	2197
f 2113 	2110 	2105
f 2252 	2113 	1793
f 1744 	1793 	2113
f 2225 	2224 	1757
f 2101 	2230 	2107
f 2230 	2233 	2107
f 2233 	2234 	2107
f 1814 	2644 	1815
f 2103 	2029 	2230
f 2112 	2644 	2111
f 1812 	2644 	1813
f 2111 	2644 	1812
f 1759 	1761 	2236
f 2219 	2644 	2112
f 2220 	2644 	2219
f 2222 	2644 	2220
f 2233 	2230 	2236
f 2236 	1761 	2233
f 2223 	2644 	2222
f 1761 	1762 	2233
f 2234 	2233 	1762
f 2229 	2644 	2227
f 2227 	2644 	2226
f 2226 	2644 	2223
f 2232 	2644 	2231
f 2494 	2491 	2237
f 2237 	2583 	2494
f 2237 	2250 	2583
f 2235 	2644 	2232
f 2231 	2644 	2229
f 2241 	2644 	2239
f 1767 	2238 	2221
f 2221 	2225 	1767
f 2133 	2286 	2287
f 1352 	2128 	2137
f 2103 	2230 	2099
f 2240 	2247 	2238
f 2131 	1355 	2246
f 2246 	2295 	2131
f 2221 	2238 	3049
f 2246 	2296 	2295
f 2240 	3061 	2247
f 2099 	2230 	2101
f 2249 	2237 	1759
f 2249 	2028 	2250
f 2249 	2236 	2230
f 2249 	2230 	2029
f 1759 	2236 	2249
f 2250 	2237 	2249
f 2106 	2252 	2399
f 2110 	2113 	2252
f 2253 	1793 	2254
f 1793 	2253 	2252
f 2257 	2057 	1810
f 2258 	2257 	1810
f 1810 	1890 	2258
f 2258 	1890 	2267
f 2262 	1809 	1817
f 2264 	1818 	2385
f 2264 	1819 	1818
f 2262 	1817 	2263
f 2263 	1819 	2264
f 1817 	1819 	2263
f 1823 	2269 	2381
f 1825 	1823 	2381
f 1823 	2257 	2269
f 2267 	2425 	2258
f 1890 	1798 	2267
f 2269 	2257 	2258
f 2425 	2269 	2258
f 2267 	2268 	2420
f 2267 	1807 	2268
f 1807 	1809 	2268
f 1809 	2262 	2268
f 1798 	1807 	2267
f 2268 	2262 	2271
f 2262 	2263 	2271
f 2272 	2275 	1379
f 1755 	2139 	1771
f 2275 	1771 	2139
f 2919 	2273 	2152
f 2139 	1379 	2275
f 2276 	1772 	1771
f 1771 	2275 	2276
f 2240 	1772 	2276
f 2152 	2273 	2274
f 2135 	2282 	2281
f 2134 	2281 	3042
f 2277 	2279 	2142
f 2142 	2143 	2277
f 2277 	2143 	2278
f 2143 	2141 	2278
f 2279 	2144 	2142
f 2147 	2144 	2279
f 2280 	2134 	3042
f 2197 	2184 	1983
f 2197 	2194 	2290
f 2196 	2292 	2195
f 2283 	2800 	57
f 2002 	2798 	2196
f 2798 	2283 	2196
f 2182 	2284 	2192
f 2285 	2286 	2137
f 2137 	2288 	2285
f 2182 	2197 	2284
f 2284 	1500 	2192
f 2197 	2289 	2284
f 2290 	1518 	2289
f 2197 	2290 	2289
f 2290 	2291 	1783
f 1783 	1518 	2290
f 2292 	1785 	1792
f 2195 	2292 	2291
f 2194 	2195 	2291
f 2196 	2293 	2292
f 2291 	2292 	1783
f 1783 	2292 	1792
f 2239 	2644 	2235
f 2244 	2644 	2242
f 2242 	2644 	2241
f 2294 	2644 	2243
f 2648 	2644 	2294
f 1847 	1841 	1838
f 1838 	1841 	1842
f 1843 	1838 	1845
f 1844 	1838 	1843
f 1846 	1845 	1838
f 2130 	2288 	2128
f 2137 	2128 	2288
f 2130 	2129 	2295
f 2129 	2131 	2295
f 2297 	2246 	2251
f 2251 	2301 	2297
f 2296 	2246 	2297
f 2298 	1643 	2287
f 2298 	2136 	1643
f 2298 	2245 	2136
f 2300 	2248 	2298
f 2298 	2248 	2245
f 2288 	2130 	2299
f 2295 	2299 	2130
f 2300 	2251 	2248
f 2251 	2300 	2301
f 1861 	2292 	2293
f 2293 	2283 	1861
f 2196 	2283 	2293
f 1861 	2283 	82
f 2308 	2306 	666
f 2308 	2307 	2306
f 260 	2308 	666
f 258 	2313 	2308
f 258 	670 	2313
f 2308 	260 	252
f 258 	2308 	252
f 663 	666 	2309
f 666 	2306 	2309
f 2309 	2306 	2312
f 2310 	672 	2311
f 673 	672 	2310
f 672 	2309 	2311
f 2311 	2309 	2312
f 2313 	670 	2389
f 2307 	2308 	2313
f 2312 	2306 	2307
f 2307 	2371 	2312
f 1844 	1847 	1838
f 1842 	2080 	1838
f 1838 	1081 	1093
f 1100 	1081 	1838
f 2316 	2315 	1093
f 2314 	1838 	2315
f 2318 	1838 	2317
f 2317 	1838 	2314
f 1093 	2315 	1838
f 1846 	1838 	2318
f 2321 	1093 	2322
f 2326 	2325 	1093
f 2327 	2326 	1093
f 2324 	2328 	1093
f 2321 	2320 	1093
f 2325 	2324 	1093
f 2327 	1093 	2320
f 2329 	2330 	1093
f 2329 	1093 	2328
f 2316 	1093 	2319
f 2330 	2319 	1093
f 2085 	2086 	1838
f 2085 	1838 	2084
f 2331 	2079 	1838
f 2078 	1838 	2079
f 2335 	2334 	1838
f 2332 	1838 	2336
f 1838 	2332 	2331
f 2038 	2034 	2305
f 2080 	2333 	1838
f 2335 	1838 	2333
f 2336 	1838 	2334
f 1838 	2644 	1100
f 2644 	1108 	1100
f 2304 	2340 	2146
f 2305 	2304 	2146
f 2644 	2693 	1108
f 2305 	2034 	2162
f 2305 	2162 	2166
f 2340 	2145 	2146
f 2150 	2345 	2149
f 2345 	2075 	2149
f 2339 	1095 	2337
f 2165 	2164 	2345
f 2148 	2340 	2343
f 2338 	1095 	2341
f 2345 	2343 	2302
f 2345 	2150 	2343
f 2337 	1095 	2338
f 2150 	2148 	2343
f 2344 	2342 	1095
f 2341 	1095 	2342
f 2349 	2348 	1095
f 2348 	2347 	1095
f 1795 	1095 	2347
f 2349 	1095 	2350
f 2351 	2350 	1095
f 2351 	1095 	2352
f 2339 	2352 	1095
f 2356 	1795 	2353
f 2354 	2353 	1795
f 2354 	1795 	2355
f 2355 	1795 	2357
f 2322 	1093 	2323
f 2362 	2361 	1093
f 2356 	2362 	1093
f 2360 	2323 	1093
f 2361 	2360 	1093
f 1795 	2358 	2357
f 2347 	2358 	1795
f 1795 	2356 	1093
f 2386 	676 	2452
f 2374 	2312 	2371
f 2374 	2371 	2379
f 2311 	2312 	2374
f 2313 	2380 	2307
f 2371 	2307 	2380
f 2371 	2380 	2379
f 2311 	2374 	2375
f 2313 	2384 	2380
f 2374 	2376 	2375
f 2376 	2378 	2375
f 2141 	2127 	2280
f 2127 	2134 	2280
f 2313 	2386 	2384
f 2381 	2269 	2428
f 2310 	2311 	2375
f 2310 	2375 	2378
f 2264 	2385 	2466
f 2469 	2271 	2264
f 2277 	2383 	2382
f 2277 	2278 	2383
f 2278 	2387 	2383
f 2278 	2280 	2387
f 2382 	2279 	2277
f 2278 	2141 	2280
f 2392 	2472 	2374
f 2382 	2388 	2279
f 673 	2310 	2378
f 2392 	2380 	2384
f 2388 	3038 	2147
f 2279 	2388 	2147
f 2384 	2386 	2458
f 3591 	2390 	1830
f 2386 	2313 	2391
f 2313 	2389 	2391
f 660 	676 	2389
f 2389 	676 	2391
f 676 	2386 	2391
f 680 	2390 	3591
f 2374 	2379 	2392
f 2379 	2380 	2392
f 44 	1830 	2390
f 1918 	2393 	2394
f 2394 	1921 	1918
f 2169 	2400 	2304
f 2395 	2397 	2398
f 2305 	2169 	2304
f 2493 	2492 	2395
f 2395 	2285 	2397
f 2340 	2304 	2400
f 2271 	2263 	2264
f 2285 	2395 	2286
f 2303 	2886 	2881
f 2303 	2508 	2886
f 2285 	2288 	2398
f 2288 	2299 	2398
f 2252 	2253 	2399
f 2880 	2303 	2881
f 2157 	1664 	2399
f 2399 	2030 	2157
f 2396 	2303 	2880
f 2398 	2397 	2285
f 2863 	2400 	2169
f 2400 	2863 	2302
f 2401 	2031 	2030
f 2343 	2400 	2302
f 2399 	2253 	2254
f 2343 	2340 	2400
f 2401 	2030 	2399
f 2345 	2168 	2165
f 2398 	2299 	2408
f 2168 	2345 	2864
f 2399 	2254 	2401
f 2485 	2299 	2295
f 2518 	2523 	2301
f 2250 	2028 	2402
f 2301 	2523 	2522
f 2401 	2254 	2403
f 2300 	2518 	2301
f 2031 	2403 	2583
f 2031 	2401 	2403
f 2398 	2406 	2395
f 2398 	2484 	2406
f 2037 	2035 	2407
f 2484 	2398 	2408
f 2407 	2427 	2271
f 2286 	2395 	2492
f 2286 	2492 	2287
f 2404 	2414 	2415
f 2405 	2404 	2415
f 2405 	2415 	2505
f 1834 	2422 	2435
f 2425 	2428 	2269
f 2425 	2479 	2428
f 2425 	2267 	2038
f 2038 	2267 	2420
f 2425 	2038 	2479
f 2281 	2134 	1773
f 2281 	1773 	2135
f 2427 	2407 	2035
f 2434 	1561 	1868
f 2431 	1561 	2434
f 2435 	1830 	44
f 1830 	2435 	1829
f 2436 	1834 	2435
f 2422 	1829 	2435
f 2771 	127 	1836
f 1506 	2440 	2135
f 1835 	1506 	2135
f 2440 	1765 	1877
f 1506 	1765 	2440
f 2282 	2135 	2440
f 700 	2431 	2441
f 2441 	702 	700
f 2147 	1892 	2144
f 1756 	2447 	2446
f 2147 	1896 	1892
f 2447 	1756 	1898
f 2447 	1898 	1899
f 1503 	2444 	2445
f 2448 	2447 	1899
f 1907 	1902 	2809
f 2612 	1954 	1955
f 2613 	1957 	1082
f 2083 	2612 	1061
f 1899 	2077 	2448
f 1061 	1063 	2126
f 2077 	2450 	2448
f 2450 	2077 	2117
f 2455 	871 	2451
f 871 	807 	2451
f 2451 	807 	673
f 661 	2452 	676
f 661 	646 	2452
f 1786 	2453 	2393
f 1786 	806 	2453
f 2459 	2452 	2454
f 2456 	2393 	871
f 2460 	862 	881
f 871 	2455 	2456
f 2453 	871 	2393
f 2457 	2378 	2376
f 673 	2378 	2451
f 2478 	2455 	2457
f 2455 	2451 	2457
f 2378 	2457 	2451
f 2386 	2452 	2458
f 2458 	2452 	2459
f 862 	2460 	2454
f 2700 	2454 	2460
f 2459 	2454 	2700
f 2462 	2461 	882
f 882 	863 	2462
f 2463 	1658 	1322
f 2461 	881 	882
f 2461 	2462 	2717
f 2427 	2268 	2271
f 2385 	2467 	2466
f 2464 	2468 	2463
f 2470 	2463 	2468
f 2478 	2465 	2456
f 2456 	2455 	2478
f 2456 	2465 	2393
f 2466 	2469 	2264
f 2471 	869 	750
f 2471 	900 	869
f 2464 	2476 	2474
f 2376 	2374 	2472
f 2464 	2474 	2468
f 2407 	2271 	2469
f 3463 	2471 	2470
f 2474 	2470 	2468
f 2469 	2037 	2407
f 2470 	2474 	2475
f 2467 	2150 	2149
f 2467 	1825 	2381
f 2385 	1825 	2467
f 2472 	2473 	2477
f 2457 	2376 	2472
f 2472 	2477 	2457
f 2475 	2480 	1
f 2034 	2420 	2481
f 2500 	2503 	8
f 2477 	2473 	2490
f 2268 	2481 	2420
f 2480 	2500 	8
f 2268 	2427 	2481
f 2477 	2490 	2478
f 2480 	8 	1
f 2392 	2483 	2472
f 2500 	2480 	2475
f 2384 	2483 	2392
f 2427 	2035 	2034
f 2472 	2483 	2473
f 2475 	1 	2470
f 2499 	2474 	2482
f 2481 	2427 	2034
f 3 	2482 	2474
f 2 	126 	2482
f 2140 	2428 	2479
f 2140 	2486 	2428
f 2482 	3 	2
f 2495 	2478 	2490
f 2499 	2475 	2474
f 2145 	2140 	2479
f 2457 	2477 	2478
f 2384 	2458 	2483
f 2075 	2466 	2467
f 2458 	2459 	2487
f 2075 	2469 	2466
f 2483 	2458 	2487
f 2467 	2149 	2075
f 2485 	2295 	2296
f 2486 	2381 	2428
f 2148 	2486 	2140
f 2485 	2517 	2408
f 2467 	2381 	2486
f 2408 	2299 	2485
f 2522 	2488 	2301
f 2469 	2075 	2037
f 2150 	2467 	2486
f 2301 	2488 	2297
f 2487 	2459 	2700
f 2485 	2296 	2297
f 2488 	2485 	2297
f 2490 	2483 	2489
f 2483 	2496 	2489
f 2491 	1996 	1758
f 2473 	2483 	2490
f 2408 	2517 	2484
f 1758 	2237 	2491
f 2497 	1996 	2491
f 2495 	2490 	2489
f 2055 	2053 	2497
f 2492 	2298 	2287
f 2254 	2055 	2497
f 2518 	2298 	2492
f 2395 	2406 	2519
f 2519 	2493 	2395
f 2497 	2494 	2403
f 2403 	2254 	2497
f 2494 	2497 	2491
f 2482 	126 	133
f 2254 	1793 	2055
f 2583 	2403 	2494
f 2509 	2409 	2498
f 2507 	2500 	2499
f 2507 	2503 	2500
f 2515 	2415 	2414
f 2499 	2500 	2475
f 2501 	2499 	2482
f 133 	2501 	2482
f 131 	136 	2514
f 2514 	136 	2504
f 2415 	2515 	2505
f 2414 	2417 	2934
f 2396 	2934 	2417
f 2396 	2417 	2303
f 2501 	2506 	2499
f 138 	2501 	133
f 2508 	2303 	2730
f 2886 	2508 	2883
f 2506 	2510 	2507
f 2506 	2507 	2499
f 138 	2506 	2501
f 2944 	2498 	2511
f 2507 	2512 	2504
f 2512 	2887 	2514
f 2498 	2513 	2509
f 2512 	2514 	2504
f 2508 	2409 	2509
f 2934 	2515 	2414
f 2514 	2887 	142
f 2507 	2504 	2503
f 2505 	2937 	2941
f 2510 	2506 	138
f 2505 	2941 	2502
f 138 	143 	2510
f 2505 	2515 	2935
f 2935 	2937 	2505
f 2883 	2508 	2509
f 2484 	2519 	2406
f 2484 	2517 	2516
f 2518 	2300 	2298
f 2521 	2026 	2524
f 1808 	1811 	2521
f 1808 	2521 	2520
f 1816 	2538 	2524
f 2492 	2493 	2527
f 2519 	2527 	2493
f 2524 	2531 	2521
f 2492 	2527 	2621
f 2519 	2528 	2527
f 61 	62 	1790
f 2210 	2212 	1790
f 2533 	2530 	2520
f 2533 	2526 	2530
f 2160 	1806 	2530
f 1806 	1804 	2530
f 2530 	1808 	2520
f 2212 	75 	1790
f 61 	1790 	75
f 2526 	2160 	2530
f 2526 	2797 	2160
f 2215 	2214 	1790
f 2214 	2216 	1790
f 2216 	2211 	1790
f 2210 	1790 	2211
f 2529 	2215 	1790
f 2794 	2534 	2533
f 2536 	2525 	2534
f 2525 	2526 	2534
f 2537 	2521 	2531
f 2537 	2520 	2521
f 2524 	2538 	2531
f 2538 	2707 	2531
f 2538 	2712 	2707
f 2536 	2712 	2538
f 2531 	2701 	2537
f 2533 	2534 	2526
f 2545 	2529 	2546
f 2553 	2552 	2529
f 2552 	2550 	2529
f 2550 	2551 	2529
f 2546 	2529 	2551
f 2556 	2555 	2529
f 2555 	2553 	2529
f 2082 	2568 	2585
f 2630 	2561 	2529
f 2578 	2043 	2073
f 2556 	2529 	2560
f 2542 	2541 	2529
f 2215 	2529 	2541
f 2544 	2529 	2545
f 2544 	2547 	2529
f 2076 	1938 	2565
f 2542 	2529 	2547
f 1781 	1790 	1897
f 2564 	2565 	1938
f 1938 	1993 	2564
f 2073 	2585 	2578
f 2073 	2082 	2585
f 1919 	694 	2571
f 2571 	2573 	1914
f 1891 	2705 	2571
f 2571 	694 	1891
f 2585 	2705 	2578
f 2705 	2043 	2578
f 2732 	2565 	2813
f 1721 	1914 	2573
f 1721 	2573 	2724
f 2031 	2583 	2250
f 2031 	2250 	2402
f 2585 	2568 	2730
f 2585 	2730 	2303
f 2417 	2585 	2303
f 2414 	2705 	2585
f 2076 	2565 	2732
f 2612 	1084 	1061
f 2612 	2083 	1954
f 1955 	2613 	2612
f 1957 	2613 	1955
f 2612 	1085 	1084
f 2612 	2613 	1085
f 2478 	2495 	2465
f 2496 	2709 	2489
f 2710 	2709 	2496
f 2704 	2703 	2495
f 2496 	2483 	2487
f 2710 	2496 	2487
f 2806 	2117 	1947
f 2027 	2123 	2806
f 2620 	2528 	2519
f 2516 	2620 	2519
f 2484 	2516 	2519
f 2517 	2731 	2516
f 2733 	2731 	2517
f 2485 	2616 	2517
f 2485 	2488 	2616
f 2518 	2492 	2744
f 2527 	2528 	2621
f 2616 	2522 	2741
f 2616 	2488 	2522
f 2806 	2123 	2615
f 2710 	2487 	2614
f 2522 	2523 	2737
f 2487 	2700 	2614
f 2713 	121 	2441
f 680 	121 	393
f 2436 	2435 	2771
f 2460 	2625 	2614
f 2460 	881 	2625
f 2461 	2625 	881
f 2243 	2644 	2244
f 2647 	998 	1012
f 995 	1012 	998
f 2651 	2644 	2650
f 2650 	2644 	2648
f 1838 	1815 	2644
f 2655 	2644 	2653
f 2653 	2644 	2652
f 2652 	2644 	2651
f 2681 	3006 	2679
f 2679 	3006 	2655
f 2644 	2655 	3006
f 2682 	3006 	2681
f 2687 	2684 	2692
f 2684 	2686 	2692
f 2689 	2692 	2686
f 3006 	2693 	2644
f 2683 	3006 	2682
f 2694 	3006 	2683
f 2698 	3006 	2694
f 2698 	2696 	3006
f 3006 	2696 	2695
f 2692 	3006 	2697
f 2692 	2697 	2699
f 2692 	2699 	2687
f 2663 	2692 	2662
f 2692 	2663 	2664
f 2671 	1012 	2667
f 2636 	2537 	2701
f 2636 	2520 	2537
f 2700 	2460 	2614
f 2636 	2701 	2702
f 2495 	2489 	2704
f 2708 	2702 	2701
f 2489 	2709 	2704
f 2775 	2636 	2702
f 2394 	2495 	2703
f 2702 	2786 	2775
f 2394 	2465 	2495
f 2394 	2393 	2465
f 2628 	2711 	2627
f 2628 	2712 	2711
f 2536 	2534 	2712
f 2707 	2708 	2531
f 2707 	2702 	2708
f 2701 	2531 	2708
f 2794 	2636 	2627
f 2769 	2784 	2709
f 2390 	680 	2718
f 2704 	2709 	2723
f 2713 	2441 	2431
f 2712 	2532 	2711
f 2794 	2520 	2636
f 2713 	2431 	2434
f 2713 	2434 	2715
f 2625 	2714 	2614
f 1836 	2436 	2771
f 2716 	2462 	867
f 680 	393 	2718
f 2717 	2774 	2625
f 2625 	2461 	2717
f 2390 	2718 	44
f 124 	44 	2718
f 1020 	2779 	2716
f 1020 	2716 	877
f 867 	877 	2716
f 2462 	2716 	2719
f 2462 	2719 	2717
f 393 	389 	2718
f 2774 	2717 	2719
f 2716 	2779 	2719
f 2720 	1994 	1933
f 1920 	2721 	2720
f 2721 	1920 	1921
f 2394 	2721 	1921
f 2721 	2394 	2703
f 2722 	2782 	2721
f 2721 	2703 	2722
f 2404 	2405 	2571
f 2704 	2723 	2722
f 2722 	2703 	2704
f 2571 	2405 	2573
f 2813 	2565 	2564
f 2744 	2492 	2621
f 2727 	2621 	2528
f 2528 	2620 	2727
f 2733 	2517 	2616
f 2573 	2505 	2502
f 2705 	2414 	2404
f 2727 	2620 	2731
f 2414 	2585 	2417
f 2516 	2731 	2620
f 2705 	2404 	2571
f 2732 	2730 	2568
f 2518 	2735 	2523
f 2737 	2523 	2735
f 2749 	2741 	2737
f 2518 	2744 	2735
f 2733 	2616 	2741
f 2522 	2737 	2741
f 2733 	2758 	2731
f 2621 	2746 	2744
f 2744 	2746 	2756
f 2621 	2754 	2746
f 2727 	2754 	2621
f 2749 	2760 	2750
f 2749 	2756 	2760
f 2735 	2749 	2737
f 2750 	2741 	2749
f 2750 	2761 	2733
f 2750 	2733 	2741
f 2735 	2744 	2749
f 2749 	2744 	2756
f 2761 	2758 	2733
f 2731 	2754 	2727
f 2756 	2746 	2757
f 2754 	2757 	2746
f 2731 	2758 	2754
f 2750 	2760 	2761
f 2758 	2757 	2754
f 2758 	2762 	2757
f 2763 	2762 	2761
f 2764 	2756 	2765
f 2765 	2766 	2767
f 2765 	2767 	2764
f 2756 	2757 	2765
f 3413 	3400 	2752
f 2710 	2769 	2709
f 2614 	2714 	2769
f 2441 	121 	680
f 2710 	2614 	2769
f 2771 	2435 	42
f 2714 	2772 	2769
f 120 	2771 	42
f 2435 	43 	42
f 2435 	44 	43
f 2714 	2774 	2772
f 127 	2771 	120
f 127 	398 	1836
f 117 	1836 	398
f 400 	2715 	117
f 2796 	2772 	2787
f 121 	2713 	2715
f 2774 	2714 	2625
f 2715 	400 	121
f 1868 	1836 	117
f 2715 	2434 	117
f 2772 	2773 	2787
f 1868 	117 	2434
f 2772 	2774 	2773
f 2719 	2773 	2774
f 2712 	2534 	2532
f 2775 	2776 	2777
f 2776 	2778 	2777
f 2788 	2773 	2779
f 2778 	2780 	2777
f 2773 	2719 	2779
f 2781 	2780 	2778
f 2627 	2777 	2628
f 2777 	2627 	2636
f 2777 	2636 	2775
f 2777 	2780 	2783
f 2720 	2721 	2782
f 2783 	2628 	2777
f 2781 	2707 	2783
f 2785 	2784 	2782
f 2781 	2702 	2707
f 2781 	2786 	2702
f 2723 	2709 	2785
f 2783 	2780 	2781
f 2722 	2723 	2785
f 2786 	2776 	2775
f 2709 	2784 	2785
f 2786 	2778 	2776
f 2785 	2782 	2722
f 2786 	2781 	2778
f 2783 	2712 	2628
f 2783 	2707 	2712
f 2784 	2769 	2772
f 2450 	2804 	2448
f 2788 	1028 	1037
f 2814 	2447 	2448
f 2787 	2788 	1037
f 2773 	2788 	2787
f 2788 	1020 	1028
f 2788 	2779 	1020
f 2720 	1995 	1994
f 2002 	1995 	2790
f 2791 	1896 	2147
f 2720 	2790 	1995
f 2147 	3039 	2791
f 2720 	2782 	2790
f 2793 	2445 	2789
f 2782 	2784 	2790
f 2793 	1879 	2445
f 2790 	2784 	2792
f 2711 	2794 	2627
f 2794 	2711 	2532
f 2795 	2792 	2784
f 2794 	2533 	2520
f 2532 	2534 	2794
f 2795 	2772 	2796
f 2784 	2772 	2795
f 2525 	2158 	2797
f 2797 	2526 	2525
f 2796 	2787 	2810
f 2158 	2525 	2536
f 2538 	2158 	2536
f 2159 	2158 	2538
f 1816 	2159 	2538
f 2797 	2158 	2160
f 2062 	2076 	2732
f 2002 	2790 	2798
f 1877 	1879 	2793
f 2568 	2062 	2732
f 2789 	132 	2793
f 2793 	2440 	1877
f 2800 	2802 	2799
f 2508 	2730 	2732
f 2282 	2440 	2793
f 2445 	2444 	2789
f 2798 	2790 	2800
f 2799 	2801 	57
f 2802 	2801 	2799
f 2790 	2792 	2802
f 2802 	2800 	2790
f 2282 	2793 	132
f 2789 	2791 	3039
f 2791 	2789 	2444
f 2444 	1896 	2791
f 2803 	55 	2801
f 2802 	2803 	2801
f 2802 	2795 	2803
f 2802 	2792 	2795
f 50 	55 	2803
f 2804 	2450 	2846
f 2846 	2450 	2117
f 1947 	2027 	2806
f 2803 	2807 	50
f 2807 	2803 	2795
f 2809 	1902 	2449
f 2795 	2796 	2807
f 2449 	2816 	2809
f 2808 	2810 	2805
f 1907 	2809 	2818
f 2409 	2508 	2732
f 1907 	2818 	2114
f 2822 	2114 	2818
f 2573 	2405 	2505
f 1037 	1024 	2810
f 2724 	2573 	2502
f 2724 	2502 	2511
f 2498 	2410 	2724
f 2810 	2787 	1037
f 2564 	2724 	2410
f 2808 	2796 	2810
f 2724 	2511 	2498
f 2808 	2807 	2796
f 2812 	2410 	2498
f 2498 	2409 	2812
f 2832 	2615 	2109
f 2813 	2812 	2409
f 2732 	2813 	2409
f 2810 	1024 	1023
f 2812 	2564 	2410
f 1023 	1032 	2810
f 2814 	416 	2446
f 2564 	2812 	2813
f 2449 	2446 	416
f 2814 	2852 	419
f 2447 	2814 	2446
f 82 	2283 	57
f 2800 	2799 	57
f 1862 	1861 	2815
f 2449 	416 	2816
f 2815 	1861 	82
f 2283 	2798 	2800
f 57 	2817 	84
f 85 	84 	2817
f 2818 	2858 	2822
f 428 	2858 	2818
f 2822 	2104 	2114
f 2822 	2811 	2104
f 2846 	436 	2804
f 2832 	2811 	2831
f 2811 	2832 	2119
f 2832 	2109 	2119
f 2859 	2811 	2822
f 2117 	2806 	2846
f 2852 	2814 	2448
f 2804 	2852 	2448
f 436 	2852 	2804
f 428 	2816 	416
f 2816 	428 	2818
f 2818 	2809 	2816
f 428 	459 	2858
f 436 	419 	2852
f 2634 	2635 	2529
f 2859 	2858 	431
f 2859 	2822 	2858
f 2560 	2529 	2561
f 2831 	2859 	431
f 2632 	2631 	2529
f 2634 	2529 	2633
f 2633 	2529 	2631
f 2846 	2806 	441
f 2630 	2529 	2635
f 2846 	441 	436
f 2831 	2811 	2859
f 2831 	2860 	2832
f 2529 	2638 	2637
f 2860 	441 	2615
f 2637 	2639 	2529
f 2639 	2640 	2529
f 2632 	2529 	2640
f 441 	2806 	2615
f 2615 	2832 	2860
f 2831 	431 	435
f 441 	2860 	444
f 2829 	2828 	2629
f 2529 	2629 	2819
f 2823 	2824 	2529
f 2824 	2825 	2529
f 2825 	2826 	2529
f 2826 	2827 	2529
f 2638 	2529 	2827
f 2167 	2862 	2861
f 2828 	2830 	2629
f 2861 	2862 	2872
f 2820 	2819 	2629
f 2830 	2820 	2629
f 2821 	2823 	2529
f 2819 	2821 	2529
f 2829 	2629 	2833
f 2872 	2166 	2861
f 2169 	2866 	2863
f 2169 	2305 	2865
f 2865 	2866 	2169
f 2833 	2629 	2835
f 2836 	2629 	2837
f 2839 	2838 	2629
f 2838 	2837 	2629
f 2345 	2302 	2864
f 2835 	2629 	2836
f 2305 	2166 	2865
f 2839 	2629 	2840
f 2166 	2889 	2865
f 2166 	2872 	2889
f 2862 	2168 	2868
f 2875 	2863 	2866
f 2841 	2629 	2842
f 2840 	2629 	2843
f 2842 	2629 	2844
f 2867 	2875 	10
f 2844 	2629 	2845
f 10 	2864 	2867
f 2847 	2845 	2629
f 2841 	2843 	2629
f 2629 	2851 	2850
f 2868 	2168 	2864
f 2868 	2864 	9
f 2847 	2629 	2849
f 2867 	2864 	2302
f 11 	2868 	9
f 2849 	2629 	2850
f 2629 	2853 	2851
f 2875 	2867 	2863
f 2854 	2853 	2629
f 2302 	2863 	2867
f 491 	490 	2629
f 486 	484 	2629
f 484 	485 	2629
f 2855 	2854 	2629
f 2865 	2869 	2870
f 2855 	2629 	2857
f 2857 	2629 	485
f 2629 	2871 	491
f 2877 	2871 	2629
f 2972 	426 	2871
f 2873 	2629 	2529
f 2873 	2529 	1790
f 2874 	2875 	2869
f 1790 	1859 	2873
f 2869 	2875 	2870
f 2862 	2876 	2872
f 2629 	2873 	2877
f 2862 	2868 	2876
f 2875 	2866 	2870
f 1859 	1860 	2873
f 2866 	2865 	2870
f 2876 	2868 	11
f 2877 	1863 	1864
f 10 	2875 	2874
f 2873 	1863 	2877
f 2801 	55 	2817
f 57 	2801 	2817
f 2815 	57 	84
f 2815 	82 	57
f 85 	2817 	49
f 2817 	55 	50
f 58 	85 	49
f 2807 	2808 	50
f 2768 	2760 	2764
f 2760 	2756 	2764
f 2764 	2767 	2768
f 85 	2882 	2909
f 2757 	2762 	2765
f 2766 	2765 	2762
f 2763 	2760 	2768
f 2888 	84 	85
f 2763 	2768 	2767
f 2763 	2766 	2762
f 2884 	2885 	2888
f 2766 	2763 	2767
f 2761 	2760 	2763
f 2815 	2885 	2884
f 2762 	2758 	2761
f 2891 	2510 	143
f 2396 	2880 	2879
f 2887 	2512 	2910
f 2815 	2884 	1862
f 2869 	2889 	3352
f 2865 	2889 	2869
f 2896 	142 	2887
f 2896 	139 	142
f 1660 	2889 	2872
f 2891 	2899 	2510
f 140 	2892 	2891
f 2888 	2909 	2884
f 140 	2891 	143
f 2898 	2992 	1885
f 2890 	2884 	2963
f 2899 	2900 	2901
f 2963 	2898 	2890
f 2885 	2903 	2888
f 2510 	2899 	2901
f 2903 	2885 	2815
f 2900 	2899 	2911
f 2903 	84 	2888
f 2815 	84 	2903
f 2900 	2911 	2912
f 85 	2909 	2888
f 2898 	1885 	1862
f 2904 	2905 	628
f 2901 	2507 	2510
f 628 	2905 	631
f 2901 	2512 	2507
f 2904 	2909 	2905
f 2899 	2892 	2908
f 2901 	2910 	2512
f 2901 	2900 	2910
f 2887 	2910 	2896
f 2900 	2912 	2913
f 2913 	2910 	2900
f 2860 	2831 	444
f 2913 	2912 	2915
f 2831 	435 	444
f 2911 	2899 	2908
f 2910 	2913 	2915
f 2910 	2915 	2892
f 2910 	2892 	2896
f 2912 	2911 	2908
f 2916 	2919 	2920
f 2920 	2917 	2916
f 2915 	2912 	2908
f 2920 	2224 	2917
f 2224 	2225 	2917
f 2225 	2221 	2917
f 2892 	2899 	2891
f 2921 	2922 	2918
f 2915 	2908 	2892
f 2919 	2916 	2918
f 2273 	2919 	2922
f 2919 	2918 	2922
f 2872 	2876 	1660
f 2869 	3349 	2874
f 3349 	9 	2874
f 2934 	2925 	2955
f 2925 	2934 	2879
f 2879 	2927 	2925
f 2879 	2880 	2929
f 2880 	2881 	2929
f 2927 	2879 	2929
f 2886 	2883 	2932
f 2944 	2931 	2932
f 2929 	2881 	2933
f 2933 	2886 	2932
f 2881 	2886 	2933
f 2934 	2935 	2515
f 2879 	2934 	2396
f 2944 	2932 	2883
f 2511 	2942 	2944
f 2883 	2509 	2513
f 2937 	2951 	2941
f 2955 	2950 	2934
f 2950 	2935 	2934
f 2942 	2511 	2502
f 2502 	2941 	2942
f 2941 	2959 	2942
f 2883 	2513 	2944
f 2513 	2498 	2944
f 2950 	2951 	2935
f 2937 	2935 	2951
f 2960 	2941 	2951
f 2958 	2960 	2951
f 2958 	2951 	2950
f 2942 	2959 	2944
f 2952 	2933 	2932
f 2929 	2933 	2952
f 2927 	2929 	2954
f 2956 	2950 	2955
f 2956 	2955 	3143
f 2955 	2925 	3143
f 2953 	3105 	2957
f 2954 	2929 	2952
f 2953 	2952 	3105
f 2931 	3105 	2952
f 2931 	2952 	2932
f 2950 	2956 	2958
f 3134 	2958 	3137
f 2941 	2960 	2959
f 630 	738 	2999
f 2884 	2904 	628
f 2904 	2884 	2909
f 2882 	2905 	2909
f 2905 	2882 	631
f 2884 	628 	630
f 2963 	2884 	630
f 2971 	2972 	2970
f 2972 	2971 	426
f 2871 	2973 	2972
f 2919 	2151 	2920
f 2151 	1757 	2224
f 2151 	2224 	2920
f 2981 	2275 	2272
f 2981 	2272 	2980
f 2276 	2275 	2981
f 2272 	2979 	2980
f 2981 	2980 	2982
f 2276 	2981 	2240
f 2983 	2981 	2982
f 2983 	2240 	2981
f 2240 	2983 	3061
f 2922 	2921 	2979
f 2671 	2668 	1012
f 2692 	2667 	1012
f 2664 	2667 	2692
f 2670 	1012 	2669
f 2668 	2669 	1012
f 2675 	2676 	1012
f 2677 	1012 	2676
f 1012 	2677 	2647
f 2674 	2673 	1012
f 2673 	2675 	1012
f 2678 	2674 	1012
f 2670 	2678 	1012
f 2692 	2690 	2691
f 2688 	2690 	2692
f 2871 	2877 	2973
f 2972 	2973 	2991
f 2691 	2660 	2692
f 2973 	2877 	1864
f 2689 	2688 	2692
f 2660 	2659 	2692
f 2659 	2662 	2692
f 2973 	1864 	1885
f 1111 	1108 	2693
f 2695 	2697 	3006
f 2693 	3007 	1111
f 2994 	2991 	2992
f 2991 	1885 	2992
f 2993 	2991 	2994
f 3012 	3014 	2692
f 1133 	1111 	3007
f 2973 	1885 	2991
f 2995 	1133 	3007
f 3025 	1273 	1249
f 2994 	2996 	2993
f 2998 	1210 	2995
f 2991 	2993 	3005
f 1298 	1210 	2998
f 630 	2999 	3000
f 1210 	1139 	2995
f 3000 	2963 	630
f 2995 	2997 	2998
f 2997 	3001 	2998
f 2963 	3000 	2994
f 2994 	2992 	2898
f 2998 	3001 	1298
f 2898 	2963 	2994
f 3001 	3002 	1298
f 3002 	1189 	1298
f 1249 	3003 	3025
f 738 	742 	2999
f 2996 	3000 	2999
f 1249 	1255 	741
f 3000 	2996 	2994
f 2970 	2972 	2991
f 1249 	741 	3003
f 3003 	2997 	3026
f 2970 	2991 	3004
f 739 	3002 	3001
f 3004 	2991 	3005
f 739 	742 	3002
f 1189 	3002 	742
f 3006 	3007 	2693
f 3008 	3005 	2996
f 3004 	3005 	3008
f 3009 	2997 	2995
f 2995 	3007 	3021
f 3009 	3026 	2997
f 3013 	3011 	3008
f 2692 	1012 	3012
f 3013 	3010 	3011
f 3006 	2692 	3014
f 3013 	3017 	3010
f 3013 	2996 	2999
f 3013 	3008 	2996
f 3006 	3014 	3007
f 1233 	3012 	1012
f 2996 	3005 	2993
f 3016 	3007 	3014
f 3012 	1233 	1271
f 3016 	3012 	3015
f 3017 	742 	741
f 1271 	3015 	3012
f 3024 	3016 	3015
f 741 	740 	3017
f 3017 	2999 	742
f 3012 	3016 	3014
f 3013 	2999 	3017
f 3007 	3016 	3021
f 3024 	3009 	3021
f 3009 	2995 	3021
f 3024 	3021 	3016
f 1274 	3024 	3015
f 3024 	1274 	1273
f 2753 	2971 	3033
f 3025 	3024 	1273
f 3020 	2753 	3033
f 3025 	3026 	3024
f 3026 	3009 	3024
f 3025 	3003 	3026
f 1088 	1492 	3030
f 1492 	3028 	3030
f 3109 	3030 	3110
f 3030 	1090 	1088
f 3020 	3033 	3032
f 3034 	2971 	2970
f 2274 	2922 	2979
f 2272 	2274 	2979
f 2274 	2273 	2922
f 3042 	2281 	3036
f 2281 	2282 	3036
f 2282 	3037 	3036
f 2282 	132 	3037
f 2387 	2280 	3041
f 3038 	38 	3039
f 3038 	2388 	2382
f 3039 	2147 	3038
f 38 	3038 	2382
f 2280 	3071 	3041
f 3042 	3040 	2280
f 3041 	3043 	2387
f 3044 	2382 	2383
f 3043 	3044 	2383
f 2383 	2387 	3043
f 3037 	132 	3045
f 38 	2789 	3039
f 2789 	38 	3201
f 38 	2382 	3044
f 185 	3046 	3047
f 3046 	3048 	3047
f 3047 	204 	185
f 3047 	3048 	188
f 3049 	3048 	2221
f 3047 	188 	204
f 3050 	3046 	185
f 2917 	3046 	2916
f 2917 	3048 	3046
f 2917 	2221 	3048
f 3046 	3050 	2916
f 2916 	3050 	2918
f 3051 	2921 	3052
f 3052 	209 	3051
f 191 	209 	3052
f 3050 	2921 	2918
f 3052 	2921 	3050
f 3052 	3050 	191
f 213 	188 	2238
f 188 	3049 	2238
f 209 	222 	3051
f 2979 	2921 	3051
f 222 	2980 	3051
f 2238 	2247 	213
f 220 	213 	2247
f 3061 	2983 	3059
f 2983 	2982 	3059
f 3059 	220 	3061
f 220 	3059 	217
f 217 	3059 	221
f 3059 	2982 	2980
f 3059 	2980 	222
f 3059 	222 	221
f 3051 	2980 	2979
f 3071 	3040 	224
f 3033 	2971 	3034
f 3020 	3032 	3027
f 3078 	2906 	3082
f 2894 	2893 	3078
f 3023 	3027 	3079
f 3079 	3027 	3032
f 2906 	3078 	2893
f 3082 	2964 	2965
f 2966 	3082 	2906
f 3032 	3033 	3081
f 3081 	3033 	3034
f 2966 	2967 	3082
f 3032 	3081 	3079
f 2964 	3082 	2968
f 2968 	3082 	2967
f 2975 	2974 	3082
f 2976 	3082 	2974
f 2975 	3082 	2965
f 3083 	3087 	3086
f 3084 	3078 	2019
f 3088 	3078 	3084
f 2012 	2025 	3078
f 3078 	3089 	3090
f 3078 	3090 	2894
f 3089 	3078 	3088
f 3034 	3083 	3081
f 2970 	3004 	3091
f 3091 	3034 	2970
f 3087 	3093 	3086
f 3073 	3092 	3064
f 3087 	3091 	3093
f 3034 	3091 	3087
f 3077 	3092 	3075
f 3077 	3065 	3092
f 3065 	3064 	3092
f 3034 	3087 	3083
f 3008 	3093 	3004
f 3093 	3091 	3004
f 3017 	740 	3097
f 3097 	3178 	3010
f 3176 	3011 	3010
f 3010 	3017 	3097
f 3011 	3093 	3008
f 2960 	2958 	3134
f 2959 	3105 	2944
f 3138 	3105 	2959
f 2931 	2944 	3105
f 2959 	3106 	3261
f 3109 	1090 	3030
f 1091 	1090 	3109
f 3030 	3028 	3110
f 3109 	3125 	793
f 3109 	1095 	1091
f 3220 	1095 	3109
f 563 	571 	3028
f 572 	3028 	571
f 3120 	3110 	3028
f 3028 	572 	3118
f 789 	3128 	3119
f 3110 	3120 	3119
f 3118 	3120 	3028
f 577 	3118 	572
f 3119 	3120 	788
f 789 	3119 	788
f 3120 	3122 	788
f 3120 	3118 	3122
f 3118 	577 	3122
f 3122 	791 	788
f 3124 	3109 	3110
f 3109 	3124 	3125
f 3119 	3128 	3110
f 3128 	3124 	3110
f 1448 	793 	3125
f 3125 	3131 	1448
f 3124 	3128 	3131
f 3131 	3125 	3124
f 3128 	3132 	3131
f 789 	3132 	3128
f 3131 	3132 	2127
f 789 	1309 	3132
f 3208 	1450 	1448
f 2959 	3261 	3138
f 3106 	2960 	3107
f 2960 	3134 	3107
f 3106 	2959 	2960
f 3267 	3134 	3137
f 3137 	3140 	3267
f 2953 	2957 	3138
f 3138 	2957 	3105
f 2958 	2956 	3140
f 2958 	3140 	3137
f 3143 	2925 	2927
f 2956 	3143 	3140
f 2927 	2954 	3143
f 2952 	3153 	3149
f 2952 	3149 	2954
f 3147 	3140 	3148
f 3140 	3143 	3148
f 3143 	2954 	3149
f 3143 	3149 	3148
f 3148 	3149 	3157
f 3151 	3289 	3150
f 3153 	2952 	2953
f 3153 	2953 	3150
f 3147 	3148 	3156
f 3148 	3157 	3156
f 3159 	3157 	3149
f 3157 	3168 	3165
f 3159 	3153 	3150
f 3149 	3153 	3159
f 3157 	3159 	3168
f 2953 	3151 	3150
f 3163 	3162 	3164
f 3164 	3165 	3166
f 3164 	3166 	3163
f 3165 	3168 	3166
f 3157 	3164 	3162
f 3165 	3164 	3157
f 3156 	3157 	3162
f 3159 	3171 	3168
f 3166 	3168 	3171
f 3268 	3162 	3275
f 3171 	3249 	3247
f 3171 	3247 	3166
f 3184 	3081 	3104
f 3081 	3083 	3104
f 3172 	3103 	3083
f 3172 	3083 	3086
f 3198 	3104 	3083
f 765 	3317 	3173
f 3317 	3174 	3173
f 3086 	3093 	3176
f 3093 	3011 	3176
f 3178 	3179 	3177
f 3178 	3181 	3179
f 3176 	3010 	3178
f 3180 	3179 	3174
f 3175 	3179 	3180
f 3177 	3179 	3175
f 3178 	3177 	3176
f 3176 	3172 	3086
f 3177 	3308 	3172
f 3177 	3172 	3176
f 3181 	3097 	753
f 3181 	3173 	3174
f 3181 	753 	747
f 3181 	747 	3173
f 3181 	3178 	3097
f 3174 	3179 	3181
f 3193 	3190 	1056
f 3182 	3023 	3079
f 3193 	3023 	3182
f 3184 	3104 	3199
f 3079 	3081 	3184
f 3184 	3185 	3079
f 3182 	3079 	3185
f 1054 	1055 	3376
f 1055 	3378 	3376
f 3190 	3378 	1055
f 1055 	1056 	3190
f 1056 	3023 	3193
f 3182 	3391 	3193
f 1738 	1736 	3382
f 3095 	3020 	3073
f 3186 	3020 	3187
f 3194 	3185 	3184
f 3187 	3020 	3188
f 3197 	3199 	3104
f 3197 	3104 	3198
f 3198 	3200 	1478
f 3043 	3041 	3071
f 3092 	3196 	3082
f 3040 	3071 	2280
f 3042 	3036 	3074
f 3045 	3203 	3074
f 3037 	3074 	3036
f 3045 	132 	3204
f 3074 	3037 	3045
f 3201 	38 	40
f 3202 	3201 	352
f 2789 	3201 	3202
f 224 	347 	3071
f 3203 	232 	230
f 232 	3045 	3204
f 232 	3204 	354
f 232 	3203 	3045
f 3204 	356 	354
f 3204 	132 	3202
f 231 	3203 	230
f 1309 	1380 	3132
f 3122 	577 	3205
f 3074 	371 	3042
f 371 	224 	3040
f 3040 	3042 	371
f 371 	3074 	3203
f 356 	3202 	352
f 3205 	577 	3207
f 3122 	3205 	3206
f 3206 	791 	3122
f 3206 	3205 	3207
f 2138 	3206 	3207
f 3206 	1293 	791
f 3208 	3131 	2143
f 3132 	2134 	2127
f 577 	2152 	3207
f 2272 	1379 	1293
f 1293 	2132 	2272
f 2152 	2138 	3207
f 3206 	2138 	2132
f 3206 	2132 	1293
f 3208 	1448 	3131
f 2142 	3208 	2143
f 2143 	3131 	2127
f 1450 	3208 	1892
f 1892 	3208 	2144
f 2142 	2144 	3208
f 793 	3220 	3109
f 3204 	3202 	356
f 3230 	3231 	346
f 3231 	347 	346
f 3231 	3071 	347
f 3071 	3231 	3043
f 3231 	3230 	3043
f 3230 	3044 	3043
f 352 	3232 	3230
f 3230 	346 	352
f 3232 	352 	40
f 38 	3230 	3232
f 40 	38 	3232
f 352 	3201 	40
f 38 	3044 	3230
f 3289 	3171 	3159
f 3159 	3150 	3289
f 3238 	3240 	3236
f 3238 	3241 	3240
f 3238 	3239 	3241
f 3240 	3242 	3236
f 3255 	3242 	3240
f 3239 	3163 	3241
f 3162 	3163 	3239
f 3163 	3245 	3241
f 3245 	3163 	3166
f 3303 	3236 	3252
f 3252 	3254 	3253
f 3236 	3242 	3252
f 3255 	3254 	3252
f 3242 	3255 	3252
f 3253 	3254 	3341
f 3241 	3256 	3240
f 3256 	3255 	3240
f 3241 	3245 	3256
f 3255 	3256 	3245
f 3255 	3249 	3257
f 3257 	3342 	3255
f 3166 	3247 	3255
f 3247 	3249 	3255
f 3245 	3166 	3255
f 3342 	3254 	3255
f 3261 	3106 	3107
f 3277 	3261 	3262
f 3261 	3107 	3262
f 3107 	3134 	3262
f 3261 	3277 	3271
f 3138 	3261 	3271
f 3134 	3269 	3262
f 3268 	3147 	3156
f 3268 	3267 	3140
f 3140 	3147 	3268
f 3268 	3156 	3162
f 3269 	3134 	3267
f 3269 	3267 	3268
f 3265 	3269 	3268
f 3265 	3262 	3269
f 3151 	3138 	3271
f 2953 	3138 	3151
f 3196 	3078 	3082
f 3273 	3162 	3239
f 3273 	3272 	3275
f 2752 	3092 	3073
f 3276 	3265 	3272
f 3082 	2976 	2977
f 3272 	3265 	3275
f 3082 	2977 	2978
f 3162 	3273 	3275
f 3265 	3268 	3275
f 2978 	2990 	3082
f 2990 	3054 	3082
f 3056 	3092 	3054
f 3057 	3092 	3056
f 3082 	3054 	3092
f 3330 	3277 	3262
f 3068 	3092 	3066
f 3066 	3092 	3067
f 3069 	3092 	3068
f 3067 	3092 	3057
f 3330 	3262 	3276
f 3276 	3262 	3265
f 3344 	3288 	3277
f 3289 	3332 	3171
f 3289 	3277 	3288
f 3076 	3092 	3290
f 3289 	3271 	3277
f 3289 	3151 	3271
f 3076 	3075 	3092
f 3292 	3290 	3092
f 3293 	3294 	3295
f 3280 	3279 	3092
f 3294 	3296 	3295
f 3296 	3238 	3236
f 3272 	3273 	3296
f 3279 	3282 	3092
f 3273 	3239 	3296
f 3296 	3239 	3238
f 3282 	3292 	3092
f 3272 	3296 	3294
f 3296 	3299 	3295
f 3296 	3301 	3299
f 3198 	3103 	3200
f 3083 	3103 	3198
f 3195 	1478 	3200
f 3195 	3200 	3103
f 442 	2753 	445
f 3304 	3020 	3305
f 3103 	3172 	3308
f 3195 	3103 	3308
f 3175 	3319 	3308
f 3308 	3177 	3175
f 3298 	3020 	3300
f 3307 	3020 	3186
f 3300 	3020 	3302
f 3302 	3020 	3304
f 3305 	3020 	3307
f 3298 	446 	3020
f 445 	3020 	446
f 2752 	3073 	3020
f 3188 	3020 	3191
f 3191 	3020 	3095
f 3281 	3280 	3092
f 3069 	3286 	3092
f 3199 	3194 	3184
f 3283 	3281 	3092
f 3284 	3283 	3092
f 3284 	3092 	3286
f 1477 	3198 	1478
f 3196 	2012 	3078
f 1608 	1478 	3309
f 3196 	2752 	2012
f 3092 	2752 	3196
f 3197 	3198 	1477
f 822 	704 	821
f 3197 	1477 	1475
f 704 	822 	823
f 1067 	707 	3310
f 1067 	3310 	708
f 704 	1306 	3310
f 3310 	705 	704
f 707 	705 	3310
f 3195 	3311 	3321
f 823 	1306 	704
f 1306 	823 	1960
f 3310 	3312 	708
f 3309 	3195 	3321
f 3195 	3309 	1478
f 3313 	3312 	3310
f 3310 	1306 	3313
f 3311 	3195 	3308
f 708 	3312 	810
f 3311 	3308 	3314
f 3408 	810 	3312
f 1054 	813 	3402
f 813 	3316 	3315
f 813 	3315 	3402
f 3316 	808 	3315
f 3318 	3174 	3317
f 3318 	3180 	3174
f 3175 	3180 	3319
f 3308 	3319 	3314
f 3325 	3311 	3314
f 3180 	3327 	3319
f 3320 	1608 	45
f 397 	3323 	3322
f 397 	3322 	3320
f 3320 	45 	397
f 1608 	3309 	45
f 45 	3309 	3321
f 403 	45 	3321
f 3325 	3321 	3311
f 3322 	3323 	1605
f 3323 	1679 	1605
f 1679 	3323 	930
f 3323 	378 	930
f 397 	378 	3323
f 3324 	929 	1074
f 764 	3324 	765
f 929 	3324 	764
f 3324 	3317 	765
f 3324 	3318 	3317
f 3325 	403 	3321
f 403 	3325 	3326
f 3326 	141 	403
f 3326 	186 	141
f 3314 	3326 	3325
f 3327 	189 	186
f 3318 	187 	3327
f 3327 	3180 	3318
f 186 	3326 	3327
f 3327 	3326 	3319
f 3314 	3319 	3326
f 1119 	3324 	1112
f 3324 	1074 	1112
f 1119 	1120 	3324
f 187 	3324 	1120
f 3324 	187 	3318
f 600 	599 	197
f 197 	599 	198
f 604 	3328 	606
f 3303 	3301 	3236
f 3296 	3236 	3301
f 3293 	3276 	3294
f 3293 	3330 	3276
f 3276 	3272 	3294
f 3295 	3330 	3293
f 3257 	3332 	3288
f 3332 	3289 	3288
f 3257 	3249 	3332
f 3249 	3171 	3332
f 3257 	3288 	3345
f 3277 	3330 	3344
f 3299 	3335 	3295
f 3330 	3295 	3335
f 3335 	3299 	3336
f 3301 	3336 	3299
f 3336 	3303 	3337
f 3303 	3336 	3301
f 3252 	3253 	3337
f 3341 	3337 	3253
f 3252 	3337 	3303
f 3335 	3344 	3330
f 3335 	3336 	3344
f 3336 	3345 	3344
f 3337 	3341 	3336
f 3288 	3344 	3345
f 3341 	3342 	3336
f 3342 	3345 	3336
f 3342 	3257 	3345
f 3341 	3254 	3342
f 3348 	3349 	2869
f 3350 	3349 	3348
f 2889 	1660 	3352
f 3352 	1660 	3353
f 2876 	3354 	1660
f 2876 	11 	3354
f 1660 	3354 	3353
f 3352 	3353 	3371
f 3389 	3328 	3355
f 606 	3328 	3357
f 3357 	3328 	3389
f 3362 	3360 	3363
f 3360 	3358 	3363
f 3360 	3357 	3358
f 3360 	606 	3357
f 2869 	3352 	3348
f 3350 	9 	3349
f 3393 	11 	3350
f 11 	9 	3350
f 3393 	3350 	3367
f 3350 	3368 	3367
f 3373 	3367 	3368
f 3348 	3368 	3350
f 3371 	3368 	3352
f 3371 	3392 	3368
f 3352 	3368 	3348
f 3393 	3353 	3354
f 3367 	3373 	3374
f 732 	616 	3362
f 616 	3360 	3362
f 732 	3362 	395
f 1155 	3376 	3385
f 1159 	198 	3382
f 3382 	1736 	1159
f 77 	1897 	74
f 1790 	74 	1897
f 199 	1738 	381
f 1738 	199 	1475
f 3194 	3199 	394
f 3182 	3185 	137
f 600 	197 	3385
f 1155 	3385 	197
f 1159 	197 	198
f 1159 	1155 	197
f 3328 	604 	3385
f 3385 	604 	600
f 3385 	3355 	3328
f 3376 	3355 	3385
f 3355 	3378 	3389
f 198 	381 	3382
f 3378 	3190 	3389
f 3376 	3378 	3355
f 3190 	3391 	3389
f 3382 	381 	1738
f 3358 	3389 	3391
f 3358 	3391 	3182
f 3190 	3193 	3391
f 3197 	199 	3199
f 3197 	1475 	199
f 3389 	3358 	3357
f 3182 	137 	3358
f 3199 	199 	394
f 395 	137 	3194
f 137 	3185 	3194
f 394 	395 	3194
f 3392 	3373 	3368
f 3393 	3354 	11
f 3393 	3371 	3353
f 3367 	3394 	3393
f 3367 	3374 	3394
f 3395 	3374 	3373
f 3373 	3392 	3395
f 3393 	3396 	3392
f 3396 	3393 	3397
f 3393 	3392 	3371
f 3394 	3374 	3395
f 3396 	3395 	3392
f 3397 	3394 	3395
f 3393 	3394 	3397
f 3395 	3396 	3397
f 625 	3411 	3398
f 3398 	3404 	626
f 626 	625 	3398
f 3412 	625 	3399
f 810 	3315 	808
f 625 	3412 	3411
f 2170 	3400 	3313
f 3418 	3412 	722
f 3313 	3400 	3312
f 3418 	722 	723
f 723 	726 	3401
f 3403 	1055 	1054
f 1054 	3402 	3403
f 626 	3404 	3406
f 3405 	1055 	3403
f 3406 	724 	626
f 1055 	3405 	1056
f 3023 	1056 	3405
f 3405 	3027 	3023
f 725 	615 	3407
f 3315 	3408 	3402
f 3407 	615 	731
f 3409 	3403 	3402
f 3405 	3403 	3409
f 3409 	3410 	3405
f 3424 	3407 	3406
f 3410 	3020 	3405
f 3405 	3020 	3027
f 2752 	3020 	3410
f 3401 	726 	3427
f 3408 	3400 	3402
f 810 	3408 	3315
f 3413 	2752 	3409
f 3409 	3402 	3413
f 3411 	3412 	3421
f 3402 	3400 	3413
f 3410 	3409 	2752
f 3312 	3400 	3408
f 3411 	3404 	3398
f 3414 	3411 	3421
f 3414 	3404 	3411
f 3416 	3415 	1317
f 3414 	3406 	3404
f 3416 	1317 	1338
f 3412 	3399 	721
f 3416 	1338 	3417
f 1044 	1280 	3415
f 3415 	3416 	3417
f 722 	3412 	721
f 3415 	3417 	1044
f 3428 	3418 	723
f 3419 	814 	3420
f 3419 	3420 	1749
f 3420 	814 	815
f 3421 	3422 	3423
f 3423 	3414 	3421
f 3420 	815 	816
f 3421 	3412 	3422
f 3425 	3401 	3427
f 3426 	725 	3407
f 3424 	3426 	3407
f 3426 	3439 	3425
f 3425 	3427 	3426
f 3428 	723 	3401
f 3425 	3432 	3428
f 3425 	3428 	3401
f 3426 	3427 	725
f 3444 	13 	3422
f 13 	12 	3449
f 3422 	13 	3449
f 3429 	14 	13
f 13 	3433 	3429
f 3430 	21 	19
f 3430 	3456 	21
f 3430 	3457 	3456
f 3418 	3428 	3431
f 3431 	3428 	3432
f 3425 	3439 	3432
f 3412 	3418 	3431
f 3443 	3423 	3422
f 3433 	3444 	3412
f 3412 	3431 	3433
f 3433 	3431 	3435
f 3431 	3432 	3435
f 3439 	3435 	3432
f 3414 	3423 	3441
f 3423 	3443 	3441
f 3406 	3441 	3424
f 3441 	3442 	3424
f 3406 	3414 	3441
f 3426 	3442 	3456
f 3439 	3426 	3456
f 3441 	3448 	3442
f 3426 	3424 	3442
f 3412 	3444 	3422
f 3443 	3422 	3449
f 13 	3444 	3433
f 3433 	3435 	3429
f 3441 	3445 	3448
f 3443 	3445 	3441
f 3442 	3448 	3451
f 3451 	3453 	3442
f 3435 	3439 	3457
f 3449 	12 	3450
f 3450 	3443 	3449
f 3450 	3445 	3443
f 15 	3451 	3450
f 3450 	12 	15
f 3450 	3451 	3445
f 3448 	3445 	3451
f 18 	30 	3451
f 3442 	3453 	3456
f 16 	18 	3451
f 3453 	3451 	30
f 30 	21 	3456
f 3435 	3457 	3430
f 3453 	30 	3456
f 3456 	3457 	3439
f 3430 	3429 	3435
f 3460 	3459 	874
f 3460 	874 	878
f 3508 	2464 	3459
f 875 	3459 	2464
f 3510 	3459 	3460
f 3460 	878 	3510
f 2464 	3508 	3509
f 875 	874 	3459
f 3461 	898 	902
f 3463 	900 	2471
f 3517 	3465 	3463
f 1827 	3467 	817
f 3467 	3420 	816
f 818 	821 	3470
f 3470 	3471 	3496
f 704 	3471 	821
f 3471 	3470 	821
f 3469 	773 	827
f 3475 	29 	28
f 3475 	28 	25
f 3551 	3495 	3475
f 3475 	3495 	3493
f 3493 	3476 	3475
f 3475 	3476 	3478
f 3478 	3476 	3480
f 3480 	3488 	3478
f 3487 	3488 	825
f 3480 	825 	3488
f 3486 	3494 	29
f 3482 	818 	3470
f 824 	818 	3482
f 3482 	3470 	3496
f 29 	3475 	3486
f 3475 	3478 	3486
f 3478 	3488 	3486
f 3487 	3485 	3489
f 3487 	3489 	3488
f 3489 	3490 	3486
f 3488 	3489 	3486
f 3490 	800 	3498
f 3485 	3487 	3482
f 3482 	3496 	3485
f 3499 	971 	3485
f 824 	3482 	3487
f 3485 	971 	3491
f 824 	3487 	825
f 3491 	798 	797
f 3490 	797 	800
f 798 	3491 	971
f 3485 	3491 	3489
f 3491 	797 	3489
f 3490 	3489 	797
f 3469 	827 	3492
f 3492 	3480 	3476
f 3480 	3492 	827
f 3492 	3476 	3493
f 3494 	3502 	695
f 3497 	3494 	3486
f 3494 	3497 	3502
f 695 	29 	3494
f 3486 	3490 	3497
f 3490 	3498 	3497
f 3499 	1073 	971
f 3499 	3485 	1810
f 3419 	1764 	1761
f 3545 	1761 	1759
f 1793 	1827 	772
f 3419 	1749 	1764
f 772 	1827 	817
f 1747 	3467 	1827
f 772 	3469 	1872
f 1872 	1793 	772
f 3467 	1747 	3420
f 1872 	3469 	3492
f 3496 	1810 	3485
f 3496 	3471 	1774
f 3471 	704 	1774
f 1798 	1890 	3496
f 3498 	800 	3500
f 3497 	3498 	3500
f 3500 	800 	1071
f 1810 	3496 	1890
f 1774 	1798 	3496
f 3501 	3495 	3551
f 3501 	3493 	3495
f 3501 	3492 	3493
f 2073 	99 	695
f 2073 	695 	1893
f 1893 	695 	3502
f 1881 	3502 	3497
f 3500 	1881 	3497
f 3502 	1881 	1893
f 1072 	1881 	3500
f 1925 	1073 	3499
f 3499 	1810 	1925
f 3501 	689 	1888
f 1888 	2053 	3501
f 3492 	1884 	1872
f 1884 	3492 	3501
f 2053 	1884 	3501
f 3501 	3551 	689
f 3551 	3475 	3544
f 3505 	3506 	3504
f 3506 	3503 	3504
f 851 	3503 	3506
f 3463 	3465 	900
f 902 	3465 	3461
f 902 	900 	3465
f 3510 	3508 	3459
f 2476 	2464 	3509
f 865 	3512 	3510
f 3512 	898 	3461
f 3510 	878 	865
f 3512 	3461 	3515
f 3512 	6 	128
f 1 	3463 	2470
f 1 	3517 	3463
f 4 	3515 	3516
f 3516 	7 	4
f 3516 	3515 	3461
f 3512 	4 	6
f 3380 	3518 	3381
f 3516 	3465 	3517
f 3516 	3461 	3465
f 3379 	3518 	3380
f 3 	3508 	2
f 3508 	3 	3509
f 5 	2 	3510
f 3510 	2 	3508
f 5 	3510 	128
f 3509 	3 	2476
f 3512 	128 	3510
f 3515 	4 	3512
f 2474 	2476 	3
f 3506 	3507 	851
f 3507 	3506 	3542
f 3542 	3527 	3507
f 847 	3527 	3535
f 3535 	3527 	3538
f 3535 	3538 	3583
f 2344 	1095 	2346
f 3520 	2346 	1095
f 3505 	3541 	3506
f 3521 	3524 	1095
f 3521 	1095 	3522
f 3520 	1095 	3524
f 3522 	1095 	3523
f 3542 	3543 	3582
f 3541 	3542 	3506
f 3523 	1095 	3529
f 3529 	1095 	3530
f 3531 	3530 	1095
f 3531 	1095 	3532
f 3532 	1095 	3533
f 3533 	1095 	3534
f 3534 	1095 	3536
f 3540 	3539 	3518
f 3543 	3542 	3541
f 3536 	1095 	3537
f 3537 	1095 	3539
f 3527 	3542 	3538
f 3379 	3540 	3518
f 3538 	3542 	3582
f 1095 	3518 	3539
f 3544 	3541 	3505
f 3544 	25 	3541
f 3594 	3518 	1095
f 3475 	25 	3544
f 3545 	843 	3419
f 1759 	1906 	3545
f 3419 	1761 	3545
f 3547 	3548 	3504
f 3547 	3504 	3503
f 3548 	3505 	3504
f 3548 	3544 	3505
f 3503 	843 	3545
f 3545 	3547 	3503
f 1906 	3547 	3545
f 3548 	3551 	3544
f 3551 	3548 	1904
f 1904 	689 	3551
f 3582 	26 	492
f 3594 	3595 	3518
f 3562 	3595 	3563
f 3557 	3556 	3595
f 3556 	3560 	3595
f 3561 	3518 	3560
f 3595 	3560 	3518
f 3557 	3595 	3559
f 3559 	3595 	3562
f 3563 	3595 	3564
f 3565 	3595 	3566
f 3566 	3595 	3572
f 3564 	3595 	3565
f 3573 	3595 	3574
f 3572 	3595 	3573
f 3576 	3574 	3595
f 3579 	3577 	3595
f 3595 	3577 	3576
f 3583 	3584 	3581
f 687 	3595 	688
f 171 	493 	3595
f 3543 	26 	3582
f 3568 	3595 	3570
f 3582 	492 	390
f 3585 	3582 	3586
f 3583 	3582 	3585
f 3583 	3538 	3582
f 3584 	3583 	3585
f 3535 	3583 	3581
f 3586 	3582 	3589
f 3582 	390 	3589
f 3593 	3581 	3584
f 1305 	3584 	3588
f 3585 	3589 	3588
f 3586 	3589 	3585
f 3584 	3585 	3588
f 3588 	3589 	3587
f 3589 	681 	3591
f 846 	1754 	751
f 3587 	3589 	3591
f 3591 	1830 	3587
f 3589 	390 	681
f 3591 	681 	680
f 1305 	1379 	3590
f 1379 	691 	3590
f 3584 	1305 	3590
f 1379 	2139 	691
f 846 	3535 	693
f 1754 	846 	693
f 3590 	691 	3592
f 691 	692 	3592
f 3584 	3592 	3593
f 692 	3593 	3592
f 3593 	3535 	3581
f 692 	693 	3593
f 693 	3535 	3593
f 3590 	3592 	3584
f 25 	27 	3543
f 25 	28 	27
f 101 	26 	27
f 26 	3543 	27
f 3543 	3541 	25
f 3571 	3570 	3595
f 3567 	3575 	3595
f 3575 	3578 	3595
f 3579 	3595 	3578
f 3580 	3575 	3567
f 3568 	3567 	3595
f 3518 	3546 	3381
f 3518 	3561 	3546
f 1095 	3220 	31
f 793 	31 	3220
f 687 	3571 	3595
f 795 	3594 	31
f 1095 	31 	3594
f 801 	3595 	3594
f 3595 	801 	171
f 795 	31 	793
# 5459 faces

 #end of obj_0

